ギラッ	ぎらっ	1281		501	-17.6734
ギョウギョウシケリャ	仰仰しけりゃ	41		501	-17.0678
ギンキョウ	銀鏡	1285		501	-18.6282
ギ	義	1287		128	-11.4186
ギャクダ	逆だ	1285	453	17	-11.3648
ギリシアヒゲキ	ギリシア悲劇	1288		189	-14.5719
ギザステューディオ	GIZA studio	1288		353	-14.4041
ギノワンシ	宜野湾市	1293		18	-12.8145
ギュウカツ	牛カツ	1288		501	-14.7187
ギョシヨ	御しよ	585		438	-11.9449
ギュウコマ	牛細	1285		501	-18.6282
ギリギリ	ぎりぎり	1285		317	-14.4654
ギャクソウ	逆送	1283		444	-18.0694
ギャングエイガ	ギャング映画	1288		179	-14.5495
ギアク	偽悪	1285		501	-15.8210
ギダ	祇陀	1289		501	-17.9060
ギンコ	ギン子	1291		501	-16.0362
ギ	疑	560		395	-17.8074
ギオウ	魏王	1288		501	-14.2753
ギョウカン	仰瞰	1283		501	-18.0694
ギョウムテイシメイレイ	業務停止命令	1288		12	-14.1865
ギザギザ		1287		333	-12.3023
ギョユ	魚油	1285		487	-14.8350
ギオン	擬音	1285		295	-13.4756
ギシュ	技手	1285		265	-15.2066
ギャクナン	逆ナン	1283		501	-14.2775
ギュウ	牛	1285		499	-18.5251
ギジョウ	儀仗	1285		123	-14.0193
ギシャ	ぎしゃ	582		501	-14.1060
ギソウ	偽装	1283		490	-11.6635
ギャフン		1288		501	-14.8083
ギンショウ	吟誦	1283		501	-17.2003
ギコチナカラ	ぎこちなから	27		103	-12.4909
ギンザメ	銀鮫	1285		501	-18.6282
ギョウ	校	1288		501	
ギョウセイガク	行政学	1288		239	-13.8405
ギョウ	刑	1288		501	
ギョエ	ぎょえ	3		501	-16.9819
ギタナイ	ぎたない	19		501	-19.4270
ギンサク	銀作	1291		501	-16.3478
ギョキョウ	漁況	1285		501	-17.8906
ギ	器	1288		501	
ギインナイカクセイ	議院内閣制	1288		13	-12.7251
ギャラクシーエンジェル		1288		415	-14.0875
ギインダン	議員団	1288		430	-13.7335
ギョス	御す	584		438	-11.9491
ギキョウ	義鏡	1285		501	-18.6282
ギョッコ	玉壺	1285		501	-18.6282
ギリギリ	ぎりぎり	1282		317	-10.6681
ギンコウカブ	銀行株	1285		354	-15.0105
ギンガワ	銀側	1285		501	-16.6073
ギャッコウ	逆効	1285		501	-18.7236
ギョウムプロセス	業務プロセス	1285		17	-13.4913
ギョチョウ	魚鳥	1285		501	-18.6282
ギンイ	銀位	1285		501	-18.6282
ギンサ	銀紗	1285		501	-18.6282
ギジロク	議事録	1288		436	-12.2468
ギ	刀	1288		501	
ギャク	鷁	1288		501	
ギョウバンゴウ	行番号	1288		45	-14.5786
ギョクカ	玉華	1288		501	-18.5231
ギジュツガ	技術が	1285	148	17	-10.6054
ギンレイ	銀鈴	1285		501	-18.6282
ギアナコウチ	ギアナ高地	1288		166	-14.5018
ギイチ	義弌	1291		501	-18.1724
ギジュツ	技術	1285		351	-8.3482
ギョウセイイン	行政院	1292		265	-12.3158
ギンピカ	銀ぴか	1287		501	-17.5369
ギョウレツシキ	行列式	1288		447	-12.6701
ギロ	ぎろ	1281		501	-17.6734
ギンソウ	銀装	1285		256	-18.6282
ギンガバンジョウ	銀河万丈	1289		122	-15.1470
ギョウガン	行願	1285		501	-18.6282
ギョウセン	仰瞻	1283		501	-18.0694
ギョソウ	魚艙	1285		501	-18.6282
ギュウ	久	1288		501	
ギ	宣	1288		501	
ギ	議	1298		265	-18.1108
ギュウフン	牛フン	1285		501	-18.6282
ギリョウ	技量	1285		127	-12.0972
ギョウギョウシキ	ぎょうぎょうしき	44		501	-17.0679
ギギャク	戯謔	1285		501	-18.6282
ギク	疑惧	1283		501	-18.0694
ギョウソ	行訴	1285		501	-18.6282
ギンザサ	銀笹	1285		501	-18.6282
ギョ	ぎょ	3		78	-10.0574
ギョウセキ	凝析	1285		501	-18.6282
ギサ	議さ	733		501	-13.7196
ギネス・ワールド・レコーズ		1288		318	-14.6211
ギフシナイ	岐阜市内	1288		501	-13.7097
ギリ	霧	1285		112	-19.2344
ギンザケ	銀ザケ	1285		501	-18.6282
ギザ		1285		130	-13.7445
ギタナカッ	汚かっ	33		460	-18.9230
ギョウ	禺	1288		501	
ギャグ		1285		451	-10.8421
ギョソウ	魚巣	1285		501	-18.6282
ギョウジ	ぎょうじ	1285		501	-18.9467
ギシ	魏使	1285		501	-18.6282
ギュビン		1285		501	-13.9416
ギドウ	蟻道	1285		501	-18.6282
ギューッ	ぎゅーッ	1281		501	-17.6734
ギシンアンキ	疑心暗鬼	1285		282	-13.0875
ギガヘルツ	㎓	1288		501	-20.0000
ギンデイ	銀泥	1285		501	-17.1760
ギョタク	魚拓	1285		445	-14.7738
ギズモ		1288		368	-15.7365
ギョッコウ	玉稿	1285		501	-17.5296
ギムヅケレ	義務付けれ	617		455	-10.8649
ギフ	義扶	1291		501	-18.1724
ギャクチョウ	逆潮	1285		501	-18.6282
ギリニンジョウ	義理人情	1288		460	-14.1364
ギョウギョウシキャ	仰仰しきゃ	42		501	-17.0678
ギタナケリャ	汚けりゃ	15		460	-18.9029
ギョウギョウシケレ	ぎょうぎょうしけれ	40		501	-17.1216
ギョウギョウシ	仰々し	39		0	-12.5295
ギューット	ギューッと	1281		501	-14.0162
ギャルイ	ギャルい	19		501	-17.2298
ギョウゲツ	曉月	1291		501	-18.1724
ギュンギュン		1285		501	-15.3885
ギンセン	銀線	1285		501	-18.6282
ギョウ	嶢	1288		501	
ギンノサジ	銀の匙	1288		185	-14.9055
ギガバイト	GB	1288		315	-12.8317
ギョサ	ぎょさ	586		501	-15.7492
ギタリスト		1285		196	-11.0904
ギキョウ	桔梗	1285		74	-15.8843
ギレ	切れ	1300		268	-17.1432
ギモンフカンタンフ	⁉	5		501	-18.5929
ギュウカワ	牛革	1285		256	-14.7529
ギョウムヲ	業務を	1285	156	17	-10.5415
ギ	紀	1288		501	
ギャツビー		1288		11	-14.9771
ギャロップ	ぎゃろっぷ	1285		96	-15.2603
ギョウカン	行観	1285		501	-18.6282
ギャクセイ	逆性	1285		501	-18.6282
ギンブラ	銀ぶら	1285		501	-16.8304
ギンザン	ぎんざん	1285		501	-18.9467
ギ	擬	560		447	-17.6251
ギャラドス		1288		89	-14.6661
ギザギザ	ぎざぎざ	1287		29	-17.3546
ギョウギョウシキャ	仰ぎょうしきゃ	42		501	-17.0678
ギャクエン	逆エン	1285		501	-14.2442
ギ	机	1288		501	
ギョウショ	行書	1285		342	-14.6453
ギョウ	迥	1288		501	
ギンゼヨ	ぎんぜよ	594		501	-15.5121
ギタイ	義体	1288		190	-14.2793
ギョジン	魚人	1285		501	-18.7236
ギキョウ	偽経	1285		28	-18.6282
ギャルソン		1285		51	-15.0544
ギョウセイホウ	行政法	1288		456	-13.0182
ギヤマン		1285		501	-15.9287
ギジュツキョウリョク	技術協力	1288		378	-12.9749
ギョイ	御意	3		495	-13.1614
ギタン	義胆	1285		501	-18.6282
ギャクサンカクケイ	逆三角形	1288		242	-13.7526
ギョウサン	仰山	1281		57	-15.8692
ギョウセイコウイ	行政行為	1288		456	-14.2282
ギンアン	銀餡	1285		501	-18.6282
ギワ	極	1288		501	
ギシ		1281		501	-16.9196
ギフケングジョウシ	岐阜県郡上市	1293		266	-13.6672
ギリョウ	議了	1283		501	-17.4154
ギャ		1285		443	-14.6921
ギャグマンガビヨリ	ギャグマンガ日和	1288		415	-14.9756
ギョウカイニ	業界に	1285	151	17	-11.0090
ギチャク	疑着	1283		501	-18.0694
ギャラガ		1288		415	-14.8770
ギョシャ	御者	1285		290	-14.2039
ギン	狠	1288		501	
ギ	魏	1294		246	-17.0867
ギャグアニメ		1288		322	-14.3776
ギフケンギフシ	岐阜県岐阜市	1293		266	-12.5662
ギョウムカイゼンメイレイ	業務改善命令	1288		12	-14.2003
ギョダイ	御題	1285		501	-16.9486
ギョクチン	玉枕	1285		501	-18.6282
ギ	葱	1288		501	
ギョエッ	ぎょえっ	3		501	-16.9819
ギョクヨウ	玉葉	1288		193	-12.8357
ギョクホ	玉歩	1285		501	-18.6282
ギンコウフリコミ	銀行振込	1285	1283	17	-12.3822
ギカク	疑核	1285		501	-18.6282
ギュウトウ	牛刀	1285		256	-16.2453
ギッコン	ぎっこん	1281		501	-17.1138
ギコチナク	ぎこちなく	35		48	-12.5456
ギリシャ		1294		240	-8.9209
ギンダマ	銀玉	1285		283	-18.6282
ギュウタン	牛たん	1288		501	-14.8724
ギャクセツテキ	逆説的	1285	1299	17	-12.4142
ギュウカク	牛角	1285		93	-18.6282
ギンズレ	吟ずれ	590		501	-12.1564
ギリョウシン	義両親	1285		17	-12.8875
ギテイ	議定	1283		436	-12.9630
ギターショウセツ	ギター小説	1285		17	-12.6744
ギョミ	魚味	1285		501	-18.6282
ギョウムフロー	業務フロー	1285		17	-13.4337
ギレエ	ぎれえ	1287		501	-18.0477
ギ	妓	1285		74	-18.6282
ギリセーフ		1285		501	-14.8923
ギンギン		1282		244	-12.5486
ギョシタイフ	御史大夫	1288		246	-14.1442
ギンポ	銀宝	1285		501	-18.6282
ギ	黃	1288		501	
ギャア	ぎゃあ	3		501	-11.5452
ギムヅケン	義務づけん	620		455	-11.7573
ギョウシュ	業主	1285		501	-16.7949
ギター	guitar	1289		277	-13.6123
ギショウ	妓娼	1285		501	-18.6282
ギャップガ	ギャップが	1285	148	17	-11.0446
ギューン	ぎゅーん	1281		501	-15.5939
ギテツ	義徹	1291		501	-18.1724
ギヤ	ぎや	1285		150	-14.1573
ギン	ぎん	1285		331	-12.3143
ギシ	義士	1285		74	-13.7662
ギジュツハ	技術は	1285	261	17	-11.1037
ギフト	GIFT	1288		22	-13.5767
ギョシュウ	御舟	1291		233	-18.1724
ギュッ		1282		54	-12.1479
ギ	着	625		295	-28.2044
ギネスセカイキロク	ギネス世界記録	1288		318	-12.8289
ギリギリ		1287		48	-9.1728
ギンコウ	銀鉱	1285		55	-15.0631
ギラリ	ぎらり	1281		501	-16.0791
ギョコウ	魚肴	1285		501	-18.6282
ギョウテン	暁天	1285		501	-17.4371
ギョチョウコツ	魚腸骨	1285		501	-18.6282
ギンケイ	銀経	1285		501	-18.6282
ギ	沂	1288		501	
ギャクリュウ	逆流	1283		174	-12.5226
ギョウカイテキ	業界的	1285	1299	17	-13.1749
ギョウトク	行徳	1293		231	-12.6893
ギャングパレード	GANGPARADE	1289		122	-20.6220
ギンダカ	銀高	1285		501	-18.6282
ギ	伎	1288		501	
ギクシャク		1283		161	-13.4880
ギシ	議し	587		233	-13.2618
ギコ	ぎこ	1285		437	-13.9561
ギ	籏	1288		501	
ギオンマツリ	祇園祭	1288		482	-13.2944
ギモンノコエ	疑問の声	1288		501	-13.4138
ギリシャオウコク	ギリシャ王国	1288		446	-14.4041
ギャクテンユウショウ	逆転優勝	1288		178	-14.1597
ギヨウ	ぎよう	1287		501	-18.4532
ギゲンシ	義原之	1289		501	-17.9060
ギサイ	義祭	1285		501	-18.6282
ギモンヲ	疑問を	1287	156	17	-10.6271
ギャクロウ	逆浪	1285		501	-18.6282
ギフテッド		1289		85	-12.3692
ギヨウ	伎癢	1285		501	-18.6282
ギャクシツモン	逆質問	1288		501	-14.0311
ギフト	gift	1289		302	-13.4093
ギンギン	ぎんぎん	1281		501	-15.4013
ギョウギョウシ	仰仰し	39		501	-17.1718
ギンミ	吟味	1283		193	-11.8366
ギョラン	魚卵	1288		116	-13.9900
ギョウホウ	行法	1285		365	-18.8289
ギリノイモウト	義理の妹	1288		97	-14.7602
ギミ	気味	1298		48	-9.5274
ギンジャク	銀雀	1293		501	-17.7008
ギンベエ	銀兵衛	1291		501	-18.1724
ギンポウ	銀宝	1285		501	-18.6282
ギミニ	気味に	1298	151	17	-11.2871
ギョクソウ	玉蒼	1291		501	-18.1724
ギヒ	ぎひ	1285		437	-18.9467
ギ	来	1288		501	
ギシリ	ぎしり	1285		501	-19.9275
ギンジョウ	吟醸	1285		142	-15.3019
ギボチョウ	儀保町	1293		501	-17.8831
ギョデン	魚田	1285		501	-15.9324
ギョモウ	漁網	1285		55	-14.2629
ギャラ		1285		474	-12.2286
ギャップモエ	ギャップ萌え	1288		501	-13.1789
ギョウシ	凝之	1291		501	-18.1724
ギヨウレツヨウソ	行列要素	1288		447	-14.8035
ギリ	ぎり	1285		437	-20.3330
ギラヴァンツキタキュウシュウ	ギラヴァンツ北九州	1292		372	-13.1713
ギンガ	銀牙	1288		501	-15.5919
ギタナイ	汚い	19		460	-12.3764
ギタナカレ	穢かれ	29		501	-18.9029
ギリシャ	希臘	1294		501	-17.0867
ギャクソウ	逆走	1285		501	-18.6282
ギシ	擬し	735		495	-12.9487
ギョテイ	魚梯	1285		501	-18.1929
ギゾー		1285		434	-15.1568
ギヤク	偽薬	1285		192	-13.5924
ギユ		1289		501	-16.7429
ギョカン	御感	1285		501	-17.1760
ギントウ	銀頭	1285		501	-18.6282
ギ	艤	1288		501	
ギョシャ	馭者	1285		290	-18.6282
ギュウドン	牛丼	1288		442	-11.4903
ギエン	義淵	1289		10	-17.9060
ギョウコウ	行幸	1283		193	-11.8446
ギジョウ	宜城	1293		501	-17.7008
ギョガンレンズ	魚眼レンズ	1285		139	-15.1688
ギタロウ	儀太郎	1291		501	-15.9752
ギクッ	ぎくッ	1281		501	-17.6734
ギョクショウ	玉将	1285		137	-14.6229
ギャルオ	ギャル男	1288		412	-14.9135
ギヘ		1289		501	-16.7429
ギュスターヴ		1289		470	-13.5669
ギンガキョウワコク	銀河共和国	1292		459	-13.2150
ギョウカ	凝華	1285		501	-18.6282
ギリッ	ぎりっ	1281		501	-17.6734
ギャネンドラ		1285		68	-15.0447
ギョンス		1285		501	-14.6006
ギカイセイミンシュシュギ	議会制民主主義	1288		388	-13.1827
ギンセカイ	銀世界	1285		120	-14.9670
ギャクリュウセイショクドウエン	逆流性食道炎	1288		192	-13.9435
ギーギー	ぎーぎー	1281		501	-17.6734
ギョウ	洽	1288		501	
ギッ	牛	1288		501	
ギュルギュル	ぎゅるぎゅる	1281		501	-15.2398
ギ	欺	1288		501	
ギジュツイン	技術院	1292		383	-13.1649
ギフォード		1289		470	-13.9097
ギョウヨ	行譽	1289		501	-17.9060
ギ	偽	1285		243	-11.0995
ギヒョウ	儀表	1285		501	-18.1929
ギンイロナツオ	銀色夏生	1289		501	-13.8463
ギショウ	義縦	1289		246	-17.1176
ギョウギョウシケレ	仰ぎょうしけれ	40		501	-17.1216
ギ	規	1288		501	
ギャクテンマケ	逆転負け	1288		178	-12.9757
ギッ	ぎっ	1281		437	-12.8880
ギャクニ	逆に	1285	151	17	-8.6665
ギンナンボーイズ	銀杏BOYZ	1289		67	-13.8017
ギョウチャク	凝着	1283		501	-15.2271
ギセン	議選	1285	1298	17	-13.2119
ギャクウン	逆運	1285		501	-18.6282
ギカイセイジ	議会政治	1288		501	-13.4891
ギコチナケレ	ぎこちなけれ	13		103	-12.4901
ギサ	ぎさ	586		501	-14.1921
ギヌ	帛布	1285		501	-19.0802
ギャクヒ	逆比	1285		501	-18.6282
ギンガレンポウ	銀河連邦	1288		459	-14.1963
ギフトケン	ギフト券	1288		118	-13.2014
ギンドロ	銀泥	1285		501	-18.6282
ギンザンオンセン	銀山温泉	1288		501	-14.6462
ギャオッ	ぎゃおっ	3		501	-16.9819
ギ	棊	1288		501	
ギョウキ	行規	1285		501	-18.7236
ギャクモドリ	ぎゃくもどり	1283		501	-18.8426
ギュウ	ぎゅう	1281		501	-17.6734
ギシヨ	ぎしよ	585		501	-14.1074
ギョク	曲	1288		501	
ギョウセイサービス	行政サービス	1288		501	-13.0644
ギリ	義理	1285		97	-11.6594
ギトウ	祈祷	1283		193	-14.9752
ギノウ	羲農	1285		501	-18.6282
ギョウショウ	行商	1283		311	-13.0452
ギタナカッ	穢かっ	33		501	-18.9230
ギョウムシュウリョウ	業務終了	1285	1283	17	-13.3748
ギミン	義民	1285		404	-15.2767
ギャクドメ	逆止め	1285		501	-18.6282
ギャクジ	逆字	1285		501	-18.6282
ギンガ		1285		26	-13.9194
ギジ	疑似	1285		139	-12.1377
ギャクサン	逆算	1283		143	-11.8211
ギョッキン	玉琴	1291		501	-20.1724
ギダイ	議題	1285		436	-12.4723
ギキン	義金	1285		501	-17.6588
ギンイロ	ぎんいろ	1285		184	-18.7236
ギョウカイゼンタイ	業界全体	1285	1314	17	-12.6064
ギフジョウ	岐阜城	1293		394	-12.3131
ギョウジャ	行者	1285		32	-13.2546
ギボク	義僕	1285		501	-17.1760
ギンコウホウ	銀行法	1288		455	-13.9724
ギジュツケイ	技術系	1285	1298	17	-12.7678
ギホウ	技法	1285		84	-10.6912
ギンマク	銀幕	1285		477	-14.2313
ギャラン		1288		168	-13.8231
ギチイイッ	ぎちいいっ	1281		501	-17.6734
ギョウズ	ぎょうず	593		501	-15.0426
ギョウセイショク	行政職	1288		265	-14.1191
ギョウムスーパー	業務スーパー	1288		241	-12.7435
ギセイ	偽誓	1285		501	-18.6282
ギョトウ	漁灯	1285		501	-18.1929
ギセイ	擬勢	1285		501	-18.6282
ギライダ	嫌いだ	1298	453	17	-11.3044
ギーク	Geek	1289		501	-13.9053
ギフシ	岐阜市	1293		18	-11.5736
ギニー		1289		163	-13.5638
ギカ	偽貨	1285		501	-18.6282
ギンガセン	銀河戦	1288		134	-14.6708
ギョウセイクカク	行政区画	1288		13	-10.8826
ギョウ	教	1288		501	
ギハン	偽版	1285		501	-18.6282
ギョウ	轎	1288		501	
ギョリュウ	御柳	1285		501	-17.3575
ギシヨ	擬しよ	585		501	-11.8653
ギョクジン	玉塵	1285		501	-18.6282
ギョウカイ	業界	1285		378	-9.2757
ギョウボ	仰慕	1283		501	-18.0694
ギ	喜	1288		501	
ギョウゲツ	暁月	1289		49	-14.8567
ギョウカン	行観	1289		501	-17.9060
ギリョウ	義亮	1291		501	-14.7384
ギンエイ	銀映	1288		501	-18.5231
ギボク	戯墨	1285		501	-18.6282
ギム		1289		501	-16.7429
ギキョ	義挙	1285		193	-15.1056
ギャンナキ	ギャン泣き	1288		501	-12.7380
ギムヅケリャ	義務づけりゃ	618		455	-11.7382
ギョセン	御撰	1285		501	-18.1929
ギョウドウ	凝当	1285		501	-18.6282
ギオン	祇園	1293		311	-11.2212
ギシサン	義姉さん	1285	1302	17	-13.4620
ギョクトウ	玉塔	1285		501	-18.6282
ギョカイソウルイ	魚貝草類	1285		501	-18.6282
ギョウソウ	仰崇	1283		501	-18.0694
ギヴン		1288		501	-14.7021
ギャラクシー		1289		203	-11.9518
ギャ		3		443	-16.4223
ギスレ	ぎすれ	581		501	-14.1060
ギョウガク	行学	1285		297	-16.4230
ギヨ	驍	1291		58	-12.6812
ギョウ	尭	1289		128	-17.9060
ギョカ	漁火	1285		385	-15.4685
ギムヅケ	義務付け	622		52	-10.6187
ギャガ		1288		96	-15.2573
ギッチョウ	ぎっちょう	1285		501	-18.9467
ギス	ぎす	731		437	-11.5081
ギョウ	業	1285		55	-11.6824
ギター	Guitar	1289		367	-12.5115
ギテン	疑点	1285		501	-18.1929
ギョウイチ	行一	1291		122	-21.0080
ギセル	煙管	1285		284	-18.4612
ギンノスケ	銀之助	1291		76	-14.8473
ギンテキ	銀笛	1285		501	-18.4767
ギョウセキ	行跡	1285		10	-15.4864
ギョウズル	行ずる	592		501	-12.4441
ギテン	儀典	1285		265	-15.4896
ギュウニュウビン	牛乳瓶	1288		256	-14.2768
ギコウ	宜興	1293		104	-17.7008
ギジュツケンキュウホンブ	技術研究本部	1292		173	-12.7728
ギョウヨウ	業容	1285		79	-14.6048
ギャクシン	逆心	1285		498	-15.6677
ギコ		1288		152	-17.6068
ギダン	疑団	1285		501	-17.5986
ギンガケイ	銀河系	1285		466	-12.4841
ギノウコウシュウ	技能講習	1285	1283	17	-13.3395
ギラ	ぎら	1281		501	-17.6734
ギコウテキ	技巧的	1285	1299	17	-13.4449
ギンジン	吟じん	620		501	-16.1526
ギョクセキ	玉石	1285		4	-14.8798
ギャザクラ		1285		501	-15.3694
ギョウシャサン	業者さん	1285	1302	17	-11.9294
ギダユウ	義太夫	1291		73	-16.0682
ギヘイ	義兵	1285		346	-14.6352
ギフク	儀服	1285		501	-18.6282
ギ	義	1300		128	-11.5759
ギラヒ	嫌ひ	1287		501	-17.7600
ギリシャジン	ギリシャ人	1288		408	-12.2222
ギセイ	義成	1293		148	-16.3509
ギャリー		1289		470	-13.8190
ギョウ	仰	1291		395	-21.5057
ギョミン	漁民	1285		55	-13.2007
ギョクレイ	玉玲	1291		501	-18.1724
ギョウセイテツヅキホウ	行政手続法	1288		86	-14.5962
ギョギョウキョウドウクミアイ	漁業協同組合	1288		397	-13.2749
ギムヅケル	義務づける	619		455	-11.7649
ギジュツメン	技術面	1288		351	-12.5443
ギューット	ぎゅーっと	1281		501	-13.3348
ギョモツ	御物	1285		342	-14.4339
ギンエン	ぎんえん	1285		501	-18.9467
ギボク	擬木	1285		84	-18.6282
ギョウシ	凝視	1283		438	-12.5923
ギョエイ	魚影	1285		501	-18.6282
ギゲイ	技芸	1285		251	-13.8289
ギュウナベ	牛鍋	1285		311	-14.9637
ギターヒーロー		1288		296	-14.8895
ギコン	議婚	1285		501	-18.6282
ギョウセイフフクシンサホウ	行政不服審査法	1288		86	-14.5704
ギ	蟻	1288		501	
ギー		1285		273	-14.3291
ギンシ	銀糸	1285		256	-16.0222
ギンジュ	銀樹	1285		501	-18.6282
ギンシャリ	銀シャリ	1289		170	-13.5633
ギョウニュウ	凝乳	1285		501	-18.6282
ギュウシャブ	牛しゃぶ	1285		501	-18.6282
ギャク	覈	1288		501	
ギンゼ	ぎんぜ	595		501	-15.5474
ギタン	義膽	1285		501	-18.6282
ギ	耆	1288		501	
ギタナ	穢	11		501	-19.0651
ギョクエイ	玉英	1291		501	-17.7745
ギョウサン	仰山	1287		57	-17.5369
ギョウムニ	業務に	1285	151	17	-11.1619
ギョウギョウシカラ	仰ぎょうしから	47		501	-17.0678
ギョウコウ	暁光	1285		501	-16.7140
ギョメイ	御名	1285		365	-13.9527
ギエンキン	義援金	1285		474	-13.6499
ギワ	際	1298		282	-11.7574
ギュウマオウ	牛魔王	1289		222	-13.3496
ギュウトン	牛豚	1285		501	-18.6282
ギコチナケリャ	ぎこちなけりゃ	15		103	-12.4901
ギ	犧	1288		501	
ギョクテイ	玉鼎	1289		501	-17.9060
ギンサツ	銀札	1285		501	-18.6282
ギセキスウ	議席数	1288		125	-12.8207
ギスル	艤する	583		501	-15.9093
ギンジ	銀次	1289		370	-12.9825
ギュウホセンジュツ	牛歩戦術	1288		430	-14.8525
ギジュツヲ	技術を	1285	156	17	-10.2060
ギドウ	儀同	1285		246	-18.6282
ギョショク	漁色	1285		495	-16.6592
ギュウコツ	牛骨	1285		501	-18.6282
ギョウギョウシカロ	ぎょうぎょうしかろ	46		501	-17.0678
ギノウ	ぎのう	1285		331	-14.5807
ギョウ	傚	1288		501	
ギノワン	宜野湾	1290		200	-13.4881
ギニー		1285		163	-14.9675
ギ	杵	1288		501	
ギュウハイ	牛排	1285		501	-18.6282
ギヌ	絹	1285		4	-18.7236
ギュウニュウパック	牛乳パック	1285		142	-13.8280
ギタリズム	GUITARHYTHM	1288		302	-14.7712
ギョクケイ	玉溪	1291		501	-18.1724
ギ	祗	1288		501	
ギリ		1288		462	-11.6917
ギシュウ	基秀	1291		501	-18.1724
ギョウジュウ	行住	1285		501	-18.6282
ギサン	ギ酸	1285		405	-18.0304
ギャランティ		1288		474	-14.3595
ギブズ		1288		210	-14.1839
ギョバ	漁場	1285		55	-14.9334
ギルガメシュジョジシ	ギルガメシュ叙事詩	1288		189	-14.1581
ギ	義	560		128	-11.5759
ギョウネン	行年	1285		46	-15.7823
ギョドク	魚毒	1285		501	-18.6282
ギ	岐	1288		501	
ギボ	宜保	1290		401	-14.2585
ギョウボウ	翹望	1283		501	-16.6270
ギャクゾク	逆賊	1285		193	-14.5744
ギョウイン	凝胤	1291		501	-18.1724
ギジュツシャ	技術者	1288		281	-10.6190
ギクシャク	ぎくしゃく	1281		182	-17.6734
ギョウ	餃	1288		501	
ギュウハイ	牛肺	1285		501	-18.6282
ギチ	佶	1288		501	
ギョッキン	玉琴	1285		501	-18.6282
ギシヨ	議しよ	585		233	-13.2542
ギョウジ	行持	1283		501	-16.7025
ギインウンエイイインカイ	議院運営委員会	1288		436	-13.9328
ギャクエンパス	逆エンパス	1285	1283	17	-13.2731
ギョウセイサッシンカイギ	行政刷新会議	1292		214	-13.5231
ギュウナベ	牛なべ	1285		501	-18.6282
ギジン	義人	1285		497	-14.0017
ギッシリ	ぎっしり	1282		155	-11.8038
ギョット	ギョッと	1281		501	-12.7385
ギョッキ	玉器	1285		501	-18.6282
ギョサ	御さ	586		438	-12.0296
ギワ	際	1285		282	-19.2344
ギュウ	妓夫	1285		49	-18.6282
ギョフク	魚服	1285		501	-18.6282
ギタナカラ	穢から	27		501	-18.9038
ギンシュ	銀主	1285		501	-18.6282
ギジュツカイハツ	技術開発	1288		79	-12.1822
ギノウシ	技能士	1288		85	-13.6439
ギンコウコウザ	銀行口座	1288		474	-12.5001
ギンエモン	銀右衛門	1291		501	-18.1724
ギゲン	羲元	1291		501	-18.1724
ギルガメシュ		1288		222	-13.0737
ギュウイン	牛飲	1283		501	-18.0694
ギョカ	漁家	1285		55	-18.6282
ギンハ	銀歯	1285		17	-13.3697
ギツネ	ぎつね	1285		150	-19.9275
ギ	萓	1288		501	
ギンピョウ	銀票	1285		501	-18.6282
ギテン	偽典	1288		189	-14.4978
ギュウケイ	牛形	1285		501	-18.6282
ギョウクウ	暁空	1285		501	-18.6282
ギア		1289		95	-16.6251
ギジュツブ	技術部	1288		123	-13.8249
ギンパイ	銀牌	1285		501	-16.9486
ギコウ	技巧	1285		307	-12.4590
ギシン	疑神	1285		501	-18.6282
ギロン	議ろん	1283		501	-18.0694
ギョウゲツ	暁月	1285		49	-14.8567
ギニアワン	ギニア湾	1288		410	-14.3414
ギョーブ	刑部	1285		403	-18.6282
ギジ	擬餌	1285		382	-18.6282
ギイ	ぎい	1281		331	-12.9738
ギレツ	義烈	1285		401	-16.0508
ギセイ	ぎせい	1285		501	-18.9467
ギンジョウ	吟釀	1285		501	-18.6282
ギョウ	御宇	1285		392	-15.5505
ギャクシメイ	逆指名	1288		306	-13.8727
ギュ〜ッ	ぎゅ〜っ	1281		501	-17.6734
ギャク	逆	1287		48	-9.8836
ギョウトウ	行燈	1290		4	-13.5987
ギョウジツ	行実	1285		219	-16.0633
ギフダイガク	岐阜大学	1292		187	-12.5578
ギジョ	ぎじょ	1285		78	-14.7843
ギシ	義子	1285		399	-15.7159
ギュウ	牛	1290		499	-12.2927
ギムキョウイク	義務教育	1285	1283	17	-11.1707
ギンスジ	銀筋	1285		501	-18.1929
ギョウカン	行かん	1285		501	-13.6474
ギライ	嫌い	1287		66	-17.5535
ギデオン		1289		222	-13.4205
ギャクシャア	逆シャア	1288		501	-14.7825
ギュウシオ	牛塩	1285		501	-18.6282
ギター		1285		132	-9.8033
ギョウケイ	行啓	1285		193	-14.3078
ギブン	戯文	1285		465	-18.6282
ギカイセイ	議会制	1288		388	-14.3437
ギガパスカル	㎬	1288		501	-20.0000
ギョウザイセイ	行財政	1285		214	-14.9559
ギョヒ	魚皮	1285		501	-18.6282
ギュウケイ	牛鶏	1285		501	-18.6282
ギルガメッシュ		1289		26	-12.8774
ギュウジリャ	牛耳りゃ	770		326	-12.3098
ギンギン		1287		244	-14.1363
ギブン	祇文	1291		501	-18.1724
ギョウセイカン	行政官	1285	1298	17	-13.2686
ギゴチナイ	ぎごちない	19		501	-18.5107
ギツネ	狐	1285		74	-17.8897
ギンズル	ぎんずる	592		501	-15.5137
ギインジショク	議員辞職	1288		278	-12.7560
ギフク	ぎふく	1285		501	-18.9467
ギテイ	義弟	1285		97	-12.6997
ギョクヨウワカシュウ	玉葉和歌集	1288		28	-14.8218
ギソウ	艤装	1283		343	-12.3056
ギボン	義凡	1289		501	-17.9060
ギリチョコ	義理チョコ	1288		152	-14.0178
ギョクホウ	玉蜂	1289		501	-17.9060
ギシ	技士	1285		281	-18.6282
ギョウカク	業革	1285		501	-18.6282
ギョウセイキコウ	行政機構	1285		17	-13.5469
ギョキョウ	漁協	1285		397	-13.4378
ギョクト	玉兎	1285		485	-18.6282
ギョトウ	御灯	1285		501	-18.6282
ギインラ	議員ら	1285	1298	17	-13.3199
ギョット	ぎょっと	1281		501	-15.5662
ギシギシ	ぎしぎし	1281		501	-15.1597
ギア	Gear	1289		367	-13.5320
ギョウムジョウ	業務上	1288		243	-12.8874
ギンノウ	銀納	1285		501	-18.6282
ギョクハイ	玉佩	1285		501	-18.6282
ギジョウ	義浄	1289		28	-14.0224
ギョザ	御座	1285		3	-13.9698
ギレ	切	1300		4	-17.8364
ギョフク	魚腹	1285		284	-15.1428
ギョウギョウシイ	仰々しい	19		0	-18.0407
ギフ	義父	1285		97	-11.7944
ギャクリ	逆理	1285		501	-16.1194
ギジョウ	議場	1285		13	-13.2501
ギムヅケヨ	義務づけよ	621		455	-11.7601
ギン	齦	1288		501	
ギョクホ	玉浦	1293		144	-17.3562
ギャング		1285		459	-12.1132
ギョギョウホショウ	漁業補償	1288		350	-14.9190
ギンパイ	銀盃	1285		345	-18.6282
ギフン		1285		501	-14.5681
ギエレ	消えれ	617		471	-18.4235
ギョクメイ	玉茗	1291		501	-17.0738
ギョウゼヨ	行ぜよ	594		501	-12.4425
ギョウホウ	暁峰	1291		501	-18.1724
ギイ		1289		11	-14.6296
ギゲイ	伎芸	1285		501	-17.4708
ギンパツ	銀髪	1285		127	-13.5707
ギトウ	義等	1291		501	-18.1724
ギギ	疑義	1285		216	-12.8764
ギョウギョウシケリャ	仰々しけりゃ	41		0	-12.4255
ギョウタイ	業態	1285		35	-11.5561
ギョクアイ	玉愛	1291		501	-18.1724
ギョ	魚	1298		116	-10.1276
ギブソン		1289		168	-11.6101
ギリャク	魏略	1288		10	-13.7782
ギョウムカクトシ	業務核都市	1288		69	-14.8405
ギ	置	1288		501	
ギョウギョウシカレ	仰々しかれ	48		0	-12.4255
ギンカ	銀価	1285		501	-18.6282
ギキ	義熙	1288		21	-14.9821
ギョクハ	玉波	1288		343	-14.8071
ギャラリー		1285		414	-11.1989
ギャクビキ	逆引き	1285		197	-18.6282
ギョウザノカワ	餃子の皮	1288		501	-13.5922
ギエン	義縁	1285		501	-18.6282
ギョクキン	玉琴	1291		501	-18.1724
ギバー		1285		501	-13.7898
ギモンフ	疑問符	1285		468	-13.4898
ギシャ	擬しゃ	582		501	-11.8639
ギルバートショトウ	ギルバート諸島	1288		37	-13.7440
ギンガテツドウモノガタリ	銀河鉄道物語	1288		177	-14.9756
ギジョ	魏舒	1289		440	-16.3800
ギョウセイ	暁星	1285		406	-15.5623
ギョロメ	ぎょろ目	1285		501	-19.2344
ギンエイ	吟詠	1283		114	-15.6743
ギカ	技科	1285		501	-18.6282
ギョウカイサイヘン	業界再編	1288		378	-14.5830
ギア	⚙	1285		501	-24.6753
ギョクタイ	玉体	1285		501	-16.3202
ギャクタイ	虐待	1283		243	-10.6558
ギョウカイヒョウジュン	業界標準	1288		77	-14.1635
ギョウガマエ	行構え	1285		501	-18.6282
ギンネコ	銀猫	1285		501	-18.6282
ギシン	義臣	1285		440	-18.6282
ギュウトウ	牛痘	1285		257	-14.9563
ギモンシ	疑問詞	1288		327	-14.4748
ギョクオン	玉音	1285		128	-16.0802
ギシン	義心	1285		501	-16.6416
ギリ	斬り	1285		91	-16.6099
ギャンブルイソンショウ	ギャンブル依存症	1288		192	-14.1754
ギエヨ	消えよ	624		471	-18.4223
ギ	着	1300		295	-28.2044
ギフケンタジミシ	岐阜県多治見市	1293		266	-13.8882
ギン	巾	1288		501	
ギソウケッコン	偽装結婚	1288		42	-14.2440
ギョシヨ	ぎょしよ	585		501	-15.6645
ギラ	明	1288		501	
ギモン	ぎもん	1285		501	-18.9467
ギョセイ	漁政	1285		144	-18.6282
ギテイショ	議定書	1288		209	-12.5260
ギカイ	ぎかい	1285		331	-14.7785
ギョリ	魚麗	1285		501	-18.6282
ギョライテイ	魚雷艇	1288		230	-13.0322
ギリガタカラ	義理堅から	27		56	-13.8655
ギサン	蟻酸	1285		111	-15.7876
ギョウギョウシカレ	仰仰しかれ	48		501	-17.0678
ギョセヨ	御せよ	589		438	-11.9435
ギュウグン	牛群	1285		501	-18.6282
ギリシャゴ	ギリシャ語	1288		340	-11.3565
ギク	疑懼	1283		501	-17.4235
ギョウシュ	業種	1285		378	-11.2725
ギュウメシ	牛飯	1285		501	-18.6282
ギガバイト		1300		221	-13.1758
ギョウ	曉	1288		501	
ギョウサイジ	行催事	1285		501	-18.6282
ギャルゲ		1288		501	-14.8380
ギョカク	魚獲	1283		501	-18.0694
ギリガタキャ	義理堅きゃ	17		56	-13.8647
ギョウムイタク	業務委託	1288		378	-12.4413
ギレリス		1289		501	-15.3948
ギョチュウルイ	魚虫類	1285		501	-18.6282
ギンコウ	吟行	1283		465	-15.9615
ギゼン	巍然	1285		501	-18.8289
ギュウジリ	牛耳り	788		326	-12.3140
ギョウギョウシカレ	ぎょうぎょうしかれ	48		501	-17.0678
ギャレット		1289		255	-13.1936
ギュウタン	牛丹	1285		501	-18.6282
ギタナウ	汚う	31		460	-18.9123
ギャクマワシ	逆回し	1285		501	-18.6282
ギットハブ	GitHub	1288		77	-12.8389
ギリ	桐	1285		4	-19.2344
ギフチャン	ぎふチャン	1288		305	-14.4566
ギョウドウ	行道	1283		32	-18.0694
ギョウゼヨ	ぎょうぜよ	594		501	-15.0421
ギュ	ぎゅ	1288		78	-13.0811
ギョウゴウ	行香	1285		501	-18.6282
ギュウセイ	牛牲	1285		501	-18.6282
ギンコウエイティエム	銀行ATM	1288		501	-14.6364
ギンジリャ	吟じりゃ	618		501	-16.1335
ギョウタ	尭太	1291		501	-18.1724
ギー		1281		273	-13.0943
ギゲン	義玄	1291		76	-15.6074
ギンサン	銀傘	1285		501	-18.6282
ギリガタク	義理堅く	35		56	-13.9479
ギンショク	銀燭	1285		501	-18.4767
ギョウギョウシュウ	ぎょうぎょうしゅう	49		501	-17.0678
ギョウギョウシカッ	仰仰しかっ	50		501	-17.1259
ギタイゴ	擬態語	1285		327	-14.6528
ギョクショウ	玉照	1288		501	-18.5231
ギリギリガールズ		1289		122	-21.7620
ギンカ	銀價	1285		501	-18.6282
ギサ	議さ	586		233	-13.3389
ギンアン	ぎんあん	1285		501	-18.9467
ギグン	魏軍	1285		8	-18.6282
ギョウカイ	凝塊	1285		501	-18.6282
ギンガテツドウノヨル	銀河鉄道の夜	1288		57	-13.3195
ギンナン	ぎんなん	1285		93	-15.0437
ギロチン		1285		490	-13.2345
ギョウスー	業スー	1288		501	-14.5937
ギョビョウ	魚病	1285		501	-18.6282
ギンチャン	銀ちゃん	1289		103	-12.7069
ギュウトロ	牛トロ	1285		501	-18.6282
ギムヅケロ	義務づけろ	623		455	-11.7571
ギョウムボウガイ	業務妨害	1288		444	-14.2337
ギガース		1288		429	-14.8035
ギミック		1285		26	-14.1408
ギョウシュク	凝縮	1283		174	-11.5074
ギュウジン	牛耳ん	774		326	-12.3100
ギリッギリ	ぎりっぎり	1281		501	-15.9870
ギンイロ	銀色	1285		242	-12.1792
ギフカ		1285		501	-14.1598
ギョコウ	漁港	1285		480	-12.0748
ギ	儀	1298		395	-15.4012
ギジュツテイケイ	技術提携	1288		181	-13.6680
ギシャ	義者	1285		501	-18.7236
ギコウ	義公	1289		399	-17.9060
ギットリ	ぎっとり	1281		501	-16.9928
ギンゼヨ	吟ぜよ	594		501	-12.1564
ギョシュウ	御集	1285		501	-18.6282
ギゼンシャ	偽善者	1288		56	-12.9260
ギリコ	儀利古	1290		501	-17.7354
ギスケ	儀助	1291		501	-18.1724
ギモンケイ	疑問形	1288		327	-14.6001
ギレンノヤボウ	ギレンの野望	1288		177	-14.6634
ギョウギョウシケレ	仰々しけれ	40		0	-12.4793
ギ	気	1285		48	-18.7236
ギッチリ	ぎっちり	1281		501	-14.5543
ギョウレツ	ぎょうれつ	1283		5	-18.8426
ギオンシャ	祇園社	1288		404	-14.3188
ギチリ	ぎちり	1281		501	-17.6734
ギリシアシンワ	ギリシア神話	1288		429	-11.7820
ギョシャザ	ぎょしゃ座	1288		466	-14.7021
ギ	饋	1288		501	
ギタイ	ぎたい	1285		331	-14.5990
ギョフノリ	漁夫の利	1288		146	-14.2678
ギゾウ	偽像	1285		501	-18.6282
ギンギン	憖憖	1285		501	-18.6282
ギフク	義福	1289		501	-17.9060
ギャク	ぎゃく	1287		331	-17.8935
ギョウカイナイ	業界内	1285	1298	17	-12.6962
ギョウムガイ	業務外	1288		501	-14.3395
ギボンズ	gibbons	1289		501	-16.8074
ギョウギョウシキャ	仰々しきゃ	42		0	-12.4255
ギンフ	銀斧	1285		501	-18.6282
ギソウ	義操	1289		501	-17.9060
ギシンナンボクチョウ	魏晋南北朝時代	1288		135	-14.2608
ギチギチ	ぎちぎち	1281		501	-14.5217
ギタナキ	穢き	21		501	-18.9032
ギアス		1288		26	-14.2378
ギジュツシャ	技術者	1285	1298	17	-13.1281
ギャクテンゲキ	逆転劇	1288		178	-14.2437
ギザ		1293		130	-16.6022
ギョウキ	暁起	1285		501	-18.6282
ギクン	ぎくん	1283	1310	17	-13.4064
ギンイ	銀緯	1285		501	-18.6282
ギンヤンマ	ぎんやんま	1285		501	-18.9467
ギガン	義眼	1285		60	-14.6440
ギジュツコウジョウ	技術向上	1285	1283	17	-13.3056
ギョクショウ	玉祥	1291		346	-13.1779
ギャクグン	逆軍	1285		501	-18.6282
ギョウムリョウ	業務量	1285	1298	17	-12.7440
ギョコウ	禦寇	1291		501	-18.1724
ギヨウ	儀容	1285		501	-17.7303
ギュウヒ	求肥	1285		93	-14.5817
ギョウ	煢	1288		501	
ギャクブ	逆峰	1285		501	-18.6282
ギョウセイガワ	行政側	1285	1298	17	-13.4172
ギフト	Gift	1289		367	-12.9904
ギユウグン	義勇軍	1285		326	-12.9035
ギャオス		1288		212	-13.3962
ギャン		1288		190	-13.3083
ギョウギョウシケリャ	仰ぎょうしけりゃ	41		501	-17.0678
ギケツ	議決	1283		436	-11.6027
ギゲ	義解	1285		501	-18.6282
ギンパロウ	銀波露	1288		501	-18.5231
ギドラ		1285		501	-15.2947
ギンセン	銀扇	1285		501	-18.0923
ギュルヴィタブラカシ	ギュルヴィたぶらかし	1288		424	-14.5067
ギョシン	御寝	1285		501	-17.0558
ギンナン	銀杏	1285		228	-18.4612
ギ	竒	1288		501	
ギカ	偽果	1288		382	-14.7926
ギョウセイショブン	行政処分	1288		455	-12.9383
ギ	議	1285		265	-12.1132
ギンバエ	銀蝿	1285		501	-18.6282
ギ	城	1288		501	
ギョウゲ	行解	1285		501	-18.6282
ギンゼン	銀髯	1285		501	-18.6282
ギソウウケオイ	偽装請負	1288		216	-14.5840
ギュウジレ	牛耳れ	768		326	-12.3099
ギア		1285		95	-12.0998
ギョライ	魚雷	1285		320	-11.0468
ギョウ	檠	1288		501	
ギゼン	偽善	1285		252	-12.6266
ギャク	ぎゃく	1285		331	-14.4991
ギカン	技官	1285		265	-13.3998
ギシ	ぎし	1285		99	-20.3330
ギャクセイ	逆成	1285		501	-18.6282
ギフ	妓夫	1285		49	-18.0304
ギョギョウジュウジシャ	漁業従事者	1288		55	-14.9894
ギョクガン	玉眼	1285		4	-18.6282
ギリシァ		1285		501	-15.2270
ギリシャリョウリ	ギリシャ料理	1288		391	-14.4283
ギガヘルツ	gヘルツ	1300		501	-16.5146
ギシャ	議しゃ	582		233	-13.2528
ギョウチュウ	蟯虫	1285		501	-17.8398
ギョウジ	行事	1285		224	-10.4715
ギンネズ	銀鼠	1285		501	-15.8986
ギダ	犠打	1285		377	-13.2359
ギイーッ	ぎいーっ	1281		501	-17.6734
ギャ	ぎゃ	3		501	-16.9819
ギジュツコモン	技術顧問	1288		300	-13.8925
ギウン	疑雲	1285		501	-18.6282
ギフホウソウ	岐阜放送	1292		305	-12.2649
ギル		1285		25	-14.9490
ギャクレン	逆蓮	1285		501	-18.6282
ギョ	魚	1290		116	-13.3735
ギンドケイ	銀時計	1285		123	-15.2072
ギンコ	吟子	1291		501	-15.0905
ギョクトウ	玉東	1290		501	-17.4280
ギセイゴ	擬声語	1285		327	-15.3006
ギャクタイ	ぎゃくたい	1283		331	-18.8426
ギリョウシン	義両親	1287	1285	17	-13.5342
ギガヘルツ	ghz	1300		501	-16.5146
ギムナジウム		1288		314	-12.4435
ギョセヨ	ぎょせよ	589		501	-15.6631
ギ	着	1283		295	-28.2044
ギルバート	gilbert	1289		501	-16.8074
ギンカク	銀閣	1285		435	-18.6282
ギャク	謔	1288		501	
ギョタン	魚探	1285		501	-18.6282
ギモン	疑問	1285		468	-18.5412
ギムヅケ	義務づけ	622		52	-11.5479
ギンゲツ	銀月	1291		501	-14.8473
ギガ	GIGA	1288		274	-13.4051
ギス	義須	1285		501	-18.6282
ギョウカン	行監	1285		501	-18.6282
ギンガダン	銀河団	1289		466	-12.4085
ギタナキ	汚き	21		460	-18.9032
ギョウシ	仰視	1283		501	-17.5994
ギシ	義歯	1285		270	-14.3478
ギリアム		1289		179	-13.7654
ギョウカイヨウゴ	業界用語	1288		152	-13.6662
ギョウコウ	行こう	1283		420	-11.2696
ギョウ	形	1288		501	
ギンアン	銀鞍	1285		501	-18.6282
ギンコン	銀婚	1285		501	-18.6282
ギョウケイ	暁京	1291		501	-18.1724
ギョウセイケン	行政権	1288		13	-12.5171
ギョウギョウシイ	仰ぎょうしい	19		501	-18.0407
ギブ	儀部	1290		501	-17.7354
ギャクシ	虐使	1283		501	-18.0694
ギョウギョウシカレ	仰ぎょうしかれ	48		501	-17.0678
ギフケンナカツガワシ	岐阜県中津川市	1293		266	-13.4405
ギョウセイシュセキ	行政主席	1292		265	-13.3717
ギンズリャ	ぎんずりゃ	591		501	-15.5121
ギョヨウ	魚要	1288		501	-18.5231
ギンガマン		1288		89	-14.9008
ギブズエネルギー		1285		336	-14.7018
ギ	氣	1285		395	-18.8289
ギョウケツ	凝結	1283		174	-13.6589
ギョシ	ぎょし	587		501	-15.6721
ギョウセイチョウ	行政庁	1288		13	-13.5105
ギブ		1285		96	-15.3821
ギョウセイジム	行政事務	1288		265	-13.5510
ギュウソウ	牛莊	1293		501	-17.7008
ギカン	技監	1288		265	-14.5085
ギセ	議せ	734		501	-13.6987
ギーザ		1285		432	-15.1191
ギサン	ギ酸	1288		405	-13.5664
ギョクロ	玉露	1285		75	-14.4206
ギレ	帛	1300		4	-17.1432
ギョクヒ	玉臂	1285		501	-18.6282
ギョウセイショシ	行政書士	1288		402	-12.1297
ギョス	御す	731		501	-17.3208
ギーガー		1288		24	-14.7613
ギ	宜	1288		501	
ギャクカンスウ	逆関数	1288		447	-13.8855
ギンパイ	銀杯	1285		313	-15.2120
ギンピカ	銀ピカ	1287		501	-17.5369
ギョウフク	行服	1285		501	-18.6282
ギョウキ	行規	1291		501	-19.0629
ギンガテツドウ	銀河鉄道	1289		202	-12.5261
ギゲン	議言	1285		501	-18.6282
ギリギリ	ぎりぎり	1281		317	-17.6734
ギソウ	議奏	1288		108	-14.5112
ギャクニュウ	逆入	1285		501	-18.6282
ギテン	義天	1288		392	-18.5231
ギンタロウ	銀太郎	1291		501	-14.8051
ギャクシン	逆真	1285		501	-18.6282
ギュウシ	牛脂	1285		75	-14.4276
ギョエン	魚塩	1285		501	-18.6282
ギンキ	銀姫	1291		501	-18.1724
ギグ		1285		478	-15.1284
ギョクジョ	玉女	1293		501	-17.7008
ギョク	玉	1285		4	-18.8289
ギンダコ	銀だこ	1292		501	-12.8131
ギン	懃	1288		501	
ギョット	ぎょッと	1281		501	-17.5556
ギョロウ	漁労	1285		55	-14.3779
ギクシャク	ぎくしゃく	1282		182	-13.1443
ギュット	ギュッと	1281		113	-11.5547
ギバ		1289		501	-16.7429
ギンセン	銀箭	1285		501	-18.6282
ギョウカイノ	業界の	1285	368	17	-10.6427
ギンゼヨ	ぎんぜよ	596		501	-15.5121
ギリギリマデ	ギリギリまで	1287	355	17	-11.1285
ギョシン	魚信	1285		501	-18.6282
ギタナウ	穢う	31		501	-18.9123
ギセヨ	ぎせよ	589		501	-14.1060
ギリ		1285		462	-14.8734
ギャルソネ	ギャル曽根	1289		122	-14.9600
ギスレ	議すれ	581		233	-13.2528
ギョウギョウシケリャ	ぎょうぎょうしけりゃ	41		501	-17.0678
ギーク		1289		66	-13.5468
ギョウセイキカン	行政機関	1288		265	-11.5492
ギンサブロウ	銀三郎	1291		501	-18.1724
ギョウ	凝	1285		4	-22.0569
ギョクトウ	玉東	1293		501	-16.5377
ギアン	疑案	1285		501	-18.6282
ギット	git	1288		197	-14.4915
ギャラリー	ぎゃらりー	1285		501	-18.4612
ギャクシントウ	逆浸透	1288		405	-14.5027
ギョッ	ぎょっ	1281		501	-13.0384
ギ	犠	1288		501	
ギョウセイカンク	行政管区	1288		349	-13.7803
ギョウズ	行ず	593		501	-12.4430
ギレル	切れる	919		471	-12.7581
ギギ		1288		499	-14.7890
ギョキ	漁期	1285		112	-14.7681
ギンス	銀子	1285		74	-15.1580
ギョウジ	行司	1285		124	-12.7047
ギンナガシ	銀流し	1285		501	-18.6282
ギ	巍	1288		501	
ギジ	議事	1285		436	-13.0498
ギョクリュウ	玉流	1293		501	-17.7008
ギンヨク	銀翼	1285		54	-16.3041
ギンレイ	銀嶺	1285		321	-15.2337
ギジテキ	擬似的	1285	1299	17	-12.6744
ギンブチ	銀縁	1285		501	-15.9485
ギインテイスウ	議員定数	1288		13	-13.9458
ギジュツリョク	技術力	1288		351	-11.7677
ギュウリ	牛犁	1283		501	-18.0694
ギョウセイフ	行政府	1285		13	-12.6759
ギウ	義烏	1293		501	-17.7008
ギョクレイ	玉怜	1291		501	-18.1724
ギムヅケヨ	義務づけよ	624		455	-11.7569
ギンパク	銀ぱく	1285		501	-18.6282
ギョウサン	ぎょうさん	1287		501	-17.6422
ギフエキ	岐阜駅	1293		162	-12.3189
ギシ	魏志	1288		246	-13.1440
ギプスコアケン	ギプスコア県	1288		501	-14.0834
ギンナンシ	銀杏子	1291		501	-18.1724
ギキョウ	義侠	1285		252	-14.6921
ギグ		1289		478	-13.0537
ギョウム	業務	1285		486	-9.0031
ギザエモン	義左衛門	1291		501	-18.1724
ギョエン	御苑	1285		231	-14.1122
ギセイ	擬声	1285		501	-17.2284
ギョクエイ	玉影	1285		501	-18.6282
ギヤ		1285		95	-13.5637
ギブツ	偽物	1285		445	-14.9578
ギュウスジ	牛すじ	1285		501	-18.6282
ギョジ	御璽	1285		403	-14.1503
ギンショウ	銀賞	1285		313	-13.2751
ギシャ	ぎしゃ	730		437	-11.5044
ギョクシュ	玉珠	1285		501	-18.6282
ギュウカタ	牛肩	1285		501	-18.6282
ギーズ		1285		329	-13.9568
ギュギュ	ぎゅぎゅ	1281		501	-15.6097
ギタナ	汚	11		460	-19.0651
ギョウムジョウカシツ	業務上過失	1288		243	-14.3768
ギョウ	業	1298		55	-8.7889
ギノウショウ	技能賞	1288		313	-13.6108
ギミ	気味	1285		48	-18.2882
ギョケイ	御慶	1285		501	-17.8906
ギョウテン	ぎょうてん	1283		501	-18.8426
ギヘエ	儀兵衛	1291		497	-18.1724
ギンズル	吟ずる	592		501	-12.1579
ギンスイ	銀水	1290		212	-13.3489
ギ	技	1285		211	-9.8881
ギョウムジョウカシツチシショウザイ	業務上過失致死傷罪	1288		12	-14.9354
ギンプン	銀粉	1285		501	-16.3953
ギシロ	擬しろ	588		501	-11.8645
ギジョウ	偽常	1285		501	-18.6282
ギュウニュウ	牛にゅう	1285		501	-18.6282
ギョウコウ	暁紅	1291		501	-16.8914
ギカ	戯歌	1285		501	-18.6282
ギャクザヤ	逆ザヤ	1285		501	-18.6282
ギュウエキ	牛疫	1285		501	-17.0558
ギョウカイデ	業界で	1285	149	17	-10.9394
ギンカクジ	銀閣寺	1292		231	-12.8511
ギャク	逆	1285		48	-8.5401
ギョクセイ	玉清	1285		501	-18.6282
ギュギュッ	ぎゅぎゅっ	1281		501	-17.6734
ギョシュウ	魚愁	1288		501	-18.5231
ギンコウカ	銀行家	1288		329	-12.6202
ギンコウゴウトウ	銀行強盗	1288		490	-13.6827
ギョウギョウシカロ	仰仰しかろ	46		501	-17.0678
ギャラップ		1288		201	-14.2503
ギセ	ぎせ	729		437	-11.4975
ギョクホ	玉浦	1290		144	-17.3562
ギヘイ	魏兵	1285		501	-18.6282
ギョウ	驍	1288		501	
ギジョ	義女	1285		501	-18.6282
ギョドウ	魚道	1285		102	-13.5417
ギョウギョウシ	仰々し	45		0	-12.4487
ギクン	義訓	1285		501	-18.6282
ギガイ	蟻害	1285		501	-18.6282
ギュット	ギュッと	1288		113	-13.9303
ギュウドンチェーン	牛丼チェーン	1288		501	-14.6061
ギソク	義足	1285		60	-13.7472
ギシュン	義俊	1289		148	-15.4306
ギョクハイ	玉杯	1285		501	-16.5241
ギシギシ	ぎしぎし	1285		501	-19.2344
ギジョウ	議定	1283		436	-18.4371
ギ	戯	1298		389	-18.1108
ギタン	義丹	1291		501	-16.1442
ギュウヅメ	ぎゅう詰め	1287		501	-18.0477
ギョウデン	行伝	1285		501	-18.6282
ギシャクツ	耆闍崛	1293		501	-17.7008
ギョショウ	漁礁	1285		120	-18.6282
ギス	議す	731		501	-13.7032
ギギギイ	ぎぎぎい	1281		501	-17.6734
ギコチナキ	ぎこちなき	21		103	-12.4904
ギトク	儀徳	1293		501	-17.7008
ギョウギョウシク	仰仰しく	51		501	-17.2313
ギョクホウ	玉峰	1289		128	-17.9060
ギンコウ	銀行	1285		378	-9.7552
ギノワン	ぎのわん	1293		501	-18.3940
ギコウハ	技巧派	1288		501	-13.9468
ギジン	伎人	1285		501	-18.6282
ギタイ	擬態	1285		499	-12.6331
ギダ	ぎだ	1285		331	-14.2911
ギャクテンサイバン	逆転裁判	1288		415	-13.8766
ギ	跂	1288		501	
ギム	戯夢	1285		501	-18.6282
ギ	吉	1288		501	
ギョウヨ	業餘	1285		501	-18.6282
ギンジン	吟人	1285		501	-18.6282
ギギ	ぎぎ	1287		501	-14.0990
ギダ	祗陀	1289		501	-17.9060
ギョウ	僥	1288		501	
ギョウアン	暁暗	1285		501	-18.6282
ギオン	ぎおん	1293		150	-18.3940
ギョビ	魚尾	1285		501	-18.6282
ギヌ		1285		501	-18.3181
ギンコウギョウ	銀行業	1288		378	-13.8115
ギーセン		1293		349	-14.8104
ギロンヲ	議論を	1283	156	17	-10.9174
ギョシュ	魚種	1285		501	-18.6282
ギンズ	ぎんず	593		501	-15.5126
ギュウカン	牛缶	1285		501	-18.6282
ギロンノ	議論の	1283	368	17	-11.3220
ギジコード	擬似コード	1288		45	-14.7164
ギャクヒキ	逆引き	1288		197	-14.3365
ギョシ	御し	587		48	-11.8201
ギリガタシ	義理堅し	23		56	-13.8656
ギョウギョウシキ	仰仰しき	44		501	-17.0679
ギターノ	ギターの	1285	368	17	-11.3352
ギソウ	ぎ装	1283		501	-18.8426
ギンテ	銀テ	1285		17	-12.6305
ギョウカイガン	凝灰岩	1285		435	-13.7975
ギュウジ	牛耳	1285		501	-16.1525
ギボシ	擬宝珠	1285		435	-14.6426
ギョクシャ	玉車	1285		501	-18.6282
ギンバエ	銀蠅	1285		501	-18.6282
ギンジ	銀地	1285		242	-15.6307
ギョウゼン	仰善	1289		501	-17.9060
ギョカク	漁獲	1283		55	-11.8955
ギンリン	銀鱗	1285		501	-16.7412
ギミ	ぎみ	1285		437	-18.9467
ギナン	岐南	1293		81	-14.3734
ギョテイ	漁艇	1285		501	-18.6282
ギセイ	擬制	1285		456	-14.0929
ギョウ	経	1285		258	-18.7236
ギョウムムセン	業務無線	1288		20	-14.9149
ギョクカ	玉花	1289		501	-17.9060
ギンエツ	銀悦	1291		501	-18.1724
ギョキ	御記	1285		501	-18.6282
ギャクエン	逆縁	1285		76	-17.3273
ギョクラン	玉瀾	1291		501	-18.1724
ギョクセキコンコウ	玉石混交	1285		56	-14.7859
ギブアンドテイク		1285		501	-15.0615
ギエロ	消えろ	623		471	-18.4225
ギン	銀	1298		4	-11.7344
ギチョウ	議長	1285		215	-10.5478
ギ	黄	1288		501	
ギインハ	議員は	1285	261	17	-11.3001
ギュウタン	牛タン	1289		75	-11.5248
ギョウサイ	業際	1285		501	-18.6282
ギュウゴ	牛後	1285		501	-17.2603
ギョウセイサイバンショ	行政裁判所	1292		13	-12.9708
ギエン	義援	1285		501	-18.6282
ギ		1285		429	-13.5892
ギュウハン	牛伴	1291		501	-18.1724
ギャップ		1285		351	-10.6588
ギランケン	宜蘭県	1288		117	-14.6571
ギュウスジ	牛スジ	1288		501	-14.7242
ギフケンタカヤマシ	岐阜県高山市	1293		266	-12.8015
ギョベツ	魚鼈	1285		501	-18.6282
ギョウケイ	行啓	1283		193	-18.0694
ギ	嶬	1288		501	
ギニュー		1288		26	-14.3788
ギョウムヨウ	業務用	1288		139	-11.2566
ギュウカ	牛化	1285		501	-18.6282
ギモ	肝	1288		501	
ギンキ	銀器	1285		270	-15.7258
ギュッギュ	ぎゅっぎゅ	1281		501	-14.8946
ギョウリツ	凝立	1283		501	-17.6899
ギンジ	銀治	1291		57	-18.1724
ギャアッ	ぎゃあっ	3		501	-16.9819
ギュウタロウ	妓夫太郎	1291		501	-13.3994
ギムヅケル	義務付ける	619		455	-10.8718
ギャーーー	ぎゃーーー	3		501	-13.4548
ギロン	議論	1283		436	-8.8750
ギョウキョウ	業況	1285		422	-15.6199
ギャクガワ	逆側	1285		501	-18.5412
ギマン	欺瞞	1283		287	-12.3193
ギャオ	ぎゃお	3		501	-16.9819
ギリガタキ	義理堅き	21		56	-13.8650
ギョシュン	魚春	1291		501	-16.8914
ギロギロ	枝魯枝魯	1288		501	-18.5231
ギョウ	蟯	1288		501	
ギガバイト	gb	1300		501	-16.4501
ギョクヘン	玉片	1285		501	-18.6282
ギョウムノ	業務の	1285	368	17	-11.1600
ギョクキ	玉貴	1291		501	-18.1724
ギックリゴシ	ぎっくり腰	1285		337	-13.5847
ギコチナカッ	ぎこちなかっ	33		103	-12.5102
ギョクショウ	玉章	1285		57	-18.6282
ギレイテキ	儀礼的	1285	1299	17	-13.4118
ギンジョウシュ	吟醸酒	1288		75	-14.4770
ギ	儀	1285		395	-11.8904
ギルティ		1289		401	-12.1292
ギョウカイ	凝灰	1285		501	-18.6282
ギョクラン	玉蘭	1285		368	-18.6282
ギョウギョウシ	ぎょうぎょうし	39		501	-17.1718
ギョスウ	魚数	1285		501	-18.8289
ギョウカイダンタイ	業界団体	1292		378	-11.0535
ギマク	義膜	1285		501	-18.6282
ギンバン	銀盤	1285		113	-15.7929
ギカイギインセンキョ	議会議員選挙	1288		501	-14.7689
ギジョウ	儀じょう	1285		501	-18.6282
ギョクヘン	玉篇	1288		342	-15.0652
ギョウゼヨ	ぎょうぜよ	596		501	-15.0421
ギラツク	ギラつく	695		501	-13.5784
ギョウザ		1285		501	-14.6299
ギョシュウ	漁舟	1285		501	-18.1929
ギンチャン	ぎんちゃん	1285	1302	17	-13.4913
ギョウカン	行間	1285		327	-12.9536
ギシ	義肢	1285		270	-14.5461
ギジュツショ	技術書	1288		59	-13.0516
ギョウセイソシキ	行政組織	1285	1283	17	-12.9308
ギョウムカイゼン	業務改善	1288		214	-12.9640
ギャクサツ	虐殺	1283		490	-10.7413
ギア		1290		95	-10.3643
ギドウ	儀同	1290		246	-16.2094
ギョウレイ	行礼	1285		501	-18.6282
ギマン	偽瞞	1283		501	-18.0694
ギョウジ	暁治	1291		501	-18.1724
ギル		1300		25	-16.2269
ギボンズ		1290		255	-13.4927
ギガ	巍峨	1285		501	-18.8289
ギョウセキフシン	業績不振	1288		501	-13.5874
ギカイシュギ	議会主義	1288		501	-13.9260
ギンピ	銀皮	1285		501	-18.6282
ギル	伐る	1091		501	-16.7725
ギョ	禦	1288		501	
ギインソウカイ	議員総会	1288		501	-14.7065
ギケツキカン	議決機関	1288		13	-14.4375
ギイチ	義一	1291		439	-12.8193
ギサブロウ	儀三郎	1291		285	-15.2385
ギヒ	偽扉	1285		501	-18.6282
ギヒン	宜賓	1293		501	-17.7008
ギョウコウケイ	行幸啓	1285		501	-18.6282
ギムテキ	義務的	1288		345	-14.1786
ギンバ	銀歯	1285		501	-18.6282
ギュウヒ	牛皮	1285		256	-15.7897
ギョウコウ	僥幸	1285		501	-18.6282
ギヨウ	宜陽	1293		8	-17.7008
ギョ	漁	1288		501	
ギノウシケン	技能試験	1288		85	-13.8463
ギャクギレ	逆ギレ	1283		479	-12.3678
ギャンギャン	ぎゃんぎゃん	1281		501	-14.4788
ギョウヨ	行誉	1289		501	-17.9060
ギョクドウ	玉堂	1291		392	-13.3467
ギシュウ	宜秋	1285		501	-18.6282
ギュー	ぎゅー	1281		501	-11.7679
ギョクジ	玉璽	1285		501	-18.6282
ギャクセツ	逆説	1285		287	-12.6613
ギス	ぎす	584		501	-14.1116
ギャビー		1289		11	-15.7826
ギャラティン		1288		140	-14.5623
ギフトカード		1288		118	-12.9133
ギワダン	義和団	1288		346	-14.7754
ギリシャキョウワコク	ギリシャ共和国	1288		400	-14.7164
ギョウカ	業過	1285		501	-18.5412
ギョウブツ	行佛	1285		501	-18.6282
ギンジロウ	銀仁朗	1291		122	-16.7660
ギンハク	銀白	1285		501	-18.6282
ギコ	擬古	1285		342	-14.9955
ギンシュ	銀朱	1285		501	-16.4230
ギョウギ	行儀	1285		127	-12.8691
ギュウタロウ	牛太郎	1291		501	-18.1724
ギンザケ	ぎんざけ	1285		501	-18.9467
ギャクヨウ	逆用	1283		147	-15.2489
ギセイニ	犠牲に	1285	151	17	-10.4900
ギャッ	ぎゃっ	3		501	-16.9819
ギリョウ	蟻量	1285		501	-18.6282
ギエヨ	消えよ	621		471	-18.4255
ギキョウ	技協	1285		501	-18.6282
ギインヒショ	議員秘書	1288		191	-14.7986
ギジュク	義塾	1285		501	-18.6282
ギャクテ	逆手	1285		48	-14.9461
ギシ	擬死	1285		29	-18.6282
ギョウギョウシュウ	仰ぎょうしゅう	49		501	-17.0678
ギョクモン	玉門	1285		3	-16.8518
ギョグ	漁具	1285		55	-14.1788
ギャルゲー		1288		296	-12.9946
ギンタマ	銀魂	1288		415	-11.8264
ギノウジッシュウ	技能実習	1288		289	-14.3297
ギンリョク	銀緑	1285		501	-18.6282
ギョウセイソショウ	行政訴訟	1288		12	-13.9642
ギョウゲツ	曉月	1285		501	-18.6282
ギンノジョウ	銀之丞	1291		501	-16.0682
ギョクリョウ	玉竜	1285		104	-18.6282
ギンダラ	銀鱈	1285		501	-18.6282
ギョリョウ	漁猟	1285		55	-15.1716
ギルティ		1287		401	-13.3606
ギガ	戯画	1285		307	-13.6607
ギュウ	牛	1298		499	-18.5163
ギムヅケ	義務付け	1285		52	-14.3433
ギメイ	偽名	1285		25	-12.7973
ギフトショップ		1288		39	-14.5967
ギルダー		1300		163	-13.6206
ギブ		1288		96	-13.0919
ギョウズリャ	行ずりゃ	591		501	-12.4425
ギンエンシャシン	銀塩写真	1288		139	-14.9487
ギンザ	GINZA	1288		274	-13.9905
ギンダイ	銀台	1285		501	-18.6282
ギンパク	銀箔	1285		4	-15.1843
ギセイ	擬製	1285		501	-18.0923
ギニア		1294		272	-11.5722
ギョクコウ	玉皇	1289		501	-17.9060
ギレ	切れ	1298		268	-10.6629
ギヌ	衣	1285		4	-19.4167
ギレ	布	1288		501	
ギリガタカロ	義理堅かろ	25		56	-13.8647
ギョウセツ	曉雪	1285		501	-18.6282
ギンペイ	銀平	1291		501	-18.1724
ギソク	偽足	1285		333	-15.4248
ギョウケイ	行刑	1285		265	-15.2806
ギプス		1285		400	-13.6106
ギケイキ	義経記	1288		10	-14.5300
ギタナイ	汚たない	19		501	-19.4270
ギョロッ	ギョロっ	1281		501	-16.9196
ギョウズリャ	ぎょうずりゃ	591		501	-15.0421
ギレイ	ぎれい	1287		501	-17.8935
ギョウセイジケンソショウホウ	行政事件訴訟法	1288		86	-14.3395
ギシャ	擬しゃ	730		501	-13.2529
ギノスケ	儀之助	1291		501	-18.1724
ギダユウ	義太夫	1285		73	-14.2304
ギマイ	義妹	1285		97	-13.3996
ギタナケレ	汚けれ	13		460	-18.9029
ギョユウ	御遊	1285		312	-16.1994
ギュウスジ	牛筋	1285		501	-18.6282
ギロンシ	議論し	1283	610	17	-11.2548
ギチギチ		1281		501	-14.1397
ギャクダンソウ	逆断層	1288		381	-14.5825
ギョウシ	行思	1291		501	-18.1724
ギンカン	銀漢	1285		501	-16.6342
ギャクザヤ	逆ざや	1285		350	-18.6282
ギムカン	義務感	1285	1298	17	-12.0608
ギャクタマ	逆玉	1285		501	-18.6282
ギンギラ	ぎんぎら	1281		501	-16.6709
ギャクヒツ	逆筆	1285		501	-18.6282
ギンパラ	銀腹	1285		501	-18.6282
ギョクキン	玉琴	1285		501	-20.1724
ギョジョウ	魚場	1285		501	-18.6282
ギュウモツ	牛もつ	1285		501	-18.6282
ギョウブツ	行仏	1285		501	-18.6282
ギヒツ	偽筆	1285		501	-17.4206
ギンヅカイ	銀遣い	1285		501	-18.6282
ギジュツデ	技術で	1285	149	17	-11.4021
ギネ	杵	1285		4	-18.9467
ギテイ	義帝	1289		440	-15.0068
ギリシアセイキョウ	ギリシア正教	1288		199	-14.5767
ギシン	義真	1289		148	-13.8672
ギリシャシンワ	ギリシャ神話	1288		429	-12.5976
ギョウバ	行場	1285		404	-18.6282
ギョウカイシ	業界誌	1288		201	-14.3580
ギョウシュ	仰首	1283		501	-18.0694
ギガバイト	㎇	1288		501	-20.0000
ギシュ	戯珠	1285		501	-18.6282
ギブス		1288		255	-13.5743
ギヨウ	技癢	1285		501	-18.6282
ギカイカイサン	議会解散	1288		13	-14.2750
ギチョウ	義長	1285		148	-18.6282
ギョシャ	ぎょしゃ	1285		501	-18.9467
ギラン	宜蘭	1293		501	-17.7008
ギョウハイ	業俳	1285		501	-18.6282
ギンショウ	銀将	1285		137	-14.9517
ギョウショウニン	行商人	1288		290	-13.7121
ギセイニシテ	犠牲にして	1285	307	17	-11.2982
ギンヤ	銀弥	1291		501	-18.1724
ギンシン	銀鍼	1285		501	-18.6282
ギンエン	銀塩	1288		139	-14.7115
ギブリー		1285		501	-15.0347
ギョシ	魚翅	1285		501	-18.6282
ギョニクソーセージ	魚肉ソーセージ	1288		93	-13.6009
ギセキ	議席	1285		125	-10.5861
ギットハブ	github	1288		501	-14.0959
ギギ		1287		499	-13.9617
ギュウギュウ	ぎゅうぎゅう	1281		501	-12.8687
ギショ	偽書	1285		59	-13.1528
ギャクシュウ	ぎゃくしゅう	1283		80	-18.8426
ギョスレ	ぎょすれ	581		501	-15.6631
ギンイン	銀印	1285		76	-18.6282
ギリシャモジ	ギリシャ文字	1288		327	-13.3855
ギシ	偽史	1285		189	-18.6282
ギュウトロ	牛とろ	1285		501	-18.6282
ギュウニュウハイタツ	牛乳配達	1288		290	-14.8268
ギラン		1288		196	-13.8496
ギガバトルナイザー		1285		26	-15.2967
ギョキ	御忌	1285		501	-18.6282
ギセイフライ	犠牲フライ	1288		211	-13.6523
ギョウキ	澆季	1285		501	-18.4767
ギョクズイ	玉蘂	1288		501	-17.3444
ギョクホウ	玉峰	1293		128	-17.7008
ギョウソ	翹楚	1285		501	-18.6282
ギフケンエナシ	岐阜県恵那市	1293		266	-13.8838
ギス	擬す	584		501	-11.8695
ギュウスジ	牛スジ	1285		501	-18.6282
ギョショウ	魚商	1285		501	-18.9467
ギョモウ	魚網	1285		4	-17.8906
ギフン	義憤	1285		161	-14.5495
ギ	魏	1290		246	-17.7354
ギャクシュウノシャア	逆襲のシャア	1288		415	-13.9466
ギョクオンホウソウ	玉音放送	1288		380	-13.4936
ギ	几	1288		501	
ギョウテイ	尭帝	1289		501	-17.9060
ギセ	擬せ	734		501	-13.2520
ギャクザヤ	逆鞘	1285		501	-18.6282
ギトギト	ぎとぎと	1281		501	-16.6087
ギキ	儀軌	1285		342	-18.6282
ギャンギャン		1281		501	-13.4440
ギリシアケンチク	ギリシア建築	1293		84	-13.4242
ギシチョウ	技師長	1288		269	-13.9348
ギボシ	ぎぼし	1285		501	-18.9467
ギゾウブンショ	偽造文書	1288		501	-14.9272
ギャプラン		1288		190	-14.5162
ギャクジュン	逆順	1285		45	-14.7007
ギョウマン	行満	1289		501	-17.9060
ギショ	魏書	1285		10	-18.4612
ギャクサベツ	逆差別	1288		350	-14.6457
ギャグマンガ		1288		322	-14.1052
ギエン	義捐	1285		93	-16.4110
ギャクテンゲンショウ	逆転現象	1288		422	-13.5597
ギテ	技手	1285		265	-16.1529
ギフト		1283		442	-10.8929
ギジュツキョウヨ	技術供与	1288		209	-13.8357
ギュウホ	牛歩	1285		501	-14.1665
ギョウユウ	堯祐	1291		501	-18.1724
ギレル	ぎれる	919		501	-18.2406
ギュウギュウ	ぎゅうぎゅう	1287		501	-12.9597
ギタナキャ	穢きゃ	17		501	-18.9029
ギガス		1288		164	-15.1723
ギョウ	行	1300		454	-16.7378
ギタナカラ	汚から	27		460	-18.9038
ギャクジョウ	逆上	1283		161	-13.3353
ギョコウ	魚膠	1285		501	-18.6282
ギンパク	銀白	1285		501	-18.6282
ギッ		1281		501	-16.9196
ギョウ	狎	1288		501	
ギムヅケヨ	義務付けよ	624		455	-10.8637
ギュウギュウ		1287		501	-13.4280
ギチー	ぎちー	1281		501	-17.4704
ギョウギョウシキ	仰ぎょうしき	44		501	-17.0679
ギョスル	ぎょする	583		501	-15.6664
ギシャ	議しゃ	730		501	-13.6995
ギ	簣	1288		501	
ギコウ	技工	1285		402	-14.9892
ギンクマショウ	銀熊賞	1288		313	-14.6166
ギゴク	疑獄	1285		106	-14.2109
ギイチ	儀一	1291		159	-14.7384
ギュンター		1288		329	-14.5040
ギルダ		1289		1	-15.2930
ギャクシン	逆臣	1285		148	-15.4167
ギョウムイタクエキ	業務委託駅	1288		280	-11.7146
ギャク	覡	1288		501	
ギンバト	銀鳩	1285		501	-18.6282
ギク	菊	1285		4	-19.0802
ギョウギョウシク	仰ぎょうしく	51		501	-17.2313
ギョウセイインチョウ	行政院長	1288		215	-14.1389
ギョウズレ	ぎょうずれ	590		501	-15.0421
ギョギョウホウ	漁業法	1288		86	-14.3195
ギマク	偽膜	1285		457	-16.0774
ギインジショク	議員辞職	1285	1283	17	-12.7849
ギョウキ	曉起	1285		501	-18.6282
ギョウザノオウショウ	餃子の王将	1292		274	-12.5005
ギンジ	吟じ	622		501	-16.1670
ギョクジョウ	玉娘	1291		501	-18.1724
ギョウジャ	ぎょうじゃ	1285		501	-18.9467
ギョレン	漁連	1285		501	-18.6282
ギトウ	祈禱	1283		501	-18.3317
ギョクシツ	玉室	1285		501	-18.6282
ギョウヨウ	杏葉	1285		4	-18.6282
ギシギシ		1282		501	-13.4488
ギョウメイ	驍名	1285		501	-18.6282
ギチョウコク	議長国	1285	1298	17	-13.3904
ギョカイ	魚怪	1285		501	-18.6282
ギソウ	擬装	1283		320	-14.2665
ギシャ	ぎしゃ	1285		501	-19.6398
ギエル	消える	619		471	-11.8560
ギョウレツノデキルホウイツソウダンジョ	行列のできる法律相談所	1288		409	-14.3595
ギインタチ	議員たち	1285	1298	17	-12.9308
ギンエン	銀塩	1285		139	-18.6282
ギドウサンシ	儀同三司	1288		246	-14.3968
ギョウギョウシカラ	仰々しから	47		0	-12.4255
ギンチャク	巾着	1285		4	-15.1631
ギサ	ぎさ	733		150	-11.3653
ギザハ	ギザ歯	1285		17	-13.4913
ギョクテイ	玉帝	1289		501	-17.9060
ギセイ	犠牲	1285		282	-10.4880
ギム	ぎむ	1285		501	-18.9467
ギャ	脚	1288		501	
ギショウ	宜昌	1293		501	-17.7008
ギャーギャー		1281		501	-12.3083
ギャアギャア	ぎゃあぎゃあ	1281		501	-14.5961
ギンガヒッチハイクガイド	銀河ヒッチハイク・ガイド	1288		396	-14.5392
ギネ	ぎ祢	1285		501	-19.9275
ギョウギョウシ	ぎょうぎょうし	45		501	-17.0910
ギャクッカワ	逆っ側	1285		501	-18.6282
ギョウセイ	行政	1285		265	-9.6370
ギョセイ	御製	1285		238	-14.4782
ギョウムイタクケイヤク	業務委託契約	1288		378	-13.9280
ギンセイ	銀星	1288		501	-18.5231
ギョコウ	漁綱	1285		501	-18.6282
ギャラリィ	ぎゃらりぃ	1285		501	-18.4612
ギンガヒョウリュウバイファム	銀河漂流バイファム	1288		115	-14.9909
ギシリ	軋り	788		501	-20.6601
ギターソロ		1285		17	-12.4411
ギュッ	ギュっ	1281		501	-16.9196
ギショク	偽色	1285		501	-18.6282
ギョクフク	玉福	1291		501	-18.1724
ギョウセキアッカ	業績悪化	1288		501	-13.5070
ギョウホウ	業法	1285		486	-15.2780
ギトウ	義藤	1290		498	-13.4927
ギュウジレル	牛耳れる	619		501	-18.4303
ギアボックス		1288		95	-13.4035
ギュン		1285		501	-15.0119
ギガク	伎楽	1285		312	-14.8721
ギムカ	義務化	1285	1297	17	-12.2827
ギョウウン	暁雲	1285		501	-17.0558
ギョソン	漁村	1285		480	-13.1255
ギョリョウリ	魚料理	1298	1283	17	-13.5094
ギャー	ぎゃー	3		501	-11.4576
ギュ		1281		501	-13.6688
ギメ		1289		229	-16.7429
ギセキ	偽籍	1285		501	-18.6282
ギンショウ	銀粧	1285		501	-18.6282
ギシロ	議しろ	588		233	-13.2534
ギンボン	銀盆	1285		501	-18.6282
ギョウリキ	行力	1285		501	-17.2696
ギチギチ		1285		501	-15.0976
ギムヅケロ	義務付けろ	623		455	-10.8640
ギョエイ	御詠	1285		501	-17.3126
ギキョウ	偽経	1288		28	-14.9480
ギガビット	gbit	1300		501	-16.5146
ギコチナカロ	ぎこちなかろ	25		103	-12.4901
ギソウ	議奏	1285		108	-18.6282
ギデン	偽電	1285		501	-16.5375
ギ	餽	1288		501	
ギンジ	吟じ	625		501	-16.2343
ギャクノ	逆の	1285	368	17	-10.9682
ギョウスウ	行数	1285		501	-18.6282
ギョクキン	玉均	1291		501	-18.1724
ギョウギ	ぎょうぎ	1285		501	-18.9467
ギサク	儀作	1291		501	-18.1724
ギョテイ	馭丁	1285		501	-18.6282
ギト	魏都	1293		501	-17.7008
ギインガ	議員が	1285	148	17	-11.1503
ギョセイ	ぎょせい	1285		501	-18.9467
ギョウムチュウ	業務中	1285	1305	17	-13.3056
ギエン	義圓	1291		501	-17.0738
ギロウ	議郎	1285		501	-18.6282
ギリ	切	1293		4	-17.8831
ギョウ	京	1288		501	
ギケイ	偽計	1285		444	-15.5889
ギマン	欺まん	1283		501	-18.0694
ギョウギョウシュウ	仰仰しゅう	49		501	-17.0678
ギョロウ	漁撈	1285		55	-14.2249
ギタナカロ	穢かろ	25		501	-18.9029
ギータ		1289		501	-13.2464
ギャラクシー	Galaxy	1289		40	-12.3255
ギターリフ		1285		412	-14.6295
ギグス		1289		62	-13.0835
ギゴウ	戯号	1285		501	-18.6282
ギインリッポウ	議員立法	1288		436	-13.5874
ギンコウ	銀光	1285		501	-18.6282
ギャク	逆	560		48	-8.7591
ギレン・ザビ		1288		459	-14.9424
ギョシ	御史	1288		246	-14.6379
ギョス	ぎょす	584		501	-15.6687
ギョウギョウシイ	仰々しい	43		0	-12.7673
ギャクサツ	ぎゃく殺	1283		501	-18.8426
ギョウレキ	業歴	1285		501	-18.6282
ギュウジッ	牛耳っ	786		390	-12.3257
ギンプンチョウ	銀粉蝶	1289		122	-19.1970
ギョロメ	ギョロ目	1285		501	-18.0817
ギョウセイダイシッコウ	行政代執行	1288		494	-14.9836
ギョウショウ	仰承	1283		501	-18.0694
ギネ	ぎね	1285		501	-19.9275
ギル	斫る	1091		501	-16.7725
ギョショウ	漁樵	1285		501	-18.6282
ギシ	ぎし	587		501	-14.1150
ギックリ	ぎっくり	1283		501	-19.0249
ギョフ	漁夫	1285		74	-14.1039
ギサク	偽作	1283		59	-13.2883
ギリ	切り	1285		60	-13.8409
ギョウ	徼	1288		501	
ギョウキ	驍騎	1285		501	-18.6282
ギョウセイタンイ	行政単位	1288		13	-13.4420
ギンル	銀縷	1285		501	-18.6282
ギョウギョウシカッ	仰ぎょうしかっ	50		501	-17.1259
ギレイ	綺麗	1287		66	-17.8935
ギョラン	魚濫	1285		501	-18.6282
ギョコウ	魚口	1285		501	-18.6282
ギョソウ	魚槍	1285		501	-18.6282
ギンガミ	銀紙	1285		256	-15.5751
ギトク	僞徳	1285		501	-18.6282
ギー	ぎー	1281		501	-12.6291
ギョーザ		1285		93	-14.3837
ギシリ	ぎしり	1281		501	-17.6734
ギヨウセイ	偽陽性	1288		100	-14.6676
ギョウカイ	行誡	1291		501	-18.1724
ギンシン	銀針	1285		501	-18.6282
ギーセン		1285		349	-13.7010
ギョウシン	行信	1289		285	-17.9060
ギラギラ	ぎらぎら	1281		54	-14.1478
ギヒョウ	戯評	1285		501	-18.1929
ギルティギア		1288		501	-14.8835
ギュウタン	牛タン	1285		75	-18.6282
ギッシャ	牛車	1285		74	-17.7559
ギョウリ	澆漓	1283		501	-17.9953
ギンユウ	吟遊	1285		113	-15.0574
ギョウブ	刑部	1285		403	-18.6282
ギセ	議せ	729		501	-13.6926
ギルギット		1293		483	-14.7068
ギイッ	ぎいっ	1281		501	-17.6734
ギライ	ぎらい	1287		501	-18.2300
ギョッコ	玉壺	1289		501	-13.6978
ギセイバント	犠牲バント	1288		211	-14.7854
ギジュツカテイ	技術・家庭	1288		85	-14.0578
ギンガタニ	銀ヶ谷	1293		501	-17.7008
ギョウショウ	暁鐘	1285		501	-17.1384
ギョウメイ	暁明	1291		501	-18.1724
ギョクショウ	玉簫	1285		501	-18.6282
ギインシカク	議員資格	1288		13	-14.6730
ギュウドン	牛丼	1285		442	-18.6282
ギンコウ	ぎんこう	1285		501	-18.8289
ギョソウ	魚倉	1285		501	-18.6282
ギヨウ	器用	1287		127	-18.0477
ギホウ	宜法	1291		501	-18.1724
ギョウセイクブン	行政区分	1288		19	-12.0736
ギオンジ	祇園寺	1290		233	-15.2673
ギョウザ	ぎょうざ	1285		501	-18.5412
ギョヒ	魚肥	1285		501	-17.4708
ギロギロ	ぎろぎろ	1281		501	-16.4206
ギョウズイ	行水	1283		256	-15.2227
ギョクホウ	玉芳	1288		501	-18.5231
ギロ		1285		256	-17.8481
ギロリ	ぎろり	1281		501	-15.4817
ギラティナ		1288		164	-14.8608
ギシギシッ	ぎしぎしっ	1281		501	-17.6734
ギョニクネリセイヒン	魚肉練り製品	1288		93	-14.6121
ギャクギョウレツ	逆行列	1288		447	-14.0098
ギインセンキョ	議員選挙	1288		125	-13.0029
ギンリョウ	垠凌	1291		501	-18.1724
ギルモア		1288		255	-13.7352
ギム	義務	1285		455	-9.8844
ギオ		1288		126	-17.6068
ギヲン	ぎをん	1293		501	-18.3940
ギョウジョウ	行状	1285		10	-13.7652
ギンレイ	ぎんれい	1285		501	-18.9467
ギスレ	擬すれ	581		501	-11.8639
ギンパラ	ぎんぱら	1285		501	-18.9467
ギエン	義演	1289		369	-13.5832
ギメイ	疑迷	1285		501	-18.6282
ギヒ	犠飛	1285		211	-14.1577
ギョソウ	魚鎗	1285		501	-18.6282
ギコウ	義亨	1291		501	-18.1724
ギャク	虐	1288		501	
ギョクソウ	玉爪	1285		501	-18.6282
ギョウセン	行宣	1289		501	-17.9060
ギョウショウ	仰韶	1285		501	-18.6282
ギョロギョロ	ぎょろぎょろ	1281		501	-15.1142
ギョウカエ	行替え	1285		501	-18.6282
ギベリン		1285		34	-15.3224
ギャクモドリ	逆もどり	1283		501	-18.0694
ギリガタウ	義理堅う	31		56	-13.8740
ギンバエ	銀ばえ	1285		501	-18.6282
ギイン	議員	1285		125	-9.4672
ギンカイ	銀塊	1285		163	-15.9827
ギシッ	ぎしっ	1281		501	-17.6734
ギロウ	妓楼	1285		311	-15.3270
ギエン	魏延	1289		8	-12.5885
ギテン	偽典	1285		189	-18.6282
ギンザメ	銀ざめ	1285		501	-18.6282
ギン		1285		462	-17.9816
ギター	🎸	5		501	-21.4197
ギンジロウ	銀次郎	1291		497	-14.2888
ギュン	ぎゅん	1281		501	-13.6733
ギョウ	翹	1288		501	
ギャップ	GAP	1288		274	-13.7406
ギャクエン	逆援	1285		501	-18.7236
ギョクイ	玉衣	1285		501	-18.6282
ギョウセイテツヅキ	行政手続き	1288		153	-14.4915
ギジュツ	ぎじゅつ	1285		331	-14.2657
ギシャ	汽車	1285		290	-18.9467
ギッチョウ	毬杖	1285		501	-18.6282
ギ	誼	1288		501	
ギモンガ	疑問が	1287	148	17	-11.0843
ギュウニュウ	牛乳	1285		75	-10.4251
ギコチナカレ	ぎこちなかれ	29		103	-12.4901
ギシ	議し	735		440	-13.4937
ギョクダイ	玉代	1285		54	-16.8894
ギョウセイイインカイ	行政委員会	1288		265	-13.9063
ギュウヒ	ぎゅうひ	1285		501	-18.9467
ギョウヨ	業余	1285		501	-18.6282
ギャクバリ	逆張り	1288		501	-12.5980
ギャクシャゾウ	逆写像	1288		447	-14.9122
ギノザ	宜野座	1290		110	-12.7875
ギョクカ	玉花	1285		501	-18.6282
ギョロリ	ぎょろり	1281		501	-16.5748
ギャラクシーショウ	ギャラクシー賞	1288		313	-13.4702
ギョウカクシン	行革審	1285		501	-18.6282
ギョリン	魚鱗	1285		4	-15.9853
ギムレット		1288		54	-14.8280
ギショク	偽食	1285		501	-18.6282
ギャレー		1288		319	-14.7299
ギト	義徒	1285		501	-18.6282
ギョクドウ	玉堂	1285		392	-13.3467
ギョジョウ	漁場	1285		55	-12.5834
ギシロ	ぎしろ	588		501	-14.1066
ギグン	義軍	1285		346	-15.3324
ギャクテンシャコウソ	逆転写酵素	1288		83	-14.6354
ギャクテンショウリ	逆転勝利	1288		178	-13.0889
ギス	ぎす	1285		437	-19.2344
ギシャク	義釈	1285		501	-18.6282
ギカイ	議会	1285		13	-9.8037
ギョクズイ	玉髄	1285		4	-14.8252
ギミック		1289		26	-10.2629
ギャクタン	逆探	1285		501	-18.6282
ギョクリン	玉林	1289		392	-17.9060
ギンアン	銀あん	1285		501	-18.6282
ギスイ	沂水	1293		104	-17.7008
ギンギラギン	ぎんぎらぎん	1281		501	-15.8529
ギボ		1290		501	-16.5723
ギョウカク	行革	1285		278	-14.8264
ギヨウ	義陽	1289		8	-17.9060
ギョウ	恊	1288		501	
ギシン	魏晋	1285		501	-18.6282
ギジュツケイエイ	技術経営	1288		239	-14.6467
ギク		1285		501	-18.3871
ギョウゼ	ぎょうぜ	595		501	-15.0774
ギシュン	義俊	1291		148	-15.4306
ギスギス	ぎすぎす	1281		501	-17.6734
ギョウド	行当	1293		501	-17.7008
ギャクト	逆睹	1283		501	-18.0694
ギ	羲	1288		501	
ギョクトウ	玉頭	1285		137	-18.6282
ギハチ	義八	1291		501	-17.0738
ギョウムテイケイ	業務提携	1288		378	-11.4020
ギョサン	魚山	1288		358	-18.5231
ギ	奇	1288		501	
ギケン	技建	1285		501	-18.6282
ギンジル	吟じる	619		501	-16.1603
ギョウズル	ぎょうずる	592		501	-15.0437
ギモンブン	疑問文	1288		327	-13.5315
ギレルモ・デル・トロ		1289		179	-13.3013
ギンジレ	吟じれ	617		501	-16.1534
ギメ	極	1288		501	
ギュウケン	牛権	1285		501	-18.6282
ギャフィー		1285		501	-15.3913
ギト		1289		501	-16.7429
ギリシャセイキョウカイ	ギリシャ正教会	1288		199	-14.2580
ギシ	技師	1285		281	-11.6748
ギモンニ	疑問に	1287	329	17	-10.9055
ギャンブラー		1288		25	-13.3477
ギィ		1285		329	-15.3385
ギョウギョウシ	仰仰し	45		501	-17.0910
ギョウシャ	ぎょうしゃ	1285		331	-15.0252
ギュウラク	牛酪	1285		501	-16.6875
ギョクサイ	玉砕	1283		411	-12.6537
ギルメン		1288		501	-14.0589
ギリ	斬り	1298		91	-16.6099
ギンナリ	銀成り	1285		501	-18.6282
ギム		1285		501	-18.0304
ギョクロウ	玉楼	1285		501	-16.4786
ギャクユニュウ	逆輸入	1288		168	-13.3630
ギンシュウ	吟秋	1291		501	-18.1724
ギャク	屐	1288		501	
ギオウ	義王	1289		501	-17.9060
ギョウテイ	業体	1285		501	-18.7236
ギンジロウ	銀治郎	1291		501	-18.1724
ギョライハッシャカン	魚雷発射管	1288		264	-12.3242
ギラ・ドーガ		1288		190	-14.3681
ギャロ		1290		255	-12.8995
ギチュウ	擬虫	1285		501	-18.6282
ギョウ	澆	1288		501	
ギ	嶷	1288		501	
ギンゼヨ	吟ぜよ	596		501	-12.1564
ギョウゲン	行玄	1289		501	-14.9003
ギンゼ	吟ぜ	595		501	-12.1916
ギレ		1285		501	-13.5929
ギュウコマ	牛こま	1285		501	-18.6282
ギスル	ぎする	583		501	-14.1092
ギョメイギョジ	御名御璽	1288		501	-14.9480
ギンガ	銀河	1285		466	-11.1194
ギンネズ	銀ねず	1285		501	-18.6282
ギョウギョウシカッ	ぎょうぎょうしかっ	50		501	-17.1259
ギョウゼ	行ぜ	595		501	-12.4778
ギルバート		1291		255	-12.6107
ギフトセット		1288		501	-14.4081
ギセイカン	議政官	1288		403	-13.9055
ギョカイルイ	魚介類	1285	1298	17	-11.6716
ギンパ	銀波	1285		501	-17.1466
ギフケンナイ	岐阜県内	1288		501	-14.3812
ギムヅケヨ	義務付けよ	621		455	-10.8670
ギンギツネ	銀狐	1285		501	-16.3589
ギ	柝	1285		501	-19.0802
ギョイ	御意	1285		495	-15.5846
ギリガタカレ	義理堅かれ	29		56	-13.8647
ギャクコウカ	逆効果	1288		282	-12.0870
ギョウ	竸	1288		501	
ギフ		1293		49	-16.6022
ギョカ	魚価	1285		501	-16.3934
ギョウダ	行田	1293		473	-12.9372
ギャクサンカクカンスウ	逆三角関数	1288		336	-14.4371
ギャクムキ	逆むき	1285		501	-18.6282
ギ	義	1285		128	-11.5759
ギョウゼヨ	行ぜよ	596		501	-12.4425
ギレイショウゴウ	儀礼称号	1288		329	-14.6519
ギコチナイ	ぎこちない	19		103	-13.0142
ギリシア		1294		359	-9.1138
ギソウコウサク	偽装工作	1288		444	-14.9792
ギリガタケリャ	義理堅けりゃ	15		56	-13.8647
ギャクシュウ	逆襲	1283		459	-11.9197
ギョウムジカン	業務時間	1285	1314	17	-12.8764
ギャクスウ	逆数	1285		447	-13.3755
ギャクアク	逆悪	1285		501	-18.6282
ギョウエイ	行叡	1289		501	-17.5985
ギョウホウ	行法	1293		365	-12.6628
ギョウカン	行管	1285		501	-18.6282
ギギ	巍巍	1285		501	-18.8289
ギラギラ		1282		389	-11.5141
ギロ	宏	1288		501	
ギャクギレ	逆切れ	1288		501	-14.8855
ギッチョンチョン	ぎっちょんちょん	3		501	-16.9819
ギャクスイ	逆推	1285		501	-18.6282
ギックリゴシ	ギックリ腰	1285		501	-14.4111
ギャズ		1289		501	-14.7049
ギリシアゴ	ギリシア語	1288		340	-11.1223
ギョウギョウシュウ	仰々しゅう	49		0	-12.4255
ギリシアモジ	ギリシア文字	1288		327	-13.0861
ギップ	ぎっぷ	1285		501	-19.2344
ギオウ	偽王	1285		501	-18.6282
ギショウザイ	偽証罪	1285		243	-14.9102
ギョウシュウ	凝聚	1283		501	-18.0694
ギゲン	偽言	1285		501	-18.6282
ギワ	義和	1285		497	-18.6282
ギキョウダイ	義兄弟	1285		97	-13.1915
ギ	曦	1288		501	
ギョウザイセイカイカク	行財政改革	1288		214	-14.0781
ギンボシ	銀星	1285	1298	17	-13.4853
ギョウザ	餃子	1285		442	-11.1085
ギ〜ギ〜		1281		501	-16.9196
ギョゾク	魚族	1285		501	-16.8926
ギャッケ	逆化	1283		501	-18.0694
ギカン	技監	1285		265	-18.6282
ギタナイ	汚ない	19		501	-19.4270
ギョウギョウシ	行々子	1285		501	-18.6282
ギンメシ	銀飯	1285		501	-18.6282
ギユウヘイ	義勇兵	1289		53	-11.9584
ギス	議す	584		233	-13.2584
ギキョウ	義俠	1285		501	-18.6282
ギョウム	曉霧	1285		501	-18.6282
ギョウショ	ぎょうしょ	1285		99	-15.1574
ギリシアビジュツ	ギリシア美術	1288		90	-14.9606
ギブスン		1285		401	-15.1224
ギソウ	義倉	1285		275	-18.6282
ギンケン	銀剣	1285		501	-18.6282
ギヴ		1285		501	-17.8481
ギイン	議院	1285		13	-12.6897
ギョフウ	御風	1291		501	-14.9455
ギョウヨク	楽欲	1285		501	-18.6282
ギゾウ	偽造	1283		445	-11.5696
ギョコウ	ぎょこう	1285		99	-14.7346
ギョリュウ	魚竜	1288		218	-14.3065
ギシロウ	儀四郎	1291		501	-18.1724
ギョウテン	仰天	1283		161	-12.7223
ギョクシュウサイ	玉秀斎	1291		501	-16.5629
ギン	憖	1288		501	
ギジョ	妓女	1285		365	-15.7676
ギョニク	魚肉	1285		75	-13.9679
ギャオ	GyaO	1288		363	-13.9572
ギャバン		1292		415	-12.6817
ギュウニュウセッケン	牛乳石鹸	1288		476	-14.6096
ギャフン	ぎゃふん	1281		501	-17.6734
ギョクアン	玉案	1285		501	-17.8906
ギンメダル	銀メダル	1285		7	-12.4835
ギンエイデン	銀英伝	1288		501	-14.5523
ギョギョウシャ	漁業者	1288		55	-13.7342
ギョモン	魚紋	1285		501	-18.6282
ギオンショウジャ	祇園精舎	1288		32	-14.3588
ギジュツケンキュウジョ	技術研究所	1285		17	-12.9308
ギュウスジ	牛すじ	1288		501	-13.2995
ギャクアシ	逆足	1285		501	-18.6282
ギブアップ		1285		211	-13.1792
ギソ	擬そ	732		501	-13.2540
ギンヤンマ	銀やんま	1285		501	-18.6282
ギタネエ	汚え	19		460	-19.4270
ギョウキ	行気	1285		501	-18.6282
ギリ	錐	1285		304	-19.6398
ギャクマワリ	逆回り	1283		501	-18.0694
ギエン	消えん	620		471	-18.4227
ギョウ	噛	1288		501	
ギス	擬す	731		501	-13.2566
ギョウシュウ	凝集	1283		355	-12.6832
ギガジン	GIGAZINE	1288		501	-14.1757
ギョウサイ	暁斎	1291		312	-15.6711
ギャクテン	逆転	1283		63	-10.0847
ギョウカイハツ	業界初	1288		274	-13.4798
ギインサン	議員さん	1285	1302	17	-12.2267
ギワダンノラン	義和団の乱	1288		298	-13.7611
ギジ	擬似	1285		287	-12.0778
ギエ	消え	625		471	-18.5044
ギョセン	漁船	1285		410	-12.1016
ギタナイ	ギタナい	19		501	-17.5552
ギマン	偽満	1285		501	-18.6282
ギョウガエ	行がえ	1285		501	-18.8289
ギョウカク	暁角	1285		501	-18.6282
ギトク	偽徳	1285		501	-18.6282
ギンズ	吟ず	593		501	-12.1569
ギザ	ぎざ	1285		150	-16.0549
ギョクカイ	玉海	1288		28	-16.1765
ギュウドン	牛どん	1285		501	-18.6282
ギシ	義姉	1285		97	-13.4362
ギフケンシュッシン	岐阜県出身	1288		14	-14.0164
ギョクシュ	玉手	1285		74	-18.6282
ギャクバリ	逆梁	1285		501	-18.6282
ギジン	擬人	1285		322	-12.7192
ギョウテ	行手	1285		501	-18.6282
ギョウム	暁霧	1285		501	-18.6282
ギコチナウ	ぎこちなう	31		103	-12.4994
ギ	樹	1285		333	-17.1899
ギョウギョウシイ	ぎょうぎょうしい	19		501	-18.0407
ギルバート		1290		255	-11.8451
ギタネエ	穢え	19		501	-19.4270
ギョク	嶷	1288		501	
ギリシャグン	ギリシャ軍	1288		53	-13.4863
ギイン	偽印	1285		501	-17.8398
ギョスル	馭する	583		501	-15.9093
ギャーギャー	ぎゃーぎゃー	1281		501	-14.0961
ギク	ぎく	1283		99	-13.7292
ギョウギョウシ	仰ぎょうし	39		501	-17.1718
ギョウダシ	行田市	1293		18	-13.0561
ギンコウ	吟香	1291		323	-14.0324
ギシワジンデン	魏志倭人伝	1288		342	-13.2461
ギョット	ギョっと	1281		501	-16.9196
ギコチナキャ	ぎこちなきゃ	17		103	-12.4901
ギョウギョウシク	ぎょうぎょうしく	51		501	-17.2313
ギジュツシ	技術士	1288		85	-13.0050
ギミック	ぎみっく	1285		501	-18.5412
ギュウジラ	牛耳ら	780		326	-12.3151
ギソ	議そ	732		501	-13.7006
ギリガタケレ	義理堅けれ	13		56	-13.8647
ギ	戲	1288		501	
ギシン	疑診	1285		501	-18.6282
ギノウジッシュウセイ	技能実習生	1288		419	-13.3623
ギョウセツ	暁雪	1285		501	-18.6282
ギース		1288		26	-13.5081
ギャクガワ	逆側	1285	1298	17	-13.1319
ギンコウノ	銀行の	1285	368	17	-11.4113
ギカイ	議會	1285		501	-18.4612
ギフ		1285		49	-14.9036
ギョクヨウ	玉葉	1285		193	-18.6282
ギ	逵	1288		501	
ギ	貴	1288		501	
ギョギョウシゲン	漁業資源	1288		55	-14.3080
ギフ	岐阜	1293		473	-9.7608
ギターアンプ		1288		139	-14.9742
ギフケン	岐阜県	1293		397	-9.7130
ギンロウ	銀狼	1289		501	-17.9060
ギジュツテキトクイテン	技術的特異点	1288		157	-14.4213
ギョウムテイシ	業務停止	1288		501	-14.7695
ギョクカン	玉環	1291		501	-18.1724
ギョタイ	魚体	1285		116	-15.2049
ギコチナシ	ぎこちなし	23		103	-12.4910
ギタナケリャ	穢けりゃ	15		501	-18.9029
ギャラクシー	GALAXY	1288		40	-14.0543
ギョコツ	魚骨	1285		501	-18.6282
ギンメダル	🥈	5		501	-22.4645
ギョウ	黥	1288		501	
ギャラクシアン		1288		190	-14.5671
ギョ	齬	1288		501	
ギン	沂	1288		501	
ギチャク	疑著	1283		501	-18.0694
ギスル	議する	583		233	-13.2561
ギムヅケ	義務付け	625		52	-10.9156
ギケイ	義經	1291		297	-18.1724
ギオン	祗園	1293		501	-15.1698
ギフハハ	義父母	1285		17	-12.6659
ギョウイン	凝姻	1285		501	-18.6282
ギンカ	銀貨	1285		163	-12.5464
ギンネム	銀合歓	1285		501	-18.6282
ギボ	義母	1285		97	-11.4709
ギロッ	ぎろっ	1281		501	-17.6734
ギョウゼン	凝然	1285		342	-16.3005
ギョシロ	ぎょしろ	588		501	-15.6637
ギバ	耆婆	1289		501	-17.9060
ギョケイ	魚形	1285		501	-18.6282
ギンダラ	銀ダラ	1285		501	-18.6282
ギョウシュベツ	業種別	1288		486	-14.2096
ギュ	牛	1288		501	
ギリョウ	技倆	1285		501	-18.6282
ギンカ	ぎんか	1285		293	-13.9076
ギリガテエ	義理堅え	19		56	-14.3888
ギンコウヨキン	銀行預金	1285	1283	17	-13.5217
ギギョウ	義堯	1289		501	-12.9421
ギョクセイ	玉製	1285		501	-18.6282
ギョーザ	餃子	1285		442	-18.3181
ギャクゲン	逆元	1288		447	-13.6335
ギョギョウ	漁業	1285		55	-11.0565
ギャクシン	逆進	1285		43	-15.4802
ギオンチョウ	祇園町	1293		371	-13.8809
ギゾク	義賊	1285		51	-14.3291
ギョウカク	仰角	1285		221	-12.5107
ギョクソウ	旭荘	1291		501	-18.1724
ギュウジン	牛耳ん	782		326	-12.3100
ギタ	北	1288		501	
ギカン	妓館	1285		501	-18.6282
ギャクシュ	逆修	1285		238	-15.7739
ギャルケイ	ギャル系	1285	1298	17	-13.5469
ギョクノウキ	玉農希	1293		501	-17.7008
ギインレンメイ	議員連盟	1288		131	-12.3902
ギュウメシ	牛めし	1288		92	-14.3607
ギョウギョウシ	仰ぎょうし	45		501	-17.0910
ギンゴロウ	銀五郎	1291		501	-18.1724
ギューッ	ギューっ	1281		501	-13.6965
ギソウ	擬生	1285		501	-18.6282
ギュウメシ	牛めし	1285		92	-18.6282
ギムロン	義務論	1288		186	-14.9088
ギョウユウ	驍勇	1285		501	-18.6282
ギリシアカヤク	ギリシア火薬	1288		501	-14.8595
ギン	圻	1288		501	
ギジタイケン	疑似体験	1285	1283	17	-12.7255
ギアン	議案	1285		436	-12.8635
ギ	祇	1285		128	-18.6282
ギケン	ぎけん	1285		99	-13.9621
ギョタイ	魚袋	1285		501	-18.6282
ギョウユウ	堯猷	1291		501	-18.1724
ギョウギョウシカロ	仰ぎょうしかろ	46		501	-17.0678
ギョウセイカンリチョウチョウカン	行政管理庁長官	1288		191	-14.5341
ギョウノウ	暁農	1291		501	-18.1724
ギネスブック		1288		318	-13.0255
ギジンカ	擬人化	1288		322	-12.1997
ギノザ	宜野座	1293		110	-14.4674
ギャザー		1285		89	-14.7964
ギノスケ	義之介	1291		501	-18.1724
ギャクアシ	逆脚	1285		501	-18.6282
ギョウシン	行信	1285		285	-18.6282
ギョウコテン	凝固点	1288		23	-14.6421
ギル	斬る	1091		438	-16.3670
ギノウ	技能	1285		85	-11.1530
ギャグマンガ	ギャグ漫画	1288		322	-12.1056
ギシュ	義手	1285		60	-13.9765
ギッ	切	1288		501	
ギド		1289		448	-14.4107
ギョウボウ	仰望	1283		501	-17.0234
ギーツ		1285		501	-13.7592
ギャクイ	逆位	1285		501	-18.6282
ギョホウ	漁法	1285		55	-13.6336
ギショウ	岐商	1288		501	-18.5231
ギリリ	ぎりり	1281		501	-16.6173
ギョウマツ	行末	1285		447	-14.8807
ギン	金	1288		501	
ギョウセイジョウ	行政上	1288		349	-12.4205
ギタナク	汚く	35		460	-18.9861
ギミ	ぎみ	1298		437	-12.1419
ギアナ		1285		272	-14.9494
ギョラン	魚藍	1288		501	-18.5231
ギタープレイ		1285		412	-15.1428
ギンコウ	銀坑	1285		501	-18.1929
ギル		1289		25	-11.1005
ギャッ	逆	1287		48	-17.5369
ギョウカイケンキュウ	業界研究	1292		501	-13.2955
ギリ	限	1288		501	
ギカイトショカン	議会図書館	1288		59	-14.3681
ギサ	擬さ	586		501	-11.9499
ギミ	君	1298		17	-18.8039
ギバサ	ぎばさ	1285		501	-19.2344
ギショ	戯書	1285		501	-18.6282
ギ	祺	1288		501	
ギョウカイ	行改	1285		501	-18.6282
ギャランツ	格蘭仕	1288		501	-18.5231
ギジュツヒョウロンシャ	技術評論社	1292		396	-13.4119
ギアチェンジ		1288		501	-14.4020
ギンガテレビショウセツ	銀河テレビ小説	1288		476	-15.0041
ギョカクリョウ	漁獲量	1288		55	-12.8031
ギタナシ	汚し	23		460	-18.9039
ギチギチ	ぎちぎち	1287		501	-18.0477
ギネ		1285		501	-18.2535
ギンカン	銀鐗	1285		501	-18.6282
ギョクセン	玉泉	1285		3	-18.6282
ギョウエン	堯淵	1289		501	-17.9060
ギンガグン	銀河群	1288		466	-14.0347
ギャローデット		1288		314	-14.8790
ギシギシ	羊蹄	1285		220	-15.6127
ギンサイ	銀彩	1285		501	-18.6282
ギュウニク	ぎゅうにく	1285		501	-18.9467
ギ	棋	1288		501	
ギタナシ	穢し	23		501	-18.9039
ギモンテン	疑問点	1287	1298	17	-12.3973
ギワク	疑惑	1285		216	-11.0590
ギダユウブシ	義太夫節	1288		312	-14.5772
ギョウセイク	行政区	1288		349	-11.6580
ギョウレツ	行列	1283		447	-10.4438
ギライ	嫌い	1298		66	-9.8827
ギンザン	銀山	1285		55	-13.5945
ギンジ	銀時	1285	1305	17	-11.9892
ギ	僞	1288		501	
ギョウトウ	行頭	1285		304	-14.9670
ギョウシ	凝脂	1285		501	-18.6282
ギロン		1283		368	-15.0248
ギゼツ	義絶	1283		369	-14.1902
ギンコイ	銀恋	1285		501	-18.6282
ギンクマ	銀熊	1285		501	-18.6282
ギコチナ	ぎこちな	11		103	-12.6523
ギャラリー	gallery	1285		493	-17.8481
ギョク	漁区	1285		501	-16.2829
ギョウムドクセンシカク	業務独占資格	1288		345	-14.6535
ギュウコウ	牛耕	1285		501	-18.6282
ギョシャ	御しゃ	582		438	-11.9435
ギョラン	魚卵	1285		116	-18.6282
ギョウギ	凝議	1283		501	-18.0694
ギョウシンセイ	暁新世	1288		94	-14.8035
ギコチネエ	ぎこちねえ	19		103	-13.0142
ギモン	義門	1291		399	-18.1724
ギタギタ	ぎたぎた	1281		501	-17.6734
ギックリ	ぎっくり	1281		501	-14.1088
ギターヲ	ギターを	1285	156	17	-11.3197
ギョウムイチラン	業務一覧	1285	1283	17	-13.4677
ギンマツ	銀松	1288		501	-18.5231
ギシュウ	沂州	1293		104	-17.7008
ギャクドメ	逆止	1285		501	-18.6282
ギッシリ	ぎっしり	1281		155	-17.6734
ギヘイ	偽兵	1285		501	-18.6282
ギンゴシラエ	銀拵え	1285		501	-18.6282
ギョウギ	翹岐	1291		501	-18.1724
ギフケンカカミガハラシ	岐阜県各務原市	1293		266	-13.2876
ギョウガ	仰臥	1283		147	-15.8238
ギャランティー		1288		274	-14.9515
ギョウムコウリツカ	業務効率化	1288		501	-13.5576
ギスギス		1282		501	-12.1361
ギョシュウ	魚臭	1285		501	-18.6282
ギジランスウ	擬似乱数	1288		65	-14.1514
ギョウキ	行基	1289		238	-12.1801
ギョウセキヒョウカ	業績評価	1288		294	-14.4739
ギノワン	宜野湾	1293		200	-14.1676
ギョウミョウ	行名	1290		374	-13.0769
ギョウ	鄴	1293		8	-17.7008
ギャクセツ	逆接	1285		327	-15.5794
ギジュツショク	技術職	1285	1298	17	-13.0385
ギンガエイユウデンセツ	銀河英雄伝説	1288		415	-13.3150
ギョフ	漁父	1285		501	-18.6282
ギン	釿	1288		501	
ギンセイ	吟声	1285		501	-18.6282
ギャム	GAM	1289		288	-13.5140
ギガビーピーエス	gbps	1300		501	-16.5146
ギュウフン	牛糞	1285		487	-14.5412
ギョガン	魚眼	1285		392	-18.6282
ギシ	岸	1285		432	-19.6398
ギレン	議連	1285		131	-14.0320
ギョシロ	御しろ	588		438	-11.9441
ギゴチナイ	ギゴチない	19		501	-17.3476
ギガ		1285		31	-12.9498
ギョウショウ	驍将	1285		501	-17.4708
ギラ		1288		89	-14.0971
ギュウビ	牛尾	1285		497	-19.0802
ギン	崟	1288		501	
ギボウシ	擬宝珠	1285		435	-17.1426
ギボ	ぎぼ	1290		501	-18.2463
ギョクルイ	玉類	1285		501	-18.6282
ギリシャテツガク	ギリシャ哲学	1288		291	-14.8071
ギョウカイジン	業界人	1288		324	-13.5576
ギョショク	魚食	1285		501	-18.6282
ギイギイ	ぎいぎい	1281		501	-17.6734
ギョウセイクイキ	行政区域	1288		397	-12.5236
ギシリ	軋り	1285		501	-19.2344
ギセン	義戦	1285		501	-16.5420
ギジョウ	擬情	1285		501	-18.6282
ギアン	義庵	1291		501	-18.1724
ギモン		1287		501	-12.0945
ギク	ぎく	1285		99	-19.6398
ギョスル	御する	583		438	-11.9467
ギン	銀	1285		4	-10.0165
ギムヅケリャ	義務付けりゃ	618		455	-10.8451
ギュウジロ	牛耳ろ	778		326	-12.3103
ギャクザン	逆産	1285		501	-18.4767
ギランバレーショウコウグン	ギラン・バレー症候群	1288		457	-14.3518
ギョ	馭	1288		501	
ギィ		1289		329	-16.7429
ギョバン	魚板	1285		501	-16.8894
ギチョウ	魏徴	1289		28	-14.4229
ギョシ	御史	1285		246	-18.6282
ギー		1289		273	-16.8074
ギョシュ	魚種	1288		501	-13.8405
ギタナカロ	汚かろ	25		460	-18.9029
ギノウケンテイ	技能検定	1292		85	-11.3857
ギシリ	軋	1285		501	-19.2344
ギ	木	1285		220	-16.4139
ギョ	圉	1288		501	
ギョウショウ	牛樟	1285		501	-18.6282
ギオンゴ	擬音語	1288		327	-13.9745
ギセ	ぎせ	734		437	-11.5036
ギトウ	祈とう	1283		501	-18.3317
ギニン	義認	1285		365	-18.6282
ギコウ	祇劫	1288		501	-18.5231
ギタナキャ	汚きゃ	17		460	-18.9029
ギャロップ		1285		458	-14.4361
ギネン	疑念	1285		252	-12.1604
ギョクジュウ	玉什	1285		501	-18.6282
ギジ	疑餌	1285		501	-18.6282
ギシ	ぎし	735		99	-11.4663
ギャクト	逆徒	1285		501	-16.3202
ギア	GEAR	1289		40	-13.7085
ギンジヨ	吟じよ	624		501	-16.1522
ギコウ	魏晧	1289		501	-17.9060
ギョウムレンラク	業務連絡	1285	1283	17	-12.6305
ギョシュウ	魚集	1289		501	-17.9060
ギュット	ぎゅっと	1281		54	-10.8964
ギワン	義腕	1285		501	-18.6282
ギジュツカクシン	技術革新	1288		79	-12.1423
ギョシャ	ぎょしゃ	582		501	-15.6631
ギャル		1285		324	-11.3688
ギシ	戯詩	1285		501	-18.6282
ギョウコウ	僥倖	1285		368	-14.5452
ギ	來	1288		501	
ギムキョウイクガッコウ	義務教育学校	1288		253	-13.5933
ギョウズレ	行ずれ	590		501	-12.4425
ギョウアン	暁闇	1285		501	-17.5057
ギキ	義気	1285		501	-17.0261
ギンジ	銀次	1291		370	-18.1724
ギケツ	疑結	1283		501	-18.0694
ギョロウ	漁ろう	1285		501	-18.6282
ギッタンバッコン	ぎったんばっこん	1281		501	-16.8849
ギ	着	1285		295	-28.2044
ギケン	技研	1285		281	-14.5397
ギコク	偽刻	1285		501	-18.6282
ギセヨ	議せよ	589		233	-13.2528
ギソ	ぎそ	732		437	-11.5055
ギョイ	御衣	1285		32	-18.6282
ギュウカク	牛角	1292		93	-13.0006
ギタナケレ	穢けれ	13		501	-18.9029
ギョウセイチョウカン	行政長官	1288		215	-13.5126
ギキョク	戯曲	1285		204	-11.5366
ギインカイカン	議員会館	1293		265	-12.9513
ギカイホウ	議会法	1288		13	-14.4502
ギシ	羲之	1291		501	-18.1724
ギョウコ	凝固	1283		405	-12.0679
ギンザケ	銀鮭	1285		501	-18.6282
ギリガタ	義理堅	11		56	-14.0269
ギョウセキ	業績	1285		356	-10.3873
ギセヨ	擬せよ	589		501	-11.8639
ギョウガキ	行書き	1285		501	-18.9467
ギョロツク	ギョロつく	695		501	-13.5784
ギャンブル		1285		42	-11.4004
ギジュツノ	技術の	1285	368	17	-10.5580
ギャクゴ	逆語	1285		501	-18.6282
ギョネイ	御寧	1291		501	-18.1724
ギンセイ	銀製	1285		4	-14.7003
ギョ	圄	1288		501	
ギョフン	魚粉	1285		142	-15.0698
ギショ	魏書	1291		10	-11.6237
ギン		1288		462	-13.6876
ギフ	義夫	1285		439	-18.8289
ギョウユウ	行勇	1291		501	-18.1724
ギインタチ	議員達	1285	1298	17	-13.4449
ギジュツテキ	技術的	1285	1299	17	-11.5872
ギンカイ	銀灰	1285		501	-18.6282
ギ	揆	1288		501	
ギレン		1285		459	-13.8445
ギョウギョウシキャ	ぎょうぎょうしきゃ	42		501	-17.0678
ギギ	巍々	1285		501	-18.8289
ギケイ	義兄	1285		97	-12.6001
ギンザドオリ	銀座通り	1288		2	-14.7043
ギショウ	偽証	1283		243	-13.9794
ギンズレ	ぎんずれ	590		501	-15.5121
ギライ	ギラい	1287		501	-17.0062
ギインホウシュウ	議員報酬	1288		286	-14.9858
ギッテ	切手	1285		445	-19.2344
ギヨーム		1288		273	-12.8506
ギョカイ	魚介	1285		75	-11.7730
ギンイロナツヲ	銀色夏生	1289		122	-21.7420
ギフケンオオガキシ	岐阜県大垣市	1293		266	-13.0358
ギョクショウ	玉章	1291		57	-18.1724
ギンバエ	銀バエ	1285		501	-18.6282
ギッチョ	ぎっちょ	1285		501	-16.5197
ギモン	疑問	1287		468	-8.3364
ギョショウ	魚醬	1285		501	-18.6282
ギンテン	銀天	1288		501	-18.5231
ギムヅケ	義務づけ	625		52	-11.8119
ギョグン	魚群	1285		320	-18.6282
ギョウ	烱	1288		501	
ギョウ	尭	1290		128	-17.7354
ギルベルト		1285		501	-14.7677
ギフ	義婦	1285		501	-18.6282
ギ	着	622		295	-28.2044
ギョウセイノチュウシン	行政の中心	1288		349	-13.3876
ギンショウ	吟唱	1283		501	-18.0694
ギンザラ	銀皿	1285		501	-18.6282
ギョスレ	御すれ	581		438	-11.9435
ギルマス		1285		501	-14.9412
ギホウ	儀鳳	1288		21	-16.2985
ギョショウ	魚礁	1285		144	-16.5741
ギジドウ	議事堂	1285		13	-12.7540
ギュウイチ	牛一	1291		501	-18.1724
ギョショウ	漁唱	1285		501	-18.6282
ギグン	魏軍	1288		8	-13.4078
ギマ	儀間	1290		285	-15.0850
ギ	魏	1293		246	-9.8379
ギュウニク	牛肉	1285		75	-11.3537
ギョギョウケン	漁業権	1288		102	-13.1131
ギス		1285		429	-18.0304
ギテ	ぎて	1285		331	-12.0008
ギンロウ	ぎんろう	1289		501	-18.1292
ギンジロウ	銀二郎	1291		501	-18.1724
ギョウギョウシカッ	仰々しかっ	50		0	-12.4836
ギョクザン	玉山	1291		117	-15.2279
ギリシャヨーグルト		1288		501	-14.9771
ギンバ	銀馬	1285		501	-18.6282
ギャッキョウ	逆境	1285		252	-12.6956
ギンカク	銀閣	1288		435	-14.3522
ギュウ	岌	1288		501	
ギョウケツ	凝血	1283		457	-15.7485
ギエン	戯苑	1285		501	-18.6282
ギャクブ	逆峯	1285		501	-18.6282
ギシュウ	義州	1293		58	-17.7008
ギムイハン	義務違反	1285	1283	17	-13.3645
ギュウジ	牛耳	776		326	-12.3121
ギョクザ	玉座	1285		222	-13.1418
ギョクタイ	玉躰	1285		501	-18.6282
ギンジョウ	ぎんじょう	1285		501	-18.9467
ギオウ	祇王	1285		501	-18.6282
ギンコウイン	銀行員	1285	1298	17	-12.4034
ギョウギョウシカラ	ぎょうぎょうしから	47		501	-17.0678
ギカイセンキョ	議会選挙	1288		125	-12.8448
ギョルイ	魚類	1285		116	-11.5933
ギショ	義疏	1285		501	-18.6282
ギントキ	銀時	1291		74	-18.1724
ギヒ	偽碑	1285		501	-18.6282
ギ	起	1288		501	
ギンサン	銀さん	1288		501	-13.0819
ギャクテンシ	逆転し	1283	610	17	-11.2724
ギリガタイ	義理堅い	19		56	-14.3888
ギョウ	匣	1288		501	
ギョロ	ぎょろ	1281		501	-15.0433
ギュッ	ぎゅっ	1281		501	-11.5563
ギョショウ	魚醤	1285		75	-18.6282
ギョクチ	玉池	1285		501	-18.6282
ギジュツテキ	技術的	1288		351	-10.8718
ギジュツエイギョウ	技術営業	1285	1283	17	-13.5533
ギョウショク	暁色	1285		501	-18.6282
ギムカ	義務化	1288		501	-12.6660
ギリシャドクリツセンソウ	ギリシャ独立戦争	1288		298	-14.3721
ギョクジョウ	玉条	1285		501	-18.6282
ギョカイ	漁会	1285		501	-18.6282
ギュウジル	牛耳る	772		326	-12.1870
ギセ	擬せ	729		501	-13.2460
ギムヅケレ	義務づけれ	617		455	-11.7581
ギャクムキ	逆向き	1285		501	-18.6282
ギブ	give	1285		121	-17.8906
ギョショウ	魚醤	1288		75	-14.0189
ギョソウ	魚相	1285		501	-18.6282
ギルド		1285		283	-11.5098
ギュウシャ	牛車	1285		74	-14.0059
ギシ	義之	1291		370	-18.1724
ギテツ	義姪	1285		501	-18.6282
ギエリャ	消えりゃ	618		471	-18.4036
ギョクチョウ	玉晃	1291		501	-18.1724
ギュウテイ	牛鼎	1285		501	-18.6282
ギメイ	義盟	1283		501	-18.0694
ギョカイ	魚貝	1285		501	-18.6282
ギャルズ		1288		113	-14.5411
ギュウシュ	牛種	1285		501	-18.6282
ギュウタン	牛舌	1285		501	-18.6282
ギホン	技本	1285		173	-18.6282
ギョウセイブンショ	行政文書	1288		86	-13.4456
ギリョウ	伎倆	1285		501	-18.6282
ギンタ	銀太	1288		76	-18.5231
ギンヒツ	銀筆	1285		501	-18.6282
ギリシャセイキョウ	ギリシャ正教	1288		325	-14.0376
ギブソン	gibson	1289		501	-16.8074
ギョウシャ	業者	1285		378	-10.0702
ギワ		1285		501	-18.2535
ギャッコウ	逆向	1283		501	-18.0694
ギンザ	銀坐	1293		501	-17.5467
ギタナカレ	汚かれ	29		460	-18.9029
ギャクギレ	逆切れ	1283		501	-18.0694
ギョウ	堯	1289		246	-12.3910
ギジ	義慈	1289		501	-17.9060
ギョウ	勍	1288		501	
ギューッ	ぎゅーっ	1281		501	-12.6287
ギョ	御	1288		501	
ギョリュウ	魚竜	1285		218	-18.6282
ギジョ	祇女	1285		501	-18.6282
ギラ		1289		89	-12.8709
ギンコウケン	銀行券	1288		286	-14.1367
ギョウコツ	行乞	1285		501	-18.6282
ギョモン	魚文	1285		501	-18.6282
ギコチ	ぎこち	1284		268	-10.4786
ギガビット		1288		31	-14.9764
ギャクボウ	逆謀	1285		501	-18.6282
ギリギリノ	ギリギリの	1287	368	17	-11.2680
ギル	截る	1091		501	-16.7725
ギエンキン	義捐金	1288		474	-14.5453
ギンショク	銀色	1285		242	-14.1792
ギセイ	義成	1291		148	-16.3509
ギシ	擬し	587		501	-11.8729
ギャリソン		1289		470	-14.5810
ギョウセイチメイ	行政地名	1285		17	-13.0696
ギョウギョウシイ	仰仰しい	19		501	-18.0407
ギン	ぎん	1291		331	-18.1724
ギキ	義旗	1285		501	-18.1929
ギュ	ぎゅ	1281		78	-12.2177
ギョウギョウシカラ	仰仰しから	47		501	-17.0678
ギト	宜都	1293		501	-17.7008
ギニアビサウ		1294		272	-12.6071
ギ	汽	1288		501	
ギョクセイ	玉成	1285		392	-18.6282
ギップ	切符	1285		118	-18.9467
ギミ		1285		501	-18.4612
ギャク	瘧	1288		501	
ギジョウ	戯場	1285		312	-17.3126
ギクリ	ぎくり	1281		501	-15.3340
ギュウジレ	牛耳れ	784		326	-12.3099
ギン	吟	1291		312	-12.1204
ギュウニュウ	ぎゅうにゅう	1285		293	-18.9467
ギドウ	義堂	1289		465	-17.9060
ギジカガク	疑似科学	1288		88	-12.9797
ギヨウ	疑耀	1288		501	-18.5231
ギケツケン	議決権	1288		455	-12.9296
ギレイ	奇麗	1287		66	-16.1441
ギリギリセーフ		1288		501	-13.9538
ギブス		1285		255	-14.2358
ギレイ	儀礼	1285		199	-11.5907
ギンユウシジン	吟遊詩人	1285		199	-13.7165
ギサ	擬さ	733		501	-13.2730
ギドウ	義導	1291		501	-18.1724
ギョウ	ぎょう	1300		501	-18.1241
ギメ	決め	1285		52	-19.9275
ギ	衣	1288		501	
ギショ	ぎしょ	1285		331	-18.9467
ギンナリ	銀成	1285		501	-18.6282
ギョロッ	ぎょろっ	1281		501	-17.6734
ギボサン	義母さん	1285	1302	17	-12.0363
ギノウジッシュウセイド	技能実習制度	1288		486	-14.9807
ギンガテツドウスリーナイン	銀河鉄道999	1288		415	-13.0260
ギョウタイ	凝滞	1283		501	-18.0694
ギーゼキング		1289		416	-15.5642
ギャッコウ	逆光	1285		147	-13.4496
ギンズリャ	吟ずりゃ	591		501	-12.1564
ギャクホウ	逆法	1285		501	-18.6282
ギャクフウ	逆風	1285		422	-13.1215
ギンチャク	ぎんちゃく	1285		501	-19.4167
ギョウセイカンチョウ	行政官庁	1288		13	-14.0264
ギョウソウ	形相	1285		212	-12.9717
ギチーッ	ぎちーっ	1281		501	-17.6734
ギャクテンガチ	逆転勝ち	1288		178	-13.7548
ギャル	ぎゃる	1285		501	-15.1688
ギョウギョウシク	仰々しく	51		0	-12.5890
ギョハイ	魚佩	1289		501	-17.9060
ギャリー		1288		470	-14.7908
ギロンガ	議論が	1283	148	17	-10.8992
ギョクテキ	玉笛	1285		501	-18.6282
ギメ	極め	1285		258	-19.9275
ギレツクウテイタイ	義烈空挺隊	1288		501	-14.1380
ギンガテイコク	銀河帝国	1292		459	-11.8481
ギョウソン	行尊	1289		28	-14.2951
ギョウギョウシキ	仰々しき	44		0	-12.4256
ギクッ	ぎくっ	1281		501	-17.6734
ギリ	切り	1298		60	-10.3773
ギョユウ	御有	1285		501	-18.6282
ギモン	ぎ問	1285		501	-18.9467
ギョウセイカイカク	行政改革	1288		13	-12.8512
ギワ	ぎわ	1285		36	-19.9275
ギネス		1289		318	-12.0649
ギョウセイシドウ	行政指導	1288		455	-13.1988
ギュッピー	ぎゅっぴー	1289		501	-18.1292
ギユウ	義勇	1285		188	-13.2778
ギリガタカッ	義理堅かっ	33		56	-13.8848
ギシャ	義舎	1285		501	-18.6282
ギョウキ	行基	1293		238	-13.2550
ギリシャセン	ギリシャ戦	1288		178	-14.6483
ギンザ	ぎんざ	1293		501	-18.1063
ギガノトサウルス		1288		382	-14.3980
ギウンイ	議運委	1285		501	-18.8289
ギイチロウ	義一郎	1291		501	-18.1724
ギモンシ	疑問視	1287	1297	17	-12.1318
ギュウシャ	牛舎	1285		55	-14.3559
ギフケンセキシ	岐阜県関市	1293		266	-13.5598
ギシュウ	魏収	1289		246	-15.2528
ギョウセキ	ぎょうせき	1285		501	-18.9467
ギンジロ	吟じろ	623		501	-16.1524
ギュウバ	牛馬	1285		55	-13.7483
ギンブナ	銀鮒	1285		501	-18.6282
ギンリン	銀輪	1285		501	-16.8244
ギョウテン	行天	1290		241	-14.1181
ギセ	擬せ	586		52	-11.7194
ギセイシャ	犠牲者	1288		490	-10.9105
ギャクサツジケン	虐殺事件	1288		298	-13.5915
ギョウセイシッコウホウジン	行政執行法人	1288		419	-14.8468
ギャクドウ	逆胴	1285		501	-18.6282
ギョウ	暁	1288		501	
ギジュツイテン	技術移転	1288		501	-14.1858
ギタナイ	穢い	19		501	-18.8003
ギネスキロク	ギネス記録	1288		501	-14.0247
ギタナク	穢く	35		501	-18.9861
ギョクガン	玉顔	1285		501	-18.6282
ギョウ	蕎	1288		501	
ギョウニョ	巧如	1289		501	-17.9060
ギンジヨ	吟じよ	621		501	-16.1555
ギセル	ぎせる	1285		501	-18.8289
ギョウカイシ	業界紙	1288		201	-13.3592
ギインノ	議員の	1285	368	17	-10.8204
ギセイニシ	犠牲にし	1285	610	17	-11.1248
ギョウギョウシケレ	仰仰しけれ	40		501	-17.1216
ギロン	ぎろん	1283		501	-18.8426
ギンガナム		1285		459	-15.1301
ギインキソク	議院規則	1288		345	-14.9258
ギュウシュウ	岌州	1289		501	-17.9060
ギンブチ	銀ぶち	1285		501	-18.6282
ギャ	茄	1288		501	
ギョウムナイヨウ	業務内容	1288		501	-12.2923
ギフバス	岐阜バス	1292		162	-12.5477
ギシキ	儀式	1285		199	-10.6488
ギャクフンシャ	逆噴射	1288		320	-12.4161
ギレル	切れる	619		471	-12.7581
ギ	着	1298		295	-10.1298
ギョウシュウ	暁秋	1291		501	-18.1724
ギミ	気み	1285		501	-18.9467
ギャクモドリ	逆戻り	1283		182	-12.8184
ギャクトク	逆徳	1285		501	-18.6282
ギャクゲン	逆言	1283		501	-18.0694
ギョウギョウシカロ	仰々しかろ	46		0	-12.4255
ギンホンイセイ	銀本位制	1288		286	-14.4978
ギュウッ	ぎゅうっ	1281		501	-17.6734
ギムヅケン	義務付けん	620		455	-10.8641
ギャー		3		501	-12.5865
ギャッコウ	逆行	1283		182	-11.8036
ギュウモン	牛門	1293		501	-17.7008
ギンシャ	吟社	1285		251	-16.4110
ギンガ	ぎんが	1285		331	-14.6166
ギジンカ	擬人化	1285	1297	17	-12.1188
ギンザ	銀座	1293		311	-9.3090
ギョブツ	御物	1285		342	-16.9339
ギャラガー		1289		196	-13.3073
ギョウセイ	ぎょうせい	1292		331	-12.7436
ギョウセキ	繞石	1291		501	-18.1724
ギガ		1300		31	-12.2115
ギュウ	ぎゅう	3		501	-11.7439
ギョホ	漁浦	1285		501	-18.6282
ギア	gear	1289		289	-13.5891
ギショウ	偽称	1283		501	-16.4119
ギュウケツ	牛橛	1289		501	-17.9060
ギョウギョウシ	行行子	1285		501	-18.6282
ギン	垠	1291		122	-19.5230
ギュウソウ	牛荘	1293		501	-17.7008
ギカ	義靴	1285		501	-18.6282
ギンセン	銀銭	1285		501	-18.6282
ギシン	疑心	1285		222	-15.0347
ギヤード・タービン		1285		264	-15.3224
ギョウチュウ	ぎょう虫	1285		501	-18.9467
ギョクキ	玉姫	1291		392	-18.1724
ギフシンブン	岐阜新聞	1292		305	-12.5267
ギレ		1300		501	-16.6577
ギケツケンコウシ	議決権行使	1288		92	-14.8016
ギスル	擬する	583		501	-11.8671
ギジュツキジュンテキゴウショウメイ	技術基準適合証明	1288		86	-14.8348
ギシキテキ	儀式的	1288		501	-14.6385
ギジッカ	義実家	1288		501	-12.8448
ギキョウ	ぎきょう	1285		293	-19.6398
ギャクセイ	虐政	1285		501	-17.8906
ギュウニュウヲ	牛乳を	1285	156	17	-11.2342
ギュー		1281		501	-13.5021
ギ	匱	1288		501	
ギンザエキ	銀座駅	1293		162	-13.3101
ギエン	義円	1291		148	-13.1123
ギウン	議運	1285		501	-18.4612
ギエ	消え	622		471	-18.4370
ギンコウ	吟光	1291		501	-18.1724
ギョウセイテキ	行政的	1285	1299	17	-13.4227
ギンゾウ	銀蔵	1291		497	-14.8190