グジグジ	ぐじぐじ	1281		501	-15.2985
グラディス		1288		470	-14.9088
グラツカ	ぐらつか	683		211	-12.6223
グリーン	green	1289		121	-16.8764
グショグショ	ぐしょぐしょ	1287		501	-18.0477
グラフィックアクセラレータ		1288		315	-14.6999
グラフト		1285		111	-15.8036
グラ	庫	1285		414	-19.4167
グンキ	軍記	1285		10	-13.7369
グンスウ	群数	1285		501	-18.6282
グネグネ	ぐねぐね	1281		501	-14.3953
グウォグフ		1288		273	-14.9606
グルット	ぐるっと	1281		2	-12.0527
グズリ	グズり	788		501	-13.8639
グレートブリテントウ	グレートブリテン島	1288		373	-13.8896
グ	玖	1288		501	
グーグルアナリティクス	Google Analytics	1288		501	-14.8608
グリズリーズ		1288		62	-14.8809
グルーブ	groove	1285		461	-17.9351
グーグルマップ		1288		501	-14.0760
グランゼコール		1288		314	-14.0495
グンパツジシン	群発地震	1288		425	-14.5072
グオ	ぐお	3		501	-16.9819
グレロ	グレろ	623		501	-11.9857
グミャ	含みゃ	761		481	-17.3687
グチフ	口フ	1298	1285	17	-12.6595
グモ		1285		499	-18.1358
グレーター・ロンドン		1293		349	-13.8722
グロ	黒	1285		242	-18.4612
グルメ	gourmet	1287		501	-16.7949
グランピング		1288		501	-13.4008
グロウ	苦労	1283		48	-18.2364
グエン		1291		149	-12.6329
グラディウス		1288		190	-13.2586
グンペイ	群平	1291		501	-18.1724
グレッチ		1292		196	-13.3359
グハン	供飯	1285		501	-18.6282
グンジョウイロ	群青色	1288		29	-14.6634
グルグルグルッ	ぐるぐるぐるっ	1281		501	-17.6734
グッチ	GUCCI	1288		501	-13.7471
グンカン	軍官	1285		123	-18.6282
グリーンスムージー		1288		501	-14.9785
グル	ぐる	1285		80	-12.9204
グラグラッ	ぐらぐらっ	1281		501	-17.6734
グラント	grant	1289		44	-16.8074
グン	軍	1298		411	-7.5270
グズリャ	愚図りゃ	770		501	-16.0418
グダラグダラ	ぐだらぐだら	1281		501	-17.6734
グワイ	工合	1285		501	-18.6282
グルミ	胡桃	1285		4	-18.8289
グリーンサラダ	🥗	5		501	-22.4520
グラグラ		1281		501	-12.5943
グイーッ	ぐいーっ	1281		501	-17.6734
グウハツ	偶発	1283		287	-12.3442
グケン	愚見	1285		501	-16.8990
グリッター		1289		89	-13.0403
グンコ	軍戸	1285		501	-18.6282
グズリゴエ	ぐずり声	1285		501	-19.2344
グレイ	藕舲	1291		501	-18.1724
グンダンチョウ	軍団長	1288		188	-13.7252
グンチョウ	軍長	1285		501	-18.6282
グローバル	GLOBAL	1288		40	-14.3847
グチョ	愚著	1285		501	-18.6282
ググーッ	ググーっ	1281		501	-16.9196
グッチ		1292		274	-11.7711
グリーンランドゴ	グリーンランド語	1288		501	-14.4713
グンジン	軍陣	1285		411	-15.5176
グンリョウ	軍糧	1285		501	-18.6282
グライデ	ぐらいで	332	149	17	-10.7256
グランスタ		1288		501	-15.4774
グルグル		1281		60	-11.1967
グレヨ	グレよ	624		501	-11.9855
グズリ	ぐずり	788		501	-12.7464
グミ	胡頽子	1285		501	-18.7236
グランジ		1289		412	-12.3585
グチシャチョウ	ぐち社長	1285		17	-13.5469
グ	久	1288		501	
グエエ	ぐええ	3		501	-16.9819
グロック		1292		213	-12.8057
グミ	GUMI	1289		22	-12.7742
グウ	偶	1288		501	
グルナビ	ぐるなび	1288		363	-18.5231
グンショ	軍書	1285		501	-17.3126
グレミオ		1292		348	-12.8329
グワラン	ぐわらん	1281		501	-17.6734
グラインドコア		1288		412	-14.6081
グラスゴー		1293		138	-11.5339
グローバルカ	グローバル化	1288		79	-12.1336
グー		1287		420	-16.7040
グオー	ぐおー	1281		501	-15.9285
グリコモリナガジケン	グリコ・森永事件	1288		201	-14.6136
グンカク	群鶴	1285		501	-18.6282
グセ	ぐせ	586		54	-10.4881
グンマケンナイ	群馬県内	1288		501	-14.3820
グレンキ	紅蓮姫	1288		501	-18.5231
グロシ	黝し	23		501	-18.4984
グンシュウ	群衆	1283		490	-18.0694
グルカ	廓爾喀	1293		501	-17.4131
グンケン	軍権	1285		501	-18.6282
グラゼニ		1288		501	-14.4468
グリプス		1288		190	-14.5796
グ〜ント	グ〜ンと	1281		501	-16.9196
グール	屍食鬼	1285		501	-18.3181
グロウ	愚老	1285		501	-18.0008
グアンタナモワン	グアンタナモ湾	1288		37	-14.7677
グッタリ	ぐったり	1282		418	-11.3498
グンジン	軍人	1285		123	-10.4695
グローブ	globe	1289		67	-12.6095
グンソン	郡村	1285		72	-18.8289
グラツイ	ぐらつい	687		91	-12.6374
グルー		1288		89	-14.3380
グンジ	軍司	1290		58	-17.9586
グズラ	ぐずら	780		501	-12.7475
グズツク	グズつく	695		501	-13.5784
グルナビ	ぐるなび	1292		363	-12.5228
グルック		1288		416	-14.1333
グコウ	愚行	1285		495	-13.6494
グ	滬	1288		501	
グウカン	偶感	1285		501	-18.6282
グンジキョウカイセン	軍事境界線	1288		410	-13.5571
グンヒョウ	郡評	1285		501	-18.6282
グレリン		1288		501	-14.7237
グループディ	グループD	1288		400	-14.8849
グダグダ		1281		66	-12.5367
グコウ	愚考	1283		501	-15.5492
グコク	愚谷	1291		501	-18.1724
グンイ	軍医	1285		123	-12.5360
グローバルゴヒャク	グローバル500	1288		181	-17.6068
グンショ	群書	1285		501	-18.6282
グティ		1289		146	-13.0037
グホン	虞翻	1289		8	-13.1425
グンイチ	軍一	1291		501	-15.9826
グンバツ	軍閥	1285		346	-12.7839
グルリ	ぐるり	1281		220	-17.6734
グリャ	繰りゃ	770		501	-18.5465
グンサイ	群才	1285		501	-18.6282
グンベエ	郡兵衛	1291		501	-17.0738
グランパス	grampus	1285		501	-17.8906
グッサリ	ぐっさり	1281		501	-15.8692
グルン		1288		472	-15.7092
グッドイヤー		1292		421	-12.2588
グリーン	green	1288		121	-13.3063
グフ	愚夫	1285		501	-18.6282
グ	木	1288		501	
グレゴリー		1289		255	-12.7637
グンジケンキュウ	軍事研究	1288		239	-14.1173
グミ	含み	767		481	-17.3836
グンジロウ	郡次郎	1291		501	-16.5629
グリーンチャンネル		1292		305	-13.2064
グーグル	goo.gl	1288		501	-14.0717
グウェル		1288		501	-15.0041
グウゼン	ぐうぜん	1287		501	-18.0477
グンギョク	群玉	1285		501	-18.6282
グロテスク		1287		66	-11.4988
グウザ	偶座	1285		501	-18.6282
グエンチョウ	阮朝	1288		446	-13.4653
グレイ		1285		255	-12.7173
グレートベースン		1288		432	-14.7854
グンヨウ	群羊	1285		501	-18.6282
グウテイモク	偶蹄目	1289		501	-12.5384
グハ	ぐは	3		501	-17.4519
グローバル	global	1287		461	-16.7040
ググ〜ッ		1281		501	-16.9196
グーグルドライブ	Google Drive	1288		501	-14.8934
グンミンキョウヨウ	軍民共用	1288		87	-14.4893
グ	ぐ	1289		437	-18.4168
グズ	愚図	1287		501	-15.2047
グンザイ	軍財	1285		501	-18.6282
グンガ	郡衙	1285		72	-18.6282
グサク	愚作	1285		501	-16.6643
グチャ		1288		501	-14.7736
グザイ	具材	1285		75	-18.6282
グッタリ	ぐったり	1281		418	-17.6734
グングン		1281		501	-13.0166
グ	繰	776		501	-18.5488
グリップ		1283		95	-11.7509
グートマン	guttman	1289		501	-16.8074
グアッ	ぐあっ	1281		501	-17.6734
グーテンベルク		1288		84	-13.7699
グロスターシャー		1288		140	-15.1515
グンロク	群鹿	1285		501	-18.6282
グ	惧	1288		501	
グラウンド		1285		414	-11.1549
グソウ	愚草	1285		501	-18.6282
グ	瓠	1288		501	
グリコ		1292		274	-11.6169
グテ		1285		501	-15.1030
グランドナショナル		1288		245	-14.6369
グイン	ぐいん	1281		501	-14.7543
グアナハニ	ぐあなはに	1293		501	-18.3940
グレーテル		1291		11	-13.2072
グジャラートシュウ	グジャラート州	1288		272	-14.5167
グンプク	軍服	1285		295	-12.1100
グライ	ぐらい	332		48	-5.0810
グリッド		1285		63	-12.7275
グンユウ	郡邑	1285		501	-18.6282
グループ	GROUP	1288		40	-14.0095
グンドウ	群童	1285		501	-18.6282
グアヤキル		1288		272	-14.4401
グラビアモデル		1288		324	-14.9285
グン		1289		501	-16.7429
グンプ	軍夫	1285		490	-15.8728
グフ		1285		190	-13.8596
グモ	蛛	1285		501	-18.9467
グロー		1288		423	-14.3091
グツ	鞋	1285		4	-18.9467
グラフェン		1288		405	-13.4092
グレートリセット		1288		501	-14.5144
グンロン	群論	1285		65	-14.4165
グートマン		1289		1	-14.2373
グフウ	颶風	1285		501	-17.3273
グランヴィル		1288		329	-14.7164
グンケイ	群卿	1285		501	-18.6282
グミ	ぐみ	1285		80	-12.8579
グラウンディング		1288		501	-14.9967
グン	麕	1288		501	
グシャ	ぐしゃ	1281		501	-17.6734
グマ		1285		499	-18.0304
グリコール		1288		405	-14.8731
グンシン	群臣	1285		193	-13.2715
グスタフ		1290		329	-10.7833
グッスリ	ぐっすり	1282		418	-10.6105
グイグイ	ぐいぐい	1281		501	-17.6734
グルジア		1294		19	-10.7505
グンニ	軍に	1298	151	17	-11.2695
グンソツ	軍卒	1285		501	-18.6282
グエ	ぐえ	3		501	-16.9819
グランツ		1288		70	-14.7378
グーッ	ぐーっ	1281		501	-17.6734
グンジコウゲキ	軍事攻撃	1288		209	-14.9585
グローバル		1285		294	-11.2212
グ・モ	ぐ・も	1285		501	-19.2344
グンジリョク	軍事力	1288		388	-11.2351
グレン	グレん	620		501	-11.9859
グンジガク	軍事学	1288		239	-13.5414
グイノミ	ぐい呑	1285		501	-19.2344
グウゾウスウハイ	偶像崇拝	1288		199	-13.3635
グンバ	軍馬	1285		55	-13.4892
グンセイ	群生	1283		116	-12.6854
グリーンベイ		1288		138	-14.9088
グ	珸	1288		501	
グー	ぐー	1287		80	-12.4773
グリ	屈輪	1285		501	-18.6282
グレープ		1285		203	-13.5450
グラフィックス		1285		431	-12.8453
グリム	緑夢	1291		122	-17.1610
グラード		1288		359	-14.4468
グ	倶	1288		501	
グッジョブ		1288		501	-13.9494
グツ		1285		501	-18.1929
グンジカイニュウ	軍事介入	1288		298	-13.0894
グ	忤	1288		501	
グンジショウトツ	軍事衝突	1288		298	-13.5555
グチッ	愚痴っ	786		479	-11.6403
ググラ	ググら	780		501	-11.2381
グンカク	軍拡	1285		388	-13.5178
グループリーグ		1288		428	-11.3769
グウユウ	偶有	1283		186	-16.1257
グリーンセイチョウ	グリーン成長	1288		501	-14.8095
グズリ	愚図り	788		501	-16.0459
グウッ	ぐうっ	1281		501	-17.6734
グンジエイセイ	軍事衛星	1288		173	-14.4765
グンビカンリ	軍備管理	1288		501	-14.8934
グラブ	GRUB	1288		77	-14.1136
グウ	ぐう	1281		99	-17.6734
グンリョ	軍旅	1285		495	-17.1384
グシケン	具志堅	1290		250	-13.4577
グヌヌ	ぐぬぬ	1288		501	-14.3372
グンシュ	郡守	1285		501	-18.8289
グシカミ	具志頭	1293		285	-17.7008
グウタラ	ぐうたら	1285		56	-14.1794
グントン	軍屯	1285		501	-18.6282
グーグルドライブ	Googleドライブ	1288		501	-14.6810
グレードアップ		1288		95	-12.8455
グレン	愚連	1285		501	-18.6282
グライ	位	1288		501	
グモ	蜘蛛	1285		499	-18.2345
グループテン	グループ展	1285	1298	17	-12.8847
グアイ	具合	1285		48	-10.2581
グズグズ		1282		501	-12.1800
グホウ	弘法	1283		358	-14.3157
グリ	ぐり	1285		437	-19.6398
グループエー	グループA	1288		421	-13.0956
グリーフ		1285		501	-15.6876
グジュグジュ	ぐじゅぐじゅ	1281		501	-17.6734
グスル	具する	583		501	-14.9347
グウユ	寓喩	1285		501	-18.6282
グローバルナ	グローバルな	1288		154	-12.4909
グラフ		1291		447	-12.8828
グンイソウカン	軍医総監	1288		123	-14.4761
グ	寤	1288		501	
グセヨ	具せよ	589		501	-14.9315
グレース	Grace	1289		151	-13.6183
グンセイ	郡制	1288		489	-13.8091
グンポウカイギ	軍法会議	1288		243	-12.7393
グループサウンズ		1288		412	-14.9800
グミワラ	茱萸原	1285		501	-18.7236
グラデュエート	graduate	1283		501	-17.5433
グ	貢	1288		501	
グニャッ	グニャっ	1281		501	-16.9196
グリーンベルト		1288		480	-14.1508
グノーシスシュギ	グノーシス主義	1288		88	-13.1546
グリ	繰り	788		501	-15.4728
グメイ	愚迷	1285		501	-18.6282
グンオウ	軍王	1285		501	-18.6282
グレ	繰れ	768		501	-18.5466
グスル	ぐする	583		501	-10.5384
グライ	Gray	1288		151	-14.0589
グロリア	ぐろりあ	1285		501	-18.6282
グラマン		1292		413	-12.0228
グニュー	GNU	1288		77	-12.5295
グリフィス		1289		255	-12.0791
グーナー		1285		501	-15.2622
グイ	食い	1285		499	-18.4410
グリーティング		1288		172	-13.5687
グ		1289		462	-17.5985
グンカン	軍監	1285		501	-18.6282
グッ	ぐっ	1281		244	-11.1416
グロスウケ	グロス請け	1288		96	-14.4163
グルミ	ぐるみ	1285		42	-19.0802
グンシ	軍資	1285		144	-16.7439
グミ	組	1298		454	-8.3865
グラビアアイドル		1288		324	-12.2970
グンパツ	群発	1283		339	-15.0307
グランプリ		1285		7	-10.9892
グゼイ	弘誓	1285		501	-17.4206
グナエウス・ポンペイウス		1289		146	-13.5340
グスリ	ぐすり	1285		501	-19.4167
グチ	口	1300		60	-18.7193
グランデ	Grande	1288		107	-13.6431
グリット		1285		254	-15.1574
グンジ	郡司	1290		108	-11.3732
グウ	寓	1283		342	-14.5969
グルマ	車	1285		319	-18.7236
グンジパレード	軍事パレード	1288		224	-13.9663
グンサンフクゴウタイ	軍産複合体	1288		388	-14.1842
グラビティ	Gravity	1288		232	-14.5244
グウスウ	ぐう数	1285		501	-18.9467
グロウ	ぐろう	1283		501	-16.6716
グンメイ	郡名	1285		501	-18.6282
グモ	雲	1285		3	-18.3181
グラ	藏	1285		128	-18.9467
グライハ	ぐらいは	332	261	17	-10.9946
グラッドストン		1288		38	-13.5414
グスクベ	城辺	1293		82	-15.3029
グローバー		1289		255	-13.6713
グンレイ	群黎	1285		501	-18.6282
グータラ	ぐーたら	1287		501	-18.0477
グカン	愚管	1285		501	-18.6282
グーント	ぐーんと	1281		501	-17.6734
グラッ	ぐらっ	1281		501	-17.6734
グズン	愚図ん	782		501	-16.0419
グランドチャンピオン		1288		491	-13.7545
グアルディオラ		1288		261	-14.5448
グンゾウ	郡蔵	1291		501	-18.5778
グンチュウ	軍忠	1285		501	-18.6282
グラグラ	ぐらぐら	1281		54	-12.8202
グリーンブック		1288		501	-14.9278
グラスファイバー		1288		270	-14.7724
グラッ	グラっ	1281		501	-16.9196
グロズヌイ		1293		373	-13.4063
グンク	郡区	1285		349	-18.6282
グウゴウ	共業	1285		501	-18.6282
グンピョウ	軍票	1285		209	-14.2489
グレイト		1285		262	-15.3351
グンオウ	郡王	1285		501	-18.6282
グリーゼ		1288		466	-14.1731
グリル		1285		95	-11.8073
グレート	great	1287		121	-16.6614
グーグー		1281		80	-13.8153
グダーケーシャ	gudhakesa	1289		501	-16.8074
グンレキ	軍歴	1285		501	-18.6282
グラナダオウコク	グラナダ王国	1288		359	-14.8790
グランドスラム		1289		7	-11.2154
グンム	軍務	1285		123	-12.7441
グロスマン		1289		255	-13.2555
グンレツ	軍列	1285		501	-18.6282
グループビー	グループB	1288		421	-13.2345
グッシャリ	ぐッしゃり	1281		501	-17.6734
グンケンセイ	郡県制	1288		135	-14.1606
グウテン	偶点	1285		501	-18.6282
グウゴ	偶語	1283		501	-18.0694
グニューリナックス	GNU/Linux	1288		77	-14.4413
グループ・サウンズ		1288		412	-13.8322
グループディスカッション		1288		501	-13.5505
グンエイ	軍営	1285		146	-14.6556
グレコローマン		1285		362	-15.0760
グケ	絎	1288		501	
グレイシア		1288		501	-14.9008
グラマースクール		1288		314	-14.6364
グウゼン	偶然	1314		161	-8.9410
グシャ	愚者	1285		429	-13.5577
グウス	ぐうす	584		501	-16.8925
グレンデル		1289		222	-14.2312
グンゼイ	軍ぜい	1285		501	-18.6282
グリーク		1288		167	-14.4172
グ	具	1298		4	-10.4272
グンリ	軍吏	1285		501	-18.6282
グラフィカルユーザインタフェース		1288		77	-14.2890
グランツーリスモ		1288		213	-13.2646
グチュウ	具注	1285		501	-18.6282
グンブダイジンゲンエキブカンセイ	軍部大臣現役武官制	1288		106	-14.5176
グリ	栗	1285		4	-17.6892
グジョウシ	郡上市	1293		82	-13.0168
グレツキー		1285		62	-14.8524
グンリャク	軍略	1285		127	-14.6252
グジョウ	具状	1285		501	-18.6282
グレープフルーツジュース		1288		111	-14.7065
グルグル	🌀	5		501	-21.8769
グランド		1285		347	-11.7644
グブ	ぐぶ	1283		501	-18.8426
グアイ	ぐあい	1285		501	-18.9467
グンミン	軍民	1285		53	-13.9645
グン		1288		501	-14.6724
ググググッ	ぐぐぐぐっ	1281		501	-17.6734
グンジケン	軍事権	1288		346	-14.6571
グニョグニョ	ぐにょぐにょ	1281		501	-16.1205
グビ	具備	1283		375	-14.0609
グソクカイ	具足戒	1288		501	-14.4288
グンジキチ	軍事基地	1288		53	-13.1862
グルーブ	Groove	1288		367	-14.3650
グ	弘	1288		501	
グイ		1281		398	-16.9196
グレコ・バクトリア		1285		501	-15.2270
グアン	愚闇	1287		501	-17.5369
グルカ		1293		188	-13.9592
グウリョク	偶力	1285		339	-18.6282
グシ	具し	587		501	-14.9405
グンコク	軍國	1285		501	-18.5412
グンヨウ	軍容	1285		501	-18.6282
グミョウジ	弘明寺	1293		200	-13.6284
グシカミ	具志頭	1290		285	-14.2162
グンリツ	郡立	1285		501	-18.6282
グラス		1285		64	-11.0392
グチン	愚痴ん	774		479	-11.7298
グンシン	群心	1285		501	-18.6282
グルメグリ	グルめぐり	1285		501	-18.0304
グランドフィナーレ		1288		172	-14.3915
グチ	愚痴	776		479	-11.7319
グショヌレ	ぐしょ濡れ	1285		501	-17.5793
グーパン		1288		501	-14.8570
グンコウ	軍港	1285		230	-12.8340
グンジ	郡司	1291		108	-12.8250
グロリア		1291		25	-11.7220
グリーン	green	1285		121	-17.8906
グランド・オペラ		1288		416	-14.1825
グラジオラス		1285		256	-15.3460
グンナリ	ぐんなり	1281		501	-17.6734
グサ	具さ	586		501	-15.0176
グリモワール		1288		189	-14.9916
グリプスセンエキ	グリプス戦役	1288		190	-13.3340
グルワ	郭	1285		435	-19.9275
グイノミ	ぐい呑み	1285		501	-19.2344
グンドウ	郡道	1285		469	-18.6282
グローバリゼーション		1285		79	-13.5599
グート		1289		501	-15.7826
グチリャ	愚痴りゃ	770		479	-11.7296
グウスウ	偶数	1285		283	-11.6891
グッズモ	グッズも	1285	262	17	-11.3724
グンヲ	軍を	1298	156	17	-11.2676
グケイ	愚兄	1285		501	-16.2882
グラムロック		1288		412	-14.3319
グンカクキョウソウ	軍拡競争	1288		350	-14.1448
グループカツドウ	グループ活動	1285	1283	17	-13.2731
グッドデザイン		1285	1283	17	-12.2109
グイッ	ぐいッ	1281		501	-17.6734
グウスレ	ぐうすれ	581		501	-16.8869
グラマー		1285		324	-14.5672
グリグリ	ぐりぐり	1281		501	-13.5196
グガン	具眼	1285		501	-17.6588
グロカロ	黝かろ	25		501	-18.4975
グントウ	軍刀	1285		123	-13.6192
グロービスケイエイダイガクイン	グロービス経営大学院	1289		187	-13.9170
グン	羣	1288		501	
グマ	隈	1285		3	-19.2344
グアナハ		1293		501	-15.9091
グーグルホーム	Google Home	1288		501	-13.8044
グロウ	愚弄	1283		438	-13.9385
グッドナイト	good night	1288		501	-14.0586
グンシン	軍神	1285		32	-13.5879
グレ	榑	1288		501	
グループナイ	グループ内	1285	1298	17	-12.1506
グチロ	愚痴ろ	778		479	-11.7301
グリークラブ		1288		98	-14.5556
グッチユウゾウ	グッチ裕三	1289		122	-18.5980
グ	蜈	1288		501	
グロマワリ	畔廻	1293		501	-17.7008
グーグルトレンド	Googleトレンド	1288		501	-14.4519
グ〜ッ	ぐ〜っ	1281		501	-17.6734
グズッ	グズっ	786		501	-13.8288
グンキ	軍紀	1285		411	-14.8020
ググウ	ぐぐう	1281		501	-17.6734
グニャグニャ	ぐにゃぐにゃ	1281		501	-13.6225
グリーンカンスウ	グリーン関数	1288		65	-14.5580
グウィン		1288		417	-14.8538
グ	具	1285		4	-11.0057
グオオッ	ぐおおっ	3		501	-16.9819
グルリッ	ぐるりっ	1281		501	-17.6734
グシュウ	愚衆	1285		501	-18.6282
グシヌイ	串縫い	1285		501	-18.7236
グン	繰ん	774		501	-18.5466
グレートブリテンオウコク	グレートブリテン王国	1288		446	-14.0068
グキ	ぐき	1281		501	-17.6734
グン	含ん	766		481	-17.4186
グス	ぐす	584		150	-10.3428
グンケン	群賢	1285		501	-18.6282
グボリ	ぐぼり	1281		501	-17.6734
グンレイブ	軍令部	1288		123	-11.9248
グンジ	郡司	1285		108	-18.6282
グウゼン	偶然	1287		161	-12.1244
グアン	具案	1285		501	-18.6282
グンケ	郡家	1285		404	-16.5730
グンレイ	軍令	1285		123	-13.2876
グワ		1285		501	-18.1358
グン	郡	1293		82	-16.2773
グンソウ	軍曹	1285		123	-12.5271
グショウ	救生	1285		501	-18.6282
グンニャリ	ぐんにゃり	1281		501	-15.0149
グロービス		1288		383	-14.5820
グロ	畔	1288		501	
グンタイ	軍隊	1285		53	-10.3795
グジョウグン	郡上郡	1288		72	-14.9821
グレ	暮れ	1314		195	-17.6089
グズ	ぐず	776		501	-12.7446
グッサリッ	ぐっさりッ	1281		501	-17.6734
グチュグチュ	ぐちゅぐちゅ	1281		501	-14.9358
グロス		1285		255	-15.2915
グンキ	軍毅	1285		403	-18.6282
グループシー	グループC	1288		421	-13.2098
グッ	ぐっ	1289		244	-18.4168
グイノミ	ぐいのみ	1285		501	-19.2344
グリゼルダ		1289		501	-15.3948
グワワーン	ぐわわーん	1281		501	-17.6734
グオーッ	ぐおーっ	1281		501	-17.6734
グレ	繰れ	784		501	-18.5465
グビッ	ぐびっ	1281		501	-17.6734
グウセイ	偶成	1285		392	-16.2657
グンセイ	軍制	1285		275	-12.9434
グリンデルバルド		1288		501	-14.9865
グツスリ	ぐつすり	1281		501	-17.6734
グルグルッ	ぐるぐるっ	1281		501	-17.6734
グニュ	ぐにゅ	1281		501	-15.7939
グンプク	軍ぷく	1285		501	-18.6282
グオオ	ぐおお	3		501	-16.9819
グルマ	ぐるま	1285		501	-19.9275
グラノーラ		1288		391	-13.5103
グウー	ぐうー	3		501	-16.9819
ググン	ググん	782		501	-11.2330
グダグダ		1288		66	-12.7566
グチアカ	愚痴垢	1285		17	-12.6680
グンシ	軍使	1285		8	-14.9887
グローリー		1288		203	-14.8615
グウ		1281		501	-16.9196
グリオン		1285		470	-14.7536
グンカ	軍靴	1285		256	-15.3935
グンジコウドウ	軍事行動	1288		298	-12.0901
グループエスエヌイー	グループSNE	1289		96	-13.4814
グループライン		1285		17	-13.3800
グラツク	ぐらつく	679		211	-12.6065
グンキ	軍機	1285		53	-13.6770
グルト		1288		501	-14.6349
グサツ	愚察	1285		501	-18.6282
グラフィティ		1288		412	-13.1818
グシヨ	具しよ	585		501	-14.9329
グ	瞿	1288		501	
グンゾウ	群像	1285		393	-13.6662
グルカゴン		1288		100	-14.5594
グソウ	供僧	1285		501	-18.6282
グレートマジンガー		1288		190	-14.0977
グンソウ	軍争	1285		501	-18.6282
グッドデザインファインダー		1288		501	-14.0953
グンノスケ	軍之助	1291		501	-18.1724
グータッチ		1285		501	-14.4828
グランディス		1288		501	-15.6566
グアダルーペ		1293		463	-15.6214
グッド	good	1287		121	-16.8437
グッポリ	ぐっぽり	1281		501	-17.6734
グンジセイケン	軍事政権	1288		326	-12.4401
グッドモーニング		1288		302	-14.3095
グウハツテキ	偶発的	1283	1299	17	-12.5679
グルデン		1285		163	-15.4057
グ	牾	1288		501	
グルーピング		1288		197	-14.2829
グループウェア		1288		77	-14.0517
グンソウ	軍装	1285		123	-13.6238
グリコモリナガジケン	グリコ森永事件	1288		501	-14.8750
グンダン	軍談	1285		10	-15.9712
グミミタイ	組みたい	1298	1311	17	-13.1205
グッドマン		1292		255	-13.1215
グレーテ		1285		1	-15.3137
グント	グンと	1281		501	-12.8803
グソク	具足	1285		395	-14.1441
グリーティングカード		1288		442	-14.6714
グループデ	グループで	1285	149	17	-11.1704
グーント	グーンと	1281		501	-14.0672
グッゲンハイム		1289		470	-13.6638
グキッ	ぐきっ	1281		501	-17.6734
グリ	ぐり	1289		437	-11.7361
グッ	繰っ	786		501	-18.5724
グレゴリー・ペック		1289		179	-13.3017
グンコウ	軍功	1285		411	-13.3057
グラズノフ		1288		416	-13.7195
グウント	ぐうんと	1281		501	-17.6734
グソウ	ぐそう	1285		501	-14.9759
グリン	ぐりん	1285		501	-18.5412
グリーバス		1289		501	-15.8117
グリーンバーグ		1288		470	-14.2433
グリーンランド		1293		272	-11.1688
グチャグチャ		1287		501	-12.4104
グッズハンバイ	グッズ販売	1288		501	-12.9238
グーグル	google	1288		363	-12.8621
グルルルルル	ぐるるるるる	1281		501	-17.6734
グサ		1285		501	-18.3871
グントウ	群党	1285		501	-18.6282
グミ	汲	1288		501	
グウセヨ	ぐうせよ	589		501	-16.8869
グシカワ	具志川	1293		200	-14.5145
グループゼンタイ	グループ全体	1285	1314	17	-12.9988
グラタンサラ	グラタン皿	1285		17	-13.5279
グンカン	軍官	1288		123	-14.0068
グロ		1285		149	-12.0767
グミノ	組の	1298	368	17	-10.8775
グチャーッ	ぐちゃーっ	1281		501	-17.6734
グレイス		1289		25	-12.7435
グサッ	ぐさっ	1281		501	-17.6734
グンマケンキリュウシ	群馬県桐生市	1293		266	-13.0295
グローブ		1285		64	-12.2538
グローバルシャカイ	グローバル社会	1288		501	-14.8255
グンマケンシュッシン	群馬県出身	1288		14	-13.9616
グウ	蛩	1288		501	
グラブス		1289		83	-13.8463
グンジ	軍治	1291		285	-14.8546
グルコース		1288		83	-12.1987
グラデーションレイプ		1285	1283	17	-13.4620
グレーン		1285		221	-14.3318
グシグシ	ぐしぐし	1281		501	-16.6001
グレンハナ	紅蓮華	1285		17	-13.2246
グラム	g	1300		23	-16.7378
グラディエーター		1288		190	-14.3996
グレア		1288		423	-14.4964
グワリ	ぐわり	1281		501	-16.6001
グザイ	具材	1288		75	-10.7968
グサイ	愚哉	1291		501	-18.1724
グルイ	狂い	1285		48	-12.1803
グサリ	鎖	1285		83	-18.9467
グドン	愚鈍	1287		66	-13.2764
グルマ	俥	1285		256	-18.9467
グンマケン	群馬県	1293		397	-9.5568
グレタ		1289		1	-12.4351
グレイ	GLAY	1289		67	-10.9675
グンメイ	軍命	1285		193	-15.8523
グンマチャン	ぐんまちゃん	1288		475	-14.1670
グゼイ	貢税	1285		501	-18.6282
グンリツ	軍律	1285		243	-14.6635
グラ	繰ら	780		501	-18.5517
グラモフォン		1288		196	-14.4094
グシヨ	ぐしよ	585		501	-10.5366
グリ	ぐり	1281		437	-17.6734
グブ	供奉	1283		193	-12.9691
グンジエンシュウ	軍事演習	1288		53	-13.6452
グンマダイヤモンドペガサス	群馬ダイヤモンドペガサス	1288		306	-15.0041
グッズガ	グッズが	1285	148	17	-11.3001
グ	蛩	1288		501	
グシ	串	1285		4	-18.9467
グスレ	ぐすれ	581		501	-10.5351
グラ	ぐら	1281		80	-17.6734
グッタリ	😫	5		501	-20.7541
グチャグチャ	ぐちゃぐちゃ	1287		501	-11.0670
グアテマラ		1294		272	-10.9485
グラフィックスカード		1288		431	-14.9606
グラ	倉	1285		3	-19.0802
グダニスク		1293		373	-12.7506
グラント		1288		417	-12.5250
グローバルシジョウ	グローバル市場	1288		350	-14.8888
グシ	ぐし	587		150	-10.4249
グンカンク	軍管区	1288		188	-13.4912
グチン	愚痴ん	782		479	-11.7298
グレン		1291		255	-11.8114
グラウビュンデンシュウ	グラウビュンデン州	1288		400	-14.7677
グラナダ		1285		373	-13.0928
グリフィンドール		1288		364	-13.2798
グッチャグチャ	ぐっちゃぐちゃ	1287		501	-18.0477
グンチョウ	郡庁	1285		349	-18.6282
グツ	ぐつ	1285		54	-19.6398
グラシ	ぐらし	1298		54	-12.2097
グ	紅	1288		501	
ググッ	ぐぐっ	1281		501	-13.2920
ググン	ググん	774		501	-11.2330
グンキョ	群居	1283		76	-16.1039
グレー		1285		242	-11.2222
グビ	ぐび	1281		501	-17.6734
グリーンマイル		1288		103	-14.9585
グスレ	具すれ	581		501	-14.9315
グロンギ		1288		89	-14.7304
グロカラ	黝から	27		501	-18.4983
グンキ	軍規	1285		243	-14.5348
グタグタ	ぐたぐた	1287		501	-18.0477
グツ	鞋子	1285		501	-18.9467
グウナン	遇難	1285		501	-18.6282
グレイテスト		1288		318	-13.8431
グイット	グイッと	1281		501	-13.5318
グレン		1290		255	-11.8745
グンゼイ	軍勢	1285		411	-11.1801
グウエイ	偶詠	1285		501	-18.6282
グラフィックレコーディング		1285	1283	17	-12.9610
グ	窶	1288		501	
グレンヴィル		1289		329	-13.5648
グングニル		1288		164	-14.9557
グウ	禺	1288		501	
グニャッ	ぐにゃっ	1281		501	-17.6734
グリフォン		1289		190	-12.4279
グレナダ		1294		272	-12.5952
グランブルーファンタジー		1288		501	-14.7701
グレート		1285		347	-12.3797
グサット	グサッと	1281		501	-13.2023
グミ	組み	1300		141	-13.1748
グレーター・ロンドン		1288		349	-14.6211
グラックス		1288		146	-14.9692
グン	裙	1288		501	
グロガゾウ	グロ画像	1285		17	-13.5469
グミサン	組さん	1298	1302	17	-13.3544
グループワケ	グループ分け	1288		501	-13.8840
グリソム		1285		417	-15.3026
グロテスク	grotesque	1287		501	-16.7040
グッ	ぐッ	1281		501	-17.5556
グアン	ぐあん	1287		501	-17.6422
グロケレ	黝けれ	13		501	-18.4975
グンジンコウテイ	軍人皇帝	1288		359	-14.2746
グッズツキ	グッズ付き	1285	1298	17	-13.3296
グロスター		1289		417	-12.4574
グリシン		1288		83	-13.4056
グズン	グズん	774		501	-13.8599
グショウ	俱生	1285		501	-18.6282
グタイ	具体	1285		468	-9.7588
グンシキン	軍資金	1285		275	-13.5188
グレー		1287		242	-12.3662
グンメイ	郡名	1285	1298	17	-13.3248
グリグリッ	ぐりぐりっ	1281		501	-17.6734
グロイ	グロい	1285		17	-13.3009
グルジアゴ	グルジア語	1288		340	-14.0807
グルミ	ぐるみ	1298		42	-11.7658
グンコク	軍国	1285		388	-14.6819
グニャリ	ぐにゃり	1281		501	-13.9964
グタ	ぐた	1281		501	-18.1434
グー		1281		420	-12.1454
グイ	食い	1298		499	-11.0375
グアダラハラ		1293		272	-13.3811
グレゴリウスナナセイ	グレゴリウス7世	1288		273	-14.2818
グンシ	軍師	1285		246	-12.9322
グランデ		1289		149	-12.5895
グンジリョク	軍事力	1285	1298	17	-13.4562
グズ		776		501	-13.8621
グウイン	偶因	1285		501	-18.1929
グニュープロジェクト	GNUプロジェクト	1288		77	-13.9280
グシャグシャ	ぐしゃぐしゃ	1287		501	-18.0477
グウ	隅	1285		304	-16.4515
グラシ	暮らし	1285		427	-13.3040
グログロ	ぐろぐろ	1281		501	-17.3018
グンマケンタカサキシ	群馬県高崎市	1293		266	-12.1790
グズ	愚図	776		501	-16.0441
グユウ	具有	1283		501	-14.6065
グシ	愚姉	1285		501	-18.6282
グズツク	愚図つく	695		501	-14.6770
グサク	愚策	1285		153	-14.2627
グサ	種	1288		501	
グループチャット		1288		501	-14.4973
グンカイ	郡會	1285		501	-18.6282
グラーツ		1285		463	-14.0834
グウワ	寓話	1285		88	-12.9076
グンバイ	軍配	1285		137	-13.2294
グシ	ぐし	1285		150	-19.2344
グレン	紅れん	1285		501	-18.6282
グリッドマン		1288		26	-12.8339
グマ	含ま	764		481	-17.3803
グアラニー		1288		160	-13.9878
グンジ	軍事	1285		53	-10.0205
グンレイブチョウ	軍令部長	1288		106	-14.1770
グループ	ぐるーぷ	1285		501	-18.5412
グズル	グズる	772		501	-13.7369
グーグルセンセイ	グーグル先生	1288		501	-14.5309
グラビア		1285		324	-12.0183
グリード		1288		164	-14.6452
グンケ	郡家	1290		404	-16.5730
グンゾク	群賊	1285		501	-18.6282
グヂュウッ	ぐぢゅうっ	1281		501	-17.6734
グウゥ	ぐうぅ	3		501	-16.9819
グウッ	ぐうッ	1281		501	-17.6734
グウシ	ぐうし	587		501	-16.8959
グラップリング		1288		250	-14.0443
グリ		1281		462	-16.9196
グン	群	1298		218	-8.2149
グジョウ	郡上	1293		72	-17.4131
グルワ	廓	1285		3	-17.6237
グケイ	具慶	1291		501	-15.7745
グマイ	愚昧	1287		56	-14.8090
グビグビ	ぐびぐび	1281		501	-14.2426
グアドループ		1293		272	-12.9484
グリニッジシゴセン	グリニッジ子午線	1288		259	-14.9821
グイッ	ぐいっ	1281		501	-17.6734
グム	含む	762		481	-10.9478
グン	郡	1303		82	-6.2773
グズン	グズん	782		501	-13.8599
グレース		1291		25	-11.8492
グッピー		1285		116	-13.9231
グループノ	グループの	1285	368	17	-10.4081
グレイテスト・ヒッツ		1288		302	-14.2406
グラグラッ	グラグラっ	1281		501	-16.9196
グレアム		1289		255	-11.9854
グセン	愚仙	1291		501	-17.0738
グズレ	グズれ	784		501	-13.8598
グ	具	1300		4	-16.7378
グリニッジテンモンダイ	グリニッジ天文台	1293		210	-13.7496
グイ	越	1288		501	
グ	扈	1288		501	
グプグプ	ぐぷぐぷ	1281		501	-17.4704
グスリ	薬	1285		257	-18.5412
グドグド	ぐどぐど	1281		501	-17.6734
グッズコウニュウ	グッズ購入	1285	1283	17	-13.1789
グノー		1285		416	-14.8387
グレイ	ぐれい	1287		501	-14.1689
グツ	葛	1288		501	
グルメマンガ	グルメ漫画	1288		312	-14.2604
グンチ	郡治	1291		58	-20.4071
グラ	鞍	1288		501	
グラスコックピット		1288		95	-13.9937
グルーヴ		1288		412	-12.8970
グウカク	隅角	1285		501	-18.6282
グッズヲ	グッズを	1285	156	17	-11.0962
グループワーク		1288		419	-13.2390
グズル	ぐずる	772		501	-12.6194
グンエイ	群泳	1283		501	-18.0694
グンテン	軍転	1285		501	-17.4152
グタイレイ	具体例	1288		501	-11.3541
グンジヒ	軍事費	1288		79	-12.7283
グンジ	軍持	1285		501	-18.6282
グロケリャ	黝けりゃ	15		501	-18.4975
グビリグビリ	ぐびりぐびり	1281		501	-17.6734
グタイカ	具体化	1285	1297	17	-12.1188
グロ	ぐろ	1285		36	-13.8751
グーグルスプレッドシート	Googleスプレッドシート	1288		501	-14.5040
グッサリッ	ぐっさりっ	1281		501	-17.6734
グランドオープン		1288		2	-13.0699
グシュン	虞舜	1289		501	-17.9060
グリグリ		1285		147	-14.1809
グンバガ	ぐんばが	1285		501	-19.2344
グカク	具格	1285		327	-18.6282
ググット	ググッと	1281		501	-13.9531
グラプス	glaps	1285		501	-17.9351
グンマケンシブカワシ	群馬県渋川市	1293		266	-13.6307
グウゾウ	偶像	1285		199	-12.7945
グセイ	愚生	1285		501	-17.5236
グシャ	ぐしゃ	582		501	-10.5351
グウ	藕	1288		501	
グブツ	愚物	1285		501	-16.5534
グゲンカ	具現化	1283	1297	17	-11.8360
グンジシエン	軍事支援	1288		209	-14.0558
グンハ	軍は	1298	261	17	-11.0277
グンジカツドウ	軍事活動	1288		53	-13.7364
グイー	ぐいー	1281		501	-15.1181
グランビア		1288		227	-15.4504
グアムトウ	グアム島	1288		410	-13.3513
グレーゾーン		1288		456	-12.7651
グンムキョク	軍務局	1292		123	-11.7795
グリーグ		1288		416	-13.8528
グローバルシホンシュギ	グローバル資本主義	1292		350	-13.3672
グニャグニャッ	ぐにゃぐにゃっ	1281		501	-17.6734
グク		1288		501	-11.9728
グンジロウ	軍治郎	1291		501	-18.1724
グレードファイブ	G5	1288		213	-13.4581
グシロ	具しろ	588		501	-14.9321
グッズノ	グッズの	1285	368	17	-11.1991
グレヨ	グレよ	621		501	-11.9888
グンジュコウジョウ	軍需工場	1285		17	-13.4794
グチャグチャ	ぐちゃぐちゃ	1281		501	-11.9712
グチレ	愚痴れ	768		479	-11.7297
グサイ	愚妻	1285		501	-17.3126
グンゾク	軍属	1285		123	-13.2917
グダグダ	ぐだぐだ	1281		244	-12.3922
グローバル	global	1288		461	-13.8918
グーグー	😴	5		501	-21.1894
グアンテイ	愚安亭	1290		501	-17.7354
グイ	ぐい	1285		150	-19.0802
グンガクシャ	軍学者	1288		10	-14.9692
グチャ	ぐちゃ	1281		501	-12.6588
グア	ぐあ	1281		437	-12.5581
グールド		1292		255	-11.5221
グチ	口	1298		60	-8.7193
グ	颶	1288		501	
グレートプレーンズ		1293		432	-13.1977
グラ	ぐら	1285		80	-19.6398
グランドホテル		1293		2	-12.6728
グラインダー		1285		270	-14.6196
グレープバイン	grapevine	1285		501	-17.8906
グンユウ	群雄	1285		135	-14.2365
グフグフ	ぐふぐふ	1281		501	-15.7638
グラボ		1288		501	-13.3505
グラゴルモジ	グラゴル文字	1288		340	-14.7998
グロート		1289		167	-15.0381
グレーゾーンキンリ	グレーゾーン金利	1288		286	-14.6221
グンカ	軍歌	1285		416	-13.5951
グワラ	ぐわら	1281		501	-17.3018
グンマケンイセサキシ	群馬県伊勢崎市	1293		266	-13.2250
グレイシー		1288		334	-14.9149
グス	具す	584		501	-14.9371
グループガ	グループが	1285	148	17	-11.0714
グランドマスター		1288		334	-14.1927
グンリツ	群立	1283		501	-18.0694
グローバリスト		1285		501	-14.9722
グラディウスシリーズ		1288		296	-14.7573
グハン	虞犯	1285		345	-14.8632
グンク	郡区	1288		349	-12.7825
グルメバングミ	グルメ番組	1288		305	-14.3984
グロキャ	黝きゃ	17		501	-18.4975
グキグキ	ぐきぐき	1281		501	-17.4704
グレンジャー		1288		470	-14.6597
グキョウ	愚狂	1285		501	-18.6282
グリムスパンキー	GLIMSPANKY	1289		122	-18.5770
グラム・ロック		1288		412	-14.8342
グルテンフリー		1288		501	-12.9274
グワ	鍬	1285		4	-18.9467
グセ		1285		501	-14.2074
グウゲン	寓言	1285		501	-16.9486
グンセイ	群棲	1283		114	-15.7606
グーグル	Google	1288		363	-10.0691
グンジジョウホウ	軍事情報	1288		265	-14.3611
グラフィックデザイナー		1285		324	-12.8688
グラミー		1288		313	-13.5481
グリハマ	ぐりはま	1285		501	-18.1358
グオウ	藕翁	1291		501	-18.1724
グローバルジンザイ	グローバル人材	1288		419	-14.2106
グチニ	口に	1298	151	17	-11.3083
グセ	癖	1285		48	-18.7236
グンチョウ	郡長	1285		501	-18.6282
グレコ		1290		329	-12.3613
グルグルグル	ぐるぐるぐる	1281		501	-15.4247
グンイキ	郡域	1288		349	-11.2486
グランド	grand	1285		44	-17.8906
グンジサンギョウ	軍事産業	1288		181	-14.4731
グギ	ぐぎ	1281		501	-14.7342
グ	郡	1288		501	
グルグル	ぐるぐる	1281		60	-10.1539
グラブ		1285		198	-12.9097
グッズ		1285		442	-9.7424
グドウ	求道	1285		251	-17.7569
グフ	愚父	1285		501	-17.6658
グルーブ		1288		64	-14.0941
グラナダ		1288		373	-14.9536
グーフィー		1288		51	-13.6039
グンガッコウ	軍学校	1292		123	-12.9507
グッシャリ	ぐっしゃり	1281		501	-17.4704
グングン	ぐんぐん	1281		48	-11.7578
グラ		1285		203	-15.3899
グリーンティー		1289		501	-13.9141
グラフ		1290		447	-13.1399
グレ		625		25	-11.7292
グーグルケンサク	Google検索	1288		363	-12.6967
グッグッ	ぐっぐっ	1281		501	-17.0315
グロブリン		1288		100	-14.9592
グク		1285		501	-14.9637
グレネード		1288		264	-13.9645
グラフィックデザイン		1288		324	-11.5642
グビグビ		1281		501	-13.8790
グンガン		1288		164	-14.8156
グント	ぐんと	1281		78	-12.3494
グリグリ	ぐりぐり	1285		501	-15.2025
グモン	愚問	1285		501	-14.2977
グローリア		1288		416	-14.4468
グスン	🥲	5		501	-18.1706
グンジギジュツ	軍事技術	1288		53	-13.1569
グレードワン	G1	1288		245	-11.2284
グゲンカ	具現化	1288		186	-13.3021
グループメイ	グループ名	1285	1298	17	-12.3704
グルメ		1285		442	-11.2895
グレゴリオセイカ	グレゴリオ聖歌	1288		416	-13.3622
グンブ	軍部	1285		388	-11.7281
グワ	ぐわ	1281		501	-17.6734
グロタンディーク		1288		65	-14.5135
グリホサート		1285		257	-14.6683
グレル	グレる	619		501	-11.9936
グスク	城	1293		394	-13.5357
グラバー		1285		269	-14.9703
グレゴリウスイッセイ	グレゴリウス1世	1288		199	-14.8660
グッツ		1288		501	-14.8544
グンビ	軍備	1283		79	-11.8816
グルリグルリ	ぐるりぐるり	1281		501	-17.4704
グウジ	宮司	1285		238	-12.5435
グンユウカッキョ	群雄割拠	1285		135	-14.0698
グラディアトゥール		1289		303	-13.8319
グルタチオン		1288		83	-13.0880
グキ	莖	1288		501	
グーグル	GOOGLE	1288		501	-14.1414
グンケイ	群系	1285		501	-18.6282
グプタチョウ	グプタ朝	1288		359	-14.0016
グリーンウッド		1289		255	-13.4667
グウグウ	ぐうぐう	1281		501	-15.1822
グレゴリオ		1291		492	-13.5210
グラフィカル		1287		169	-12.7890
グローバルアイピーアドレス	グローバルIPアドレス	1288		45	-14.9244
グルーッ	ぐるーっ	1281		501	-17.6734
グッズセイリ	グッズ整理	1285	1283	17	-13.4449
グーグルアカウント	Googleアカウント	1288		501	-14.3014
グンノ	群の	1298	368	17	-11.3843
グズウ	弘通	1283		238	-15.2844
グウス	遇す	731		501	-17.3208
グンジテキ	軍事的	1288		388	-11.1010
グカンショウ	愚管抄	1288		10	-13.5800
グワー	ぐわー	1281		501	-14.0156
グッグッグッ	ぐっぐっぐっ	1281		501	-17.6734
グツ	忽	1288		501	
グサリ	鏈	1285		221	-18.9467
グリーヴァス		1285		459	-14.6026
グランドツーリング		1288		105	-14.8348
グラナドス		1288		0	-14.6624
グウス	寓す	731		501	-17.3208
グロマワリ	ぐろまわり	1293		501	-18.3940
グッズテンカイ	グッズ展開	1285	1283	17	-13.2552
グ	唔	1288		501	
グチグチ	ぐちぐち	1281		501	-13.1293
グシン	具申	1283		133	-13.0575
グラフ		1285		447	-10.9463
グセ	ぐせ	1285		54	-19.0802
グローバルシーオーイープログラム	グローバルCOEプログラム	1288		214	-14.8790
グモリ	ぐもり	1285		501	-19.4167
グズロ	愚図ろ	778		501	-16.0422
グッバイ		1289		203	-12.4151
グモリ	曇	1285		395	-16.9214
グロウ	黝う	31		501	-18.5068
グショウ	倶生	1285		501	-18.6282
グズレ	ぐずれ	784		501	-12.7423
グンサン	群参	1285		501	-18.6282
グルリ	ぐるり	1282		220	-11.7872
グラムセンショク	グラム染色	1288		100	-14.6232
グウタラ	ぐうたら	1287		56	-14.8450
グワジン		1288		190	-14.6869
グンガク	軍学	1285		251	-14.6110
グイノミ	ぐい吞み	1285		501	-19.2344
グース		1289		149	-13.0007
グノーシス		1289		88	-13.0196
グラツキャ	ぐらつきゃ	677		211	-12.6038
グンリョウ	軍粮	1285		501	-18.6282
グチャー	ぐちゃー	1281		501	-16.4947
グロース	Growth	1288		232	-13.4678
グ	藕	1288		501	
グッズコウカン	グッズ交換	1285	1283	17	-12.5735
グルジアジン	グルジア人	1288		408	-14.3859
グラスゴーダイガク	グラスゴー大学	1288		314	-14.0572
グニ	国	1288		501	
グンキ	軍器	1285		501	-18.6282
グッドデザインショウ	グッドデザイン賞	1288		313	-11.1380
グット	グッと	1281		113	-10.3383
グンヲ	軍を	1285	156	17	-11.3920
グラリ	グラり	1281		501	-16.9196
グループヲ	グループを	1285	156	17	-11.3276
グローバルスタンダード		1288		169	-14.7602
グ	晤	1288		501	
グズロ	ぐずろ	778		501	-12.7427
グズ		1287		54	-13.5658
グルタミンサン	グルタミン酸	1285		83	-13.4061
グチ	ぐち	1285		36	-11.8725
グラクソ・スミスクライン		1292		181	-13.0401
グレ	暮	1314		74	-17.6089
グ	顧	1290		128	-12.2261
グズグズ	愚図々々	1281		501	-17.8069
グ	狗	1288		501	
グウ	遇	1283		193	-12.8568
グンシュウ	群集	1283		490	-12.7291
グタイセイ	具体性	1285	1298	17	-12.4705
グモリ	曇り	788		112	-13.7466
グ	骨	1288		501	
グレリャ	グレりゃ	618		501	-11.9668
グアナファト		1293		501	-15.3029
グラシ	暮らし	1298		427	-13.3040
グロキ	黝き	21		501	-18.4977
グローリー	GLORY	1292		40	-13.0935
ググレ	ググれ	784		501	-11.2329
グリ	繰り	1285		63	-15.4728
ググググ	ぐぐぐぐ	1281		501	-15.9462
グウ	ぐう	3		99	-16.9819
グウサク	偶作	1285		501	-18.4767
グッド	ぐっど	1285		501	-15.1984
グンマグン	群馬郡	1288		72	-14.2782
グンジホウテイ	軍事法廷	1288		490	-14.0589
グッスリ	ぐっすり	1281		418	-17.6734
グレイスランド		1288		347	-14.5067
ググル	ググる	772		501	-11.1100
グジュー	ぐじゅー	1281		501	-17.6734
グプタ		1285		189	-15.4072
グラナダ		1293		373	-15.6214
グンラン	軍乱	1285		501	-18.6282
グラフィクス		1285		77	-15.3039
グニュッ	ぐにゅっ	1281		501	-17.6734
グケイ	愚形	1285		501	-18.6282
グンショルイジュウ	群書類従	1288		342	-14.6318
グローカル		1288		419	-14.5656
グテイ	愚弟	1285		501	-16.1328
グチュ	ぐちゅ	1281		501	-15.4651
グウウ	ぐうう	3		501	-16.9819
グンキモノ	軍記物	1288		10	-13.4870
グリーンカード		1285		486	-15.0144
グンリョウ	郡領	1285		501	-18.6282
グリ	群	1288		501	
グサン	愚山	1289		501	-17.9060
グレン・グールド		1289		416	-13.8778
グンシ	郡市	1285		397	-18.7236
グンジンチョクユ	軍人勅諭	1288		106	-14.5135
グループショウタイチュウ	グループ招待中	1285	1305	17	-13.0591
グロ	黝	11		501	-18.6597
グズラ	愚図ら	780		501	-16.0470
グンヒ	群飛	1283		501	-18.0694
グンチ	郡治	1285		58	-18.6282
グム		1288		188	-17.2775
グリコシド		1288		83	-14.4584
グチン	具陳	1283		501	-17.4154
グッズカ	グッズ化	1285	1297	17	-12.5115
グラップラーバキ	グラップラー刃牙	1288		103	-14.4288
グジョグジョ	ぐじょぐじょ	1281		501	-17.4704
グリセリン		1285		405	-13.7973
グッドラック		1288		22	-14.3177
グンダイ	郡代	1285		108	-13.9520
グー	gu	1288		5	-14.8274
グワッ	ぐわッ	1281		501	-17.6734
グ	篌	1288		501	
ググッ		1281		501	-13.0273
グリッ	ぐりっ	1281		501	-17.6734
グランドデザイン		1289		214	-13.2125
グワアッ	ぐわあっ	3		501	-16.9819
グルガ		1285		501	-15.3786
グラデ		1288		501	-13.8276
グチリ	愚痴り	788		479	-11.7337
グロイ	グロい	19		501	-17.2298
グソク	愚息	1285		501	-15.9361
グモウ	愚蒙	1287		501	-17.4416
グラッサー		1289		25	-15.6484
グハツ	倶発	1283		501	-18.0694
グライナラ	ぐらいなら	332	452	17	-11.3606
グラ	蔵	1285		312	-18.5412
グルグルグルッ	ぐるぐるぐるッ	1281		501	-17.6734
グツグツ	ぐつぐつ	1281		501	-12.8642
グンガ	郡衙	1288		72	-13.5850
グアン	愚暗	1287		501	-17.5369
グズレ	愚図れ	768		501	-16.0419
グンヨウ	軍用	1285		413	-11.9294
グスマン		1290		470	-13.0849
グラハム		1290		255	-11.7633
グラビトン		1288		227	-14.6272
グライシカ	ぐらいしか	332	257	17	-10.9674
グリス		1285		270	-13.7187
グンラク	群落	1285		116	-13.2933
グンマケンオオタシ	群馬県太田市	1293		266	-12.7195
グラブル		1288		501	-12.1592
グウブ	隅部	1285		289	-18.6282
グンダリ	軍荼利	1288		501	-18.5231
ググット	ぐぐっと	1281		501	-13.8275
グリコ		1288		274	-14.9720
グレートブリテン		1288		19	-13.9085
グンジ	郡治	1291		58	-17.0738
グンシュ	軍種	1288		188	-13.7315
グレシャム		1288		314	-14.3304
グラタン		1285		391	-12.4245
グラムヨウセイキン	グラム陽性菌	1288		355	-14.3681
グリース		1285		405	-14.0140
グンジョ	郡女	1288		501	-18.5231
グエエッ	ぐええッ	3		501	-16.9819
グレンタイ	愚連隊	1285		74	-14.3968
グリーンシャ	グリーン車	1285	1298	17	-11.8100
グンヨウシャリョウ	軍用車両	1288		413	-13.6169
グミ	ぐみ	1300		80	-18.5295
グワイ	具合	1285		48	-13.5914
グリンカ		1288		416	-14.4709
グンチョウショザイチ	郡庁所在地	1288		138	-12.1692
ググ		1281		501	-16.9196
グンジメン	軍事面	1288		388	-13.2087
グンマケンヌマタシ	群馬県沼田市	1293		69	-13.7895
グラファイト		1288		405	-13.3790
グユク		1289		273	-12.7247
グーグルカレンダー	Googleカレンダー	1288		197	-13.4434
グンレイブソウチョウ	軍令部総長	1288		106	-13.3246
グンジュサンギョウ	軍需産業	1292		79	-11.5707
グ	裘	1288		501	
グソウ	愚僧	1285		501	-17.8906
グルグルッ	グルグルっ	1281		501	-16.9196
グンヨウシャ	軍用車	1288		501	-14.5031
グループカ	グループ化	1288		501	-14.4380
グズリャ	グズりゃ	770		501	-13.8598
グリグリ		1281		147	-13.1581
グーグルホンヤク	Google翻訳	1288		501	-13.5320
グエーッ	ぐえーっ	3		501	-16.9819
グズッ	愚図っ	786		501	-16.0676
グレード		1285		168	-10.9597
グタッ	ぐたっ	1281		501	-17.6734
グイノミ	ぐい飲み	1285		501	-17.4045
グミ	茱萸	1285		501	-16.7523
グズグズ	愚図愚図	1281		501	-17.8069
グレッグ・レイク		1289		180	-13.7802
グアノ		1285		55	-14.2718
グシ	櫛	1285		4	-18.1929
グホウ	求法	1285		128	-15.7139
グロス		1290		255	-12.8944
グリーングラス		1288		245	-13.9458
グルメシティ		1288		35	-14.1321
グンジキゾク	軍事貴族	1288		464	-13.7674
グラレコ		1285		501	-13.1065
グランディ		1289		470	-13.7188
グチョグチョ	ぐちょぐちょ	1281		501	-14.7224
グルーミング		1288		355	-13.8787
グンキモノガタリ	軍記物語	1285		10	-14.0962
グループニ	グループに	1285	151	17	-10.7775
グンセイカイカク	軍制改革	1285	1283	17	-13.4913
グウサ	ぐうさ	586		501	-16.9729
グンジュ	軍需	1285		281	-12.1259
グウシヨ	ぐうしよ	585		501	-16.8883
グラムマイリッポウセンチメートル	g\u002fcm3	1300		501	-16.5146
グンマテレビ	群馬テレビ	1288		305	-14.0463
グラムインセイキン	グラム陰性菌	1288		355	-14.3300
グタイテキ	具体的	1288		468	-9.3876
グチサン	ぐちさん	1285	1302	17	-13.4677
グウザ	偶坐	1285		501	-18.6282
グエエッ	ぐええっ	3		501	-16.9819
グビジン	虞美人	1289		401	-13.4606
グンジョウ	郡丞	1285		501	-18.6282
グラム		1300		221	-10.0256
グチル	愚痴る	772		479	-11.6068
グタイカ	具体化	1288		436	-13.0315
グウスル	遇する	583		440	-13.2543
グジャグジャ	ぐじゃぐじゃ	1287		501	-18.0477
グンカン	群間	1285		501	-18.6282
グアイ	工合	1285		501	-18.6282
グシュグシュ	ぐしゅぐしゅ	1281		501	-15.9641
グアン	愚案	1285		501	-17.5480
グラマス		1285		501	-14.7750
グループイー	グループE	1288		348	-14.7515
グロカッ	黝かっ	33		501	-18.5176
グンエイ	郡衛	1285		501	-18.6282
グミ		1285		75	-12.3596
グ	逑	1288		501	
グライド	Glide	1289		398	-13.8057
グサリ	ぐさり	1281		501	-17.6734
グン	GUN	1288		493	-14.3102
グンギ	軍議	1285		501	-18.6282
グンセイ	郡制	1285		489	-18.6282
グリップ	grip	1285		501	-17.9351
グウーント	ぐうーんと	1281		501	-17.6734
グー	GU	1288		9	-12.7199
グチャッ	ぐちゃっ	1281		501	-17.6734
グンガクタイ	軍楽隊	1285		123	-13.1731
グジ	ぐじ	1288		266	-14.8628
グ	逅	1288		501	
グンコクシュギ	軍国主義	1288		388	-12.4972
グラム	瓦	1288		501	
グヌヌ	ぐぬぬ	3		501	-11.5851
グ	愚	1285		128	-12.9823
グチナ	ぐちな	1285		501	-19.2344
グリンダ		1285		11	-14.7917
グゲン	具現	1283		287	-11.9531
グラコロ		1288		501	-14.0339
グリーン	⛳	1285		501	-23.9558
グンマダイガク	群馬大学	1292		187	-13.0037
グロ	繰ろ	778		501	-18.5469
グシロ	ぐしろ	588		501	-10.5357
グンビョウ	軍兵	1285		411	-14.3166
グループカイシャ	グループ会社	1288		378	-11.7560
グロカレ	黝かれ	29		501	-18.4975
グイ	杙	1285		297	-18.9467
グドン	ぐどん	1287		501	-18.0477
グンゾウ	軍蔵	1291		501	-16.8914
グリゴリーラスプーチン	グリゴリー・ラスプーチン	1289		122	-12.8440
グオウ	ぐおう	3		501	-16.9819
グンジコモン	軍事顧問	1288		53	-13.0223
グンチ	郡地	1285		501	-18.6282
グッスン	ぐっすん	1281		501	-17.1576
グンヨウキ	軍用機	1288		413	-12.2518
グ	嵎	1288		501	
グショヌレ	ぐしょぬれ	1285		501	-19.2344
グスタフ・アドルフ		1289		273	-12.6527
グロッケンシュピール		1288		132	-14.2279
グアラニー	₲	1288		501	-20.0000
グンジカクメイ	軍事革命	1288		326	-14.3411
グッ		1285		203	-17.9816
グディニャ		1288		373	-14.6519
グンジシンコウ	軍事侵攻	1288		298	-13.8510
グツ	靴	1285		295	-17.2313
グオオオオオ〜	ぐおおおおお〜	3		501	-16.9819
グキ	茎	1285		333	-19.0802
グアイガ	具合が	1285	148	17	-11.0382
グニグニ	ぐにぐに	1281		501	-14.6640
グウ	宮	1298		404	-17.7053
グソク	具足	1283		395	-18.0694
グイグイ	ぐいぐい	1282		501	-11.9171
グッドウィル		1292		378	-12.7740
グキ		1285		501	-15.3290
グシン	愚神	1285		501	-18.6282
グリーンカレー		1288		501	-13.7667
グラベル		1288		63	-14.0965
グルーム		1293		149	-15.2441
グナ		1288		186	-14.7914
グチョク	愚直	1285		66	-14.4361
グラデーション		1285		242	-12.0307
グラフィックカード		1288		315	-14.5505
グビリ	ぐびり	1281		501	-16.4206
グリセルアルデヒド		1288		83	-15.0041
グルメ	ぐるめ	1287		501	-17.4416
グンタイ	群体	1285		501	-18.6282
グーグルフォト	Googleフォト	1288		501	-14.6257
グーグー	ぐーぐー	1281		501	-14.0591
グラスホッパー		1288		213	-14.2562
グチャ〜〜ッ	ぐちゃ〜〜っ	1281		501	-17.6734
グッ	グっ	1281		501	-16.9196
グンット	ぐんっと	1281		501	-17.6734
グジ	ぐじ	1285		266	-19.2344
グルシイ	ぐるしい	19		501	-19.0215
グルービイ	Groovy	1288		77	-14.4792
グキョウ	弘教	1285		501	-20.5694
グラスワンダー		1288		245	-13.5067
グンセイ	軍政	1285		215	-12.2480
グワ	桑	1285		3	-19.0802
グレハマ	ぐれはま	1285		501	-19.2344
グジン	愚人	1285		501	-16.1835
グリムドウワ	グリム童話	1289		59	-12.3430
グロシード	grosheide	1289		501	-16.8074
グレツ	愚劣	1287		66	-14.1870
グンガ	群鵞	1288		501	-18.5231
グニューイーマックス	GNU Emacs	1288		77	-13.8763
グンモン	軍門	1285		8	-14.6315
グリ		1288		462	-12.9394
グズロ	グズろ	778		501	-13.8602
グレミー		1285		459	-15.0046
グンマケンマエバシシ	群馬県前橋市	1293		266	-12.2793
グキョ	愚挙	1285		501	-16.9418
グシャリ	ぐしゃり	1281		501	-15.5632
グンジテキ	軍事的	1285	1299	17	-12.5660
グーグルドキュメント	Googleドキュメント	1288		501	-13.6533
グギッ	ぐぎっ	1281		501	-17.6734
グズル	愚図る	772		501	-15.9189
グループホーム		1285		402	-12.9158
グウゼン	偶然	1281		161	-13.5110
グフ	愚婦	1285		501	-18.6282
グラツコ	ぐらつこ	681		211	-12.6068
ググ		776		501	-11.2352
グウーッ	ぐうーっ	1281		501	-17.6734
グローフェ		1289		0	-14.6087
グラン		1288		149	-12.8644
グルグルマキ	グルグル巻き	1288		501	-14.9649
グーグルアドセンス	Google AdSense	1288		501	-14.5402
グンシュウ	群衆	1285		490	-12.3192
グローリー	Glory	1289		367	-13.1625
グループリーグハイタイ	グループリーグ敗退	1283		178	-13.1402
グループショウタイ	グループ招待	1285	1283	17	-12.9860
グンマケンフジオカシ	群馬県藤岡市	1293		266	-13.8678
グンカンクシレイブ	軍管区司令部	1288		501	-14.5481
グランクラス		1288		202	-14.6917
グサ	ぐさ	1285		437	-19.9275
グーグルクローム	Google Chrome	1288		77	-13.8823
グオーン	ぐおーん	1281		501	-17.6734
グール		1288		459	-13.5890
グアンチェゾク	グアンチェ族	1288		167	-14.6061
グウシャ	ぐうしゃ	582		501	-16.8869
グイット	ぐいっと	1281		501	-13.2712
グチレ	愚痴れ	784		479	-11.7297
グンジシ	軍事史	1288		291	-13.7113
グチャリ	ぐちゃり	1281		501	-15.9824
グレース	grace	1289		461	-12.4383
グウゼンセイ	偶然性	1314	1298	17	-13.3904
グリ		1285		462	-16.3646
グモ	含も	763		481	-17.3725
グシャッ	ぐしゃっ	1281		501	-17.6734
グワッ	ぐわっ	1281		501	-17.6734
グロン	愚論	1285		501	-17.0044
グリニャールシヤク	グリニャール試薬	1288		405	-14.0968
グンシレイカン	軍司令官	1288		53	-11.7017
グッスリ		1281		501	-13.6807
グシ		1285		501	-17.0634
グワン	ぐわん	1281		501	-13.1237
グリンピース		1285		501	-14.2699
グズン	愚図ん	774		501	-16.0419
グサグサ	ぐさぐさ	1281		501	-14.5949
グルコシダーゼ		1288		83	-14.9821
グンジセンリャク	軍事戦略	1288		388	-13.7197
グナイゼナウ		1288		230	-13.5491
グツグツ		1281		501	-12.6410
グルクロンサン	グルクロン酸	1288		83	-14.1103
グンショク	群植	1283		501	-18.0694
グッタリ		1281		501	-13.4128
グリムキョウダイ	グリム兄弟	1289		204	-12.7479
グンセキ	軍籍	1285		123	-14.8107
グワラッ	ぐわらっ	1281		501	-17.6734
グイ	ぐい	1281		150	-17.6734
グズラ	グズら	780		501	-13.8650
グウ	嵎	1288		501	
グンマ	群馬	1293		473	-10.3614
グラマラス		1288		66	-14.1842
グラスノスチ		1285		388	-14.9582
グンダン	軍団	1285		53	-10.7482
グラーツ		1293		463	-15.6214
グルテン		1285		487	-13.2459
グロク	黝く	35		501	-18.5807
グラウンズ	grounds	1285		501	-18.0304
グローバルセキュリティエキスパート	GSX	1288		168	-13.6386
グラグラグラ	ぐらぐらぐら	1281		501	-17.4704
グンセン	群仙	1285		501	-18.6282
グンシ	軍士	1285		501	-18.6282
グウイ	寓意	1285		88	-13.8499
グッド		1285		203	-12.0067
グッサン	ぐっさん	1288		54	-14.6907
グリニッジ		1293		138	-12.4392
グループゴト	グループごと	1285	1298	17	-13.1870
グシャグシャ	ぐしゃぐしゃ	1281		501	-12.9418
グズリャ	ぐずりゃ	770		501	-12.7423
グラリ	ぐらり	1281		501	-14.6457
ググン	ぐぐん	1281		501	-16.1258
グウ	ぐう	1285		99	-19.0802
グノーム	GNOME	1288		77	-13.6850
グモリ	曇り	1285		112	-13.7466
グンマー		1288		501	-14.5309
グズン	ぐずん	774		501	-12.7424
グシケンヨウコウ	具志堅用高	1289		122	-15.5610
ググウッ	ぐぐうっ	1281		501	-17.6734
グレーチング		1288		289	-14.6983
グチラ	愚痴ら	780		479	-11.7349
グー	goo	1288		363	-13.6048
グンダリ	軍陀利	1288		501	-18.5231
グーグルホンヤク	グーグル翻訳	1288		501	-14.9706
グンビ	軍備	1285		79	-18.6282
グ〜		1287		501	-16.7949
グライノ	ぐらいの	332	368	17	-9.9720
グズレ	グズれ	768		501	-13.8599
グレップ	grep	1283		197	-17.5433
グッチャン	ぐっちゃん	1289		501	-13.6667
グンジョウ	群青	1285		389	-13.7669
グデタマ	ぐでたま	1288		501	-14.5652
グルカヘイ	グルカ兵	1288		188	-14.8660
グンノ	軍の	1285	368	17	-11.2932
グル	繰る	772		501	-18.4236
グロイ	黑い	19		501	-19.0215
グランパス		1292		37	-12.6021
グーグーグー	💤	5		501	-21.0829
グリサア	ぐりさあ	3		501	-16.9819
グンチョウ	郡庁	1288		349	-14.2675
グチュッ	ぐちゅっ	1281		501	-17.6734
グリュミオー		1289		501	-15.9891
グージショ	goo辞書	1288		501	-14.6912
グンナイ	郡内	1290		480	-11.2857
グンジクンレン	軍事訓練	1288		53	-13.3201
グレイ		1288		255	-12.7676
グーグルマップ	Googleマップ	1288		206	-12.9013
グレネードランチャー		1288		264	-14.2562
グループ		1285		378	-8.5795
グデーリアン		1289		53	-12.7227
グランドフォークス		1293		70	-14.5228
グンシン	軍臣	1289		501	-17.9060
グサ	ぐさ	586		501	-10.6212
グランプリファイナル	GPファイナル	1288		101	-14.9764
グッ		1282		203	-11.9236
グデングデン	ぐでんぐでん	1285		501	-19.2344
グンマケンアンナカシ	群馬県安中市	1293		266	-13.7888
グスタフソン		1289		1	-14.9103
グッドリッチ		1292		181	-13.2208
グウノネ	ぐうの音	1285		501	-19.2344
グラッセ		1288		366	-14.8299
グアン	愚庵	1291		501	-15.9752
グンジテキキョウイ	軍事的脅威	1288		298	-14.6874
グ	禺	1288		501	
グロイ	ぐろい	19		501	-19.0215
グランツール		1288		7	-14.4946
グツワ	ぐつわ	1285		501	-19.6398
グワァ〜ッ	ぐわぁ〜っ	3		501	-16.9819
グー	ぐー	1281		80	-12.9004
グチュウ	虞仲	1289		501	-17.9060
グンガ	軍が	1298	148	17	-11.4211
グール	喰種	1285		499	-14.4347
グルジエフ		1285		204	-14.0811
グルーヴィー		1288		501	-14.2836
グレエ	黝え	19		501	-19.0215
グレート・ムタ		1288		141	-14.4363
グロイ	黝い	19		501	-19.0215
グテツ	愚哲	1291		501	-18.1724
グフ	ぐふ	3		501	-12.8755
グリチャン	ぐりちゃん	1289		501	-13.8546
グンペイ	軍平	1291		285	-15.2710
グンジヒョウロンカ	軍事評論家	1288		291	-14.5490
グータラ		1285		501	-15.0765
グラ		1289		203	-11.8940
グンキン	群禽	1285		501	-18.6282
グス	楠	1288		501	
グレゴリウス		1288		273	-13.0325
グヅグヅ	ぐづぐづ	1281		501	-17.6734
グラシ	暮し	1285		290	-17.8953
グツウ	弘通	1283		238	-18.4371
グリーンハイツ		1293		321	-13.7438
グレイハウンド		1289		87	-12.3684
グリフィン		1289		255	-12.5515
グンガッ	軍学	1285		251	-17.1110
グロス		1289		255	-12.1911
グ	齬	1288		501	
グンエキ	軍役	1285		275	-13.4142
グタリ	ぐたり	1281		501	-17.6734
グラマー		1287		324	-14.7311
グチル	グチる	772		501	-17.3250
グアイ	ぐ合	1285		501	-18.9467
グンビカクチョウ	軍備拡張	1288		388	-14.4283
グンキ	軍旗	1285		411	-13.0857
グー	✊	5		501	-20.8271
グンジシセツ	軍事施設	1288		480	-12.9377
グボ	愚母	1285		501	-18.3451
グショウ	虞韶	1289		501	-17.9060
グ		1285		462	-13.1989
グンカンジマ	軍艦島	1288		385	-14.8126
グンマ	ぐんま	1293		2	-18.3940
グラビアシャシン	グラビア写真	1288		501	-14.8071
グランドチャンピオンシップ		1288		316	-14.7400
グンサン	軍産	1285		501	-18.6282
グン	郡	1290		82	-16.2773
グンポウ	軍法	1285		193	-14.2255
グンット	グンッと	1281		501	-16.9196
グシカワ	具志川	1290		200	-13.9715
グミン	愚民	1285		495	-13.9110
グント	軍都	1285		501	-18.6282
グライニ	ぐらいに	332	151	17	-10.3522
グシ・ハン		1285		359	-15.0149
グマ	熊	1285		74	-18.4612
グンカン	軍管	1285		501	-18.6282
グリーンスタジアム		1288		316	-14.2517
グン	郡	1285		82	-9.8541
グイ	杭	1285		284	-18.9467
グサッ		1281		501	-13.7609
グッドバイ		1288		262	-14.5462
グライダー		1285		413	-12.9480
グンガク	軍楽	1285		123	-14.2469
グント	郡都	1285		501	-18.6282
グサッ	ぐさッ	1281		501	-17.6734
グズ	ぐず	1287		501	-18.0477
グンジサクセン	軍事作戦	1288		53	-12.9255
グーグルアドセンス	Googleアドセンス	1288		501	-14.2388
グジン	ぐ人	1285		501	-14.9619
グリン	ぐりん	1281		501	-17.6734
グルッ	ぐるっ	1281		114	-17.6734
グンボウ	軍帽	1285		242	-14.4380
グニャ	ぐにゃ	1281		501	-14.6789
グラフィッカー		1285		324	-15.2635
グラマー	grammar	1285		461	-17.8906
グレレ	グレれ	617		501	-11.9867
グンセン	軍扇	1285		501	-17.4708
グリア		1285		138	-14.8553
グルー	ぐるー	1281		293	-13.9435
グルグルグルグル	ぐるぐるぐるぐる	1281		501	-13.8656
グラドル		1288		409	-14.2944
グタイサク	具体策	1288		436	-13.8644
グローリアス		1289		230	-13.2096
グンシュク	軍縮	1283		209	-12.4801
グループハ	グループは	1285	261	17	-11.3256
グリフ		1285		45	-14.5538
グロース		1288		188	-12.3259
グローバリズム		1288		350	-13.7448
グチグチ		1281		501	-13.0266
グラウルング		1285		443	-14.9717
グアム	guam	1293		501	-16.7845
グタイテキ	具体的	1285	1299	17	-9.8799
グドウ	愚堂	1289		501	-17.1176
グアラニーゴ	グアラニー語	1288		501	-14.5962
グルリンコ	ぐるりんこ	1281		501	-17.6734
グリーンケン	グリーン券	1288		118	-14.0191
グチ	愚痴	1285		161	-10.8636
グット	ぐっと	1281		48	-10.6288
グ	苦	1288		501	
グライド	glide	1285		501	-17.8906
グリーンライン		1293		162	-12.5138
グリー		1285		255	-14.3115
グンゼ		1292		374	-12.9433
グンカン	軍艦	1285		230	-11.4703
グモ	ぐも	1285		437	-19.4167
グルーバー		1289		470	-15.4654
グアイ	具合い	1285		501	-15.2522
グンセン	軍船	1285		411	-13.6030
グルーピー		1289		460	-13.7951
グレンミラー	愚連ミラー	1288		501	-18.5231
グアニン		1288		83	-14.3588
グラフリロン	グラフ理論	1288		65	-14.1034
グリーン	GREEN	1288		40	-13.3854
グランドジャンプ		1288		396	-14.6692
グノコッチョウ	愚の骨頂	1288		501	-14.8286
グクペン		1285		501	-14.9536
グラム	ぐらむ	1300		501	-17.2768
グレイトフル・デッド		1289		196	-12.9627
グンジキミツ	軍事機密	1288		320	-13.7119
グッ		1281		203	-16.8624
グンカン	軍鑑	1285		501	-18.6282
グィネヴィア		1288		222	-14.6091
グヒョウ	愚評	1285		501	-18.6282
ググリ	ググり	788		501	-11.2370
グンサン	群山	1293		117	-17.7008
グロタンディークソスウ	57	1288		501	-18.4545
グローランサ		1288		212	-14.3729
グレイズ		1288		62	-14.9438
グンジソシキ	軍事組織	1292		326	-11.5363
グローブ	globe	1285		67	-17.9351
グループ	group	1285		5	-17.8906
グリトグラ	ぐりとぐら	1288		501	-14.2538
グラサン		1288		501	-13.7331
グラシ	ぐらし	1285		54	-19.6398
グーグルマップ	Google マップ	1288		363	-13.9989
グイグイ		1282		147	-11.4915
グミ	組	1300		454	-11.9015
グズン	ぐずん	782		501	-12.7424
グンジキョウリョク	軍事協力	1283		209	-14.9528
グーグルプレイ	Google Play	1288		363	-13.0739
グンショウ	群小	1285		126	-15.1890
グリコーゲン		1285		405	-13.8577
グリアサイボウ	グリア細胞	1288		355	-14.5300
グレッグ		1288		255	-13.8675
グランプリファイナル		1288		178	-14.6126
グダクサン	具沢山	1285	1298	17	-12.5080
グンゾウゲキ	群像劇	1288		322	-13.3161
グンマケンタテバヤシシ	群馬県館林市	1293		266	-13.5326
グロッキー		1285		368	-14.6961
グンケイ	軍警	1285		501	-18.6282
グメ	含め	765		481	-17.3688
グンガ	軍衙	1285		501	-18.6282
グラツキ	ぐらつき	689		211	-12.6255
グラム		1290		221	-10.7032
グリサ	ぐりさ	3		501	-16.9819
グンコ	軍鼓	1285		501	-17.4708
グウェンドリン		1289		11	-15.1927
グルーオン		1288		339	-14.4596
グラムマイリッポウメートル	g\u002fm3	1300		501	-16.5146
グズグズ	ぐずぐず	1282		66	-12.0575
グズッ	ぐずっ	786		501	-12.7348
グラビアザッシ	グラビア雑誌	1288		324	-14.9292
グニョッ	ぐにょっ	1281		501	-17.6734
グウゼンニ	偶然に	1314	151	17	-11.3822
グローバルキギョウ	グローバル企業	1288		378	-13.9287
グループステージ		1288		428	-12.7403
グスン	ぐすん	1281		501	-13.6181
グンボウ	軍防	1285		501	-18.6282
グンセイ	群星	1285		501	-18.6282
グンカイ	郡会	1285		191	-18.6282
グジョウ	郡上	1290		72	-13.4555
グウスカ	ぐうすか	1281		501	-17.6734
グンジ	軍次	1291		219	-14.4785
グミザワ	汲沢	1290		184	-15.4947
グンマケンチジ	群馬県知事	1288		156	-14.9278
グレイモン		1288		177	-14.9592
グリッサンド		1289		458	-13.0540
グスリ	藥	1288		501	
グンカク	軍擴	1285		501	-18.6282
グンベエ	軍兵衛	1291		501	-18.1724
グ	虞	1290		246	-15.2324
グゥ		1289		501	-13.1769
グチ		1285		54	-13.6222
グンカン	軍管	1288		501	-14.7164
グラフィー		1288		294	-14.8908
グル		1285		199	-12.1615
グリッチ		1288		207	-13.8129
グエン	愚演	1285		501	-18.6282
グントウ	群島	1285		410	-13.1516
グルタミン		1285		83	-14.6569
グドウシャ	求道者	1288		252	-14.3541
グズグズ	ぐずぐず	1281		66	-17.6734
グウモク	寓目	1283		501	-18.0694
グマイ	愚妹	1285		501	-16.7805
グンゾウシンジンブンガクショウ	群像新人文学賞	1288		313	-14.5918
グン	軍	1285		411	-9.5047
グレートオーカーン	グレート-O-カーン	1289		122	-13.6530
グレン	紅蓮	1285		389	-13.3200
グタイテキナ	具体的な	1285	454	17	-9.9810
グトウ	愚答	1285		501	-18.6282
ググ	ぐぐ	1281		501	-13.3354
グワ	ぐわ	1285		501	-19.6398
グウギン	偶吟	1285		501	-18.6282
グリセロール		1285		83	-15.0208
グランドピアノ		1288		132	-13.1073
グキ	ぐき	1285		501	-19.6398
グリコシドケツゴウ	グリコシド結合	1288		83	-14.4380
グリニッジ・ヴィレッジ		1288		347	-14.4933
グエル		1289		501	-12.3707
グチ		1289		54	-16.5197
グッズ	goods	1285		277	-17.8906
グニャグニャ	ぐにゃぐにゃ	1287		501	-14.0606
グレムリン		1288		89	-14.4110
グウスル	ぐうする	583		501	-16.8901
グレゴリオレキ	グレゴリオ暦	1288		482	-11.6532
グンギ	群議	1285		501	-17.6588
グジャラート		1285		359	-14.5248
グン	繰ん	782		501	-18.5466
グサ	草	1285		116	-18.6282
グウジン	偶人	1285		501	-17.8153
グレイ	㏉	1288		501	-20.0000
グンチュウジョウ	軍忠状	1288		10	-14.8035
グンタロウ	軍太郎	1291		501	-15.3392
グレゴリー	Gregory	1288		151	-14.9613
グ	餬	1288		501	
グレイ	glay	1288		501	-17.6581
グロ	黑	1285		501	-18.6282
グンジュショウ	軍需省	1292		281	-12.6403
グッショリ	ぐっしょり	1281		501	-14.5466
グリーンランタン		1288		462	-14.7316
グリーンバック		1288		96	-14.6041
グリーンベイ・パッカーズ		1288		62	-14.0986
グズレ	愚図れ	784		501	-16.0418
グーグル		1292		363	-10.8391
グンドク	群読	1285		501	-18.6282
グルーガン		1288		501	-14.6896
グンヨウチ	軍用地	1293		494	-13.5239
グリルナベ	グリル鍋	1285		17	-13.2823
グニ	國	1288		501	
グラツケ	ぐらつけ	685		211	-12.6094
グリーン	ぐりーん	1285		110	-18.5412
グンジサイバン	軍事裁判	1288		243	-13.9523
グイミ	ぐいみ	1285		501	-19.2344
グループキギョウ	グループ企業	1285		17	-12.8307
グニョ	ぐにょ	1281		501	-15.7601
グズリゴエ	愚図り声	1285		501	-18.7236
グンシュ	軍種	1285		188	-18.6282
グロースハック		1285		501	-14.9129
グリーン	GReeeeN	1289		67	-13.2012
グスグス	ぐすぐす	1281		501	-14.9293
グレーター		1288		347	-14.7671
グレードワン	g1	1288		226	-13.7325
グロスターコウ	グロスター公	1288		329	-13.9356
グングヌム		1288		501	-14.6676
グンテ	軍手	1285		270	-13.9332
グルノーブル		1293		463	-12.9541
グウスル	寓する	583		501	-15.9093
グランドキャニオン		1293		166	-13.4581
グミワラ	胡頽子原	1285		501	-18.7236
グンシュウダン	軍集団	1288		188	-13.7048
ググッ	ググっ	786		501	-11.0431
グルタミンサンナトリウム	グルタミン酸ナトリウム	1288		257	-14.2757
グリッドマン	SSSS.GRIDMAN	1288		501	-14.9102
グシャ	具しゃ	582		501	-14.9315
グツワ	轡	1285		4	-18.9467
グンシュク	軍縮	1285		209	-18.6282
グルチャ		1285		501	-15.0447
グマ	ぐま	1285		437	-18.9467
グチヲ	愚痴を	1285	156	17	-11.2015
グリューワイン		1288		501	-14.7561
グセン	具瞻	1285		501	-18.6282
グ	麌	1288		501	
グレードセイ	グレード制	1288		165	-13.5594
グエッ	ぐえっ	3		501	-16.9819
グンブ	郡部	1285		397	-14.0339
グリル	grill	1283		501	-17.5898
グルワ	ぐるわ	1285		501	-19.9275
グラブ	ぐらぶ	1285		501	-15.4079
グンジ	群司	1290		501	-17.7354
グンク	軍区	1285		501	-19.2344
グッズハ	グッズは	1285	261	17	-11.3201
グチョク	愚直	1287		66	-12.0058
グライデス	ぐらいです	332	460	17	-11.2453
グワア	ぐわあ	3		501	-16.9819
グメ	含め	760		481	-17.3687
グランプリシリーズ		1288		428	-14.1764
グリーンピース		1292		216	-11.9358
グジューッ	ぐじゅーっ	1281		501	-17.6734
グンシュクカイギ	軍縮会議	1288		209	-14.3422
グライダ	ぐらいだ	332	453	17	-10.9348
グリーン		1285		347	-10.4888
グセヨ	ぐせよ	589		501	-10.5351
グアム		1293		410	-11.0426
グンチュウ	軍中	1285		501	-18.6282
グンカンキ	軍艦旗	1288		230	-13.5840
グチ	口	1285		60	-18.3871
グセツ	愚説	1285		501	-17.5604
ググリャ	ググりゃ	770		501	-11.2329
グウキョ	寓居	1283		271	-14.9707
グ	劬	1288		501	
グジ	俱爾	1290		501	-17.7354
グンナイ	郡内	1285		480	-18.6282
グントウ	群盗	1285		8	-15.0488
グンスイ	軍帥	1285		501	-18.6282
グナ	求那	1288		501	-18.5231
グリッド	Grid	1289		453	-13.8922
グルリン	ぐるりん	1281		202	-16.4350
グンギ	群疑	1285		501	-18.6282
グスク		1288		385	-14.2650
グッドエンド		1288		501	-14.8570
グー	✊🏻	5		501	-22.0966
グンコウ	群鴻	1285		501	-18.6282
グンモウ	群盲	1285		501	-16.3627
グアイニ	具合に	1285	151	17	-11.2053
グ	衢	1288		501	
グルワ	曲輪	1285		435	-18.9467
グンガワ	軍側	1285		501	-18.9467
グレ		622		501	-12.0003
グローバルヘンスウ	グローバル変数	1288		197	-14.8783
グンピ	軍費	1285		275	-15.0193
グンブ	群舞	1283		0	-14.7160
グシヌイ	ぐし縫	1285		501	-19.2344
グショウ	具象	1285		307	-13.6116
グウシロ	ぐうしろ	588		501	-16.8875
グンヨウケン	軍用犬	1288		55	-14.9953
グス	具す	731		501	-17.4749
グンノ	軍の	1298	368	17	-10.6441
グンサイ	群載	1285		501	-18.6282
グンナイ	軍内	1285		501	-18.8289
グンタイ	ぐんたい	1285		331	-18.8289
グンシュウ	群聚	1283		501	-18.0694
グレ	ぐれ	625		437	-12.9740
グリエルモ		1289		329	-13.0082
グサ	臭	1288		501	
グンチョウ	群長	1285		501	-18.6282
グレースケール		1288		139	-14.3308
グニュグニュ	ぐにゅぐにゅ	1281		501	-16.2747
グローブス		1292		470	-13.6198
グリズリー		1288		499	-14.5709
グン	群	1285		218	-8.4424
グオン	ぐおん	1281		501	-15.4679
グジン	虞人	1285		501	-18.6282
グレープフルーツ		1285		75	-13.1971
グハン	ぐ犯	1285		501	-18.9467
グキョウ	弘教	1283		501	-18.0694
グー		1285		420	-13.6230
グンヨウヒコウジョウ	軍用飛行場	1288		171	-14.6111
グリム		1289		204	-12.1761
ググレ	ググれ	768		501	-11.2330
グーグルアース	Google Earth	1288		77	-14.7452
グイッ	グイっ	1281		501	-16.9196
グラフィック		1285		296	-11.0136
グッズジュチュウ	グッズ受注	1285	1283	17	-12.9427
グスタフ・マーラー		1289		416	-12.7500
グラフィックノベル		1288		393	-14.5575
グハッ	ぐはっ	3		501	-16.9819
グンジドクサイ	軍事独裁	1288		326	-13.7006
グシヌイ	ぐし縫い	1285		501	-19.2344
グ〜ント	ぐ〜んと	1281		501	-17.6734
グンナイ	郡内	1285	1298	17	-12.4003
グンジキョウコ	郡司恭子	1289		122	-12.9200
グシャ	ぐしゃ	1285		501	-15.0462
ググロ	ググろ	778		501	-11.2333
グンジエンジョ	軍事援助	1285	1283	17	-13.5033
グラウコン		1285		501	-14.9577
グリーンビル		1288		138	-14.6121
グルージャモリオカ	グルージャ盛岡	1288		372	-14.9800
グンポウ	群峰	1285		501	-16.5375
グラツケ	ぐらつけ	675		211	-12.6106
グサ	艸	1285		392	-18.9467
グズレ	ぐずれ	768		501	-12.7424
グテイ	愚帝	1285		501	-18.6282
グーグルマップ	Google Map	1288		501	-14.0362
グサグサ		1281		501	-13.2524
グルッ	グルっ	1281		501	-16.9196
グラミーショウ	グラミー賞	1288		313	-11.7873
グアイレカワ	グアイレ川	1288		335	-14.7503
グンジドウメイ	軍事同盟	1288		209	-12.9651
グス	ぐす	731		150	-17.6572
グトク	愚禿	1285		501	-16.6746
グラニュートウ	グラニュー糖	1288		391	-12.6364
グツ	沓	1285		4	-18.9467
グンシュ	郡守	1289		501	-13.3930
グーグルスカラー	Google Scholar	1288		501	-12.3105
グウゼンノサンブツ	偶然の産物	1289		227	-13.1480
グム	ぐむ	762		501	-17.3728