ゲキシュ	鷁首	1285		501	-18.6282
ゲタ	下駄	1285		60	-12.8040
ゲラ		1289		146	-16.8074
ゲジマユ	ゲジ眉	1285		501	-18.0817
ゲラ	啄木鳥	1285		501	-19.4167
ゲンチョウ	元朝	1314		135	-14.1928
ゲンタイ	減退	1283		182	-12.4579
ゲイジュツダイガク	芸術大学	1288		187	-11.6432
ゲン	原	560		330	-10.2382
ゲキジョウヨウ	劇場用	1285	1298	17	-12.8654
ゲンテンカイキ	原点回帰	1288		307	-12.8832
ゲンショク	幻触	1285		501	-18.6282
ゲンゲ	紫雲英	1285		501	-18.6282
ゲン	鉉	1288		501	
ゲンズリャ	現ずりゃ	591		501	-13.6250
ゲールゴ	ゲール語	1288		340	-13.4380
ゲキトウ	激闘	1283		26	-12.2703
ゲンバン	原版	1285		445	-13.7868
ゲルブ		1289		501	-15.3108
ゲンセンチョウシュウヒョウ	源泉徴収票	1288		345	-13.7271
ゲヤク	下薬	1285		501	-18.6282
ゲームス	games	1289		232	-12.5206
ゲンジロウ	源次郎	1291		497	-13.1285
ゲヲ	雄	1288		501	
ゲイリー・オールドマン		1289		496	-13.6260
ゲッカン	月刊	1285		136	-11.3219
ゲキロン	劇論	1283		501	-18.0694
ゲンエキインタイゴ	現役引退後	1288		334	-11.7337
ゲンショ	原初	1285		212	-13.0184
ゲンズレ	現ずれ	590		501	-13.6250
ゲッコウカメン	月光仮面	1288		477	-13.6134
ゲンカ	幻化	1285		501	-18.6282
ゲンペイ	原平	1291		104	-14.3988
ゲ	薤	1288		501	
ゲイダンキョウ	芸団協	1288		419	-18.5231
ゲビロ	下卑ろ	623		501	-18.0860
ゲンタク	玄琢	1293		501	-17.7008
ゲンエキ	源液	1285		501	-18.6282
ゲキテツ	撃鉄	1285		95	-18.6282
ゲンジツニ	現実に	1285	151	17	-10.2369
ゲンポウ	減封	1283		108	-18.0694
ゲンモク	玄黙	1291		501	-18.1724
ゲンコウ	元亨	1288		21	-18.5231
ゲンジョウ	玄象	1288		501	-18.5231
ゲンソバ	玄ソバ	1285		501	-18.6282
ゲンシュ	元首	1285		13	-12.3025
ゲンキョウ	源京	1291		501	-18.1724
ゲンエン	減塩	1288		142	-13.1049
ゲンキヲ	元気を	1287	156	17	-10.9343
ゲ	崕	1288		501	
ゲンキデ	元気出	1287	1298	17	-13.5469
ゲフィチニブ		1288		100	-14.5341
ゲンク	言句	1285		501	-18.6282
ゲカン	解官	1285		193	-17.4409
ゲツメイ	月明	1285		482	-16.1930
ゲンジュウロウ	源十郎	1291		501	-18.1724
ゲイ	貎	1288		501	
ゲイ		1285		25	-11.1434
ゲ	碍	1288		501	
ゲンバ	玄蕃	1285		148	-18.6282
ゲンチ	現地	1285		490	-9.5514
ゲリ		1285		11	-18.8289
ゲイショク	鯨食	1285		501	-18.6282
ゲンテイ	厳定	1285		501	-18.6282
ゲンシリョクジコ	原子力事故	1288		425	-14.6272
ゲキブツ	劇物	1285		257	-18.6282
ゲイジュツブンカクンショウ	芸術文化勲章	1288		313	-14.5967
ゲイヒンカン	迎賓館	1285		229	-14.0209
ゲイトウ	鶏頭	1285		392	-18.6120
ゲンサン	げんさん	1289		331	-13.2426
ゲテン	げてん	1285		501	-15.3446
ゲンキツ	元佶	1291		501	-18.1724
ゲンノスケ	弦之助	1291		501	-18.1724
ゲンポウ	減封	1288		108	-12.9864
ゲンセン	原潜	1285		413	-13.6874
ゲンバイ	元培	1291		501	-18.1724
ゲンヨウ	玄洋	1291		144	-13.5586
ゲンリュウ	元龍	1285		501	-18.6282
ゲンゾウ	玄蔵	1291		501	-18.1724
ゲント	玄莵	1293		501	-17.7008
ゲンサイ	玄栽	1291		501	-18.1724
ゲームシュウリョウ	ゲーム終了	1285	1283	17	-12.8792
ゲイニク	鯨肉	1288		55	-13.5881
ゲス		1288		113	-13.4945
ゲンサクト	原作と	1285	150	17	-11.4180
ゲカン	解官	1288		193	-14.1076
ゲルマニクス		1289		273	-12.7403
ゲンシロタテヤ	原子炉建屋	1288		174	-14.8895
ゲンピ	原肥	1285		501	-18.6282
ゲンエキヘイ	現役兵	1288		123	-14.6226
ゲンキダシテ	元気出して	1287	1285	17	-12.5115
ゲキダンクモ	劇団雲	1292		14	-13.0123
ゲンドウ	現道	1285		501	-12.6313
ゲンシ	彦之	1291		501	-18.1724
ゲンソン	現存	1283		435	-9.7386
ゲンキヅケロ	元気づけろ	623		438	-12.9652
ゲンノジョウ	弦之丞	1291		501	-18.1724
ゲン	痃	1288		501	
ゲンキュウショブン	減給処分	1283		17	-13.5033
ゲキセヨ	げきせよ	589		501	-15.0306
ゲジマユ	蚰蜒眉	1285		501	-18.7236
ゲビリャ	下卑りゃ	618		501	-18.0671
ゲンプウ	元風	1289		501	-17.9060
ゲキトク	激特	1285		501	-18.6282
ゲンマタイセン	幻魔大戦	1288		177	-14.7561
ゲンキ	厳喜	1291		501	-18.1724
ゲン	厳	1287		128	-12.7513
ゲゲ	下下	1285		177	-18.6282
ゲンオウ	元王	1289		484	-17.9060
ゲンバセキニンシャ	現場責任者	1288		215	-14.6961
ゲームカイハツ	ゲーム開発	1288		378	-12.5352
ゲンブツシュッシ	現物出資	1288		378	-14.9480
ゲキフン	激憤	1283		501	-16.5670
ゲッカンピーシーエンジン	月刊PCエンジン	1288		221	-14.9975
ゲンキンジドウアズケバライキ	現金自動預け払い機	1288		118	-14.9129
ゲンマ	弦間	1290		501	-15.2017
ゲッカンコミックブレイド	月刊コミックブレイド	1288		396	-14.5203
ゲンサン	減産	1283		422	-13.7488
ゲンホウ	言峰	1285	1298	17	-13.0946
ゲコク	下刻	1285		381	-15.7645
ゲイニンサン	芸人さん	1285	1302	17	-11.6450
ゲーミングキーボード		1285		501	-15.2641
ゲンコウ	幻光	1285		501	-18.6282
ゲンサクマンガ	原作マンガ	1288		501	-14.6571
ゲシュペンスト		1288		190	-15.1136
ゲキリュウ	激流	1285		220	-13.8426
ゲキ	外記	1285		403	-18.6282
ゲンキデス	元気です	1288		244	-12.3805
ゲント	玄都	1285		501	-18.6282
ゲームメーカー		1288		296	-13.1211
ゲンゴウホウ	元号法	1288		86	-14.7231
ゲットー		1285		408	-13.3859
ゲツシン	月神	1288		501	-17.0859
ゲン	現	1285		309	-6.9632
ゲン	巖	1288		501	
ゲンキデイテネ	元気でいてね	1288		501	-14.7538
ゲンサクノ	原作の	1285	368	17	-10.8174
ゲイザッシ	ゲイ雑誌	1288		324	-13.8424
ゲイコ	稽古	1283		364	-18.6884
ゲツジ	月次	1285		275	-13.5539
ゲンソ	減租	1285		501	-18.6282
ゲストコーナー		1288		501	-14.4765
ゲニ	げに	1281		54	-13.0650
ゲン	間	1288		501	
ゲンザイチ	現在地	1285		494	-11.5429
ゲキジン	激甚	1287		169	-14.4605
ゲームシステム		1288		322	-11.7954
ゲゼルシャフト		1285		181	-15.3460
ゲームケイ	ゲーム系	1285	1298	17	-13.4853
ゲッシ	月氏	1288		135	-13.6758
ゲンゲ	げんげ	1285		501	-18.9467
ゲス		11		501	-13.5176
ゲンカクカ	厳格化	1288		286	-13.9655
ゲッカンデンゲキコミックガオ	月刊電撃コミックガオ!	1288		396	-14.7503
ゲームカイシャ	ゲーム会社	1285		17	-12.4524
ゲン		1298		149	-18.8039
ゲコウ	下向	1283		498	-11.7462
ゲン	驗	1288		501	
ゲンキュウ	玄宮	1285		501	-18.6282
ゲッカンコロコロコミック	月刊コロコロコミック	1288		136	-12.9810
ゲンショウテンノウ	元正天皇	1289		263	-13.0748
ゲルダ		1289		11	-14.6433
ゲンノスケ	源之助	1291		497	-14.1073
ゲンイ	玄醫	1291		501	-18.1724
ゲンブツシキュウ	現物支給	1288		474	-14.6698
ゲンゾウ	現像	1283		270	-11.6399
ゲームマスター		1289		283	-12.2305
ゲンリュウ	源流	1285		176	-11.3319
ゲン	言	1300		365	-21.2560
ゲンバ	玄蕃	1291		148	-18.1724
ゲキレイ	激励	1283		133	-11.9033
ゲタ		1285		429	-14.5725
ゲン	厳	1285		128	-12.7513
ゲイノウ	芸能	1285		324	-11.2086
ゲイカ	猊下	1285		434	-15.4896
ゲンクラベ	験競べ	1285		501	-18.6282
ゲンシリョクアンゼンホアンイン	原子力安全・保安院	1288		12	-14.8538
ゲキアツ	激熱	1285		501	-18.6282
ゲッショウ	月商	1288		354	-14.1489
ゲシ	罌粟	1285		54	-19.2344
ゲツライ	月来	1285		501	-17.4881
ゲボン	下品	1287		66	-14.4461
ゲンコウ	元洪	1291		501	-18.1724
ゲンコウシャ	玄光社	1292		396	-13.5062
ゲンシサン	原資産	1288		286	-14.2832
ゲンカイ	玄海	1292		371	-13.2992
ゲンキョク	原曲	1285		478	-18.6282
ゲッシュウ	月収	1285		163	-12.2464
ゲンザイカイサイ	現在開催	1314	1283	17	-13.5155
ゲイン		1288		64	-13.6132
ゲキジョウ	げきじょう	1283		80	-13.7170
ゲンエキ	原液	1285		487	-13.4571
ゲンシ	原子	1285		339	-10.5528
ゲルマンソゴ	ゲルマン祖語	1288		340	-14.4502
ゲンマイ	玄米	1285		487	-12.0632
ゲス	解す	731		481	-14.2516
ゲチ	吉	1288		501	
ゲッシ	月子	1291		370	-11.9161
ゲン	賢	1288		501	
ゲームノウ	ゲーム脳	1288		457	-14.2069
ゲッケイカン	月桂冠	1285		256	-15.1597
ゲキハク	激白	1285		501	-18.6282
ゲームクリエイター		1288		14	-13.0553
ゲンゴロウ	源五郎	1285		497	-15.4381
ゲンスウ	減数	1283		83	-14.8945
ゲハン	下阪	1283		501	-18.0694
ゲンキゲンキ	元気元気	1287		17	-13.4281
ゲンタン	原炭	1285		501	-18.6282
ゲンホウ	元宝	1285		246	-18.8289
ゲイショウ	芸娼	1285		501	-18.6282
ゲ	崗	1288		501	
ゲンマ	減摩	1283		501	-18.0694
ゲームリロン	ゲーム理論	1288		239	-12.4008
ゲイジュツガッカ	芸術学科	1288		187	-14.0046
ゲンロントウセイ	言論統制	1288		388	-13.3079
ゲテモノ		1285		75	-14.2269
ゲンセイ	言声	1285		501	-18.6282
ゲキセイ	激成	1283		501	-18.0694
ゲンジョウニンシキ	現状認識	1288		186	-14.5108
ゲームザッシ	ゲーム雑誌	1288		136	-12.8762
ゲッシン	月神	1288		501	-14.5859
ゲンチャリ	原チャリ	1285		501	-18.6282
ゲンブ	玄武	1285		3	-18.6282
ゲキカ	激化	1283		182	-10.8931
ゲン	現	560		309	-6.7677
ゲンシ	限嗣	1285		501	-18.6282
ゲキヤセ	激やせ	1283		501	-18.0694
ゲバヒョウ	下馬評	1285		178	-13.8099
ゲンリョウ	原料	1285		55	-10.5352
ゲセ	解せ	734		481	-17.4704
ゲキマズ	激不味	1287		501	-17.2745
ゲンジ	源次	1291		285	-13.5171
ゲ	げ	1299		437	-16.3117
ゲキ	鬩	1288		501	
ゲンコウ	原稿	1285		445	-10.3285
ゲンキ	源喜	1291		501	-18.1724
ゲツアン	月庵	1289		501	-17.9060
ゲッショク	月色	1285		501	-16.8767
ゲラ	げら	1285		32	-14.3132
ゲンイチ	元一	1291		439	-14.1772
ゲリ	蹴り	1285		211	-15.5094
ゲキヤク	劇薬	1285		257	-13.9205
ゲンジ	げんじ	1291		437	-17.6615
ゲンゴカ	言語化	1285	1297	17	-10.7070
ゲキツウ	劇通	1285		501	-17.6588
ゲン	拑	1288		501	
ゲイカ	げい下	1285		501	-18.9467
ゲンシャ	減車	1283		426	-13.9279
ゲジン	外陣	1285		435	-18.3467
ゲンカイトッパ	限界突破	1285	1283	17	-12.0499
ゲシ	げし	1281		297	-17.6734
ゲツシ	臬司	1285		501	-18.6282
ゲンキュウ	元久	1288		21	-14.6390
ゲンクウ	源空	1289		392	-17.9060
ゲスシ	ゲスし	23		501	-13.3564
ゲッカイ	月海	1289		392	-17.9060
ゲイネン	迎年	1285		501	-18.6282
ゲンソキゴウ	元素記号	1288		83	-13.2550
ゲンシカケツゴウホウ	原子価結合法	1288		65	-15.0041
ゲサツ	下冊	1285		501	-18.6282
ゲラクリツ	下落率	1288		248	-14.7538
ゲンインヲ	原因を	1285	156	17	-11.0136
ゲンテキ	玄適	1291		501	-17.0738
ゲイユ	鯨油	1285		55	-14.6753
ゲキジュウ	激重	1283	1285	17	-13.3345
ゲイコ	芸子	1285		93	-18.6282
ゲキジョウエイガ	劇場映画	1285		17	-13.4337
ゲラー		1288		366	-14.7771
ゲツマツ	月末	1314		380	-10.8271
ゲンキンキュウフ	現金給付	1288		501	-14.2258
ゲンチュウ	原虫	1285		355	-14.5678
ゲンバニ	現場に	1285	151	17	-10.6035
ゲームキホンタイ	ゲーム機本体	1288		139	-15.0026
ゲスル	げする	583		501	-11.7637
ゲンシリョクデンチ	原子力電池	1288		173	-14.7026
ゲキワル	激悪	1287		501	-17.2745
ゲンダイブンメイ	現代文明	1288		88	-14.2026
ゲンネン	原燃	1288		501	-18.6566
ゲンレツ	厳烈	1287		501	-17.5369
ゲンイ	原意	1285		352	-15.5768
ゲガキ	夏書	1285		501	-18.6282
ゲジー	げじー	1283	1285	17	-13.0696
ゲイブン	藝文	1285		501	-18.6282
ゲンエキコウコウセイ	現役高校生	1285		17	-13.3009
ゲン	嵒	1288		501	
ゲロ	下呂	1293		200	-13.3386
ゲンピン	現品	1285		445	-14.7882
ゲンモウ	減耗	1283		182	-15.4707
ゲッコウ	月郊	1291		501	-18.1724
ゲツメイ	月名	1285		482	-18.6282
ゲンゴセイサク	言語政策	1288		340	-14.8595
ゲキヤバ	激やば	1287		501	-17.5369
ゲムマ		1285		501	-15.3604
ゲンザイ	原罪	1285		199	-12.9793
ゲンザイイチ	現在位置	1288		501	-13.5552
ゲンイツ	源逸	1291		501	-18.1724
ゲイビセン	芸備線	1288		162	-13.3729
ゲンゼ	減ぜ	595		43	-10.6917
ゲツキュウ	月休	1285		501	-18.6282
ゲッシン	月心	1288		501	-18.5231
ゲンジ	言辞	1285		252	-14.9637
ゲンゼン	儼然	1285		501	-18.8289
ゲンソウテキ	幻想的	1283	1299	17	-11.8793
ゲキシャ	劇写	1285		501	-18.6282
ゲームカイシジ	ゲーム開始時	1285	1305	17	-13.4736
ゲンセン	げんせん	1285		501	-18.9467
ゲンザブロウ	げんざぶろう	1291		501	-17.8847
ゲッター		1285		212	-13.7737
ゲンゴシュウダン	言語集団	1285		17	-13.4853
ゲンニョウ	原尿	1285		501	-18.6282
ゲッセイ	月清	1291		501	-18.1724
ゲスル	解する	583		456	-11.3314
ゲンキョウ	原郷	1285		135	-18.6282
ゲイジュツヒン	芸術品	1288		501	-13.5811
ゲンメイ	元明	1289		10	-17.9060
ゲンキ	元気	1287		17	-7.6099
ゲンズレ	減ずれ	590		43	-10.6564
ゲキサッカ	劇作家	1289		204	-10.7755
ゲンイチ	源一	1291		159	-14.6402
ゲンシンサイ	玄信斎	1291		501	-18.1724
ゲンズ	現ず	593		501	-13.6256
ゲンドウ		1285		26	-13.1678
ゲントウ	舷灯	1285		501	-18.6282
ゲカン	下官	1285		501	-18.7236
ゲンダイビジネス	現代ビジネス	1289		201	-12.5745
ゲンゲツ	🌗	5		501	-23.1286
ゲティ		1288		470	-14.9843
ゲンコ	げんこ	1285		78	-15.1301
ゲール		1291		149	-12.3434
ゲキジョウコウカイ	劇場公開	1288		501	-12.0138
ゲキシャ	檄しゃ	582		501	-15.9060
ゲビヨ	下びよ	624		501	-18.0858
ゲンドウ	玄堂	1291		501	-18.1724
ゲンザイワタシ	現在私	1314	1306	17	-13.2204
ゲンナ	元和	1293		21	-10.1875
ゲンパン	元版	1285		501	-18.6282
ゲームバランス		1288		351	-12.9038
ゲンキニ	元気に	1287	151	17	-9.9203
ゲンチニ	現地に	1285	151	17	-11.2446
ゲンシ	玄旨	1285		501	-18.6282
ゲンゾウ	原像	1285		186	-18.6282
ゲンミョウ	玄妙	1287		10	-15.0807
ゲキスル	檄する	583		501	-15.9093
ゲンコウ	元弘	1291		21	-13.8398
ゲンザエモン	源左衛門	1291		501	-18.1724
ゲンズ	減ず	593		43	-10.6570
ゲンゾウ	元蔵	1291		501	-18.1724
ゲンセイ	減勢	1285		501	-18.6282
ゲキハツ	激発	1283		182	-15.6385
ゲン	衒	1288		501	
ゲラン		1289		329	-12.9216
ゲンチチョウサ	現地調査	1285	1283	17	-13.0151
ゲイガク	芸学	1285		501	-18.7236
ゲクウ	外宮	1285		404	-13.5070
ゲンキョウ	元兇	1285		501	-18.6282
ゲームフリーク		1292		96	-13.0401
ゲンダソウスケ	源田壮亮	1289		122	-13.7680
ゲントウ	現当	1285		501	-17.6939
ゲンシリョク	げんしりょく	1285		331	-15.0708
ゲダツ		1283		501	-14.8001
ゲントク	験得	1285		501	-18.6282
ゲンエキインタイ	現役引退	1285	1283	17	-13.4620
ゲンサクショウセツ	原作小説	1288		322	-12.7459
ゲキカ	劇化	1283		477	-14.8779
ゲキレツ	激烈	1287		169	-12.1905
ゲ	嵬	1288		501	
ゲンユ	原油	1285		55	-12.0664
ゲンダイジン	現代人	1288		287	-11.6483
ゲツヨウ	月曜	1314		305	-9.5744
ゲンニン	現認	1283		501	-18.0694
ゲームズ		1285		347	-15.0071
ゲツビ	月尾	1290		501	-18.9501
ゲンギ	原義	1285		327	-13.0325
ゲンロウイン	元老院	1288		446	-11.3705
ゲグクリ	下括り	1285		501	-18.6282
ゲンダイニホン	現代日本	1288		88	-12.3277
ゲンワク	眩惑	1283		164	-15.0441
ゲンスウ	減数	1285		83	-18.6282
ゲッシ	齧歯	1285		501	-18.6282
ゲイジュツ	藝術	1285	1298	17	-13.1789
ゲンジョウデ	現状で	1285	149	17	-11.4144
ゲンシ	元始	1285		21	-15.4716
ゲンジロウ	絃二郎	1291		501	-18.1724
ゲンジュウ	幻住	1289		501	-17.9060
ゲンスイ	減水	1283		102	-15.1429
ゲンソウ	幻想	1283		307	-10.5160
ゲン	諺	1288		501	
ゲキウマ	激ウマ	1285		501	-18.6282
ゲングン	幻軍	1285		501	-18.6282
ゲイボウ	芸謀	1291		501	-18.1724
ゲンケイ	減軽	1283		501	-18.0694
ゲンゴテキ	言語的	1285	1299	17	-12.6553
ゲンショウ	舷墻	1285		501	-18.6282
ゲンゼヨ	げんぜよ	596		501	-8.4666
ゲン	黔	1288		501	
ゲキダンシキ	劇団四季	1292		324	-11.2693
ゲンキョウ	現況	1285		214	-12.9868
ゲッチュウ	月中	1285		501	-18.7236
ゲンスウ	限数	1285		501	-18.6282
ゲンシ	原始	1285		218	-11.5846
ゲント	玄菟	1293		501	-17.7008
ゲンジュウ	現住	1283		72	-13.9040
ゲンサイ	減災	1288		154	-14.0682
ゲンゼヨ	現ぜよ	596		501	-13.6250
ゲンゾウ	源蔵	1291		74	-12.7797
ゲゲ	下々	1285		495	-18.6282
ゲンボク	原木	1290		55	-16.1466
ゲコク	下国	1285		464	-18.6282
ゲサ	げさ	586		501	-11.8465
ゲントウ	玄冬	1285		501	-18.6282
ゲンシリョクイインカイ	原子力委員会	1292		214	-13.0409
ゲタ		1300		429	-16.7378
ゲンボク	原木	1285		55	-13.6466
ゲンジツシュギシャ	現実主義者	1288		56	-13.9315
ゲキシ	げきし	587		501	-15.0396
ゲンエキサイゴ	現役最後	1285		17	-13.2552
ゲオビツ	げお櫃	1285		501	-19.2344
ゲナン	下男	1285		74	-14.9698
ゲキチュウカ	劇中歌	1288		478	-13.2999
ゲンケイ	現形	1285		501	-18.6282
ゲイコウ	迎香	1285		501	-18.6282
ゲッカンコミックデンゲキダイオウ	月刊コミック電撃大王	1288		396	-14.3449
ゲンキャク	減却	1285		501	-18.6282
ゲッ	撃	1288		501	
ゲット・バック		1288		262	-14.9821
ゲーム	げーむ	1285		80	-14.3360
ゲンプク	玄福	1288		501	-18.5231
ゲームボーイ		1288		296	-12.0533
ゲンジツセカイ	現実世界	1288		212	-10.9869
ゲジ	蚰蜒	1285		501	-18.7236
ゲチ	黠	1288		501	
ゲボリ	牙彫り	1285		501	-18.6282
ゲンタ	源太	1290		74	-12.4419
ゲキスレ	檄すれ	581		501	-15.9060
ゲンキ	原器	1285		270	-14.5183
ゲンゲツ	弦月	1285		29	-15.7961
ゲゲ	解夏	1285		501	-18.6282
ゲンジル	現じる	619		501	-18.2480
ゲッコウ	激高	1283		161	-13.2856
ゲッコウ	激こう	1283		501	-18.0694
ゲキソウ	激走	1283		244	-14.3405
ゲンキョウ	現協	1285		501	-18.6282
ゲンアン	原案	1285		322	-11.6447
ゲンザイニ	現在に	1314	151	17	-10.7677
ゲンズ	げんず	593		501	-8.4671
ゲームセイサク	ゲーム制作	1285	1283	17	-12.8492
ゲンケイ	原型	1285		356	-10.8151
ゲオ		1288		35	-17.6068
ゲキダカ	激高	1287		161	-15.7856
ゲンシワクセイケイエンバン	原始惑星系円盤	1288		466	-14.4946
ゲントク	玄徳	1291		392	-18.1724
ゲンシャ	現車	1285		501	-18.6282
ゲームヨウ	ゲーム用	1285	1298	17	-12.9017
ゲンパン	原板	1285		270	-15.8276
ゲーミング		1285		181	-13.7553
ゲントウ	原頭	1285		501	-18.0923
ゲナ	げな	1298	454	17	-11.2012
ゲンシ	言詞	1285		501	-18.6282
ゲンソウキョク	幻想曲	1285		416	-13.8751
ゲンテイ	元帝	1291		246	-13.6506
ゲビレ	下びれ	617		501	-18.0870
ゲンダイヨウゴノキソチシキ	現代用語の基礎知識	1288		201	-14.8418
ゲンザイシンコウケイ	現在進行形	1288		152	-12.1879
ゲン	妍	1288		501	
ゲルマ	慶留間	1290		501	-18.8369
ゲートウェイ	Gateway	1288		453	-13.9851
ゲッケイ	月渓	1291		76	-18.1724
ゲンシャメイ	現社名	1288		374	-13.2708
ゲ	廈	1288		501	
ゲンジュウミン	原住民	1285		408	-12.5275
ゲンチョウ	原調	1285		501	-18.6282
ゲートボール		1285		362	-14.4516
ゲッコウ	激昂	1283		161	-12.2730
ゲンフウケイ	原風景	1288		307	-13.5806
ゲキガイ	激害	1285		501	-18.6282
ゲンセイ	現生	1285	1298	17	-13.4172
ゲンジョウ	現状	1285		468	-9.5808
ゲンセイ	厳正	1287		169	-12.3212
ゲンパク	玄白	1291		57	-13.1770
ゲンルシ	減るし	1298	1283	17	-13.5342
ゲキリョ	逆旅	1285		501	-18.0008
ゲンテン	原典	1285		59	-12.3746
ゲンカン	玄幹	1291		501	-16.2265
ゲームカ	ゲーム化	1285	1297	17	-13.2686
ゲリラハイシン	ゲリラ配信	1285	1283	17	-13.3345
ゲンカイシュウラク	限界集落	1288		480	-13.9018
ゲスケレ	ゲスけれ	13		501	-13.3554
ゲイ	睨	1288		501	
ゲンチョウ	元朝	1288		135	-14.1928
ゲンカツギ	験担ぎ	1288		17	-14.7701
ゲキゴ	激語	1285		501	-17.9816
ゲキ	檄	1285		8	-14.0222
ゲート	GATE	1289		40	-12.6771
ゲンカショウキャクヒ	減価償却費	1288		286	-13.9147
ゲンサン	源さん	1288		370	-13.0887
ゲンジ	原二	1291		501	-16.5366
ゲイノウカンケイ	芸能関係	1288		501	-14.3944
ゲカン	下浣	1285		501	-18.3451
ゲキシロ	げきしろ	588		501	-15.0312
ゲ	殖	1288		501	
ゲキヅクリ	劇づくり	1285		501	-18.6282
ゲネツザイ	解熱剤	1285		100	-13.5684
ゲンシリョクハツデンショ	原子力発電所	1288		102	-12.2028
ゲイジ		1285		417	-15.2072
ゲロク	下六	1289		501	-17.3182
ゲッカ	激化	1283		182	-14.2264
ゲンメツ	減滅	1283		501	-18.0694
ゲキオシ	激推し	1288		501	-13.3682
ゲス	げす	1287		293	-18.0477
ゲイジュツサイ	芸術祭	1288		224	-12.8259
ゲームブ	ゲーム部	1285	1298	17	-12.9924
ゲイノウプロダクション	芸能プロダクション	1288		324	-13.0171
ゲーメスト		1288		136	-13.4135
ゲイノウカイインタイ	芸能界引退	1288		409	-13.7654
ゲンキ	源起	1291		501	-18.1724
ゲッツー		1285		310	-14.1106
ゲヒン	下品	1285		66	-13.8854
ゲンカク	元覚	1291		501	-18.1724
ゲーリュサック	ゲイ‐リュサック	1289		501	-16.7429
ゲキ	激	1283		244	-10.4421
ゲゲゲ	げげげ	1281		501	-15.3244
ゲンイチロ	げんいちろ	1291		501	-17.8847
ゲンキョク	原曲	1288		478	-11.7441
ゲンショク	減食	1283		501	-16.0432
ゲホ	げほ	1281		501	-14.9653
ゲンシュウ	言臭	1285		501	-18.6282
ゲキシン	撃針	1285		95	-18.6282
ゲッタン	月旦	1285		501	-18.6282
ゲンチュウ	元中	1288		21	-18.9931
ゲンワ	玄和	1289		501	-17.9060
ゲッシュウ	月舟	1291		501	-15.4643
ゲ	家	1288		501	
ゲンリシュギ	原理主義	1288		88	-13.1778
ゲヘナ		1288		429	-14.1546
ゲットウ	月桃	1285		501	-18.6282
ゲイノウリポーター	芸能リポーター	1288		409	-14.5420
ゲンゾウ	玄造	1291		501	-18.1724
ゲンカ	減価	1283		286	-14.0722
ゲンコツ	げんこつ	1285		54	-14.8578
ゲサ	袈裟	1285		4	-18.7236
ゲイシャ	芸者	1285		311	-12.5842
ゲンカ	弦歌	1285		501	-18.1929
ゲンゴロウ	げんごろう	1285		501	-18.9467
ゲンソウ	源宗	1288		501	-18.5231
ゲイシュウ	芸州	1293		394	-17.7008
ゲニ	げに	1298	151	17	-11.2650
ゲンケイキ	原型機	1285	1298	17	-13.4853
ゲンシハンケイ	原子半径	1288		339	-15.0041
ゲンチュウ	玄中	1285		501	-18.6282
ゲンガク	絃楽	1285		501	-18.7236
ゲンジツトウヒ	現実逃避	1285	1283	17	-12.3372
ゲイノウ	げいのう	1285		501	-18.9467
ゲンゼ	現ぜ	595		501	-13.6603
ゲルリッツ		1288		349	-14.6519
ゲンスウブンレツ	減数分裂	1288		355	-13.1149
ゲンキョク	元曲	1288		342	-14.6772
ゲキブン	檄文	1285		193	-14.2797
ゲームハ	ゲームは	1285	261	17	-10.3682
ゲサン	華山	1288		128	-14.9285
ゲンセン	減船	1285		501	-18.6282
ゲンハン	減帆	1285		501	-18.6282
ゲンゼヨ	現ぜよ	594		501	-13.6250
ゲン	銜	1288		501	
ゲジ	下知	1283		193	-15.7654
ゲンニン	元仁	1288		21	-18.5231
ゲンキチ	源吉	1291		497	-14.6189
ゲンゴノウリョク	言語能力	1285		17	-13.0184
ゲンインキュウメイ	原因究明	1288		425	-13.6268
ゲンソバクハツ	元素爆発	1285	1283	17	-12.9579
ゲソ	げそ	1285		501	-15.4404
ゲン	玄	1290		128	-17.9586
ゲツ	月	1300		380	-17.6132
ゲン	幻	1285		212	-12.5902
ゲ	霓	1288		501	
ゲンセイ	原性	1288		501	-14.1774
ゲンジツ	げんじつ	1285		293	-15.3956
ゲバ		1285		80	-14.8675
ゲンテイセイサン	限定生産	1283		17	-13.5533
ゲキカラ	激辛	1287		75	-17.5369
ゲンコウ	減光	1285		501	-18.6282
ゲントウシャブンコ	幻冬舎文庫	1288		136	-13.7242
ゲキコウ	激昂	1283		161	-18.2364
ゲンダン	厳談	1283		501	-17.6899
ゲジョウ	下乗	1283		392	-16.1235
ゲンズ	原図	1285		59	-15.0066
ゲンポ	阮甫	1291		285	-14.0847
ゲンカイ	厳戒	1283		53	-14.0804
ゲビレ	下卑れ	617		501	-18.0870
ゲンダイビジュツ	現代美術	1288		84	-12.5305
ゲキラク	激落	1283		501	-18.0694
ゲンカ	元歌	1285		501	-18.6282
ゲキヤスカカク	激安価格	1287	1285	17	-13.5533
ゲンクン	元勲	1285		106	-13.9357
ゲントウ	幻冬	1288		501	-18.5231
ゲンリュウ	元龍	1291		501	-18.1724
ゲッシ	月支	1293		501	-17.7008
ゲキロウ	逆浪	1285		501	-18.0304
ゲンキンバライ	現金払い	1288		118	-13.4415
ゲンシャー		1289		68	-14.3005
ゲンキ	元氣	1287		501	-17.3546
ゲイダイ	藝大	1285	1298	17	-12.9924
ゲジ		1288		382	-13.7433
ゲンゾウエキ	現像液	1288		270	-14.5637
ゲンプウ	厳封	1283		501	-16.6306
ゲームエンジン		1288		77	-13.2384
ゲタゲタ	げたげた	1281		501	-17.3018
ゲス	解す	584		456	-14.2516
ゲンバカントク	現場監督	1288		269	-13.6286
ゲイニク	鯨肉	1285		55	-18.6282
ゲントウ	厳冬	1285		112	-13.8695
ゲンロン		1289		136	-12.9724
ゲイタロウ	鯨太郎	1291		501	-18.1724
ゲシュク	下宿	1290		290	-14.3130
ゲイジュツゲキジョウ	芸術劇場	1288		98	-14.5728
ゲンカ	元加	1283		501	-18.0694
ゲ	駭	1288		501	
ゲッカンザッシ	月刊雑誌	1288		136	-14.4853
ゲンテイメンキョ	限定免許	1288		319	-14.2768
ゲンテイシ	限定詞	1288		327	-14.7276
ゲンポウ	元豊	1288		21	-18.5231
ゲン	鳫	1288		501	
ゲレツ	げれつ	1287		501	-17.6422
ゲームパッド		1288		139	-14.4200
ゲヒョウ	解表	1285		501	-18.6282
ゲンロンノジユウ	言論の自由	1288		456	-12.4303
ゲキゲンシ	激減し	1283	610	17	-11.4352
ゲイジュツセンショウ	芸術選奨	1292		313	-12.0422
ゲンマ	幻魔	1285		212	-18.6282
ゲンノショウコ	げんのしょうこ	1285		501	-18.9467
ゲンテン	原点	1285		356	-11.1036
ゲンボウ	厳暴	1285		501	-18.6282
ゲカン	下巻	1285		59	-12.7408
ゲイ	迎	1288		501	
ゲンコ	儼乎	1285		501	-18.8289
ゲチ	猾	1288		501	
ゲンサイ	玄斉	1291		501	-18.1724
ゲンソバ	玄蕎麦	1285		501	-18.6282
ゲン	顏	1288		501	
ゲイム	芸夢	1288		501	-18.5231
ゲイモリ	芸森	1285		501	-18.6282
ゲッカンショウネンエース	月刊少年エース	1288		136	-14.2675
ゲームマシン		1288		296	-14.9692
ゲンザイデ	現在で	1314	149	17	-10.0989
ゲンシキリストキョウ	原始キリスト教	1288		189	-14.7854
ゲキニ	激似	1288		501	-14.3251
ゲカン	下艦	1283		501	-18.0694
ゲ	花	1285		333	-33.7938
ゲームチュウ	ゲーム中	1285	1305	17	-11.7523
ゲキシュウ	激臭	1285		501	-16.6746
ゲンカ	げんか	1283		437	-19.2480
ゲンサクシャ	原作者	1288		322	-11.0310
ゲンキン	現金	1287		474	-18.4532
ゲンモン	舷門	1285		308	-16.6592
ゲンキ	玄樹	1291		122	-12.5870
ゲキオモ	激重	1283	1287	17	-13.3748
ゲリ		1283		11	-14.5733
ゲンヘイ	元兵	1285		501	-18.7236
ゲーミングチェア		1285		501	-14.1212
ゲビヨ	下卑よ	624		501	-18.0858
ゲイノウカンケイシャ	芸能関係者	1288		324	-14.5913
ゲキスレ	げきすれ	581		501	-15.0306
ゲンエキゾッコウ	現役続行	1288		306	-12.7364
ゲンカイ	顕界	1285		501	-18.6282
ゲンクロウ	源九郎	1291		32	-17.0738
ゲサク	戯作	1285		312	-14.3483
ゲンエ	源衛	1291		501	-18.1724
ゲンサイ	彦斎	1291		501	-18.1724
ゲンソウテキ	幻想的	1288		307	-12.9831
ゲンツキバイク	原付バイク	1285		17	-13.3494
ゲッパン	月販	1285		361	-15.8058
ゲンキ	元亀	1285		21	-12.1312
ゲンキ	玄気	1291		501	-18.1724
ゲ	慶	1288		501	
ゲビヨ	下びよ	621		501	-18.0891
ゲイトウ	芸統	1285		501	-18.6282
ゲンジョウ	現狀	1285		501	-18.6282
ゲンチグミ	現地組	1285	1298	17	-13.5033
ゲッケイジュ	月桂樹	1285		4	-14.5357
ゲンキ	玄輝	1291		501	-18.1724
ゲンジュウ	元十	1291		501	-16.5629
ゲンシブツリガク	原子物理学	1288		239	-14.5962
ゲンリョウチュウ	減量中	1283	1305	17	-13.4973
ゲスク	ゲスく	35		501	-13.4386
ゲンシツ	減失	1283		501	-18.0694
ゲンミツ	げんみつ	1287		501	-17.6422
ゲシュタルトホウカイ	ゲシュタルト崩壊	1288		501	-13.9921
ゲイジュツサクヒン	芸術作品	1288		84	-12.1965
ゲロウ	下郎	1285		392	-16.1741
ゲームアーカイブス		1288		24	-13.3099
ゲッティンゲン		1293		463	-11.4639
ゲキク	激苦	1285		501	-18.6282
ゲン	阮	1290		246	-17.9586
ゲンメイ	言明	1283		456	-12.6989
ゲンコクテキカク	原告適格	1288		456	-14.8750
ゲンチサイヨウ	現地採用	1288		156	-14.1436
ゲイ	猊	1288		501	
ゲショウ	化粧	1283		295	-18.5549
ゲビロ	下びろ	623		501	-18.0860
ゲームガメン	ゲーム画面	1285		17	-12.7464
ゲンボク	元朴	1291		501	-18.1724
ゲンシン	玄信	1288		501	-18.5231
ゲームエイキョウド	ゲーム影響度	1285	1298	17	-13.2823
ゲンバツ	厳罰	1285		243	-18.6282
ゲンジュウ	厳重	1287		169	-11.0467
ゲンチャ	原チャ	1288		501	-14.8274
ゲンサクファン	原作ファン	1288		56	-13.8599
ゲンザイモ	現在も	1314	262	17	-10.3364
ゲンゴン	源権	1291		501	-18.1724
ゲンテイ	元帝	1288		246	-14.8163
ゲンザイマデ	現在まで	1314	355	17	-11.2174
ゲンショウシ	減少し	1283	610	17	-10.5207
ゲッカンプリンセス	月刊プリンセス	1288		396	-14.8035
ゲキジョウ	激情	1285		252	-18.6282
ゲンセンチョウシュウ	源泉徴収	1288		286	-13.4162
ゲツク	月9	1288		476	-12.6308
ゲッパク	月魄	1285		501	-18.6282
ゲツアス	月アス	1288		501	-18.5231
ゲセ	解せ	729		481	-17.4644
ゲジ		1285		382	-18.0817
ゲジ	げじ	1283		437	-14.1342
ゲンチサンセン	現地参戦	1285	1283	17	-13.2289
ゲ	邂	1288		501	
ゲッシ	げっし	1285		501	-18.9467
ゲンダイシ	現代詩	1288		323	-12.3766
ゲスレ	解すれ	581		456	-15.7883
ゲンテイハンバイ	限定販売	1288		24	-13.0007
ゲッポウ	月報	1285		136	-14.2776
ゲンゾウ	源造	1291		501	-18.1724
ゲンポウ	現法	1285		501	-18.7236
ゲンポウ	元封	1288		21	-15.4321
ゲッケイ	月経	1285		192	-12.8503
ゲンバ	玄蕃	1293		148	-12.5149
ゲンソンスル	現存する	1283	599	17	-11.2317
ゲンサイ	減殺	1283		182	-14.5585
ゲンシュウ	原州	1293		58	-17.7008
ゲビン	下びん	620		501	-18.0862
ゲキム	劇務	1285		501	-18.6282
ゲンダイ	現代	1285		88	-8.9510
ゲンキデ	元気で	1287	458	17	-10.3130
ゲームイガイ	ゲーム以外	1285	1313	17	-13.0085
ゲキダンイン	劇団員	1288		449	-12.7751
ゲ	鯢	1288		501	
ゲシ	解し	735		481	-17.5462
ゲンノウ	玄應	1289		501	-17.9060
ゲンレイ	玄齢	1291		501	-18.1724
ゲット	get	1283		121	-17.5433
ゲンジレ	減じれ	617		481	-12.4278
ゲンテイブランド	限定ブランド	1283	1285	17	-13.0910
ゲンカク	幻覚	1285		192	-11.5719
ゲンダイケンチク	現代建築	1293		84	-13.2066
ゲンチ	言質	1285		436	-13.8932
ゲンキュウ	げんきゅう	1285		501	-18.9467
ゲンキュウ	減給	1283		12	-13.2181
ゲンゴ	原語	1285		340	-12.7447
ゲンキイッパイ	元気いっぱい	1288		420	-12.2622
ゲンコツ	拳骨	1285		147	-15.0149
ゲンジュウ	原住	1283		160	-18.0694
ゲームマーケット		1288		501	-13.9619
ゲンナリ	げんなり	1283		501	-13.5057
ゲボク	下僕	1285		222	-13.0566
ゲ	礙	1288		501	
ゲンサクドオリ	原作通り	1285	1298	17	-12.8412
ゲバラ		1288		326	-14.0250
ゲキジョウアニメ	劇場アニメ	1288		322	-12.7668
ゲンポン	原本	1285		59	-12.5791
ゲーム		1285		283	-7.9099
ゲロゲロ		1281		501	-13.9845
ゲームギョウカイ	ゲーム業界	1285		17	-12.3674
ゲイビデオ		1288		324	-14.8237
ゲンザイビ	現在日	1288		59	-13.5664
ゲキジョウナイ	劇場内	1285	1298	17	-13.5155
ゲツダイ	臬台	1285		501	-18.6282
ゲンアイ	厳愛	1285		501	-18.6282
ゲンエキセイカツ	現役生活	1288		178	-12.8304
ゲンソゴウセイ	元素合成	1288		339	-14.8595
ゲッ	擊	1288		501	
ゲット	GET!	1288		501	-13.6485
ゲッカンホビージャパン	月刊ホビージャパン	1288		136	-14.7349
ゲッセン	月蟾	1291		501	-18.1724
ゲッキュウ	月給	1285		163	-12.7038
ゲン		1285		149	-12.7586
ゲンゴザエモン	源五左衛門	1291		501	-18.1724
ゲンシジン	原始人	1288		212	-13.8075
ゲッソン	月村	1291		465	-14.1270
ゲンケン	原件	1285		501	-18.6282
ゲンゴ	源吾	1291		497	-13.1328
ゲンメン	原綿	1285		145	-16.2987
ゲキセンク	激戦区	1288		334	-12.9153
ゲンキヅケ	元気づけ	622		301	-12.9762
ゲンチシュウゴウ	現地集合	1285	1283	17	-13.2507
ゲンジュウ	げんじゅう	1287		501	-17.6422
ゲンビン	減便	1285		501	-18.6282
ゲンガッ	玄学	1285		501	-18.9467
ゲイタザエモン	鯨太左衛門	1291		501	-18.1724
ゲッソウ	月相	1288		466	-14.4188
ゲンダカ	現高	1285		501	-17.6658
ゲンシン	原審	1285		12	-15.1051
ゲンダイテキ	現代的	1285	1299	17	-11.9712
ゲキフン	激奮	1283		501	-18.0694
ゲンキ	げん気	1287		501	-17.8935
ゲンショウガ	現象が	1285	148	17	-11.1379
ゲンヒコク	原被告	1285		501	-18.6282
ゲッケン	撃剣	1285		406	-14.4745
ゲンゴチョウカクシ	言語聴覚士	1292		402	-12.3127
ゲンタン	減反	1283		422	-15.1339
ゲンダイシテチョウ	現代詩手帖	1288		57	-14.9850
ゲッカイ	月界	1285		501	-18.6282
ゲンキョウ	元亨	1289		21	-12.6200
ゲンバ	現場	1285		490	-9.2677
ゲンセイ	現世	1285		212	-12.2050
ゲンゴショウガイ	言語障害	1288		192	-13.8082
ゲンマツ	原末	1285		501	-18.6282
ゲッカンガンガンウイング	月刊ガンガンWING	1288		396	-14.8595
ゲンジャ	験者	1285		501	-16.5263
ゲンキニナル	元気になる	1287	772	17	-11.3968
ゲームバングミ	ゲーム番組	1288		476	-14.4827
ゲキゾウ	激増	1283		182	-12.2435
ゲンケイ	元慶	1288		21	-14.1509
ゲンジョウ	原壌	1289		501	-17.9060
ゲビツ	下櫃	1285		501	-18.7236
ゲテモノ	げてもの	1285		501	-18.9467
ゲンウ	玄雨	1291		501	-18.1724
ゲユ	解由	1285		501	-18.6282
ゲンシン	原神	1283		501	-10.9344
ゲーマー		1288		322	-11.7464
ゲンスウ	限數	1285		501	-18.6282
ゲンキン	現金	1285		474	-10.5937
ゲルマンケイ	ゲルマン系	1288		359	-13.5317
ゲンシン	厳親	1285		501	-18.6282
ゲンダイデハ	現代では	1285	261	17	-11.4060
ゲンシツ	原質	1285		501	-16.2829
ゲチ	碣	1288		501	
ゲイ	鯨	1288		501	
ゲートル		1285		256	-15.5915
ゲイシー		1288		161	-14.7383
ゲンピョウ	言表	1285		501	-18.6282
ゲンポウ	玄方	1291		501	-18.1724
ゲンカケイサン	原価計算	1288		239	-13.9809
ゲンタツ	玄達	1291		501	-18.1724
ゲームショップ		1289		296	-13.4766
ゲンキヅケン	元気づけん	620		438	-12.9653
ゲンプク	元服	1283		369	-11.5949
ゲーメストタイショウ	ゲーメスト大賞	1288		313	-14.2782
ゲンギョウ	現形	1285		501	-18.6282
ゲイリー		1291		255	-12.0880
ゲキジョウバン	劇場版	1288		424	-10.2601
ゲンコウ	げんこう	1288		501	-18.5231
ゲンジボタル		1285		116	-14.7804
ゲ	解	1288		501	
ゲキシ	撃刺	1285		501	-18.6282
ゲンキ	原基	1285		501	-18.6282
ゲンジョウイジ	現状維持	1288		436	-12.0532
ゲンタイ	原体	1285		142	-18.6282
ゲンセイ	元姓	1285		501	-18.6282
ゲンリロン	弦理論	1288		65	-14.0350
ゲンリョクホウソウ	減力放送	1288		305	-15.0041
ゲンサク	玄朔	1291		501	-15.7745
ゲキド	激怒	1283		133	-10.7398
ゲンボウ	げんぼう	1289		501	-18.1292
ゲヤ	下屋	1285		435	-16.1418
ゲシ	げし	1285		297	-19.9275
ゲンジ	減じ	625		52	-12.3284
ゲンジョウハアク	現状把握	1288		501	-14.2030
ゲシキ	げしき	1285		501	-19.6398
ゲンナ	元和	1288		21	-18.5231
ゲタバコ	下駄箱	1288		290	-13.5385
ゲート	Gate	1289		107	-12.7254
ゲンソク	玄則	1291		501	-18.1724
ゲイト		1288		203	-14.4566
ゲコン	下根	1285		145	-17.2743
ゲキハ	撃破	1283		411	-10.4296
ゲコクジョウ	下克上	1285		498	-13.8218
ゲス	下衆	1287		51	-17.4416
ゲン	元	1300		14	-10.2492
ゲンサク	減作	1285		501	-18.1929
ゲンサイ	玄載	1291		501	-18.1724
ゲンユウ	源雄	1291		501	-18.1724
ゲームカンレン	ゲーム関連	1285	1283	17	-13.3248
ゲームミタイ	ゲームみたい	1285	1311	17	-12.8359
ゲン	鐶	1288		501	
ゲ		1285		244	-13.0857
ゲンリン	現臨	1285		501	-18.6282
ゲキセン	激戦	1283		411	-11.4217
ゲンエキゴウカク	現役合格	1288		187	-14.1741
ゲンモン	玄門	1285		501	-18.6282
ゲンジガハナ	源氏ケ鼻	1293		501	-17.7008
ゲンダイカガク	現代科学	1285		17	-13.4172
ゲンキュウシ	言及し	1283	610	17	-10.9710
ゲンリュウ	元隆	1291		200	-18.1724
ゲキ	劇	1285		322	-10.6605
ゲンギョ	原魚	1285		501	-18.6282
ゲン	言	1285		365	-11.2560
ゲンジュ	原樹	1285		501	-18.6282
ゲリラゴウウ	ゲリラ豪雨	1288		425	-13.9338
ゲンドウリョク	原動力	1285		356	-11.5111
ゲドウ	外道	1285		26	-12.8077
ゲン	訝	1288		501	
ゲセヨ	解せよ	589		456	-15.7883
ゲボン	下品	1285		66	-14.4461
ゲーデル		1290		65	-12.1572
ゲンザンミ	源三位	1290		399	-15.2673
ゲンキング	GENKING	1289		122	-17.8990
ゲチョウ	牙彫	1285		501	-18.6282
ゲンキュウ	言及	1283		375	-9.7089
ゲキレイ	げきれい	1283		501	-18.8426
ゲキトツ	げきとつ	1283		80	-18.8426
ゲッカンアウト	月刊OUT	1288		136	-14.4090
ゲンカク	玄角	1291		501	-18.1724
ゲンショウ	げんしょう	1291		501	-17.8847
ゲンチ	源智	1291		501	-18.1724
ゲンユ	原由	1285		501	-18.4767
ゲイニン	芸人	1285		409	-10.4869
ゲンロ	元璐	1289		501	-17.9060
ゲッカンシ	月刊誌	1288		201	-12.0155
ゲキヤセ	激ヤセ	1283		501	-18.0694
ゲキアツ	激アツ	1285		501	-18.6282
ゲキニ	激似	1285		501	-18.6282
ゲンガク	還学	1285		501	-18.6282
ゲンブン	玄文	1288		501	-18.5231
ゲイゲキミサイル	迎撃ミサイル	1288		264	-14.6634
ゲッソウ	月草	1291		501	-15.7214
ゲスキャ	ゲスきゃ	17		501	-13.3554
ゲンカンサキ	玄関先	1285	1298	17	-12.2722
ゲンスケ	厳介	1291		501	-18.1724
ゲキマジ	激まじ	1285		501	-18.6282
ゲッケイ	月卿	1285		501	-18.6282
ゲンイント	原因と	1285	150	17	-10.9126
ゲンバン	原盤	1285		24	-14.0725
ゲキドウ	激動	1283		356	-12.2709
ゲイゲキ	迎撃	1283		411	-10.9592
ゲイジュツテキ	芸術的	1285	1299	17	-12.3748
ゲイヨウ	芸陽	1291		501	-15.3392
ゲキイン	劇飲	1283		501	-18.0694
ゲビ	下び	622		501	-18.1005
ゲン	限	1300		395	-12.2673
ゲンコウ	原鉱	1285		501	-17.0224
ゲンセイ	源姓	1285		501	-18.6282
ゲンコウ	元冦	1285		501	-18.6282
ゲシキ	景色	1285		220	-15.2497
ゲリ	下痢	1283		192	-11.4500
ゲンリュウ	玄竜	1285		501	-18.6282
ゲンシュ	原種	1285		116	-13.3991
ゲシュク	下しゅく	1283		501	-17.9953
ゲンコウロク	言行録	1288		189	-14.6369
ゲイカク	芸閣	1291		501	-18.1724
ゲ	袈	1288		501	
ゲシャ	解しゃ	582		456	-15.7883
ゲンスイ	玄翠	1291		501	-18.1724
ゲチ	磆	1288		501	
ゲ	禊	1288		501	
ゲンジョウノ	現状の	1285	368	17	-11.0923
ゲンショク	源植	1291		501	-18.1724
ゲンダイオンガク	現代音楽	1288		416	-11.9138
ゲセン	下せん	1287		501	-17.7600
ゲンシリョクキセイイインカイ	原子力規制委員会	1288		214	-14.4405
ゲイシュウ	藝州	1293		501	-17.7008
ゲンスケ	源助	1291		330	-18.1724
ゲンロン	原論	1285		291	-13.5112
ゲンノジョウ	源之丞	1291		148	-18.1724
ゲンコウ	現行	1285		86	-10.4791
ゲルマニア		1292		359	-12.0026
ゲイキ	景気	1285		422	-14.9151
ゲンロウ	幻楼	1285		501	-18.6282
ゲントク	験徳	1285		501	-18.6282
ゲバルト		1285		181	-15.8915
ゲンテイハイシン	限定配信	1288		501	-13.8969
ゲイフウ	芸風	1285		127	-12.7022
ゲビン	下卑ん	620		501	-18.0862
ゲキガソンジュク	劇画村塾	1292		14	-12.7100
ゲンエキ	減益	1283		422	-14.4165
ゲキヤセ	激痩せ	1283		501	-18.0694
ゲンヨウシャ	玄洋社	1292		131	-12.5551
ゲンショウ	玄承	1291		501	-18.1724
ゲキムズ	激むず	1287		501	-17.5369
ゲルマ	慶留間	1293		501	-15.5036
ゲンセイ	現制	1285		501	-17.4206
ゲンジツヲ	現実を	1285	156	17	-10.5267
ゲーペー	GP	1288		421	-10.2238
ゲサン	げさん	1298	1302	17	-12.8492
ゲンホウ	元鳳	1291		360	-18.1724
ゲ	倪	1288		501	
ゲームキャラ		1289		501	-13.9053
ゲシュニン	下手人	1285		148	-14.7793
ゲームサクヒン	ゲーム作品	1285		17	-12.9132
ゲッコウ	月光	1285		389	-12.5803
ゲイジュツカタチ	芸術家たち	1285	1298	17	-13.4393
ゲンケイ	元型	1285		88	-18.6282
ゲンワ	源和	1291		501	-18.1724
ゲキカ	激カ	1283		501	-14.2559
ゲッコウチョウ	月光蝶	1288		89	-14.9088
ゲンチサンカ	現地参加	1285	1283	17	-13.4393
ゲキヅクリ	劇作り	1285		501	-18.6282
ゲッシャ	月謝	1285		42	-14.0342
ゲンバク	原麦	1285		501	-18.6282
ゲ	沂	1288		501	
ゲンザイシヨウ	現在使用	1314	1283	17	-13.3697
ゲンザイリョウ	原材料	1285		55	-11.8709
ゲキ	闃	1288		501	
ゲンレイ	厳令	1283		501	-17.1378
ゲンジツ	幻日	1288		29	-14.8493
ゲストサンカ	ゲスト参加	1283		196	-13.1001
ゲンスイフ	元帥府	1288		106	-14.6395
ゲ	毛	1285		333	-15.9111
ゲイノウカツドウ	芸能活動	1288		324	-11.5984
ゲームオーバー		1288		283	-11.8211
ゲンチョウ	元暢	1291		501	-18.1724
ゲ	圻	1288		501	
ゲンピン	原品	1285		501	-17.1803
ゲンゾウ	玄三	1291		76	-15.2279
ゲンソンザイ	現存在	1288		287	-13.5339
ゲイ	霓	1285		389	-18.6282
ゲンジョウヘンコウ	現状変更	1288		475	-14.9756
ゲームアプリ		1285		296	-13.9314
ゲキタク	撃柝	1285		501	-18.6282
ゲンコウ	原こう	1285		501	-18.5412
ゲームシ	ゲーム誌	1285	1298	17	-12.9397
ゲンカン	現官	1285		501	-18.4767
ゲ	牙	1285		499	-21.7363
ゲストカイ	ゲスト回	1285	1300	17	-13.5469
ゲッポウ	月俸	1285		403	-16.1835
ゲンイ	源委	1285		501	-18.6282
ゲキッハヤ	激ッ速	1287		501	-17.2745
ゲンジョウ	原状	1285		494	-15.1411
ゲンビン	減便	1283		501	-11.9872
ゲ	げ	1285		437	-19.6398
ゲンジツハキビシイ	現実は厳しい	1288		501	-14.4644
ゲンソクテキ	原則的	1288		468	-12.1934
ゲイジュツブンカ	芸術文化	1288		154	-13.4951
ゲキスル	激する	583		501	-16.0428
ゲ	隗	1288		501	
ゲンタイ	原隊	1285		123	-14.5678
ゲンロク	元禄	1285		21	-11.0098
ゲンベエ	源兵衛	1291		311	-18.1724
ゲホッ	げほっ	1281		501	-17.6734
ゲンシュク	げんしゅく	1287		501	-17.6422
ゲンエキセイ	現役生	1285	1298	17	-13.3904
ゲイメイ	芸名	1285		14	-11.0781
ゲンショウケイコウ	減少傾向	1288		422	-11.6100
ゲンザイ	現在	1314		480	-5.8568
ゲイエツ	迎謁	1283		501	-18.0694
ゲンジ	減じ	622		481	-12.4414
ゲッセン	月船	1290		501	-17.7354
ゲンパチ	現八	1291		501	-18.1724
ゲン	嚴	1288		501	
ゲンジ	源治	1291		439	-14.3109
ゲップ		1285		54	-13.9658
ゲンエキセンシュ	現役選手	1288		334	-12.5881
ゲンソウスイコデンシリーズ	幻想水滸伝シリーズ	1288		177	-14.6692
ゲンチュウ	原註	1285		501	-18.6282
ゲンドウ	玄道	1291		465	-15.3392
ゲンコクダン	原告団	1288		12	-14.7842
ゲン	元	1290		14	-12.4882
ゲニン	下人	1285		74	-14.3582
ゲンオウ	玄奥	1285		501	-18.6282
ゲンショウ	元宵	1285		501	-16.6980
ゲンシバクダン	原子爆弾	1288		173	-12.1896
ゲボリ	牙彫	1285		501	-18.6282
ゲヒ	下痞	1285		501	-18.6282
ゲンカ	減価	1285		286	-18.6282
ゲントウ	幻塔	1283		501	-14.2813
ゲスバリ	下種張り	788		501	-18.2141
ゲンタロウ	玄太郎	1291		269	-15.9826
ゲンリョウ	げんりょう	1285		501	-18.9467
ゲンガテン	原画展	1285	1298	17	-12.0049
ゲシロ	げしろ	588		501	-11.7610
ゲンロク	元祿	1288		501	-18.5231
ゲドウ	下道	1293		72	-12.3051
ゲス	下衆	1285		51	-14.4181
ゲンゼリヤク	現世利益	1288		365	-14.0834
ゲセヨ	げせよ	589		501	-11.7604
ゲンホウ	元豊	1289		21	-13.7534
ゲキ	覡	1288		501	
ゲスバ	下種張	776		501	-18.2123
ゲームニ	ゲームに	1285	151	17	-10.4875
ゲンダイタンカ	現代短歌	1288		396	-14.5323
ゲンセイ	絃声	1291		501	-18.5778
ゲンコウ	玄黄	1285		501	-17.8906
ゲンチコウカン	現地交換	1285	1283	17	-13.2161
ゲキ	げき	1285		331	-13.6077
ゲンキヅケヨ	元気づけよ	624		438	-12.9649
ゲ	げ	1298		437	-9.0484
ゲンイ	厳維	1289		501	-17.9060
ゲイヨウ	迎陽	1288		501	-18.5231
ゲキトウ	激騰	1283		501	-18.0694
ゲームバン	ゲーム版	1288		322	-12.4826
ゲンタク	玄沢	1291		497	-13.6185
ゲッピョウ	月表	1285		423	-16.3202
ゲキジョウ	げきじょう	1285		80	-19.0802
ゲロ	げろ	1285		293	-14.0988
ゲキドク	激毒	1285		501	-18.6282
ゲツバイ	月梅	1291		501	-18.1724
ゲツリン	月輪	1285		3	-14.9425
ゲンシテキ	原始的	1288		287	-13.1028
ゲンミツ	厳密	1287		169	-9.2262
ゲンザイカチ	現在価値	1288		286	-14.3014
ゲット・バック・セッション		1288		172	-14.8928
ゲツロ	月露	1289		501	-17.9060
ゲイキ	げいき	1285		501	-19.9275
ゲンピ	減肥	1285		501	-18.6282
ゲームソフト		1288		296	-10.9866
ゲントグン	玄菟郡	1288		135	-14.6676
ゲンザイ	げんざい	1314		501	-17.4266
ゲンショウリツ	減少率	1288		501	-14.3151
ゲン	弦	1290		458	-13.0775
ゲン	愿	1288		501	
ゲンジロ	減じろ	623		481	-12.4269
ゲンコウ	沅江	1293		484	-17.7008
ゲチ	囓	1288		501	
ゲン	喧	1288		501	
ゲンドウ	玄同	1291		501	-15.3998
ゲッ	激	1288		501	
ゲノム		1285		355	-11.9868
ゲン	絃	1285		395	-18.5412
ゲンカ	原価	1285		286	-12.3475
ゲ	気	1299		48	-12.3301
ゲンザブロウ	源三郎	1291		497	-13.9153
ゲンカクザイ	幻覚剤	1288		257	-13.3675
ゲンメン	原棉	1285		501	-18.6282
ゲンセイ	原生	1285		218	-12.8584
ゲンソウ	玄宗	1289		246	-11.8750
ゲンダイビョウ	現代病	1285		501	-15.2559
ゲント	玄斗	1291		122	-13.2520
ゲイヒン	迎賓	1285		171	-16.2829
ゲンナイ	源内	1291		497	-13.6018
ゲンメイテンノウ	元明天皇	1289		263	-12.6670
ゲスカレ	ゲスかれ	29		501	-13.3554
ゲンカン	厳寒	1285		112	-14.3720
ゲンゴロウ		1285		218	-14.8268
ゲグクリ	下括	1285		501	-18.6282
ゲスケリャ	ゲスけりゃ	15		501	-13.3554
ゲンタイケン	原体験	1288		307	-12.6804
ゲンガン	原岩	1285		501	-18.6282
ゲン	限	1298		395	-11.1602
ゲンソウキョウ	幻想郷	1288		212	-14.2569
ゲンサン	原産	1285		116	-12.1484
ゲート		1285		64	-11.0262
ゲキダン	劇壇	1285		57	-16.4110
ゲンソン	減損	1283		286	-14.1049
ゲキウレ	激売れ	1285		501	-18.6282
ゲンガイ	限外	1285		111	-15.7278
ゲンゴテツガク	言語哲学	1288		291	-14.2258
ゲンジツテキ	現実的	1285	1299	17	-10.8055
ゲンメイ	弦名	1285		501	-18.6282
ゲッセカイ	月世界	1285		459	-15.3751
ゲツヨウビ	月曜日	1314		380	-9.2251
ゲームジッキョウ	ゲーム実況	1288		170	-12.2779
ゲット	GET	1288		40	-11.4602
ゲキサ	檄さ	586		501	-15.9921
ゲンメンバー	現メンバー	1288		67	-14.4225
ゲンチゴ	現地語	1285	1298	17	-13.2289
ゲ	乂	1288		501	
ゲイシン	迎親	1285		501	-18.6282
ゲンゲンサイ	玄々斎	1289		501	-17.9060
ゲンソウ	舷窓	1285		284	-16.1694
ゲンレイ	減齢	1285		501	-18.6282
ゲンカイ	幻怪	1285		501	-17.3126
ゲンビ	厳美	1293		501	-17.0077
ゲテモノ	下手物	1285		501	-16.8958
ゲブミ	ゲブ美	1291		501	-16.6319
ゲンインダ	原因だ	1285	453	17	-11.4193
ゲ	卿	1288		501	
ゲンカク	玄鶴	1291		501	-18.1724
ゲシュ	下手	1283		17	-18.8829
ゲンザイガタ	現在形	1314	1298	17	-13.3104
ゲンカイ	げんかい	1285		501	-18.9467
ゲンカ	幻花	1291		501	-15.9752
ゲンバシュギ	現場主義	1288		154	-14.5272
ゲンコツ		1285		295	-13.8857
ゲッスウ	月数	1285		163	-14.1497
ゲッカンショウジョノザキクン	月刊少女野崎くん	1288		501	-14.9008
ゲンジュ	玄樹	1291		501	-12.7119
ゲデン	下田	1285		330	-15.6800
ゲエム	げえむ	1285		501	-18.5412
ゲキシン	激震	1285		425	-14.1039
ゲノムカイセキ	ゲノム解析	1288		355	-13.8768
ゲホゲホ	げほげほ	1281		501	-15.3220
ゲンポン	現本	1285		501	-18.6282
ゲームアカ	ゲーム垢	1285		17	-12.9190
ゲツリ	月利	1285		501	-14.5903
ゲンケイ	厳刑	1285		501	-17.4881
ゲイノウ	藝能	1285		501	-18.6282
ゲン	顴	1288		501	
ゲッセン	月川	1293		501	-17.7008
ゲンジツシュギ	現実主義	1288		388	-12.9281
ゲン	玄	1291		128	-11.6623
ゲームモ	ゲームも	1285	262	17	-11.0034
ゲンエイ	玄英	1289		501	-17.9060
ゲキカワ	激かわ	1287		501	-17.5369
ゲチ	襭	1288		501	
ゲンジツデ	現実で	1285	149	17	-11.1577
ゲンゲン	言言	1285		501	-18.6282
ゲチ	桀	1288		501	
ゲンジテン	現時点	1285		468	-10.9989
ゲンチョウ	現兆	1285		501	-18.6282
ゲン	硏	1288		501	
ゲンジ	源二	1291		501	-15.5098
ゲンシジダイ	原始時代	1288		429	-13.9409
ゲンギ	言議	1285		501	-18.6282
ゲンガクシジュウソウキョク	弦楽四重奏曲	1288		416	-12.5428
ゲセン	下船	1283		271	-13.5439
ゲンウ	元羽	1289		501	-16.6822
ゲテモノリョウリ	ゲテモノ料理	1288		501	-14.9285
ゲンジツ	現實	1285		501	-18.5412
ゲンヨウ	元曄	1289		440	-15.4379
ゲチ	杰	1288		501	
ゲッシ	月氏	1294		135	-17.0867
ゲンイ	言意	1285		501	-18.6282
ゲンジヨ	減じよ	624		481	-12.4266
ゲッシルイ	齧歯類	1288		116	-13.8682
ゲンヨク	厳翼	1291		501	-18.1724
ゲンダイノ	現代の	1285	368	17	-10.1871
ゲンゼン	厳然	1285		186	-14.4369
ゲツビ	月尾	1293		501	-17.7008
ゲキウマ	激うま	1285		501	-18.6282
ゲシュ	下手	1285		17	-18.7236
ゲッコウ	激高	1287		161	-15.7856
ゲキハン	劇伴	1288		478	-12.4368
ゲビル	下びる	619		501	-18.0939
ゲン	原	1291		330	-11.3515
ゲンイン	減員	1283		243	-14.6374
ゲンコウロセン	現行路線	1285		17	-13.4853
ゲンスウ	元崇	1291		501	-18.1724
ゲッソリ	げっそり	1281		501	-13.3093
ゲブン	戯文	1285		465	-18.6282
ゲンエモン	源右衛門	1291		497	-13.2941
ゲーリー		1288		138	-13.8682
ゲオ		1292		35	-12.1311
ゲ	睚	1288		501	
ゲコウ	下校	1283		364	-12.1976
ゲンジツミ	現実味	1285		356	-12.7249
ゲンサクマンガ	原作漫画	1288		501	-12.7461
ゲンインガ	原因が	1285	148	17	-10.7659
ゲンロ	言路	1285		501	-18.6282
ゲンジ	源氏	1285		74	-12.3133
ゲンキガ	元気が	1287	148	17	-10.6668
ゲン	惓	1288		501	
ゲイダン	芸談	1285		57	-16.6366
ゲンタロウ	嚴太郎	1291		501	-18.1724
ゲ	觧	1288		501	
ゲ	化	1288		501	
ゲントウ	原糖	1285		501	-18.6282
ゲン	眼	1288		501	
ゲンシガハラ	原始ヶ原	1293		501	-17.7008
ゲヒン	下品	1287		66	-11.1128
ゲキジャク	激弱	1283	1298	17	-12.7209
ゲンジ	源氏	1290		74	-12.6658
ゲームアンドウオッチ	ゲーム&ウオッチ	1288		296	-14.1934
ゲドセンキ	ゲド戦記	1288		401	-14.1907
ゲンコク	原告	1285		12	-11.7583
ゲンタン	玄丹	1291		501	-18.1724
ゲンキンカ	現金化	1285	1297	17	-13.1357
ゲキテツ	撃鉄	1289		95	-12.7835
ゲンキュウ	鉉球	1291		501	-18.1724
ゲンショウ	現象	1285		339	-9.5867
ゲンジツテキ	現実的	1288		287	-11.0437
ゲテン	外典	1285		189	-13.6610
ゲンサイ	玄才	1291		501	-18.1724
ゲンセイ	現勢	1285		501	-16.5835
ゲイロウ	鯨蝋	1285		501	-16.6823
ゲンマ	源馬	1290		501	-15.8304
ゲン	研	1288		501	
ゲンペイ	げんぺい	1291		501	-17.8847
ゲツヨ	月余	1285		501	-17.4708
ゲキタイ	撃退	1283		411	-10.8399
ゲヴァントハウス		1293		98	-13.8722
ゲケツ	下血	1285		501	-18.6282
ゲンチホウジン	現地法人	1288		378	-12.8668
ゲンキンカキトメ	現金書留	1288		345	-14.4929
ゲルマンジン	ゲルマン人	1288		359	-12.4136
ゲンヨシ	源義	1291		369	-15.9752
ゲンガイ	言外	1285		186	-14.5467
ゲキチュウ	劇中	1288		322	-10.2572
ゲンチョウ	減張	1285		501	-18.6282
ゲキヤス	激安	1287		501	-11.1823
ゲ	戯	1288		501	
ゲンコウセイド	現行制度	1285		17	-13.4337
ゲキシロ	檄しろ	588		501	-15.9066
ゲ	間	1288		501	
ゲウオ	下魚	1285		501	-18.6282
ゲンジ	限時	1285		501	-18.6282
ゲンダ	源田	1290		123	-17.7354
ゲーベン		1288		230	-14.9821
ゲロ		1285		26	-14.5644
ゲンダイゴ	現代語	1288		59	-12.3088
ゲキゼツ	鴃舌	1285		501	-17.6588
ゲンキ	げんき	1291		80	-17.8847
ゲ	芸	1288		501	
ゲンシリョク	原子力	1285		173	-11.8239
ゲー		1285		322	-11.8807
ゲキヤス	激安	1285		501	-18.6282
ゲイノウジムショ	芸能事務所	1288		324	-11.7733
ゲキツウ	劇痛	1285		501	-18.6282
ゲリ	げり	1283		150	-14.7230
ゲンリ	玄理	1291		501	-18.1724
ゲ	柳	1288		501	
ゲシ	芥子	1285		93	-19.2344
ゲンコウ	彦高	1291		501	-18.1724
ゲキ	外記	1290		403	-12.8897
ゲイヨ	芸予	1293		501	-17.7008
ゲビ	下卑	625		501	-18.1679
ゲンシャク	現尺	1285		501	-18.6282
ゲンシュン	玄春	1289		501	-17.9060
ゲンテイハンバイ	限定発売	1288		24	-14.1411
ゲイズイ	迎随	1285		501	-18.6282
ゲキダンワカクサ	劇団若草	1288		14	-14.8988
ゲンプク	源福	1288		501	-18.5231
ゲサ	解さ	586		456	-15.8743
ゲイ	稽	1288		501	
ゲンチジン	現地人	1285	1298	17	-12.7141
ゲンジョウ	玄奘	1289		342	-12.4181
ゲンダ	現田	1290		501	-15.6313
ゲンチョク	厳飭	1285		501	-18.6282
ゲキダン	劇団	1285		449	-10.7076
ゲンテイキャラ	限定キャラ	1283	1285	17	-13.0661
ゲンシチロウ	源七郎	1291		501	-18.1724
ゲンバクドーム	原爆ドーム	1288		229	-13.6251
ゲツベツ	月鼈	1285		501	-18.6282
ゲキボエ	激吠え	1283		501	-18.0694
ゲンゴキョウイク	言語教育	1288		85	-14.6121
ゲンシリョクスイシン	原子力推進	1288		413	-14.3121
ゲスキ	ゲスき	21		501	-13.3557
ゲッショウ	月樵	1291		501	-17.0738
ゲンゲツ	限月	1285		286	-14.7762
ゲンキュウ	元久	1291		21	-14.6390
ゲンズル	げんずる	592		501	-8.4682
ゲンリゲンソク	原理原則	1285		17	-12.6264
ゲンケイ	原形	1285		284	-12.6804
ゲンリキ	験力	1285		501	-18.6282
ゲキケツ	隙穴	1285		501	-18.6282
ゲンセキ	原籍	1285		117	-16.1994
ゲカイ	外科医	1285	1298	17	-12.1506
ゲンゼヨ	減ぜよ	596		43	-10.6564
ゲンジュウ	還住	1285		501	-18.6282
ゲンシ	原資	1285		474	-12.9880
ゲイジュツテキ	芸術的	1288		307	-12.3933
ゲンカ	げんか	1298		437	-13.3079
ゲス	下司	1287		403	-17.4416
ゲキダンヒマワリ	劇団ひまわり	1292		14	-12.6599
ゲー	げー	1298	1285	17	-12.1329
ゲッツ		1288		329	-13.6046
ゲンカイ	現界	1285		501	-18.6282
ゲンキ	げんき	1287		80	-11.7007
ゲキブトリ	激太り	1283		501	-18.0694
ゲンポウ	原法	1285		501	-18.6282
ゲイリー・ムーア		1289		196	-13.6895
ゲ	藝	1288		501	
ゲンソ	元素	1285		466	-10.8170
ゲンカン	玄鑒	1289		501	-17.9060
ゲンヨウ	現用	1285		413	-18.6282
ゲキキョク	劇曲	1285		501	-18.6282
ゲキジュツ	撃術	1285		501	-18.6282
ゲキシン	劇震	1285		501	-18.6282
ゲリマンダー		1285		227	-15.3466
ゲオ	GEO	1288		288	-13.8290
ゲ	蹴	1288		501	
ゲゲゲッ	げげげっ	1281		501	-17.6734
ゲーペー	gp	1288		221	-14.8608
ゲンキヲダシテ	元気を出して	1288		22	-14.5355
ゲンセイ	原姓	1285		501	-18.6282
ゲンスン	原寸	1285		414	-15.4411
ゲシッ	げしっ	1281		501	-17.6734
ゲンサイ	玄宰	1291		501	-18.1724
ゲンセイ	現生	1285		501	-18.6282
ゲキヘン	劇変	1283		501	-18.0694
ゲンカン	玄関	1285		414	-10.6485
ゲンヒン	元斌	1289		501	-16.6822
ゲームセイ	ゲーム性	1288		351	-12.1603
ゲン	骭	1288		501	
ゲチ	下知	1283		193	-14.4241
ゲシ	夏至	1290		112	-13.5230
ゲンコウ	元弘	1288		21	-13.8398
ゲンヤ	玄冶	1291		501	-18.1724
ゲ	削	1288		501	
ゲシュタルトシンリガク	ゲシュタルト心理学	1288		291	-14.8035
ゲッピョウ	月評	1285		57	-16.4031
ゲンダイ	元代	1285		135	-18.6282
ゲンム	現務	1285		501	-18.6282
ゲンテイ	げんてい	1283		150	-18.8426
ゲバ	下馬	1283		411	-13.4119
ゲンカイヒヨウ	限界費用	1288		286	-14.3964
ゲンブツ	原物	1285		501	-16.3953
ゲームス	GAMES	1289		40	-12.4334
ゲイ	蜺	1285		501	-18.6282
ゲンケイ	減軽	1288		501	-14.0816
ゲンポウ	減法	1285		447	-14.7390
ゲッケイ	月溪	1291		501	-18.1724
ゲリ		1289		11	-15.5604
ゲンゼヨ	げんぜよ	594		501	-8.4666
ゲンロン	現論	1285		501	-18.6282
ゲンタン	減炭	1285		501	-18.6282
ゲキト	逆睹	1283		501	-18.0694
ゲニン	下忍	1285		74	-18.6282
ゲンカ	厳科	1285		501	-18.6282
ゲルググ		1289		190	-12.2540
ゲキダンヒトリ	劇団ひとり	1289		409	-13.5170
ゲキジョウデ	劇場で	1285	149	17	-11.2875
ゲンソン	厳存	1283		501	-17.6899
ゲンエキヲ	現役を	1285	156	17	-11.4311
ゲンギョウ	現業	1285		486	-13.7242
ゲンコウ	厳光	1289		501	-17.9060
ゲッソウ	月草	1285		501	-17.9116
ゲツショウ	月笙	1291		501	-18.1724
ゲルツ		1288		34	-14.8731
ゲキツイ	撃墜	1283		320	-10.5011
ゲヤ	下野	1293		498	-21.7624
ゲンバ	げんば	1285		501	-18.6282
ゲソ	解そ	732		481	-17.4724
ゲキセン	劇戰	1283		501	-18.0694
ゲンリョウ	減量	1283		337	-11.4908
ゲキチュウ	劇中	1285	1305	17	-13.4736
ゲンナマ	現ナマ	1285		501	-18.6282
ゲッサン	月産	1285		354	-14.3539
ゲンキュウリュウチ	原級留置	1288		364	-13.7419
ゲンショク	現職	1285		125	-11.2119
ゲンニュウ	原乳	1285		501	-18.6282
ゲンピ	厳秘	1285		501	-18.6282
ゲームボーイポケット		1288		177	-14.9909
ゲスレ	げすれ	581		501	-11.7604
ゲンガクシジュウソウダン	弦楽四重奏団	1288		98	-14.0572
ゲンジュウロウ	元十郎	1291		501	-18.1724
ゲンショウシテ	減少して	1283	307	17	-11.2661
ゲルマンホウ	ゲルマン法	1288		189	-14.6061
ゲンケン	原研	1288		300	-18.5231
ゲンキニナッ	元気になっ	1287	786	17	-10.7636
ゲンジツカン	現実感	1288		287	-13.4075
ゲンツキ	原付	1285		319	-12.5128
ゲキジョウコウエン	劇場公演	1288		172	-13.9257
ゲキスル	げきする	583		501	-15.0338
ゲンキン	げんきん	1287		501	-17.7600
ゲイハ	鯨波	1285		76	-16.5534
ゲームブック		1288		296	-12.9594
ゲン	甗	1285		501	-18.6282
ゲンチュウ	彦中	1291		501	-18.1724
ゲンジュ	玄樹	1289		501	-17.9060
ゲンソクトシテ	原則として	1285	179	17	-10.9439
ゲンジョ	玄如	1289		501	-17.9060
ゲット	げっと	1283		501	-18.2364
ゲツレイ	月齢	1285		317	-13.1614
ゲザカナ	下魚	1285		501	-18.6282
ゲチ	霓	1288		501	
ゲンテイセンソウ	限定戦争	1288		388	-14.8994
ゲンコウシャクショ	元亨釈書	1288		10	-14.9028
ゲンザイホウソウ	現在放送	1314	1283	17	-13.3697
ゲンチ	原地	1285		114	-18.7236
ゲリラセン	ゲリラ戦	1288		53	-12.5473
ゲームカ	ゲーム化	1288		501	-13.1850
ゲンキニナッテ	元気になって	1287	307	17	-11.2558
ゲンショテキ	原初的	1288		88	-14.9334
ゲンコン	眼根	1285		501	-18.6282
ゲン	弦	1300		458	-10.7333
ゲンセ	現世	1285		212	-15.5383
ゲンサク	減削	1283		501	-18.0694
ゲンセキ	言責	1285		501	-18.0008
ゲームキューブ		1288		296	-13.2243
ゲイシャ	藝者	1285		501	-18.6282
ゲーリング		1288		215	-11.9458
ゲンシ	元史	1288		10	-18.5231
ゲンスイ	原水	1285		102	-18.6282
ゲキテキ	げきてき	1287		501	-17.6422
ゲンイチロウ	玄一郎	1291		501	-15.2071
ゲンサク	原作	1285		322	-9.2433
ゲンバネコ	現場猫	1288		501	-14.6831
ゲンジュウチュウイ	厳重注意	1288		12	-13.1270
ゲザン	下山	1283		271	-12.3619
ゲンカ	現価	1285		501	-18.6282
ゲキブト	激太	1287		501	-17.2745
ゲキリン	逆鱗	1285		282	-13.6059
ゲンキヅケル	元気づける	619		438	-12.9730
ゲンゴショリ	言語処理	1288		501	-14.4722
ゲンコウヲ	原稿を	1285	156	17	-11.1122
ゲルカザイ	ゲル化剤	1288		405	-14.9445
ゲントウ	玄統	1291		501	-16.2265
ゲンパツジコ	原発事故	1288		216	-12.3072
ゲンブン	元文	1290		21	-11.3626
ゲゴク	下獄	1283		444	-15.9087
ゲナン	げなん	1285		501	-15.2928
ゲンジ	原字	1285		4	-18.6282
ゲントクサンネン	元徳3年	1288		263	-14.6061
ゲームコーナー		1285		17	-13.3697
ゲ	囈	1288		501	
ゲンカ	絃歌	1285		501	-18.6282
ゲキ	擊	1288		501	
ゲイジュツテン	芸術点	1285	1298	17	-13.3056
ゲイモンシ	芸文志	1288		501	-14.3800
ゲンゴヲ	言語を	1285	156	17	-11.3478
ゲキカ	激か	1283		501	-13.5787
ゲンジツノ	現実の	1285	368	17	-10.4212
ゲジキ	下直	1287		501	-17.4416
ゲンキダ	元気だ	1287	453	17	-10.4511
ゲンシリョクハツデン	原子力発電	1288		79	-12.5962
ゲームノ	ゲームの	1285	368	17	-9.7923
ゲンリツ	厳律	1285		501	-18.6282
ゲサク	下作	1287		76	-17.4416
ゲ	艾	1288		501	
ゲンソン	儼存	1283		501	-18.0694
ゲンシ	嫄子	1291		369	-18.1724
ゲンメツ	幻滅	1283		252	-12.5516
ゲンヤク	原薬	1285		501	-18.6282
ゲイ	藝	1285		251	-12.7102
ゲキムズ	激ムズ	1287		501	-17.5369
ゲンサキ	現先	1285		501	-18.6282
ゲス		1287		113	-16.8437
ゲンゴウ	元号	1285		263	-11.6167
ゲキショク	劇職	1285		501	-18.6282
ゲッキン	月琴	1285		4	-15.0907
ゲンエン	減塩	1283		142	-18.0694
ゲテモノ	ゲテ物	1285		501	-18.0304
ゲンガク	弦楽	1285		458	-13.5216
ゲンゴノ	言語の	1285	368	17	-11.2610
ゲンシュ	厳守	1283		133	-12.7837
ゲキジン	劇甚	1287		501	-17.4416
ゲンユウ	現有	1283		264	-13.4541
ゲームセンター		1285		442	-12.3794
ゲンガクシジュウソウ	弦楽四重奏	1288		416	-13.7854
ゲ	外	1285		304	-19.9275
ゲンシリョクセイサク	原子力政策	1288		214	-14.8718
ゲンジュウ	幻獣	1285		212	-18.6282
ゲンパン	原版	1285		445	-18.6282
ゲンジダ	源氏田	1290		501	-17.7354
ゲンジテンデ	現時点で	1285	149	17	-10.7077
ゲンシカク	原子核	1285		339	-11.9214
ゲキグウ	逆遇	1285		501	-18.6282
ゲキス	げきす	584		501	-15.0362
ゲンマイチャ	玄米茶	1289		501	-13.5950
ゲンカイヲ	限界を	1285	156	17	-10.9348
ゲ	鞋	1288		501	
ゲンシリョウ	原子量	1288		221	-13.1636
ゲカン	下疳	1285		501	-18.6282
ゲ	夏	1285		195	-19.9275
ゲキガ	劇画	1285		393	-12.5587
ゲンガカ	原画家	1288		324	-13.6121
ゲイシャ		1288		262	-14.7037
ゲップ	月賦	1285		474	-15.2362
ゲイフ	黥布	1289		501	-17.9060
ゲンチカンセン	現地観戦	1285	1283	17	-12.6553
ゲンショウ	元正	1289		148	-15.4717
ゲ	向	1288		501	
ゲオルク	George	1289		151	-12.5828
ゲンカイオタク	限界オタク	1285		17	-12.3027
ゲンカ	喧嘩	1283		161	-17.2248
ゲロゲロ	げろげろ	1281		501	-15.0131
ゲンショク	原色	1285		242	-13.3026
ゲンテイトクテン	限定特典	1283	1285	17	-12.8792
ゲキシュウ	劇臭	1285		501	-18.6282
ゲンザイニイタル	現在に至る	1314	772	17	-11.2743
ゲンキ	玄機	1291		501	-18.1724
ゲイノウカイ	芸能界	1288		324	-10.9084
ゲキホン	劇本	1285		501	-18.6282
ゲンソウショウセツ	幻想小説	1288		393	-14.2130
ゲンゴモデル	言語モデル	1288		501	-14.3560
ゲンシツ	源質	1285		501	-18.6282
ゲンモウ	原毛	1285		29	-15.7429
ゲンジツシャカイ	現実社会	1288		501	-12.9263
ゲ	花	1298		333	-18.2931
ゲンゾウ	源三	1291		497	-14.1411
ゲームデ	ゲームで	1285	149	17	-10.4256
ゲキ	鵙	1288		501	
ゲンテイテキ	限定的	1283	1299	17	-11.8122
ゲンズリャ	げんずりゃ	591		501	-8.4666
ゲンエキセダイ	現役世代	1285		17	-12.4606
ゲッショウ	月照	1289		465	-13.9082
ゲンシュウ	幻舟	1291		366	-15.9752
ゲンソン	玄孫	1285		369	-13.3221
ゲッティンゲンダイガク	ゲッティンゲン大学	1288		314	-13.3343
ゲッカ	月下	1285		389	-14.3676
ゲンチデ	現地で	1285	149	17	-10.6788
ゲームキ	ゲーム機	1288		296	-10.9644
ゲンダイニ	現代に	1285	151	17	-11.3381
ゲスバロ	下種張ろ	778		501	-18.2104
ゲンポウ	減俸	1283		474	-13.7144
ゲキシヨ	檄しよ	585		501	-15.9075
ゲキセヨ	檄せよ	589		501	-15.9060
ゲコゲコ	げこげこ	1281		501	-16.9196
ゲン	現	1298		309	-6.9632
ゲン	源	1290		405	-16.6576
ゲンズイ	玄瑞	1291		279	-12.9388
ゲンゼ	げんぜ	595		293	-8.0969
ゲンノスケ	幻之介	1291		501	-18.1724
ゲンサンコク	原産国	1288		240	-14.2224
ゲキチュウ	劇中	1285		322	-18.5412
ゲンジツモンダイ	現実問題	1285	1284	17	-12.4173
ゲカテキ	外科的	1285	1299	17	-13.4853
ゲス	下種	1287		365	-17.4416
ゲラ		1285		146	-13.2483
ゲミ		1293		501	-16.6022
ゲキトツ	激突!	1288		415	-14.0421
ゲイダン	芸壇	1285		501	-18.6282
ゲイゴウ	迎合	1283		133	-12.5192
ゲルマン		1288		340	-12.1680
ゲート	GATE	1288		40	-14.8532
ゲキエイガ	劇映画	1285		179	-13.1839
ゲッ	齧	1288		501	
ゲイ	黥	1288		501	
ゲコクジョウ	下剋上	1285		328	-13.6545
ゲンケイシツ	原形質	1288		183	-13.7977
ゲキツウ	激痛	1285		337	-12.4898
ゲンダイゲキ	現代劇	1288		449	-12.8496
ゲンジュツ	験術	1285		501	-18.6282
ゲンキンカ	現金化	1288		501	-14.1699
ゲボゲボ	げぼげぼ	1281		501	-16.5260
ゲ	譁	1288		501	
ゲンシキドウ	原子軌道	1288		339	-13.7377
ゲンチャリ	原ちゃり	1285		501	-18.6282
ゲキ	戟	1285		4	-14.1735
ゲンキ	衒気	1285		501	-18.1929
ゲイオン	迎恩	1288		501	-18.5231
ゲッカンショウネンキャプテン	月刊少年キャプテン	1288		396	-14.8218
ゲンキン	元均	1289		440	-13.9170
ゲンサクコミック	原作コミック	1288		501	-14.6597
ゲッコー	Gecko	1289		77	-13.2826
ゲスカッ	ゲスかっ	33		501	-13.3755
ゲキコミ	激混み	1283		501	-18.0694
ゲキダンミンゲイ	劇団民藝	1288		14	-14.2475
ゲンアツ	減圧	1283		174	-12.8454
ゲライ	げらい	1285		501	-19.9275
ゲンキン	厳禁	1283		445	-12.3021
ゲンオウ	元応	1288		21	-18.5231
ゲッ		3		89	-16.4223
ゲ	呀	1288		501	
ゲンリテキ	原理的	1285	1299	17	-12.3558
ゲゲゲ		1288		389	-14.9055
ゲンゴ	言語	1285		340	-8.9925
ゲンキョク	元曲	1285		342	-18.6282
ゲームナイヨウ	ゲーム内容	1288		501	-11.9249
ゲキト	激徒	1285		501	-18.6282
ゲ	偈	1285		342	-13.8673
ゲンチョウ	原腸	1285		183	-18.6282
ゲイジュツウンドウ	芸術運動	1288		501	-13.7319
ゲンシャ	言者	1285		501	-18.6282
ゲキショウ	激症	1285		501	-18.6282
ゲームスキ	ゲーム好き	1285	1299	17	-12.3472
ゲータレード		1288		274	-15.1972
ゲキジョウ	劇場	1285		449	-9.9021
ゲセツ	下拙	1285		501	-18.6282
ゲオルギオス		1288		273	-13.6377
ゲテモノ	ゲテもの	1285		501	-18.0304
ゲンガマン	原画マン	1288		324	-14.8538
ゲンサイ	弦斎	1291		501	-15.9752
ゲイイン	鯨飲	1283		501	-16.4356
ゲンサツ	玄察	1291		501	-18.1724
ゲイルイ	鯨類	1288		116	-13.6685
ゲンシン	源進	1291		501	-18.1724
ゲンイン	現員	1285		501	-16.7635
ゲッチュウ	月柱	1285		501	-18.6282
ゲンカイ	厳誡	1283		501	-18.0694
ゲンザイリョウヒ	原材料費	1288		350	-15.0012
ゲンナマ	現なま	1285		501	-18.6282
ゲ	鮠	1288		501	
ゲン	這	1288		501	
ゲイ	磑	1288		501	
ゲンジモノガタリエマキ	源氏物語絵巻	1288		28	-14.9771
ゲンソウ	厳荘	1289		501	-17.9060
ゲンニ	げんに	1281		501	-17.1879
ゲンカイテン	限界点	1288		259	-14.1274
ゲンコウギョウセイ	現行行政	1285		17	-13.1511
ゲンテイ	玄貞	1291		501	-18.1724
ゲキヤバ	激ヤバ	1287		501	-17.5369
ゲキサイ	撃砕	1283		501	-15.9448
ゲイシャ	迎車	1285		501	-15.9892
ゲンリ	げんり	1285		331	-15.2774
ゲーエムベーハー	GmbH	1288		181	-13.2802
ゲッカンアフタヌーン	月刊アフタヌーン	1288		136	-13.5940
ゲンスイ	源水	1291		501	-18.1724
ゲンベエ	源兵	1291		501	-18.1724
ゲンシ	原紙	1285		270	-14.4631
ゲイトウ	芸当	1285		127	-14.1792
ゲン	弦	1285		458	-13.0775
ゲンクン	厳君	1285		501	-18.6282
ゲンシリョクセンスイカン	原子力潜水艦	1288		230	-12.4415
ゲロシ	下呂市	1293		82	-13.3377
ゲルバー		1289		235	-14.3715
ゲイイキ	芸域	1285		307	-15.5007
ゲン	鬟	1288		501	
ゲンショウ	元璋	1291		501	-18.1724
ゲンチョウヒシ	元朝秘史	1288		10	-14.0291
ゲンロウ	元老	1285		106	-12.5575
ゲス		1289		113	-12.7040
ゲンボ	原簿	1285		455	-14.6791
ゲストシュツエン	ゲスト出演	1285	1283	17	-12.2581
ゲジゲジ		1285		501	-15.2356
ゲンカ	現下	1285		388	-15.0462
ゲン	俔	1288		501	
ゲンニク	原肉	1285		501	-18.6282
ゲイノウネタ	芸能ネタ	1288		409	-14.8493
ゲンキスギ	元気すぎ	1287	1305	17	-13.2915
ゲイジュツセイ	芸術性	1288		501	-12.7001
ゲヒン	げひん	1287		501	-17.6422
ゲンキョク	限局	1283		183	-13.7272
ゲンテイスイーツ	限定スイーツ	1288		501	-13.6635
ゲキカラ	激辛	1285		75	-12.6523
ゲイカク	芸格	1285		501	-18.6282
ゲイノウジンジョシフットサル	芸能人女子フットサル	1288		372	-13.9356
ゲスイドウ	下水道	1285		102	-12.4139
ゲンショウ	玄賞	1288		501	-18.5231
ゲンゾウ	弦蔵	1291		501	-18.1724
ゲンサン	減酸	1283		501	-18.0694
ゲイ	鯢	1288		501	
ゲン	偐	1288		501	
ゲンバデ	現場で	1285	149	17	-10.4351
ゲンダイデ	現代で	1285	149	17	-10.9857
ゲンペイカッセン	源平合戦	1288		464	-13.4047
ゲンショ	原書	1285		59	-13.5037
ゲンドウキ	原動機	1285		319	-13.6715
ゲサ	解さ	733		481	-17.4913
ゲントウシャシンショ	幻冬舎新書	1288		501	-14.0211
ゲキダンスバル	劇団昴	1292		14	-13.4421
ゲンカク	原核	1285		111	-15.1411
ゲンキュウ	原級	1285		144	-15.7480
ゲンゴガクシャ	言語学者	1288		291	-12.4048
ゲン	げん	1285		331	-11.5084
ゲキショウ	激勝	1285		501	-18.6282
ゲンキサ	元気さ	1287	1304	17	-13.5405
ゲンズル	眩ずる	592		501	-14.5328
ゲンガ	原画	1285		322	-11.5642
ゲンタザエモン	源太左衛門	1291		501	-18.1724
ゲ	啀	1288		501	
ゲンジョウ	玄上	1288		501	-18.4582
ゲンガー		1288		501	-14.2861
ゲンユウ	玄幽	1291		501	-18.1724
ゲッポ	月歩	1285		501	-18.6282
ゲンインニ	原因に	1285	151	17	-11.0489
ゲイノウ	芸濃	1293		145	-16.4199
ゲッツ	gets	1288		121	-14.7338
ゲンケ	源家	1290		10	-13.4830
ゲンシ	幻肢	1285		192	-18.6282
ゲキマズ	激マズ	1287		501	-17.2745
ゲンマ	幻魔	1290		212	-13.2255
ゲイセツ	迎接	1283		233	-16.0847
ゲティスバーグ		1285		417	-15.3311
ゲンメイ	原名	1285		128	-15.4426
ゲンキョ	玄虗	1285		501	-18.6282
ゲイタイ	芸態	1285		501	-18.6282
ゲンキナ	元気な	1287	454	17	-10.1695
ゲームハイシン	ゲーム配信	1285	1283	17	-11.8930
ゲツ	霓	1288		501	
ゲッカビジン	月下美人	1285		262	-14.8599
ゲンキュウ	現給	1285		501	-18.6282
ゲ	奚	1288		501	
ゲサクシャ	戯作者	1288		312	-14.6950
ゲンスイキン	原水禁	1285		131	-15.6667
ゲンパツスイシン	原発推進	1288		278	-14.6076
ゲンキダマ	元気玉	1288		26	-13.4829
ゲンマイ	げんまい	1285		501	-18.8289
ゲンオン	原音	1285		327	-13.8265
ゲ	元	1288		501	
ゲンノウ	玄翁	1285		392	-16.0384
ゲ	麑	1288		501	
ゲフィン		1288		180	-14.8928
ゲンジョウイジバイアス	現状維持バイアス	1288		501	-14.6328
ゲバボウ	ゲバ棒	1285		60	-18.0304
ゲロウ	下﨟	1285		501	-18.6282
ゲンゲン	言々	1285		501	-18.1929
ゲキサク	劇作	1285		323	-14.4541
ゲツズ	月図	1285		501	-18.6282
ゲプー	げぷー	1281		501	-17.0315
ゲンギン	現銀	1285		501	-18.6282
ゲキシ	檄し	587		501	-15.9150
ゲンソク	減速	1283		174	-11.2704
ゲンゾク	幻賊	1285		501	-18.6282
ゲイ	⚣	1288		501	-20.0000
ゲキウマ	激うま	1288		501	-14.2406
ゲンダイイガク	現代医学	1288		239	-13.9348
ゲンゾウ	原蔵	1285		501	-18.6282
ゲンシ	原詩	1285		59	-15.1056
ゲンゴカシ	言語化し	1285	610	17	-11.3852
ゲンテイバン	限定版	1288		24	-12.6252
ゲレツ	下劣	1287		66	-12.8203
ゲシュタルト		1285		157	-14.4342
ゲンメンソチ	減免措置	1288		455	-14.8355
ゲジュン	下じゅん	1314		501	-17.2034
ゲンミツニ	厳密に	1287	329	17	-11.3648
ゲンダイバン	現代版	1285	1298	17	-12.6766
ゲファレンオート		1285		501	-15.1682
ゲキキョウ	激強	1283	1298	17	-13.1629
ゲツガク	月額	1285		163	-10.9525
ゲキョウ	外京	1285		501	-18.6282
ゲキヒョウ	劇評	1285		323	-15.3779
ゲージ		1285		283	-11.2468
ゲンシュ	原酒	1285		487	-14.1615
ゲンエイ	元永	1288		21	-18.5231
ゲームタイトル		1288		296	-12.8820
ゲツガクセイ	月額制	1285	1298	17	-13.1395
ゲンジン	原人	1285		212	-13.9971
ゲンバクシリョウカン	原爆資料館	1288		39	-14.8770
ゲンドガク	限度額	1285	1298	17	-12.3689
ゲスノキワミオトメ	ゲスの極み乙女。	1288		22	-15.0004
ゲンセイ	玄成	1291		501	-18.5778
ゲツヨ	げつよ	1285		78	-15.0022
ゲンジツガ	現実が	1285	148	17	-11.3157
ゲジョウ	下城	1283		114	-15.6091
ゲ	戲	1288		501	
ゲシャ	げしゃ	582		501	-11.7604
ゲ	瑕	1288		501	
ゲシ		1285		501	-18.1358
ゲルマンゴハ	ゲルマン語派	1288		340	-13.9105
ゲンシ	元子	1291		497	-18.1724
ゲチ	蘖	1288		501	
ゲメン	外面	1285		304	-17.8390
ゲームカイシ	ゲーム開始	1285	1283	17	-12.8126
ゲシ	げし	587		501	-11.7694
ゲンドウキツキジテンシャ	原動機付自転車	1288		319	-12.8015
ゲ	遐	1288		501	
ゲンキ	genk	1289		501	-13.9104
ゲンピ	原皮	1285		55	-16.2337
ゲルニカ		1293		130	-12.6591
ゲンタンセイサク	減反政策	1288		422	-14.5815
ゲンソウスイコデン	幻想水滸伝	1288		177	-14.6206
ゲンリツ	減率	1285		501	-18.7236
ゲームプレイ		1288		283	-12.8981
ゲンゴ	諺語	1285		501	-18.6282
ゲツエイ	月英	1291		501	-18.1724
ゲイジュツカクブ	芸術学部	1288		187	-12.9943
ゲンエン	原猿	1285		382	-15.5598
ゲカ	外科	1285		402	-11.3547
ゲンニョ	玄女	1288		501	-18.5231
ゲキタン	激短	1285		501	-18.6282
ゲンイン	原因	1283		192	-18.0694
ゲンジ		1289		89	-13.8764
ゲン	源	1285		405	-16.6576
ゲオルク		1289		329	-12.2005
ゲンスル	減する	583		501	-15.9093
ゲンム	元夢	1291		501	-18.1724
ゲンシ	幻視	1285		252	-13.3856
ゲキヘン	激変	1283		182	-12.2371
ゲンザイノ	現在の	1314	368	17	-8.8592
ゲソウ	外相	1285		215	-14.8141
ゲンロンジン	言論人	1285	1298	17	-13.1281
ゲンハチ	玄八	1291		501	-18.1724
ゲンソバ	玄そば	1285		501	-18.6282
ゲンチェレ	弦チェレ	1285		501	-18.6282
ゲダイ	外題	1285		312	-15.0585
ゲンノウ	げんのう	1285		501	-18.9467
ゲンジュウミンゾク	原住民族	1288		160	-14.6794
ゲッ	げっ	3		331	-11.2047
ゲンシドケイ	原子時計	1288		339	-14.0043
ゲキレツ	劇烈	1287		501	-17.5369
ゲンバヲ	現場を	1285	156	17	-11.3864
ゲンキ	幻戯	1285		501	-18.6282
ゲンカク	厳格	1287		169	-10.1034
ゲンチオウエン	現地応援	1285	1283	17	-13.5279
ゲ	找	1288		501	
ゲンゾウ	幻像	1285		501	-16.4828
ゲキロウ	激浪	1285		308	-16.5443
ゲンリシュギシャ	原理主義者	1288		501	-14.0250
ゲンロンダンアツ	言論弾圧	1288		216	-13.8343
ゲコウチュウ	下校中	1283	1305	17	-13.4337
ゲンジツ	幻日	1285		29	-18.6282
ゲンダイ	原題	1285		260	-11.2625
ゲファレンオート		1288		501	-14.9678
ゲルゲル	げるげる	1281		501	-17.6734
ゲシャ	解しゃ	730		481	-17.4712
ゲンソク	原速	1285		501	-18.6282
ゲンコク	元国	1294		184	-17.5567
ゲンセン	厳選	1283		375	-10.7468
ゲームボーイカラー		1288		296	-13.4269
ゲスバレ	下種張れ	768		501	-18.2101
ゲンジノチョウジャ	源氏長者	1288		369	-14.3800
ゲキジョウコウカイ	劇場公開	1285	1283	17	-13.2552
ゲンジツ	現実	1285		287	-8.8391
ゲンミツニハ	厳密には	1287	261	17	-11.2599
ゲン	寰	1288		501	
ゲイジュツケイ	芸術系	1288		253	-13.8435
ゲツヨウゴールデン	月曜ゴールデン	1288		476	-14.9606
ゲームパソコン		1288		115	-14.9149
ゲキショウ	劇症	1285		501	-18.6282
ゲアンリン	夏安林	1288		501	-18.5231
ゲン	啣	1288		501	
ゲンジロウ	げんじろう	1291		501	-17.8847
ゲシン	下針	1289		501	-17.9060
ゲントウ	源頭	1285		501	-18.6282
ゲンテイパッケージ	限定パッケージ	1288		501	-14.7237
ゲキダンシンカンセン	劇団☆新感線	1288		477	-14.5690
ゲンタク	玄宅	1291		501	-18.1724
ゲンテン	減点	1283		211	-12.0915
ゲチ	竭	1288		501	
ゲンケイ	元型	1288		88	-13.8206
ゲンコウリョウ	原稿料	1288		474	-12.6344
ゲイショウ	霓裳	1285		501	-18.6282
ゲンジュウショ	現住所	1285		489	-14.3769
ゲンコク	玄穀	1285		501	-18.6282
ゲーミングピーシー	ゲーミングPC	1288		501	-13.3941
ゲストサン	ゲストさん	1285	1302	17	-13.2777
ゲンチジョウホウ	現地情報	1288		265	-13.5566
ゲダン	下段	1285		304	-11.9895
ゲームタイケン	ゲーム体験	1285	1283	17	-13.4913
ゲンジナ	源氏名	1285		51	-14.6746
ゲショウ	下生	1285		365	-18.7236
ゲン	芫	1288		501	
ゲイコ	げいこ	1283		150	-19.5357
ゲソウ	下僧	1285		501	-18.6282
ゲンシロ	原子炉	1288		173	-11.6426
ゲンジュツ	幻術	1285		26	-14.3006
ゲームクリア		1285	1283	17	-13.1205
ゲンサイ	減債	1285		501	-18.6282
ゲッコウガ		1288		26	-14.8317
ゲンダユウ	源太夫	1291		501	-18.1724
ゲキジョウ	撃攘	1283		144	-16.3773
ゲスバル	下種張る	772		501	-18.0871
ゲンチノ	現地の	1285	368	17	-10.7886
ゲスウ	ゲスう	31		501	-13.3648
ゲンポウ	玄峰	1288		501	-18.5231
ゲンニン	現任	1285		265	-14.3912
ゲキブツ	劇物	1288		257	-13.5414
ゲキメツ	撃滅	1283		411	-12.4611
ゲンバケンショウ	現場検証	1288		490	-14.2440
ゲイ	羿	1289		74	-13.7893
ゲンブ	玄武	1293		3	-12.1751
ゲン	監	1288		501	
ゲッスイ	月水	1285		501	-18.6282
ゲチ	覈	1288		501	
ゲンチテワタシ	現地手渡し	1285	1283	17	-13.3199
ゲンテイショウヒン	限定商品	1288		501	-13.5955
ゲンゴカ	言語化	1288		501	-11.1353
ゲンカイコウヨウ	限界効用	1288		286	-14.1904
ゲセン	げせん	1287		501	-18.0477
ゲンウ	阮瑀	1289		501	-17.9060
ゲンキョウ	元凶	1285		282	-12.8027
ゲンショウヲ	現象を	1285	156	17	-11.4104
ゲンメン	減免	1283		474	-13.0785
ゲンカ	原歌	1285		501	-18.6282
ゲイジュツイン	芸術院	1288		300	-13.9085
ゲンシュウ	元修	1289		501	-17.9060
ゲンフ	現夫	1285		501	-18.6282
ゲンザイデモ	現在でも	1314	341	17	-10.6961
ゲームエイキョウ	ゲーム影響	1285	1283	17	-13.2823
ゲツレイ	月例	1285		300	-13.9473
ゲンユカカク	原油価格	1288		422	-12.7047
ゲンテイカカク	限定価格	1288		501	-14.8243
ゲスバッ	下種張っ	786		501	-18.2359
ゲキショ	激暑	1285		501	-16.6669
ゲンゼンタル	厳然たる	1315		186	-13.4880
ゲラゲラ	げらげら	1281		501	-13.8179
ゲザ	下座	1283		312	-14.5109
ゲンサイ	弦齋	1291		501	-18.1724
ゲンジュウ	幻獣	1288		212	-12.6049
ゲームデザイン		1288		322	-12.8333
ゲンミツニ	厳密に	1287	151	17	-11.2286
ゲギョウ	下行	1283		501	-18.0694
ゲンム	幻夢	1285		501	-18.6282
ゲンロク	元禄	1288		21	-18.5231
ゲンキンキボウ	現金希望	1285	1283	17	-13.2077
ゲイジュツアカデミー	芸術アカデミー	1292		314	-12.3211
ゲンワク	幻惑	1283		91	-14.0132
ゲイギ	芸妓	1285		311	-13.0809
ゲソ		1285		241	-13.9009
ゲラク	下落	1283		422	-10.8858
ゲキロン	激論	1283		216	-13.2031
ゲンキデス	元気です。	1288		501	-12.9886
ゲンキヅケリャ	元気づけりゃ	618		438	-12.9463
ゲームサンマイ	ゲーム三昧	1285		17	-13.5033
ゲンザイデハ	現在では	1314	261	17	-10.1977
ゲンリョク	源力	1285		501	-18.6282
ゲ	兮	1288		501	
ゲンセキ	厳石	1285		501	-18.6282
ゲイマ	桂馬	1285		137	-17.5827
ゲイエイ	芸映	1288		14	-18.5231
ゲルハルト・ベルガー		1289		63	-13.6930
ゲツヨウ	月よう	1314		501	-17.1389
ゲーリッグ		1285		62	-14.4469
ゲームケンキュウ	ゲーム研究	1288		419	-14.9894
ゲンソウ	還相	1285		501	-18.6282
ゲンペイセイスイキ	源平盛衰記	1288		10	-13.7806
ゲンチョク	元直	1291		148	-18.1724
ゲツメンチャクリク	月面着陸	1288		173	-13.5320
ゲツリツ	月率	1285		501	-18.6282
ゲルク		1285		365	-14.0267
ゲンシ	原糸	1285		501	-18.6282
ゲイジュツガク	芸術学	1288		187	-14.3221
ゲキカイ	劇界	1285		73	-16.1835
ゲンイ	玄以	1291		399	-14.4443
ゲンソクザイ	減速材	1288		405	-14.7389
ゲームボーイアドバンス		1288		296	-12.4034
ゲストハウス		1285		480	-12.5303
ゲスバン	下種張ん	774		501	-18.2101
ゲン	減	1285		422	-12.4109
ゲンプ	厳父	1285		501	-17.2195
ゲン	厳	1290		128	-12.7513
ゲンシ	減資	1283		474	-13.9062
ゲンノシン	源之進	1291		501	-18.1724
ゲンエン	言苑	1288		501	-18.5231
ゲカン	解官	1283		193	-17.4409
ゲンゴガク	言語学	1288		88	-11.5569
ゲキアツ	激アツ	1283	1285	17	-11.5363
ゲッカンショウネンマガジン	月刊少年マガジン	1288		136	-13.3187
ゲンツ		1289		501	-15.5302
ゲンバンケン	原盤権	1288		378	-14.2204
ゲノムヘンシュウ	ゲノム編集	1288		501	-13.8706
ゲンシカ	原子価	1288		339	-13.2571
ゲンヤ	幻弥	1291		501	-18.1724
ゲームヘタ	ゲーム下手	1285	1287	17	-13.4736
ゲキゲン	激減	1283		182	-10.7342
ゲンテイテキ	限定的	1288		351	-12.2964
ゲンスイ	減衰	1283		339	-11.9611
ゲンロウインギカン	元老院議官	1288		106	-14.5623
ゲンジョウ	原帖	1285		501	-18.6282
ゲッ	月	1288		501	
ゲンフク	厳復	1289		157	-14.6713
ゲツメンキチ	月面基地	1288		173	-14.0664
ゲンツウ	玄通	1285		501	-18.6282
ゲンソク	舷側	1285		284	-12.4574
ゲンバン	元版	1285		501	-18.6282
ゲランド		1293		6	-14.6328
ゲンシュウ	減収	1283		422	-13.3707
ゲッカンニュータイプ	月刊ニュータイプ	1288		136	-14.4541
ゲロオンセン	下呂温泉	1293		385	-13.7137
ゲキチュウキョク	劇中曲	1288		223	-14.9571
ゲジゲジ	蚰蜒	1285		501	-18.7236
ゲンコウ	言行	1285		365	-14.1515
ゲンガク	現額	1285		501	-18.6282
ゲビヨ	下卑よ	621		501	-18.0891
ゲセワ	下世話	1285		66	-14.0153
ゲンジモノガタリ	源氏物語	1288		59	-11.6578
ゲンコウ	元寇	1285		498	-18.6282
ゲンショウ	玄昌	1285		501	-18.6282
ゲンチョウ	玄鳥	1285		501	-18.6282
ゲキシ	劇詩	1285		204	-16.1209
ゲゲゲノキタロウ	ゲゲゲの鬼太郎	1288		415	-13.2454
ゲンボウ	玄昉	1289		501	-17.9060
ゲキカラリョウリ	激辛料理	1285	1283	17	-12.5151
ゲキダンハイユウザ	劇団俳優座	1292		14	-13.2208
ゲンチイリ	現地入り	1285	1297	17	-13.5155
ゲ	祁	1288		501	
ゲタ	げた	1285		437	-14.0483
ゲンイン	元贇	1291		501	-18.1724
ゲンシャ	現社	1288		358	-14.8053
ゲン	舷	1285		320	-12.5757
ゲンコ	舷弧	1285		501	-18.6282
ゲンケイ	原景	1285		501	-18.6282
ゲンイチロウ	弦一郎	1291		501	-18.1724
ゲンヒ	元悲	1289		501	-17.9060
ゲンテンバン	原典版	1288		416	-14.1216
ゲン	眩	1288		501	
ゲンイチロウ	源一郎	1291		159	-14.2314
ゲキシャ	げきしゃ	582		501	-15.0306
ゲンキガンネン	元亀元年	1285	1314	17	-13.3009
ゲルフ		1288		34	-14.6426
ゲンツキ	原付き	1285		501	-18.6282
ゲンショ	元初	1285		360	-18.6282
ゲキ		1288		203	-14.0000
ゲンテンホウシキ	減点方式	1283	1285	17	-13.5279
ゲンゾク	還俗	1283		369	-12.7360
ゲンサン	源珊	1291		501	-18.1724
ゲンブン	原文	1285		59	-11.9706
ゲージリロン	ゲージ理論	1288		65	-13.9282
ゲンザイシンコウ	現在進行	1314	1283	17	-12.9278
ゲザイ	下剤	1285		192	-13.6687
ゲンシャチョウ	現社長	1288		269	-14.1924
ゲイザ	猊座	1285		501	-18.6282
ゲノムプロジェクト		1288		355	-14.6999
ゲンケン	原権	1285		501	-18.6282
ゲンソウブンガク	幻想文学	1288		393	-13.4608
ゲンボク	玄朴	1291		501	-15.0369
ゲンシ	原詞	1285		501	-18.6282
ゲンヨキン	現預金	1285		501	-18.6282
ゲンジロウ	源二郎	1291		501	-18.1724
ゲッセカイリョコウ	月世界旅行	1288		90	-14.9285
ゲンバン	原板	1285		270	-18.3276
ゲットナビ	GetNavi	1288		501	-14.5027
ゲンパチ	源八	1291		501	-18.1724
ゲートウェイ		1292		20	-11.8565
ゲンタ	源田	1293		123	-11.5227
ゲンケイ	元慶	1291		21	-12.2774
ゲンジョウ	元丈	1291		501	-16.2265
ゲンジュツ	言述	1285		501	-18.6282
ゲンコウノ	現行の	1285	368	17	-11.2803
ゲツセイ	月生	1291		501	-18.1724
ゲキチク	撃逐	1285		501	-18.6282
ゲン		1291		149	-16.8731
ゲンキヅケ	元気づけ	625		301	-12.9914
ゲンシュク	厳しゅく	1287		501	-17.5369
ゲームヲ	ゲームを	1285	156	17	-10.0369
ゲンドウ	原道	1285		76	-18.6282
ゲイ	倪	1290		392	-17.7354
ゲ	花	1291		333	-33.7938
ゲンサイ	幻斎	1291		501	-18.1724
ゲンロンカイ	言論界	1288		131	-14.4696
ゲンケイ	減輕	1283		501	-18.0694
ゲンミ	幻味	1285		501	-18.6282
ゲッシルイ	げっ歯類	1288		501	-14.7860
ゲンキ	阮煕	1289		501	-17.9060
ゲンテイデ	限定で	1283	149	17	-10.8798
ゲッショク	月食	1285		112	-13.8083
ゲンテキ	原的	1287		501	-17.5369
ゲームジョウ	ゲーム上	1285	1305	17	-13.2246
ゲンドウ	原動	1285		289	-15.6790
ゲンアン	玄庵	1291		501	-18.1724
ゲンジショウグン	源氏将軍	1292		369	-13.5101
ゲンヨウ	現用	1283		413	-13.5742
ゲイリー・クーパー		1289		179	-13.5648
ゲンザイハ	現在は	1314	261	17	-9.3692
ゲンヨウ	厳容	1285		501	-18.6282
ゲンテイコク	元帝国	1288		185	-14.8816
ゲンズリャ	減ずりゃ	591		43	-10.6564
ゲル		1285		149	-12.3149
ゲシ	夏至	1285		112	-13.5983
ゲス	げす	584		501	-11.7660
ゲンバクショウ	原爆症	1288		46	-14.7355
ゲン	狠	1288		501	
ゲンオン	元温	1291		501	-18.1724
ゲンスイ	元帥	1285		188	-11.5932
ゲンシン	元稹	1289		28	-17.9060
ゲンチョウ	源朝	1291		501	-18.1724
ゲンジヨ	減じよ	621		481	-12.4299
ゲンゾウ	眼蔵	1285		501	-18.6282
ゲーニッツ		1288		26	-14.2696
ゲンロクジダイ	元禄時代	1288		501	-14.0186
ゲキエツ	激越	1283		66	-16.7631
ゲンダイノオンガク	現代の音楽	1288		416	-14.6869
ゲンヨウ	幻妖	1285		501	-16.0563
ゲームガ	ゲームが	1285	148	17	-10.4977
ゲキツイオウ	撃墜王	1288		188	-14.6682
ゲンズイ	玄随	1291		501	-15.8370
ゲンセツ	言説	1285		88	-12.2418
ゲタ	桁	1300		454	-11.4631
ゲングン	元軍	1285		501	-18.8289
ゲンコウギョウセイチメイ	現行行政地名	1285		17	-13.1911
ゲンジョウ	玄裝	1289		501	-17.9060
ゲンズレ	げんずれ	590		501	-8.4666
ゲンギ	玄義	1285		501	-18.6282
ゲンコク	減石	1283		399	-15.6170
ゲイダイ	芸大	1285		187	-13.4603
ゲンエキフッキ	現役復帰	1288		306	-12.6141
ゲンチジカン	現地時間	1288		380	-12.5922
ゲイバー		1293		480	-12.0025
ゲ	盻	1288		501	
ゲキス	檄す	584		501	-15.9117
ゲンノシン	玄之進	1291		501	-18.1724
ゲンボウ	言貌	1285		501	-18.6282
ゲツガクカキン	月額課金	1285	1283	17	-13.4010
ゲネプロ		1288		172	-14.5108
ゲキジョウバンポケットモンスター	劇場版ポケットモンスター	1288		415	-14.9375
ゲアハルト・シュレーダー		1289		68	-13.8951
ゲン	玄	1285		128	-12.0955
ゲキハヤ	激速	1287		501	-17.2745
ゲキドク	劇毒	1285		501	-16.7467
ゲンジン	減じん	620		481	-12.4270
ゲンユウ	玄侑	1290		501	-17.7354
ゲルマニウム		1285		405	-13.7658
ゲキタン	激湍	1285		501	-18.6282
ゲンケイ	減敬	1289		501	-17.9060
ゲンガク	玄学	1285		501	-18.3871
ゲンリン	元臨	1291		501	-18.1724
ゲビ	下卑	622		501	-18.1005
ゲ	剴	1288		501	
ゲシイ	ゲシい	19		501	-13.8795
ゲンニ	現に	1281		456	-10.3556
ゲンコウハン	現行犯	1288		243	-12.9343
ゲッターロボ		1288		190	-13.2051
ゲンコウシ	原工試	1285		501	-18.6282
ゲリラ		1285		326	-11.4290
ゲンジツバナレ	現実離れ	1283		307	-13.5905
ゲルハルト		1289		329	-13.7158
ゲキネツ	激熱	1283	1298	17	-12.9641
ゲンハチロウ	源八郎	1291		148	-18.1724
ゲキテツ	げき鉄	1285		501	-18.9467
ゲイル		1288		25	-14.2069
ゲム		1288		501	-14.9452
ゲンセンカケナガシ	源泉かけ流し	1288		501	-14.5500
ゲル	げる	1285		392	-13.0162
ゲンロク	源六	1291		497	-14.9535
ゲキ	鴃	1288		501	
ゲンカ	元価	1285		501	-18.6282
ゲンインフメイ	原因不明	1288		501	-12.2928
ゲンコウ	源光	1288		399	-18.5231
ゲキマジ	激マジ	1285		501	-18.6282
ゲキムズ	激ムズ	1283	1285	17	-12.7255
ゲンジ	現字	1285		501	-18.6282
ゲッショウ	月商	1285		354	-18.6282
ゲンナリ		1283		501	-14.1620
ゲンケン	元倹	1291		501	-18.1724
ゲンシテキ	原始的	1285	1299	17	-12.0966
ゲンシン	現身	1285		128	-18.6282
ゲイセイ	芸西	1293		120	-15.4321
ゲンジュウ	嚴重	1287		501	-17.5369
ゲッケイゼンショウコウグン	月経前症候群	1288		457	-14.9417
ゲンド	限度	1285		286	-11.5189
ゲネツ	下熱	1285		501	-18.6282
ゲンシュク	厳粛	1287		66	-12.5533
ゲンチチョウタツ	現地調達	1288		375	-13.8996
ゲンキダシテ	元気だして	1287	1285	17	-12.8412
ゲンジロウ	原二郎	1291		501	-18.1724
ゲンニク	減肉	1285		501	-18.6282
ゲンテイ	玄帝	1289		501	-17.9060
ゲツジョウ	月娘	1291		501	-18.1724
ゲンダイフウ	現代風	1285	1298	17	-12.8049
ゲスバラ	下種張ら	780		501	-18.2152
ゲイトウ	げいとう	1285		501	-19.9275
ゲンバク	原ばく	1285		501	-18.6282
ゲンコ	拳固	1285		501	-17.8398
ゲンキヅケヨ	元気づけよ	621		438	-12.9682
ゲンアン	源庵	1291		501	-18.1724
ゲンテイコウカイ	限定公開	1283		17	-12.2762
ゲンジ	元治	1288		21	-15.9104
ゲルドフ		1288		196	-14.8790
ゲンテイヒン	限定品	1283	1298	17	-11.8535
ゲイ	麑	1288		501	
ゲンスイバク	原水爆	1285		216	-14.9656
ゲレンデ		1285		414	-13.1196
ゲンザイジコク	現在時刻	1314	1285	17	-13.2915
ゲッソウ	月崇	1288		501	-18.5231
ゲイジュツカツドウ	芸術活動	1285	1283	17	-13.2204
ゲントウ	幻燈	1285		389	-18.5412
ゲンピョウ	原票	1285		501	-16.4723
ゲンセイダイ	原生代	1285		94	-15.1739
ゲンシン	玄信	1291		501	-18.1724
ゲンゴエモン	源五右衛門	1291		501	-15.2279
ゲツシン	月神	1285		501	-17.0859
ゲビリャ	下びりゃ	618		501	-18.0671
ゲンシケン	げんしけん	1288		177	-14.1243
ゲキ	屐	1288		501	
ゲイコマ	芸細	1285		501	-18.6282
ゲンコウ	げんこう	1285		501	-18.9467
ゲキレア	激レア	1283	1287	17	-12.8654
ゲンイチ	源市	1291		501	-18.1724
ゲ	華	1288		501	
ゲキス	激す	731		501	-17.4749
ゲキショ	劇暑	1285		501	-18.6282
ゲンク	原句	1285		501	-18.6282
ゲンコウハンタイホ	現行犯逮捕	1288		243	-14.1606
ゲキコミ	激混	1283		501	-14.0921
ゲンニ	厳に	1281		495	-13.6507
ゲットワイルド	Get Wild	1288		262	-14.6896
ゲンサイ	玄哉	1291		501	-18.1724
ゲッコウ	月耕	1291		312	-16.5629
ゲンビ	衒媚	1285		501	-18.6282
ゲキダン	劇談	1285		501	-17.8906
ゲスト		1285		409	-9.7042
ゲンカイ	諺解	1285		28	-18.6282
ゲンキン	減菌	1285		501	-18.6282
ゲイ	慶	1288		501	
ゲンテイ	元帝	1289		246	-12.9544
ゲンダイノカガク	現代の科学	1288		88	-14.3285
ゲンゴロウブナ	源五郎鮒	1285		501	-18.0923
ゲッキュウ	月丘	1285		159	-18.6282
ゲンガク	減額	1283		474	-11.9167
ゲンソンソンシツ	減損損失	1288		501	-14.9749
ゲンチョウ	阮朝	1288		446	-18.5231
ゲイルイ	鯨類	1285		116	-20.3330
ゲンコウケンポウ	現行憲法	1288		13	-13.3721
ゲンブ	減歩	1283		501	-18.0694
ゲンジツカ	現実化	1285	1297	17	-11.9856
ゲンコク	厳酷	1287		501	-17.5369
ゲンショウサンゾウ	玄奘三蔵	1289		342	-13.2877
ゲキシャ	激写	1285		113	-14.3395
ゲンジリャ	減じりゃ	618		481	-12.4080
ゲキヒッサツ	撃必殺	1300	1285	17	-13.3248
ゲームジョウホウ	ゲーム情報	1288		501	-13.8311
ゲイレキ	芸歴	1285		409	-13.7095
ゲン	減	1298		422	-10.1521
ゲンケンポウ	現憲法	1288		501	-14.7321
ゲンテイサレ	限定され	1283	876	17	-11.4370
ゲンヤ	源也	1291		501	-18.1724
ゲチ	偈	1288		501	
ゲンエイ	幻影	1285		212	-12.7710
ゲンコクガワ	原告側	1285	1298	17	-13.4505
ゲイタザエモン	鯨太左エ門	1291		501	-18.1724
ゲリャク	下略	1285		501	-16.8894
ゲンエイジョウ	幻影城	1288		396	-14.9756
ゲンショク	減色	1283		501	-18.0694
ゲンスンダイ	原寸大	1288		501	-14.1336
ゲンダイグループ	現代グループ	1292		378	-13.2354
ゲーム・オブ・スローンズ		1288		448	-14.9872
ゲン	嫺	1288		501	
ゲンカイ	玄怪	1285		501	-18.6282
ゲンショウボウ	源昌房	1291		501	-18.1724
ゲンコク	げんこく	1287		501	-17.6422
ゲンジ	玄耳	1291		501	-16.9684
ゲン	還	1288		501	
ゲンキダヨ	元気だよ	1287	288	17	-11.2039
ゲビル	下卑る	619		501	-18.0939
ゲガキ	夏書き	1285		501	-18.6282
ゲングロ	玄黒	1285		501	-18.6282
ゲッカンジーファンタジー	月刊Gファンタジー	1288		396	-14.2926
ゲンエイリョダン	幻影旅団	1292		241	-13.4236
ゲンギョウ	還行	1283		501	-18.0694
ゲンズル	減ずる	592		43	-10.6580
ゲプ〜	げぷ〜	1281		501	-17.6734
ゲッカンショウネンガンガン	月刊少年ガンガン	1288		136	-13.5481
ゲツ	孑	1288		501	
ゲドク	解毒	1283		100	-12.7276
ゲンビョウ	原病	1285		501	-18.6282
ゲンカイガ	限界が	1285	148	17	-10.8438
ゲッカ	月花	1285		501	-18.6282
ゲンチセイサン	現地生産	1288		168	-13.9124
ゲンショウガク	現象学	1288		88	-12.6277
ゲンダ	玄田	1290		170	-13.2691
ゲセン	下賤	1287		501	-17.4416
ゲツ	げつ	1300		501	-17.8364
ゲエゲエ	げえげえ	1281		501	-16.7671
ゲンカク	げんかく	1287		501	-17.6422
ゲ	笥	1288		501	
ゲンテイグッズ	限定グッズ	1288		442	-14.5528
ゲンリョウ	玄良	1291		501	-18.1724
ゲキヤバ	激ヤバ	1283	1285	17	-12.9549
ゲンシュウ	現収	1285		501	-18.1929
ゲンテイバン	限定盤	1288		24	-14.3564
ゲンショ	厳暑	1285		501	-18.1929
ゲダツ	解脱	1283		365	-12.5930
ゲッカンエムブイピー	月間MVP	1288		377	-12.9130
ゲンリ	原理	1285		287	-10.3321
ゲンシャ	玄沙	1290		501	-17.7354
ゲンキモリモリ	元気モリモリ	1287		17	-13.5217
ゲツメンシャ	月面車	1288		173	-14.6519
ゲンコウホウ	現行法	1288		456	-12.9608
ゲームタイカイ	ゲーム大会	1285		17	-13.4620
ゲイジュツカ	芸術家	1285	1298	17	-11.1162
ゲンライ	玄頼	1289		501	-17.9060
ゲマインシャフト		1285		484	-15.5994
ゲキ	郤	1288		501	
ゲンシン	げんしん	1285		17	-13.2686
ゲームシテ	ゲームして	1285	307	17	-11.0787
ゲンチュウ	原注	1285		345	-15.8500
ゲシュク	下宿	1283		290	-11.8130
ゲンタン	舷端	1285		501	-18.6282
ゲンキ	元亀	1288		21	-18.5231
ゲンシン	幻真	1291		501	-18.1724
ゲンダイブンガク	現代文学	1288		291	-13.7913
ゲンダイシ	現代史	1288		291	-13.2328
ゲンガッキ	弦楽器	1285		458	-12.4731
ゲキショク	激職	1285		501	-18.1929
ゲイホク	芸北	1293		69	-15.7549
ゲコ	下戸	1285		127	-13.6227
ゲンヤク	減薬	1285	1298	17	-13.4794
ゲンガク	衒学	1285		307	-14.8383
ゲンイチロウ	元一郎	1291		501	-18.1724
ゲームジタイ	ゲーム自体	1285		17	-12.4524
ゲキテキ	劇的	1287		169	-10.0402
ゲスイショリジョウ	下水処理場	1288		102	-13.9801
ゲンダテッショウ	玄田哲章	1289		122	-13.6117
ゲンレイ	元礼	1291		501	-18.1724
ゲームイベント		1288		501	-14.8274
ゲンセン	源泉	1285		102	-11.4712
ゲッカンショウネンギャグオウ	月刊少年ギャグ王	1288		184	-14.9190
ゲイドウ	芸道	1285		251	-14.3699
ゲンエキインタイ	現役引退	1288		306	-11.0950
ゲンド	原土	1285		501	-18.6282
ゲンシロウ	源四郎	1291		497	-13.6615
ゲン	拳	1288		501	
ゲンコウノラン	元弘の乱	1288		498	-13.2594
ゲンカク	減格	1285		501	-18.6282
ゲンコウイジョウ	現行以上	1285	1313	17	-13.5094
ゲイ	囈	1288		501	
ゲット	get	1288		121	-12.2917
ゲンワ	原話	1285		501	-18.6282
ゲスカラ	ゲスから	27		501	-13.3563
ゲンイチ	玄一	1291		501	-18.1724
ゲ	悔	1288		501	
ゲンタツ	厳達	1283		501	-18.0694
ゲキショウ	激賞	1283		323	-13.3057
ゲンバケイケン	現場経験	1288		501	-14.5637
ゲンピ	原碑	1285		501	-18.6282
ゲンオウチョウ	元王朝	1288		135	-14.6730
ゲン	限	1305		395	-12.2673
ゲンソク	原則	1285		455	-9.5539
ゲット	月斗	1291		501	-15.4380
ゲンシ	幻死	1285		501	-18.6282
ゲキオコ	激おこ	1288		501	-13.5192
ゲドクザイ	解毒剤	1288		257	-13.9825
ゲーテ		1290		204	-10.6301
ゲシ	解し	587		456	-15.7973
ゲンコン	現今	1285		28	-14.5938
ゲンバノ	現場の	1285	368	17	-10.6973
ゲツ	蘖	1288		501	
ゲボ		1289		501	-13.1947
ゲジゲジ	げじげじ	1285		501	-18.4459
ゲンサイ	減災	1285		154	-18.6282
ゲンシュウ	厳修	1283		238	-16.4478
ゲンヤ	原野	1285		480	-13.0480
ゲ		1298		244	-17.7053
ゲンブンイッチ	言文一致	1288		88	-14.4397
ゲン	湲	1288		501	
ゲツオウ	月央	1285		501	-18.6282
ゲンデン	原電	1285		110	-18.6282
ゲス	下司	1285		403	-15.1046
ゲンショク	幻色	1285		501	-18.6282
ゲンソク	原則	1314		455	-17.0211
ゲンテイノ	限定の	1283	368	17	-10.8841
ゲンロン	言論	1285		388	-11.9122
ゲツナイ	月内	1285		153	-14.7712
ゲンテン	現点	1285		501	-18.6282
ゲツマツ	月末	1285		380	-13.3271
ゲキオン	激音	1285		501	-18.7236
ゲキムズ	げきむず	1287		501	-17.6422
ゲンキデスカ	元気ですか	1288		250	-13.3292
ゲンシン	源信	1289		10	-17.9060
ゲンテイサ	限定さ	1283	605	17	-11.1220
ゲカシュジュツ	外科手術	1285	1283	17	-13.1472
ゲンブカン	玄武館	1288		251	-14.9543
ゲンソ	げんそ	1285		331	-14.9147
ゲンキデ	元気出	1287	625	17	-11.4270
ゲ	廨	1288		501	
ゲロ	Gero	1289		262	-13.4615
ゲンゼイ	減税	1283		79	-11.8294
ゲキシヨ	げきしよ	585		501	-15.0320
ゲンショク	元職	1285		191	-14.2240
ゲップ	げっぷ	1285		487	-14.8528
ゲンジツセイ	現実性	1288		287	-13.4137
ゲンイン	原いん	1283		501	-18.0694
ゲッケイシュウキ	月経周期	1288		501	-14.3350
ゲキ	撃	1298		137	-18.2931
ゲキワル	激ワル	1287		501	-17.2745
ゲンキヅケレ	元気づけれ	617		438	-12.9662
ゲンセイリン	原生林	1288		381	-13.0875
ゲームミュージック		1288		324	-13.4193
ゲンダイカナヅカイ	現代仮名遣い	1288		327	-13.5048
ゲ	睨	1288		501	
ゲンカイ	玄界	1293		501	-17.7008
ゲイ	鶏	1288		501	
ゲーブル		1285		496	-15.3164
ゲンネン	現年	1285		501	-18.6282
ゲームセット		1285		211	-14.8751
ゲカガク	外科学	1288		239	-14.4853
ゲンテイメニュー	限定メニュー	1288		172	-13.9700
ゲンダイ	現代	1314		88	-16.9670
ゲツダイ	月台	1285		501	-18.6282
ゲンスウ	現数	1285		501	-18.4767
ゲーメストムック		1285		396	-15.3569
ゲキウマ	激旨	1285		501	-18.6282
ゲ	蠏	1288		501	
ゲンパチ	元八	1291		501	-15.6074
ゲイ	芸	1285		312	-11.5533
ゲキチュウゲキ	劇中劇	1288		322	-13.3335
ゲンタ	元太	1291		49	-18.1724
ゲイゲキキ	迎撃機	1288		413	-14.3021
ゲントウシャ	幻冬舎	1292		136	-10.8867
ゲンジ	現示	1283		501	-18.0694
ゲンダミノル	源田実	1289		123	-13.1066
ゲンカクセイブツ	原核生物	1288		355	-13.1508
ゲンシリョククウボ	原子力空母	1288		230	-13.7543
ゲンテツ	原綴	1285		501	-18.6282
ゲキウマ	激ウマ	1283	1285	17	-12.6285
ゲンソウ	原藻	1285		501	-18.6282
ゲン	軒	1288		501	
ゲンジュ	現受	1285		501	-18.6282
ゲンコウヨウシ	原稿用紙	1288		163	-12.3064
ゲントウ	減等	1285		501	-18.6282
ゲチ	げち	1283		36	-14.3956
ゲンジャク	減弱	1285		501	-18.6282
ゲンナリ	げんなり	1281		501	-17.6734
ゲライ	家来	1285		74	-15.8386
ゲンジロウ	弦二郎	1291		501	-18.1724
ゲーミングモニター		1285		501	-15.3473
ゲネツ	解熱	1283		100	-13.2056
ゲコウ	戯鴻	1288		501	-18.5231
ゲッキュウ	月球	1285		501	-18.6282
ゲンイ	玄衣	1285		501	-18.6282
ゲームオンガク	ゲーム音楽	1288		412	-12.9854
ゲームギア		1288		296	-13.7048
ゲンペイ	源平	1285		464	-14.0462
ゲンバク	原爆	1285		425	-11.7708
ゲンブン	元文	1288		21	-15.2511
ゲ	氣	1288		501	
ゲンツウ	玄通	1291		501	-18.1724
ゲンエキジダイ	現役時代	1288		158	-10.6390
ゲンキ		1289		113	-13.7635
ゲンソウ	現送	1283		501	-16.7425
ゲンエキ	玄益	1291		501	-18.1724
ゲンケツ	原穴	1285		501	-18.6282
ゲンソウコウキョウキョク	幻想交響曲	1288		416	-14.4507
ゲッ	ゲっ	3		501	-16.4223
ゲンショウ	元紹	1291		501	-17.2673
ゲカイ	下界	1285		212	-13.6392
ゲンジツハ	現実は	1285	261	17	-10.9439
ゲラゲラ		1281		113	-11.7303
ゲスイ	ゲスい	19		501	-13.8795
ゲン	豢	1288		501	
ゲッショク	月蝕	1285		389	-15.3800
ゲシュタポ		1285		490	-13.1376
ゲスバレ	下種張れ	784		501	-18.2100
ゲイコツ	鯨骨	1285		116	-16.5175
ゲソク	下足	1285		311	-15.2114
ゲルラッハ		1288		434	-14.8041
ゲンキソウ	元気そう	1287	1301	17	-10.6106
ゲンブガン	玄武岩	1285		381	-13.2181
ゲッキツ	月橘	1285		501	-18.6282
ゲームナイ	ゲーム内	1288		283	-11.2674
ゲット		1292		283	-9.0718
ゲカンノ	下官	1285		501	-18.5412
ゲヤ	下野	1283		498	-11.7624
ゲンパイ	減配	1283		501	-15.3572
ゲンザイシャ	現代社	1288		444	-14.5723
ゲート	gate	1289		5	-13.6222
ゲッケイカップ	月経カップ	1288		501	-13.4381
ゲンゾウ	諺蔵	1291		501	-17.0738
ゲッペイ	月餅	1285		93	-13.5093
ゲンガクガッソウ	弦楽合奏	1288		458	-13.6715
ゲンカングチ	玄関口	1288		480	-11.7218
ゲンジ	現時	1285		145	-16.3684
ゲンカイ	玄海	1293		371	-17.7008
ゲンシツ	言質	1285		436	-16.3932
ゲンシュ	元狩	1288		360	-15.9582
ゲンカイ	限界	1285		351	-9.6446
ゲンブツ	元物	1285		501	-18.6282
ゲキッハヤ	激っ速	1287		501	-17.2745
ゲッカン	月間	1285		318	-10.3842
ゲスバン	下種張ん	782		501	-18.2101
ゲンキョ	玄虚	1285		501	-18.6282
ゲイフク	迎福	1285		501	-18.6282
ゲツガ	月牙	1293		501	-17.7008
ゲツサ	月差	1285		501	-18.6282
ゲンジョウ	現成	1285		501	-18.6282
ゲンザイ	原材	1285		501	-19.2344
ゲンソクキ	減速機	1288		95	-13.9734
ゲイジュツ	げいじゅつ	1285		331	-15.1268
ゲームダ	ゲームだ	1285	453	17	-10.7385
ゲイゴト	芸事	1285		251	-14.0738
ゲキケン	撃剣	1285		406	-16.9745
ゲレ		1289		277	-16.7429
ゲームデザイナー		1288		324	-13.0774
ゲセン	下賎	1287		56	-17.4416
ゲンザン	見参	1283		74	-17.0780
ゲキジョウバンアニメ	劇場版アニメ	1288		501	-13.7812
ゲ	貎	1288		501	
ゲームサ	ゲーム差	1288		178	-13.3181
ゲン	験	1285		395	-16.0481
ゲンマン	げんまん	1285		501	-16.6567
ゲンバツ	厳罰	1283		243	-12.8891
ゲグン	下郡	1285		72	-18.6282
ゲキ		1285		203	-15.0646
ゲンゾウ	原像	1288		186	-14.5439
ゲ	母	1288		501	
ゲッショウ	月笙	1291		501	-18.1724
ゲントウ	舷頭	1285		501	-18.6282
ゲイゴト	芸ごと	1285		501	-18.6282
ゲンテイ	限定	1287		375	-12.4772
ゲンゾン	現存	1283		435	-12.2386
ゲイカップル		1285		17	-13.5033
ゲビ	下び	625		501	-18.1679
ゲジュン	下旬	1314		380	-11.7336
ゲームテキ	ゲーム的	1285	1299	17	-13.0802
ゲンセイジンルイ	現生人類	1288		466	-13.5126
ゲンドウ	言動	1285		252	-10.6920
ゲンジツトウヒ	現実逃避	1288		186	-11.9324
ゲンブツ	現物	1285		474	-11.9981
ゲツ	鴃	1288		501	
ゲルトルート		1289		492	-13.5493
ゲームキャプテン		1288		261	-14.6467
ゲームス	Games	1289		453	-11.4089
ゲームライター		1288		96	-14.6698
ゲンサイ	玄斎	1291		501	-18.1724
ゲッカンショウネンジャンプ	月刊少年ジャンプ	1288		396	-14.0690
ゲームファン		1288		296	-14.1930
ゲッカ	げっか	1283		80	-14.8888
ゲイノウカイイリ	芸能界入り	1288		364	-13.3293
ゲキ	隙	1288		501	
ゲーミフィケーション		1288		501	-14.7366
ゲージリュウシ	ゲージ粒子	1288		339	-14.8292
ゲイエン	芸苑	1285		103	-16.4110
ゲオッ	げおっ	3		501	-16.9819
ゲキダンセイネンザ	劇団青年座	1292		14	-12.7544
ゲンインハ	原因は	1285	261	17	-10.3431
ゲイジュツカントク	芸術監督	1288		98	-13.3214
ゲントウ	幻灯	1285		84	-16.4871
ゲツヨウカラヨフカシ	月曜から夜ふかし	1288		205	-14.7109
ゲンバチカク	現場近く	1288		490	-14.3464
ゲサン	下山	1283		271	-18.2364
ゲキジョウ	撃壌	1285		501	-18.6282
ゲンダイテキ	現代的	1288		501	-12.5311
ゲイノウジン	芸能人	1285		451	-10.7691
ゲッカンマガジンゼット	月刊マガジンZ	1288		396	-14.9606
ゲイブン	芸文	1285		342	-15.5405
ゲンカンマエ	玄関前	1285	1314	17	-12.6984
ゲンイク	厳育	1285		501	-18.6282
ゲンリャク	元暦	1288		21	-18.5231
ゲンタン	厳探	1283		501	-17.6899
ゲッケイ	月桂	1285		392	-16.1343
ゲンテツ	玄哲	1291		501	-18.5778
ゲン	嫻	1288		501	
ゲス		1285		113	-16.4660
ゲンペイ	げんぺい	1285		501	-18.9467
ゲイエイ	芸映	1292		14	-13.5037
ゲンゴ	元吾	1291		501	-18.1724
ゲッポウ	月峯	1290		501	-17.7354
ゲンカン	現観	1285		501	-18.6282
ゲンゾク	元簇	1291		501	-18.1724
ゲンキ	元期	1288		485	-14.9396
ゲンダイッコ	現代っ子	1285		460	-14.8794
ゲイジュツザ	芸術座	1292		449	-13.2960
ゲンミ	原味	1285		501	-18.6282
ゲンサンチ	原産地	1285		116	-12.5786
ゲイノウニュース	芸能ニュース	1288		201	-14.0673
ゲンカイシマ	玄界島	1293		385	-13.8443
ゲンダイビジュツカ	現代美術家	1288		324	-14.0618
ゲシヨ	解しよ	585		456	-15.7897
ゲイシュン	迎春	1285		392	-15.5488
ゲンゴヒョウゲン	言語表現	1288		65	-14.1398
ゲンズル	現ずる	592		501	-13.6266
ゲンゼヨ	減ぜよ	594		43	-10.6564
ゲンジョウカイフク	原状回復	1288		474	-14.2548
ゲンショク	原職	1285		501	-18.6282
ゲンセイ	言聲	1285		501	-18.6282
ゲンバ	げん場	1285		501	-18.6282
ゲ	餉	1288		501	
ゲサク	下策	1285		501	-16.2254
ゲンキソウデ	元気そうで	1287	458	17	-10.9713
ゲンジ	玄二	1291		501	-17.8847
ゲーセン		1288		80	-11.8303
ゲームホンペン	ゲーム本編	1285		17	-13.2463
ゲンオウ	現王	1285		501	-18.6282
ゲンシロウ	げんしろう	1291		501	-17.8847
ゲンカリツ	原価率	1285	1298	17	-13.4337
ゲシャ	下車	1283		109	-11.5825
ゲンコウ	元顥	1289		8	-17.9060
ゲキ	逆	1288		501	
ゲキブトリ	激太り	1288		501	-14.8342
ゲンチョウ	幻聴	1285		192	-12.8810
ゲンショウ	減少	1283		182	-8.9085
ゲイジュツ	藝術	1285		501	-18.6282
ゲンバツカ	厳罰化	1288		216	-14.0656
ゲンレイ	厳麗	1291		501	-18.1724
ゲイジュツセンショウシンジンショウ	芸術選奨新人賞	1292		313	-13.4119
ゲイヨショトウ	芸予諸島	1288		385	-13.9666
ゲツ	囓	1288		501	
ゲンシブッキョウ	原始仏教	1288		365	-14.2970
ゲキハ	激派	1285		501	-19.6398
ゲンジ	げんじ	625		437	-13.3525
ゲンダイエンゲキキョウカイ	現代演劇協会	1292		187	-13.5429
ゲンガ	幻画	1285		501	-18.6282
ゲンカイ	言海	1288		28	-14.9967
ゲストシュツエン	ゲスト出演	1288		409	-11.1648
ゲキム	激務	1285		46	-12.6671
ゲツガクテイガク	月額定額	1285		17	-13.3697
ゲンキョ	原拠	1285		501	-16.3533
ゲンセキ	原石	1285		487	-12.9705
ゲンセン	原泉	1285		330	-18.6282
ゲッベルス		1288		215	-12.7680
ゲツ	頡	1288		501	
ゲンシツ	玄室	1285		435	-14.4430
ゲンパツ	原発	1285		214	-11.4107
ゲームヅクリ	ゲーム作り	1285	1298	17	-13.5533
ゲンゼン	現前	1283		287	-14.5761
ゲイビ	芸備	1285		501	-18.6282
ゲンショウ	言笑	1285		501	-17.2557
ゲンシン	玄真	1291		465	-14.8840
ゲンダイブン	現代文	1288		85	-12.5781
ゲイリン	芸林	1285		501	-18.1929
ゲンジョウブンセキ	現状分析	1288		350	-14.8243
ゲームアーツ		1292		296	-13.5775
ゲンウン	眩暈	1285		192	-16.3162
ゲンカイ	幻界	1285		501	-18.6282
ゲトウ	夏油	1290		501	-11.9734
ゲン	嫌	1288		501	
ゲーマーズ		1288		442	-13.8249
ゲンジョウ	玄常	1291		501	-18.1724
ゲンダイアート	現代アート	1288		84	-13.0363
ゲシヨ	げしよ	585		501	-11.7618
ゲンダイカナヅカイ	現代かなづかい	1288		86	-14.3760
ゲジョ	下女	1285		74	-14.5653
ゲバゲバ	げばげば	1285		501	-19.2344
ゲンカ	言下	1285		501	-16.8037
ゲキ	鷁	1288		501	
ゲインズバラ		1289		303	-13.7490
ゲンカイチ	限界値	1285	1298	17	-12.9579
ゲ		1299		244	-16.0886
ゲンインデ	原因で	1285	149	17	-10.6723
ゲンタ	源太	1291		74	-18.1724
ゲンショウテキイシキ	現象的意識	1288		336	-14.4413
ゲンメイ	厳命	1283		133	-13.4996
ゲンテイ	限定	1283		375	-8.7119
ゲッカ	月華	1288		389	-14.5810
ゲテン	下天	1283		501	-18.0694
ゲド		1289		160	-13.4269
ゲキダカ	激高	1283		161	-15.7856
ゲンプ	げん‐ぷ	1285		501	-18.9467
ゲエ	げえ	3		501	-17.4519
ゲンブン	言文	1285		342	-16.1373
ゲンサク	原索	1285		501	-18.6282
ゲツメン	月面	1285		173	-12.0894
ゲンピョウ	元標	1285		501	-18.6282
ゲンバク	玄麦	1285		501	-17.8906
ゲンコウ	厳浩	1289		501	-17.9060
ゲスイ	下水	1285		102	-12.8683
ゲツ	月	1285		380	-23.2038
ゲソゲソ	げそげそ	1281		501	-17.1576
ゲ	下	1285		188	-18.2253
ゲツヨウドラマランド	月曜ドラマランド	1288		476	-14.6211
ゲンインノ	原因の	1285	368	17	-11.1198
ゲイ	芸	1298		312	-10.7726
ゲンジル	減じる	619		481	-12.4347
ゲンブンママ	原文ママ	1288		420	-13.5035
ゲート	gate	1285		5	-17.8906
ゲロ		1289		26	-11.0433
ゲキトツ	激突	1283		91	-11.5448
ゲキチン	撃沈	1283		37	-10.7746
ゲツジョウ	月杖	1291		501	-17.0738
ゲンセンシ	厳選し	1283	610	17	-11.2122
ゲンエツ	玄悦	1291		501	-18.1724
ゲンカ	元嘉	1289		21	-13.2929
ゲンチミン	現地民	1285	1298	17	-13.5405
ゲンジ	源氏	1289		74	-16.9505
ゲンタロウ	元太郎	1291		159	-14.4935
ゲンエキ	現役	1285		334	-9.7962
ゲンイン	原因	1285		192	-8.6849
ゲイコ	芸妓	1285		311	-16.4142
ゲンア	玄阿	1289		501	-17.9060
ゲンシュツ	現出	1283		182	-13.3446
ゲンバクトウカ	原爆投下	1288		271	-12.3792
ゲンゴ	源五	1291		285	-14.4588
ゲンケイ	減刑	1283		243	-12.8227
ゲスカロ	ゲスかろ	25		501	-13.3554
ゲッシン	月神	1285		501	-17.0859
ゲッポウ	月峰	1285		501	-18.6282
ゲンシバンゴウ	原子番号	1288		221	-12.5293
ゲン	圜	1288		501	
ゲイカイ	芸界	1285		73	-16.1283
ゲンソハンノウ	元素反応	1285	1283	17	-13.4337
ゲンチョ	原著	1285		59	-13.3611
ゲイシ	鯨歯	1285		501	-18.6282
ゲンカイナダ	玄界灘	1288		385	-13.5037
ゲンジ		1288		89	-14.8342
ゲンダツ	堅達	1290		501	-17.7354
ゲンキ	衒奇	1285		501	-18.6282
ゲンヨウ	玄洋	1288		144	-15.9039
ゲンダイシソウ	現代思想	1288		291	-12.9687
ゲイツ		1290		255	-11.7826
ゲイホク	芸北	1290		69	-14.4743
ゲンシュウ	厳修	1289		238	-14.4478
ゲキサ	げきさ	586		501	-15.1167
ゲンジツテキナ	現実的な	1285	454	17	-11.0755
ゲオルク・ヴィルヘルム		1288		329	-14.6676
ゲンポ	玄甫	1291		501	-18.1724
ゲモノ	下物	1285		501	-18.6282
ゲンカン	げんかん	1285		501	-18.9467
ゲンセキ	鉉錫	1291		501	-18.1724
ゲンユ	元瑜	1291		501	-18.1724
ゲロウ	下臈	1285		501	-17.0335
ゲキジョウ	激情	1283		252	-13.1372
ゲキ	撃	1300		137	-9.2901
ゲンソウ	現想	1285		501	-18.6282
ゲッソウ	月窓	1288		501	-18.5231
ゲン	GEN	1289		9	-13.3186
ゲルマンミンゾク	ゲルマン民族	1288		359	-13.4861
ゲンチョウ	元朝	1285		135	-14.1928
ゲンダイシャカイ	現代社会	1288		287	-11.4662
ゲンザン	減算	1283		45	-13.3184
ゲンテイ	舷梯	1285		501	-17.1022
ゲンワク	げん惑	1283		501	-18.8426
ゲンカ	喧華	1283		501	-18.4371
ゲームカンカク	ゲーム感覚	1288		89	-13.3749
ゲンタロウ	源太郎	1291		497	-13.5513
ゲンキニ	元気に	1287	329	17	-9.9412
ゲイノウセイカツ	芸能生活	1288		172	-13.7389
ゲヤ	下野	1290		498	-21.7624
ゲンゴ	厳護	1285		501	-18.6282
ゲンヨウ	減容	1285		501	-18.6282
ゲンバシゴト	現場仕事	1285	1283	17	-13.3248
ゲン	源	1298		405	-9.5787
ゲンキンユソウシャ	現金輸送車	1292		490	-13.3176
ゲイニンシュンジュウ	藝人春秋	1288		501	-14.0805
ゲンコウ	元寇	1288		498	-12.8126
ゲンカショウキャク	減価償却	1288		286	-13.6594
ゲンシロン	原子論	1288		88	-13.7616
ゲイノウ	芸濃	1290		145	-17.4280
ゲスバリャ	下種張りゃ	770		501	-18.2100
ゲームシ	ゲームし	1285	610	17	-10.4145
ゲシロ	解しろ	588		456	-15.7889
ゲンジョウヲ	現状を	1285	156	17	-10.8814
ゲントク	元徳	1288		21	-14.1259
ゲイジュツ	芸術	1285		84	-9.6399
ゲンカ	元嘉	1288		21	-18.5231
ゲンインフメイ	原因不明	1285	1287	17	-13.3957