ゴトウマサフミ	後藤正文	1289		122	-20.1320
ゴシックケンチク	ゴシック建築	1293		130	-12.0695
ゴウキ	剛き	1287		501	-17.4416
ゴウリセイ	合理性	1288		287	-11.8262
ゴシュ	5種	1288		218	-12.6993
ゴロウザエモン	五郎左衛門	1291		219	-17.3251
ゴロセヨ	殺せよ	621		495	-18.4255
ゴン	含	1288		501	
ゴギャク	五逆	1285		501	-17.4316
ゴッツカロ	ごっつかろ	25		501	-12.7041
ゴウタン	剛胆	1287		56	-17.4416
ゴメ	米	1285		209	-18.6282
ゴリヤク	御利益	1285		32	-14.3088
ゴエダシテ	声出して	1298	1285	17	-13.0696
ゴミクズ		1285		17	-12.3587
ゴショウ	五摂	1290		501	-17.9586
ゴエス	5S	1288		9	-13.4068
ゴウ	閧	1288		501	
ゴウショウ	豪将	1285		501	-18.6282
ゴシッ	ごしっ	1281		501	-17.6734
ゴダイ	5代	1288		134	-11.1479
ゴクロウ	獄廊	1285		501	-18.6282
ゴウサ	ごうさ	586		501	-11.8135
ゴッショウ	業障	1285		501	-18.6282
ゴウヤド	郷宿	1285		501	-18.6282
ゴクアク	極悪	1287		26	-13.5941
ゴウ	拷	1288		501	
ゴビ	寤寐	1285		501	-18.6282
ゴウフク	剛腹	1287		501	-16.1259
ゴショウカイシマス	ご紹介します	560	491	17	-10.5307
ゴウイン	ごういん	1287		501	-17.6422
ゴンッ	ごんっ	1281		501	-17.8069
ゴナイショ	御内書	1292		193	-12.8105
ゴォーッ	ゴォーっ	1281		501	-16.9196
ゴミサライ	塵浚い	1285		501	-18.7236
ゴミネタ	塵ねた	1285		501	-18.7236
ゴールドディスク		1288		318	-13.8616
ゴウカ	劫火	1285		501	-16.4914
ゴカ	五家	1290		464	-13.6252
ゴガタキ	碁仇	1285		501	-18.6282
ゴウシ	郷士	1285		108	-13.1208
ゴシ	輿	1285		395	-19.0802
ゴヒャクマイ	500枚	1288		163	-13.5736
ゴリ	鮴	1285		501	-16.7606
ゴセンナナヒャクケイ	5700系	1288		426	-13.9463
ゴガク	語学	1285		85	-11.7358
ゴウエイ	合営	1285		501	-18.6282
ゴールデンステート・ウォリアーズ		1288		62	-14.0834
ゴブリン		1289		459	-11.6292
ゴブレット		1285		256	-14.7540
ゴロノ	頃の	1305	368	17	-11.2025
ゴマカス	胡麻化す	731		501	-17.3208
ゴウダ	合田	1290		370	-15.9467
ゴゾンジ	御存知	1285		501	-14.8184
ゴナ		1288		105	-14.2527
ゴウホウ	豪放	1287		66	-14.1696
ゴ	後	1314		282	-7.9290
ゴウカクシタ	合格した	1283	435	17	-11.4189
ゴズツリ	ごず釣り	1285		501	-19.2344
ゴジラ	GODZILLA	1288		177	-14.2538
ゴジュウロクパーセント	56%	1288		248	-12.6566
ゴンギョウ	勤行	1285		482	-14.0896
ゴテツ	呉鉄	1289		501	-17.9060
ゴモレ	篭れ	784		8	-19.0573
ゴウドウシ	合同誌	1285		501	-14.7620
ゴウハラ	郷原	1293		285	-13.7305
ゴウ	5	1295		361	-17.2822
ゴル		1289		335	-12.2222
ゴシ	期し	587		43	-16.3850
ゴマカセ	ごまかせ	734		438	-10.7263
ゴハンガワリ	ご飯代わり	1285		501	-18.9467
ゴヒャクハチジュウヨンエン	584円	1288		501	-13.9830
ゴトウノボル	五島昇	1289		269	-13.5295
ゴチュウ	呉中	1293		28	-17.7008
ゴン	魂	1288		501	
ゴンノ	権	1290		455	-13.2938
ゴザ	茣蓙	1285		256	-16.1150
ゴゼンゴジ	午前5時	1288		380	-12.4015
ゴンゲ	権化	1285		252	-13.5815
ゴコ	五鈷	1285		501	-18.4612
ゴカ	五果	1285		501	-18.4612
ゴウシ	号し	587		128	-10.0276
ゴシャゴシャ	ごしゃごしゃ	1281		501	-17.3018
ゴドコロ	碁所	1288		369	-14.1761
ゴジン	誤字ん	782		501	-12.5446
ゴオクエン	5億円	1288		354	-12.3158
ゴジョ	互助	1285		154	-18.6282
ゴリョウ	御寮	1285		501	-16.7776
ゴンキョウ	権教	1285		501	-18.6282
ゴーシュ		1289		83	-12.8967
ゴダイメ	五代目	1290		122	-13.8500
ゴウセイジュシ	合成樹脂	1288		270	-12.6382
ゴールドセイント	黄金聖闘士	1289		26	-13.1209
ゴキ	語気	1285		252	-13.9073
ゴンシュ	勤修	1283		501	-18.0694
ゴジュウサンプン	53分	1288		317	-13.4358
ゴギョウセツ	五行説	1288		365	-14.7043
ゴンベエナ	権兵衛名	1285		501	-18.6282
ゴジュウビョウ	50秒	1288		317	-13.1414
ゴロセレ	殺せれ	617		495	-18.4235
ゴモル	籠もる	772		501	-18.9344
ゴウスル	号する	583		238	-10.0459
ゴジュウネンカン	50年間	1288		143	-13.1184
ゴギ	呉儀	1289		501	-16.1482
ゴウユウ	合有	1283		501	-18.0694
ゴタイロウ	五大老	1289		108	-12.8829
ゴウシャ	壕舎	1285		501	-18.6282
ゴブン	誤聞	1283		501	-17.6899
ゴウド	ごうど	1289		501	-13.6123
ゴガツニジュウニニチ	5月22日	1288		195	-11.5647
ゴエモン	ごえもん	1291		293	-17.8847
ゴジュウハチビョウ	58秒	1288		317	-13.7878
ゴウカン	強姦	1283		490	-11.9423
ゴウサ	毫差	1285		501	-18.6282
ゴクロウサマ	ご苦労さま	1285	1302	17	-12.9397
ゴウエモン	郷右衛門	1291		501	-18.1724
ゴホゴホ	ごほごほ	1281		501	-16.0295
ゴクン	互訓	1283		501	-18.0694
ゴタゴタ	ごたごた	1283		161	-15.3800
ゴホウ	五鳳	1291		21	-17.3251
ゴジョウ	五上	1290		501	-17.3990
ゴロク	五六	1295		297	-17.4645
ゴウチン	轟沈	1283		320	-13.3651
ゴ	醵	1288		501	
ゴミヤスタカ	五味康隆	1289		122	-20.9030
ゴミアブラ	塵油	1285		501	-18.7236
ゴロウ	五郎	1293		497	-11.6248
ゴンニャ	蒟	1288		501	
ゴウカイ	豪快	1287		66	-11.1113
ゴッホ		1290		84	-10.8155
ゴノウセン	五能線	1288		321	-13.8224
ゴニンメ	5人目	1288		501	-12.8204
ゴクヤス	極安	1285		501	-18.4767
ゴールデンカムイ		1288		501	-13.1671
ゴガツフツカ	5月2日	1288		195	-11.4694
ゴジル	誤字る	772		501	-12.4216
ゴクチョウオンソク	極超音速	1288		173	-14.9431
ゴサイ	五彩	1285		4	-15.9996
ゴジュウダイ	50代	1288		42	-11.3153
ゴンエモン	権右衛門	1291		219	-18.1724
ゴクラクバシエキ	極楽橋駅	1293		267	-13.3701
ゴン	金	1288		501	
ゴツカロ	ゴツかろ	25		501	-12.4645
ゴーレム		1288		212	-13.1869
ゴロニ	ごろに	1305	151	17	-11.0986
ゴリ		1289		149	-16.8764
ゴジュッカイ	50回	1288		134	-12.0850
ゴノ	後の	1305	368	17	-8.8960
ゴスペル		1288		412	-12.8971
ゴカイ		1285		116	-14.5079
ゴオリ	郡	1293		82	-12.9440
ゴニョゴニョ	ごにょごにょ	1288		501	-14.3800
ゴイライ	ご依頼	560	1283	17	-11.1639
ゴミン	護民	1285		501	-18.6282
ゴウガン	傲岸	1287		56	-13.7752
ゴイチゴジケン	五・一五事件	1289		106	-12.5865
ゴグン	呉軍	1288		8	-13.6633
ゴハイ	5敗	1288		377	-11.8588
ゴミヒロイ	塵拾い	1285		501	-18.7236
ゴウレイ	ごうれい	1283		501	-18.8426
ゴク	跼	1288		501	
ゴネ	ごね	625		420	-13.2395
ゴモル	篭もる	772		411	-16.1449
ゴクドー		1289		501	-15.5758
ゴモレ	篭もれ	768		411	-19.0574
ゴザ		1285		256	-15.1094
ゴリラ	🦍	5		501	-21.8517
ゴンダ	権田	1290		49	-17.7354
ゴネドク	ゴネ得	1285		501	-18.0304
ゴモリャ	籠りゃ	770		394	-19.0573
ゴジユウニ	ご自由に	560	329	17	-11.2628
ゴモン	籠ん	782		394	-19.0574
ゴジュウミリメートル	50mm	1288		194	-12.7267
ゴイ	ごい	1281		99	-17.6734
ゴウソウ	ごうそう	1287		501	-17.6422
ゴシキ	五識	1285		501	-16.3798
ゴジャゴジャ	ごじゃごじゃ	1281		501	-16.1205
ゴヨヤク	ご予約	560	1283	17	-10.9844
ゴウトウ	豪頭	1293		501	-17.7008
ゴッツイ	ごっつい	19		501	-13.2281
ゴヤ	後夜	1285		482	-13.5769
ゴクラクバシ	極楽橋	1288		321	-14.8855
ゴッツシ	ゴッツし	23		501	-16.2436
ゴエイカ	ご詠歌	1285		437	-14.9394
ゴキョウ	護教	1288		291	-14.0630
ゴク	極く	1281		142	-14.2139
ゴウダジョウコウ	後宇多上皇	1288		369	-14.5067
ゴンベエ	權兵衞	1291		501	-17.8847
ゴタツ	ごたつ	1285		501	-19.4167
ゴジラ	godzilla	1288		501	-17.6068
ゴウキュウ	剛球	1285		488	-15.7031
ゴジュウハッサイ	58歳	1288		46	-13.1165
ゴレイゼイ	後冷泉	1289		501	-14.4341
ゴマアブラ	ゴマ油	1285		142	-13.9493
ゴウキュウ	強弓	1285		137	-15.0865
ゴリョウ	五菱	1288		501	-17.9635
ゴムジュウ	ゴム銃	1288		264	-13.7048
ゴウ	熬	1288		501	
ゴウガシャ	恒河沙	1285		16	-18.6282
ゴウマイ	豪邁	1287		501	-17.4416
ゴウゴ	豪語	1283		17	-12.6757
ゴウノメ	江目	1290		501	-16.1340
ゴリョン	御寮人	1285		501	-19.5409
ゴウメイガイシャ	合名会社	1288		269	-13.1310
ゴボウヌキ	ごぼう抜き	1285		63	-15.2192
ゴマカセヨ	ごまかせよ	621		501	-13.9103
ゴク	御供	1285		108	-18.6282
ゴダンカツヨウ	五段活用	1288		327	-14.2241
ゴニョゴニョ		1281		501	-13.3761
ゴク	圀	1288		501	
ゴンゲン	権現	1285		404	-13.2216
ゴガツ	五月	1314		389	-11.6256
ゴウシ	ごうし	587		501	-11.7364
ゴマカシ	誤魔化し	735		427	-10.0627
ゴオン	御恩	1288		193	-14.5031
ゴシュウショウサマ	ご愁傷様	1285		501	-14.7533
ゴッツ	ごっつ	11		392	-12.7942
ゴヒャクマン	500万	1288		354	-11.4392
ゴガツカクメイ	五月革命	1288		298	-14.1228
ゴエツ	呉越	1285		135	-18.6282
ゴウダン	江談	1288		501	-18.5231
ゴールキーパー		1285		198	-12.6294
ゴー	Go!	1288		501	-13.3125
ゴゴハ	午後は	1314	261	17	-11.2997
ゴゴキュウ	午後休	1314	1285	17	-13.2161
ゴジョウ	5条	1293		86	-10.8914
ゴキボウニ	ご希望に	560	151	17	-11.3581
ゴマカシ	誤魔化し	1285		427	-18.7236
ゴガツミッカ	5月3日	1288		195	-11.4305
ゴウマ	降魔	1285		212	-15.0823
ゴウカクツウチ	合格通知	1283		17	-13.5342
ゴウドウ	合道	1285		501	-18.6282
ゴジュップン	50分	1288		317	-11.0447
ゴハンツブ	ごはん粒	1285		501	-18.9467
ゴミヒロイ	ごみ拾い	1288		501	-15.0041
ゴニチ	後日	1314		282	-12.5846
ゴールデンタイム		1285		305	-12.2708
ゴ	檎	1288		501	
ゴダイコ	五大湖	1288		432	-13.1685
ゴジュウイ	50位	1288		318	-13.2278
ゴネラ	ゴネら	780		501	-14.3804
ゴイノクロウド	五位蔵人	1288		403	-14.7854
ゴズリング		1288		501	-13.7880
ゴバク	誤爆	1285		320	-13.4032
ゴマカセリャ	ごまかせりゃ	618		501	-13.8884
ゴムテブクロ	ゴム手袋	1285		17	-12.8492
ゴリュウ	ごりゅう	1293		501	-18.3940
ゴロ	來	1288		501	
ゴウシュウ	豪州	1294		240	-11.4217
ゴ	碁	1285		137	-12.5172
ゴウスイ	剛水	1285		501	-18.6282
ゴウソ	強訴	1283		498	-13.6690
ゴクツマ	極妻	1288		478	-14.9231
ゴケン	呉権	1289		338	-15.8266
ゴス	ごす	584		501	-11.5503
ゴエン	誤嚥	1283		501	-18.0694
ゴチソウサマ	ごちそうさま	3		484	-11.4145
ゴトウ	誤答	1285		501	-18.6282
ゴソ	語素	1285		501	-18.6282
ゴカクニンクダサイ	ご確認ください	560	1239	17	-11.3611
ゴザイマシタラ	ございましたら	799	433	17	-11.2698
ゴビ	語尾	1285		327	-11.5097
ゴウバン	合板	1285		270	-15.9317
ゴミアナ	ごみ穴	1285		501	-19.2344
ゴウニイッテハゴウニシタガエ	郷に入っては郷に従え	1288		501	-14.8114
ゴールテンダー		1288		62	-14.4933
ゴシャ	誤写	1283		342	-14.9153
ゴイチジョウテンノウ	後一条天皇	1289		369	-13.1256
ゴグン	呉郡	1288		501	-14.2750
ゴウタン	ごうたん	1287		501	-18.0477
ゴヒャクキロ	500キロ	1288		235	-13.4626
ゴゴ	呉語	1288		340	-14.1924
ゴジダツジ	誤字脱字	1288		501	-12.6137
ゴジュウオンジュン	50音順	1288		501	-12.8620
ゴミブクロ	ゴミ袋	1288		60	-12.6139
ゴサンケイ	呉三桂	1289		246	-13.1698
ゴンレイ	権令	1285		108	-18.6282
ゴホンマツチョウ	五本松町	1293		501	-18.7994
ゴリョウリン	御料林	1285		275	-15.2831
ゴラン	ごらん	1285		420	-14.3440
ゴウ	江	1288		501	
ゴバン	碁盤	1285		304	-13.2030
ゴミ	埖	1288		501	
ゴガツムイカ	5月6日	1288		195	-11.5311
ゴサ	ごさ	586		501	-11.6307
ゴマカス	誤魔化す	731		479	-10.1343
ゴサイ	五菜	1285		501	-16.4150
ゴジュウパーセント	50パーセント	1288		248	-13.6414
ゴウタロウ	豪太郎	1291		122	-20.9730
ゴンケ	ごんけ	1285		501	-19.0802
ゴヤ	越	1288		501	
ゴトニ	毎に	1298	151	17	-10.6038
ゴジュウネン	50年	1288		143	-11.0133
ゴ	伍	1283		128	-13.1163
ゴウウン	豪運	1285		501	-14.8159
ゴネン	ゴネん	782		501	-14.3753
ゴブ	5部	1288		134	-12.3286
ゴハンノウ	誤反応	1285		501	-11.1102
ゴウモウ	剛毛	1285		333	-13.9347
ゴジョウ	五常	1285		365	-14.8528
ゴレンパイ	5連敗	1288		178	-13.4132
ゴンベン	ごんべん	1285		501	-18.9467
ゴ=ディン=ディエム		1289		501	-16.7429
ゴッドハンド		1288		203	-14.3080
ゴザショ	御座所	1285		193	-14.2927
ゴテゴテ	ゴテ2	1281		501	-16.9196
ゴ	ご	1285		78	-19.4167
ゴ	呉	1294		346	-10.1646
ゴルイ	語類	1285		501	-18.6282
ゴウカクテン	合格点	1288		85	-13.3768
ゴウジオ	強塩	1285		501	-18.6282
ゴッツキ	ゴッツき	21		501	-16.2429
ゴクブト	極太	1285		60	-14.0131
ゴホウ	五峯	1291		501	-17.3251
ゴカジョウノゴセイモン	五箇条の御誓文	1288		193	-14.3883
ゴロウ	梧郎	1291		501	-18.1724
ゴマアエ	ごま和え	1285		501	-15.2270
ゴムベラ	ゴムべら	1285		501	-15.2838
ゴシン	御新	1285		501	-18.6282
ゴジツダン	後日談	1288		322	-12.1198
ゴハンモノ	ご飯物	1285		501	-18.9467
ゴネリャ	ゴネりゃ	770		501	-14.3752
ゴズ		1285		501	-18.0817
ゴイッカ	御一家	1292		148	-13.3512
ゴジュラスギガ		1288		190	-14.7503
ゴウキ	拷器	1285		501	-18.6282
ゴウシ	合糸	1285		501	-18.6282
ゴジュン	五順	1291		501	-17.3251
ゴセン	御饌	1285		482	-18.0122
ゴミタメ	ごみため	1285		501	-19.2344
ゴミスギ	ゴミすぎ	1285	1305	17	-13.2596
ゴウホウカ	合法化	1287	1297	17	-12.9734
ゴウシュ	豪酒	1285		501	-17.5057
ゴランニ	ご覧に	1285	151	17	-11.1770
ゴッゴッ	ごっごっ	1281		501	-16.6438
ゴドウ	悟堂	1291		501	-15.0369
ゴウジン	合人	1285		501	-18.6282
ゴテゴテ	後手後手	1285		17	-13.3645
ゴト	言	1285		365	-19.4167
ゴエイカンタイ	護衛艦隊	1288		343	-13.9463
ゴヒャクマンニン	500万人	1288		387	-12.8625
ゴカシワバラテンノウ	後柏原天皇	1289		369	-13.7919
ゴテッ	ごてっ	1281		501	-17.8069
ゴンザーガ		1288		329	-14.6519
ゴクヤ	獄屋	1285		501	-17.8906
ゴモリ	後守	1290		148	-13.5107
ゴウオン	号音	1285		501	-17.3126
ゴヘイ	五平	1285		74	-18.5412
ゴケントウヨロシク	ご検討よろしく	560	1281	17	-10.4882
ゴノヘマチ	五戸町	1293		82	-13.8765
ゴハナゾノ	後花園	1289		501	-17.9060
ゴルァ		1288		501	-14.6869
ゴウジョウ	強情	1285		66	-15.5095
ゴヨウイ	ご用意	560	1283	17	-10.8782
ゴジカン	5時間	1288		317	-11.0200
ゴルギアス	gorgias	1289		501	-16.8074
ゴミステ	ごみすて	1285		501	-18.9467
ゴッタガエセ	ごった返せ	729		228	-12.3837
ゴマカシャ	ごまかしゃ	730		438	-10.7272
ゴク	極	560		339	-10.8440
ゴリョウエジ	御陵衛士	1288		497	-14.1799
ゴトク	悟得	1283		501	-16.7425
ゴクラクジョウド	極楽浄土	1285		32	-14.2101
ゴシックショウセツ	ゴシック小説	1288		84	-14.7389
ゴニュウ	五入	1285		501	-18.4612
ゴブ		1289		501	-14.0045
ゴシゴシ	ごしごし	1281		501	-13.6606
ゴゴジュウイチジ	午後11時	1288		380	-13.0734
ゴルチャコフ		1288		434	-14.6519
ゴレイゼイテンノウ	後冷泉天皇	1289		369	-13.1698
ゴヤ	ごや	1288		99	-14.4430
ゴ	ⅴ	1295		501	-15.9385
ゴクショウ	極小	1287		339	-14.8281
ゴハイ	誤配	1283		444	-18.0694
ゴルゴサーティーン	ゴルゴ13	1288		415	-13.3800
ゴン	嚴	1288		501	
ゴカン	冱寒	1285		501	-18.6282
ゴス	期す	584		43	-16.3817
ゴクウ	悟空	1291		26	-11.6262
ゴシンジュツ	護身術	1288		362	-13.3450
ゴールマエ	ゴール前	1288		63	-12.5261
ゴハンツブ	ごはんつぶ	1285		501	-18.9467
ゴウトウ	鼇頭	1285		501	-18.6282
ゴシキセントウキ	五式戦闘機	1288		407	-14.5397
ゴテ	ごて	1281		437	-18.1434
ゴン		1288		51	-18.0376
ゴム	込む	1059		379	-14.7733
ゴロウジル	御覧じる	619		501	-18.2480
ゴミパックン	ごみぱっくん	1285		501	-18.7236
ゴトニ	ごとに	1313	151	17	-10.7219
ゴモル	篭る	772		8	-15.6771
ゴロツキ	ごろつき	1285		51	-15.3250
ゴホ	ごほ	1281		331	-14.2581
ゴエ	超え	1298		258	-10.2312
ゴールデン	golden	1285		376	-17.8906
ゴフ	ごふ	1281		150	-14.8475
ゴウ	轟	1293		3	-19.0817
ゴウン	五蘊	1285		297	-15.1467
ゴチャマゼ	ごちゃ混ぜ	1287		501	-18.0477
ゴミバコ	塵箱	1285		501	-18.7236
ゴロッ	五六	1295		297	-17.4645
ゴウケイガク	合計額	1283	1298	17	-13.3645
ゴト	事	1285		282	-16.7233
ゴクセイ	極製	1285		501	-18.3451
ゴロスケ	五郎助	1291		501	-17.3251
ゴサイ	5歳	1289		364	-9.4624
ゴクゲツ	極月	1285		501	-16.8862
ゴケントウヨロシクオネガイ	ご検討よろしくお願い	560	1283	17	-10.4948
ゴテ		1285		501	-18.1358
ゴウゴウ	囂囂	1285		501	-18.8289
ゴミヤマ	ゴミ山	1285		501	-18.0817
ゴウ	ごう	1285		501	-19.0802
ゴツソリ	ごつそり	1281		501	-17.6734
ゴハ	語派	1285		340	-18.6282
ゴンネギ	権禰宜	1285		238	-18.6282
ゴトウケイタ	五島慶太	1289		269	-12.5111
ゴヒャッ	5百	1295		501	-17.4645
ゴウ	5	1285		361	-28.9349
ゴモリャ	篭もりゃ	770		411	-19.0573
ゴクドウ	極道	1285		51	-14.0117
ゴショウラ	御所浦	1293		484	-17.7008
ゴフクチョウ	呉服町	1293		450	-17.5467
ゴンダ	権田	1293		49	-13.6433
ゴセダイ	5世代	1288		134	-13.9629
ゴミ	塵	1285		174	-18.4612
ゴケ		1285		501	-16.0439
ゴケンテイ	五賢帝	1288		338	-14.7578
ゴシロ	ごしろ	588		501	-11.5452
ゴネリャ	ごねりゃ	618		501	-13.3332
ゴ	子	1285		97	-18.7236
ゴミステ	ゴミ捨て	1285		501	-18.0304
ゴウテキ	強的	1287		501	-17.5369
ゴジュウ	五十	1295		3	-17.4645
ゴーヤチャンプルー		1288		501	-14.5286
ゴハンツブ	御飯粒	1285		501	-18.6282
ゴウノ	号の	1298	368	17	-10.9852
ゴトウダ	後藤田	1290		191	-11.8839
ゴモ	籠	776		394	-19.0596
ゴセン	後選	1285		501	-18.6282
ゴショガワラエキ	五所川原駅	1293		110	-13.8090
ゴトウシュンタ	後藤駿太	1289		122	-16.6750
ゴミショリ	ゴミ処理	1288		501	-13.7398
ゴウ	轟	1281		3	-19.0817
ゴールド	Gold	1289		367	-11.8652
ゴン	琿	1288		501	
ゴクチョウタンパ	極超短波	1288		20	-14.8218
ゴウゴウ	嗷嗷	1285		501	-18.8289
ゴロクセン	五六千	1295		501	-17.4645
ゴクウス	極薄	1285		501	-18.6282
ゴンニャク	蒟蒻	1285		93	-16.1126
ゴルバチョフ		1290		215	-10.8901
ゴウセイチャクショクリョウ	合成着色料	1288		75	-14.4862
ゴシン	誤信	1283		495	-15.3511
ゴクソツ	獄卒	1285		74	-15.4434
ゴーゴーナナイチハチハチ	GO!GO!7188	1289		122	-18.9610
ゴウケイ	剛勁	1287		501	-17.5369
ゴジュッ	五十	1290		3	-17.6873
ゴアンゼン	ご安全	560	1287	17	-11.1629
ゴゼンヨジ	午前4時	1289		380	-11.4491
ゴジロ	誤字ろ	778		501	-12.5449
ゴジョウ	五条	1293		231	-10.9367
ゴリョウチ	御料地	1285		404	-14.9633
ゴスペラーズ		1289		67	-12.2079
ゴコウゴン	後光厳	1289		501	-17.9060
ゴロ	挙	1288		501	
ゴセンフ	五線譜	1285		458	-14.1003
ゴゼン	ごぜん	1285		501	-18.7236
ゴツリ	ごつり	1281		501	-17.0315
ゴウバルアキコ	合原明子	1289		122	-18.2060
ゴウチョ	合著	1285		501	-18.6282
ゴセヨ	ごせよ	589		501	-11.5446
ゴカク	語格	1285		501	-18.4767
ゴチソウ	ご馳走	1283		290	-11.6044
ゴミトリ	ごみ取り	1285		501	-19.2344
ゴウチャク	合着	1283		333	-16.6393
ゴウチン	郷鎮	1285		69	-18.6282
ゴフ	御符	1285		501	-18.6282
ゴリンザワチョウ	五厘沢町	1293		501	-17.1900
ゴネン	ゴネん	774		501	-14.3753
ゴーストタウン		1288		480	-14.4562
ゴウカイ	豪快	1285		66	-14.6739
ゴイ		1285		501	-18.3181
ゴサンカクダサイ	ご参加下さい	560	1239	17	-10.9088
ゴガツニジュウロクニチ	5月26日	1288		195	-11.5477
ゴハンヅクリ	ご飯づくり	1285		501	-19.0802
ゴウイ	合意	1283		209	-9.8672
ゴミヒロイ	ごみ拾い	1285		501	-19.2344
ゴルフブ	ゴルフ部	1288		491	-14.5738
ゴウベン	合弁	1285		378	-12.7533
ゴウ	号	1300		332	-17.6132
ゴヒャクゴジュウエン	550円	1288		163	-12.7648
ゴジュウイッサイ	51歳	1288		46	-13.0648
ゴミタメ	ごみ溜め	1285		501	-19.2344
ゴウ	豪	1285		491	-14.3393
ゴウジョウ	ごうじょう	1287		99	-13.1277
ゴジュウネンゴ	50年後	1288		143	-13.4281
ゴトシ	ごとし	1285		297	-14.1979
ゴドウ	梧桐	1285		3	-18.6282
ゴガツジュウニニチ	5月12日	1288		195	-11.6130
ゴウシ	豪志	1291		122	-16.2100
ゴウタン	豪胆	1285		66	-14.9633
ゴキゲン		1285		420	-14.3884
ゴ	豪	1288		501	
ゴコウセン	五航戦	1288		308	-14.2433
ゴエソウ	超えそう	1298	1301	17	-12.9338
ゴカイダテ	5階建て	1288		414	-13.6617
ゴラン	ご覧	1285		17	-10.7135
ゴカハマ	五ヶ浜	1293		501	-17.1900
ゴアミ	其阿彌	1290		501	-17.7354
ゴケントウ	ご検討	560	1283	17	-9.1509
ゴシゴシ		1281		501	-12.5214
ゴズ	ごず	1285		501	-19.2344
ゴジ	護児	1291		501	-18.1724
ゴリュウ	五柳	1288		501	-17.9635
ゴボウシ	御坊市	1293		18	-13.6519
ゴカン	五官	1285		58	-15.7090
ゴモラ	籠ら	780		394	-19.0625
ゴタク	ご託	1285		501	-18.9467
ゴールシーン		1288		501	-14.9001
ゴトウジュンペイ	後藤淳平	1289		122	-17.2930
ゴヨウ	語用	1285		501	-18.4612
ゴドル	$5	1288		163	-14.6446
ゴリ		1285		149	-11.8263
ゴクビ	極微	1287		352	-15.5938
ゴウモクジ	号目次	1298	1285	17	-13.1019
ゴウカン	強かん	1283		501	-18.0694
ゴン	箘	1288		501	
ゴマフアザラシ		1288		116	-14.4159
ゴガン	護岸	1285		102	-13.3288
ゴッドイーター		1288		89	-14.8169
ゴワゴワ		1283		501	-14.5220
ゴロゴロシ	ゴロゴロし	1282	610	17	-11.2890
ゴハット	ご法度	1285		322	-14.3955
ゴモリ	篭もり	788		411	-19.0614
ゴウ	合	1300		395	-9.0104
ゴム		1285		270	-10.6809
ゴゴ	ごご	1314		501	-17.3465
ゴウフク	剛ふく	1287		501	-17.4416
ゴールマウス		1288		198	-14.7596
ゴゼ	御前	1285		32	-18.5412
ゴカン	沍寒	1285		501	-18.6282
ゴコ	五胡	1288		135	-14.9829
ゴヒャクキロメートル	500km	1288		259	-13.2351
ゴボウ	御坊	1293		231	-14.6865
ゴチン	ごちん	1281		501	-15.8171
ゴタンダエキ	五反田駅	1293		162	-12.9699
ゴウガン	ごうがん	1287		501	-17.6422
ゴウゴウ	轟轟	1285		501	-19.0802
ゴエンコウカ	五円硬貨	1288		345	-14.6519
ゴト	ごと	1298		283	-7.5973
ゴネゴネ	ごねごね	1281		501	-15.4327
ゴクドメ	穀留	1285		501	-18.6282
ゴモレ	篭れ	768		8	-19.0574
ゴレンパ	5連覇	1288		7	-12.9712
ゴミゴミ	ごみごみ	1281		501	-16.1473
ゴツキ	ごつき	21		127	-12.9107
ゴシッテン	5失点	1288		178	-13.5349
ゴミムシ	塵虫	1285		501	-18.7236
ゴクショ	極暑	1285		501	-18.6282
ゴールポスト		1288		211	-14.4346
ゴミバコ	ごみばこ	1285		501	-19.0802
ゴセヨ	期せよ	589		43	-16.3760
ゴクロウ	極老	1285		501	-18.6282
ゴゴカラ	午後から	1314	147	17	-10.7284
ゴウセイチメイ	合成地名	1288		327	-14.4126
ゴキゲンイカガ	ご機嫌いかが	1288		501	-14.6385
ゴッタガエシ	ごった返し	735		290	-12.2669
ゴ	護	1288		501	
ゴイ	鯉	1285		228	-19.2344
ゴザイ	ござい	428		17	-4.1230
ゴショク	5色	1288		242	-13.1119
ゴンスケ	権助	1285		74	-15.7248
ゴウツク	強つく	1285		501	-18.6282
ゴチイ	ごちい	19		127	-13.4345
ゴヨウ	誤用	1283		468	-12.4282
ゴガツココノカ	5月9日	1288		195	-11.5711
ゴカンジョ	後漢書	1288		342	-12.6410
ゴウ	剛	1291		344	-17.0135
ゴセン	5戦	1288		178	-12.4625
ゴウワナソウ	合わなそう	1285	1301	17	-13.5405
ゴエツ	呉越	1288		135	-14.2224
ゴゼンヤマ	御前山	1293		200	-13.7968
ゴ	ご	1298		78	-18.2931
ゴウリュウ	合流	1283		271	-9.5091
ゴガツニジュウサンニチ	5月23日	1288		195	-11.5850
ゴロウ	五朗	1291		285	-14.3672
ゴコク	誤刻	1283		501	-18.0694
ゴウカ	豪家	1285		371	-16.9185
ゴカクニン	ご確認	560	1283	17	-10.3645
ゴハンモノ	ごはんもの	1285		501	-18.9467
ゴウ	吭	1288		501	
ゴオウボ	ご応募	560	1283	17	-8.5477
ゴウカイ	ごうかい	1287		331	-17.6422
ゴザン	ござん	420		437	-4.3245
ゴールキーパー	GK	1288		198	-11.1464
ゴショウダイジ	後生大事	1285		501	-15.1803
ゴウリキ	業力	1285		501	-18.6282
ゴールデンラズベリーショウ	ゴールデンラズベリー賞	1288		313	-14.3804
ゴンジョウ	言上	1283		193	-13.8182
ゴク		1281		501	-16.9196
ゴッツキ	ごっつき	21		501	-12.7043
ゴダイ	五臺	1293		501	-17.0947
ゴザイマス	ございます	428	491	17	-6.7957
ゴクサイショク	極彩色	1285		4	-13.9903
ゴオリ	凍り	1285		112	-19.0802
ゴガツゲジュン	5月下旬	1288		380	-12.8951
ゴハンノウジャナイ	誤反応じゃない	1285	473	17	-11.1417
ゴウジ	合字	1288		327	-13.6676
ゴン	諢	1288		501	
ゴマカサ	ごまかさ	733		438	-10.7472
ゴフカクサテンノウ	後深草天皇	1289		369	-13.3721
ゴクイ	極意	1285		251	-12.6187
ゴゼン	御前	1291		32	-12.7114
ゴドケン	五度圏	1288		458	-14.6166
ゴネレ	ごねれ	617		501	-13.3531
ゴホゴホゴホ	ごほごほごほ	1281		501	-17.6734
ゴヨウ	呉用	1289		74	-17.9060
ゴウナカ	郷中	1290		275	-13.4010
ゴウコン	合コン	1285		51	-12.4354
ゴンニャク	菎蒻	1285		501	-18.9467
ゴシャ	ごしゃ	1281		501	-17.6734
ゴウギ	豪儀	1287		501	-17.5369
ゴダツ	誤脱	1285		465	-16.3973
ゴコク	五穀	1285		32	-14.3707
ゴンキョウ	ごんきょう	1285		501	-18.9467
ゴウツ	郷津	1290		501	-16.2094
ゴールデンウィーク		1285		380	-12.1786
ゴウ	囂	1288		501	
ゴヘイ	梧平	1291		501	-18.1724
ゴウリテキセンタクリロン	合理的選択理論	1288		88	-14.6730
ゴロカラ	頃から	1305	147	17	-10.4403
ゴショウ	午餉	1285		501	-18.6282
ゴチ	崛	1288		501	
ゴロウ	ごろう	1291		501	-17.8847
ゴクイン	極印	1285		4	-15.3257
ゴウ	嗷	1288		501	
ゴガツハツカ	5月20日	1288		195	-11.3951
ゴウヤク	合薬	1285		501	-18.6282
ゴロウ	語聾	1285		501	-18.6282
ゴカ	五箇	1290		200	-13.9431
ゴヨミ	ごよみ	1285		501	-19.9275
ゴミタメ	塵溜め	1285		501	-18.7236
ゴッツメ	ごっつめ	1287		501	-18.0477
ゴウド	神門	1293		404	-14.1398
ゴハンゴシラエ	御飯拵え	1285		501	-18.6282
ゴメン	御めん	1285		501	-18.5412
ゴジョウサトル	五条悟	1289		501	-12.4732
ゴウリキアヤメ	剛力彩芽	1289		122	-15.2290
ゴエン	ご縁	560	1285	17	-9.8193
ゴンサイ	権妻	1285		501	-17.8398
ゴジョウホウ	誤情報	1288		444	-13.7876
ゴガツニジュウハチニチ	5月28日	1288		195	-11.5143
ゴコクホウジョウ	五穀豊穣	1285		32	-14.1760
ゴテンバエキ	御殿場駅	1293		321	-13.4186
ゴンノホウリ	権祝	1285		501	-18.6282
ゴキ	ごき	1285		501	-18.9467
ゴッド	GOD	1289		40	-12.0160
ゴエ	肥	1285		3	-18.8295
ゴク	獄	1285		246	-12.6281
ゴハンツウ	ご飯通	1285		501	-18.9467
ゴウカン	号館	1300		406	-13.1161
ゴコウニュウ	ご購入	560	1283	17	-11.1401
ゴミ	込	1288		501	
ゴンゾ		1292		96	-12.9629
ゴズ	牛頭	1285		392	-15.4116
ゴッタガエサ	ごった返さ	733		228	-12.4107
ゴウガイ	号外	1285		201	-13.1410
ゴロアワセ	語呂合わせ	1285		327	-12.9866
ゴツカラ	ゴツから	27		501	-12.4653
ゴウリ	毫釐	1285		501	-18.6282
ゴウスウ	号数	1298		17	-13.5405
ゴツシ	ゴツし	23		501	-12.4654
ゴリョウ	ご料	1285		501	-18.9467
ゴロツキ	破落戸	1285		501	-18.7236
ゴンタ	ゴン太	1288		501	-14.6692
ゴクラクトンボ	極楽とんぼ	1285		409	-14.4372
ゴソゴソ	ごそごそ	1283		501	-14.8554
ゴヘン	御辺	1306		501	-17.3981
ゴコク	午刻	1285		501	-18.6282
ゴウ	遨	1288		501	
ゴクウ	五空	1291		501	-15.2637
ゴウゼン	轟然	1285		501	-17.6939
ゴガクリュウガク	語学留学	1288		364	-13.5105
ゴローニン		1285		193	-15.2270
ゴバ	後場	1285		482	-14.7398
ゴロウ	伍郎	1291		501	-18.1724
ゴサドウ	誤作動	1288		174	-12.9852
ゴテン	悟天	1288		26	-13.7044
ゴカセ	五ケ瀬	1290		501	-17.5531
ゴチ	碣	1288		501	
ゴシエン	ご支援	560	1283	17	-11.4109
ゴカン	5巻	1288		424	-11.4255
ゴクリ		1285		222	-14.1796
ゴテイ	五帝	1288		10	-14.8790
ゴショク	誤植	1285		59	-13.2042
ゴザイマス	ございます	799	491	17	-9.3349
ゴウゾウシャ	合造車	1288		426	-13.6106
ゴロウ	呉朗	1291		501	-18.1724
ゴウノウ	豪農	1285		108	-13.8776
ゴマ	護摩	1285		32	-13.4487
ゴケニン	御家人	1285		464	-11.7549
ゴザ	蓙	1285		501	-18.6282
ゴンドウクジラ		1288		116	-14.8218
ゴメン		3		420	-10.7602
ゴウイチ	剛一	1291		159	-14.8097
ゴウユウ	ごうゆう	1287		501	-18.0477
ゴゴサンジ	午後3時	1288		380	-12.3538
ゴガツニジュウヨッカ	5月24日	1288		195	-11.5368
ゴウカ	ごうか	1287		501	-18.0477
ゴマカセ	誤魔化せ	729		479	-10.1237
ゴウ	苙	1288		501	
ゴマカセン	ごまかせん	620		501	-13.9074
ゴイッショシ	ご一緒し	560	610	17	-11.3365
ゴハンモ	ご飯も	1285	262	17	-11.1282
ゴウサン	号さん	1298	1302	17	-13.4393
ゴンサロ		1288		329	-14.5623
ゴチャク	5着	1288		245	-12.1815
ゴウハラ	合原	1290		501	-17.7354
ゴラクサクヒン	娯楽作品	1285		17	-13.1357
ゴト	ごと	1281		283	-17.8069
ゴヤ	弧屋	1285		501	-18.8289
ゴト	箏	1285		132	-19.2344
ゴテ	後手	1285		137	-11.8495
ゴウハン	合板	1285		270	-13.4317
ゴロゴロ	ごろごろ	1281		418	-12.5398
ゴチ	呉値	1289		501	-17.9060
ゴウ	毫	1285		297	-18.6282
ゴエモン	五右衛門	1291		74	-12.5362
ゴゴ	興居	1293		501	-17.7008
ゴウケツ	豪傑	1285		74	-13.8497
ゴサイ	後西	1289		501	-18.1292
ゴロセ	殺せ	625		495	-18.5044
ゴールド	GOLD	1289		40	-11.6976
ゴ	滬	1288		501	
ゴウゾウ	剛造	1291		501	-18.1724
ゴッツイ	ゴッツい	19		501	-16.7668
ゴウイブンショ	合意文書	1288		209	-14.5937
ゴキ	伍喜	1291		501	-18.5778
ゴワット	5w	1288		501	-14.9887
ゴセン	五泉	1293		267	-17.1900
ゴンジロウ	権次郎	1291		501	-15.7745
ゴウチョウ	郷長	1285		358	-18.6282
ゴルフカイ	ゴルフ界	1288		334	-14.6788
ゴロウ	五良	1291		3	-17.3251
ゴ	郷	1288		501	
ゴジル	豆汁	1285		501	-18.7236
ゴカク	五角	1285		304	-13.5929
ゴジョウ	五條	1293		330	-13.3352
ゴパーセント	5%	1288		248	-10.5736
ゴサブロウ	后三郎	1291		501	-18.1724
ゴ	語	1298		340	-7.9358
ゴ	古	1288		501	
ゴクデン	御供田	1293		501	-17.7008
ゴメンマチ	後免町	1293		450	-13.2582
ゴリツ	語律	1285		501	-18.6282
ゴウセイ	合成	1283		405	-9.7270
ゴソゴソ	ごそごそ	1281		501	-14.4860
ゴエ	声	1298		451	-9.3437
ゴセンチメートル	5cm	1288		194	-12.1749
ゴライコウ	御来光	1285		501	-15.0387
ゴジョウメマチ	五城目町	1293		82	-13.3891
ゴートゥー	GoTo	1288		501	-12.3887
ゴウス	ごうす	584		501	-11.7331
ゴウソウ	豪槍	1285		501	-18.6282
ゴジュッショウ	50勝	1288		377	-13.7723
ゴウカ	豪か	1287		501	-17.4416
ゴコクジ	護国寺	1293		404	-12.6319
ゴウワナ	合わな	1285		17	-13.0626
ゴセンエン	5000円	1288		163	-11.2117
ゴトシ	如し	1285		495	-13.6286
ゴシマ	五島	1290		330	-11.5796
ゴネン	護念	1283		501	-18.0694
ゴキ	誤記	1283		10	-12.5313
ゴウビョウ	業病	1285		501	-16.2156
ゴバク	誤爆	1283		320	-18.0694
ゴイチ	悟一	1291		501	-18.1724
ゴウ	豪	560		491	-17.0728
ゴゴロクジ	午後6時	1288		380	-12.6362
ゴシュウカン	5週間	1288		143	-13.4389
ゴッツウ	ゴッツう	31		501	-16.2520
ゴゲン	語源	1285		340	-10.6012
ゴタゴタ		1283		422	-14.3909
ゴールドカップ		1288		245	-14.1731
ゴウ	轟	1285		3	-19.0817
ゴスル	ごする	583		501	-11.5479
ゴカンキ	互換機	1288		315	-12.9709
ゴザイマース	ございまーす	428	491	17	-11.3899
ゴロクセン	五、六千	1295		501	-17.4645
ゴヘンシン	ご返信	560	1285	17	-10.9064
ゴウベンガイシャ	合弁会社	1288		378	-12.4600
ゴカマチ	五霞町	1293		82	-13.8678
ゴジュウニン	50人	1288		387	-11.3980
ゴセ	後世	1285		342	-11.7407
ゴジュッテン	50点	1288		318	-12.8856
ゴールゴ	ゴール後	1288		63	-13.9637
ゴミヲ	ゴミを	1285	156	17	-11.4324
ゴシックタイ	ゴシック体	1288		242	-12.6360
ゴリ	ごり	1285		437	-19.2344
ゴンザエモン	権左衛門	1291		501	-18.1724
ゴンチャン	ゴンちゃん	1288		501	-14.9169
ゴイ	語彙	1285		327	-11.0654
ゴンデン	ごんでん	1285		501	-18.9467
ゴケツゴウ	語結合	1288		65	-14.8405
ゴチュウ	語注	1285		501	-18.6282
ゴクゴク	極極	1281		501	-17.2679
ゴナイ	語内	1285		501	-18.3181
ゴメンナサイ	ごめんなさい	3		420	-7.6887
ゴールドメンキョ	ゴールド免許	1288		455	-14.5743
ゴランコウゲン	ゴラン高原	1288		53	-13.9564
ゴミヤシキ	ゴミ屋敷	1285		501	-18.0817
ゴンゾー		1289		103	-13.3895
ゴカクケイ	⭔	1288		501	-20.0000
ゴウウサイガイ	豪雨災害	1288		425	-13.9505
ゴシ	互市	1285		135	-15.2941
ゴクバン	御供番	1285		501	-18.6282
ゴムベラ		1285		501	-13.9788
ゴウキン	合金	1285		405	-11.5653
ゴミシュウシュウシャ	ゴミ収集車	1288		39	-14.2886
ゴウセイヒカク	合成皮革	1288		501	-14.8855
ゴネンゴ	5年後	1288		143	-11.5971
ゴロッ	ごろっ	1281		501	-17.8069
ゴジュウヨンカイ	54回	1288		134	-13.5096
ゴショガワラ	五所川原	1293		473	-12.7721
ゴウイ	合圍	1283		501	-18.0694
ゴスイ	五衰	1285		501	-16.9486
ゴケイ	五髻	1285		501	-18.4612
ゴグ		1289		443	-16.7429
ゴウ	號	1288		501	
ゴカイセン	5回戦	1288		178	-13.9110
ゴゲツ	梧月	1291		501	-18.1724
ゴシュウ	5週	1288		134	-13.1671
ゴミニンゲン	ゴミ人間	1285		17	-13.4337
ゴメンナハリセン	ごめん・なはり線	1288		321	-14.5341
ゴサン	午餐	1285		224	-15.7634
ゴウ	闔	1288		501	
ゴウバツ	劫罰	1285		501	-18.6282
ゴガツサンジュウニチ	5月30日	1288		195	-11.5094
ゴリ	ごり	1289		437	-12.1975
ゴチャマゼ	ゴチャ混ぜ	1287		501	-17.0669
ゴト	ごと	1305		283	-16.5109
ゴウカン	号巻	1285		501	-18.6282
ゴ	悟	1288		501	
ゴウトウザイ	強盗罪	1288		243	-14.9699
ゴゴ	午后	1314		501	-17.2034
ゴエ		1291		122	-21.1920
ゴセンシ	五泉市	1293		82	-13.6707
ゴガツジョウジュン	5月上旬	1288		380	-13.2506
ゴドシー	5℃	1288		23	-13.4083
ゴールデン		1285		203	-14.2421
ゴン	很	1288		501	
ゴガクリョク	語学力	1288		85	-13.2824
ゴカセ	五ヶ瀬	1293		120	-17.1900
ゴアンゼンニ	ご安全に	560	329	17	-11.3122
ゴジセイ	ご時世	1285		501	-11.6798
ゴロウ	護郎	1291		501	-18.1724
ゴテン	御殿	1285		404	-12.0364
ゴンドール		1288		146	-13.4689
ゴボウ	午王	1293		501	-17.7008
ゴウル	ごうる	1283		501	-18.1494
ゴメン	ご免	1285		420	-18.8289
ゴハンハ	ご飯は	1285	261	17	-10.9135
ゴサン	誤算	1283		282	-12.9255
ゴクダラ	後百済	1288		135	-14.7677
ゴジュウロップン	56分	1288		317	-13.3586
ゴタツ	火燵	1285		501	-18.9467
ゴトク	如く	526		495	-6.5551
ゴホリ	ごほり	1285		501	-19.9275
ゴハンヅクリ	御飯作り	1285		501	-18.6282
ゴロ	呉絽	1285		501	-17.5296
ゴザ	御座	1293		3	-16.6022
ゴシック・アンド・ロリータ		1288		324	-13.9310
ゴモ	後も	1305	262	17	-10.3325
ゴン	碪	1288		501	
ゴメンナサイネ	ごめんなさいね	1288		501	-12.9363
ゴクツブシ	穀潰し	1285		501	-15.7542
ゴウカクライン	合格ライン	1283	1285	17	-13.2035
ゴハン	午飯	1285		501	-18.4612
ゴチ	鯒	1285		501	-19.0802
ゴザイマシ	ございまし	428	501	17	-8.0511
ゴキセイ	5期生	1288		14	-13.3354
ゴテンクス		1289		26	-13.3530
ゴテイジ	ご提示	560	1283	17	-11.2974
ゴミンカン	護民官	1288		13	-13.3373
ゴールドバーグ		1289		25	-13.5811
ゴトウチアイドル	ご当地アイドル	1288		172	-14.9543
ゴト	言	1300		365	-21.2560
ゴハン		1288		501	-13.5662
ゴザレ	ござれ	422		150	-4.3246
ゴヨウイシ	ご用意し	560	610	17	-11.4247
ゴモットモ	ごもっとも	1287		501	-12.1945
ゴウロ	香炉	1285		4	-17.4616
ゴヒャクマンエン	500万円	1288		354	-11.7233
ゴシ	語史	1285		501	-18.9467
ゴバンチョウ	五番丁	1293		450	-14.7219
ゴガツジュウハチニチ	5月18日	1288		195	-11.5109
ゴシュウ	護州	1289		501	-17.9060
ゴキ	碁器	1285		501	-18.6282
ゴゲン	5限	1288		501	-14.3784
ゴウフク	ごうふく	1287		501	-18.0477
ゴクガイ	獄外	1285		501	-18.6282
ゴニンタイホ	誤認逮捕	1288		444	-14.5332
ゴールデングローブショウ	ゴールデングローブ賞	1288		313	-12.3381
ゴウキ	号機	1300		213	-10.1919
ゴジュウダイジョセイ	50代女性	1288		501	-13.9087
ゴウタイ	剛体	1285		339	-13.8014
ゴノ	河	1288		501	
ゴア	語唖	1285		501	-18.6282
ゴク	ごく	1281		333	-8.7151
ゴウシ	郷司	1290		108	-13.5797
ゴイシ	碁石	1285		4	-14.3296
ゴク	釛	1288		501	
ゴジュウセンチメートル	50cm	1288		194	-12.7971
ゴウホウ	合法	1287		456	-11.4728
ゴブサタ	ご無沙汰	1283		501	-12.3065
ゴウカキャクセン	豪華客船	1288		230	-13.2781
ゴイケン	ご意見	560	1283	17	-10.7606
ゴジュウグラム	50g	1288		23	-12.9784
ゴニングミ	五人組	1288		108	-13.9564
ゴヨウ	五葉	1291		501	-15.4294
ゴメン	後免	1293		200	-14.1589
ゴネンカン	5年間	1288		143	-10.7328
ゴジ	5時	1288		380	-10.3221
ゴリオシ	ごり押し	1285		479	-14.3533
ゴールデンガイ	ゴールデン街	1288		2	-14.1822
ゴチソウサマ	ご馳走さま	3		501	-12.6856
ゴウカクキジュン	合格基準	1288		501	-13.8431
ゴガクガッコウ	語学学校	1285		17	-12.8904
ゴウショウ	豪商	1285		311	-12.9517
ゴキシチドウ	五畿七道	1288		72	-14.6161
ゴリョウ	御霊	1285		32	-18.0114
ゴウダ	剛田	1290		51	-17.7354
ゴゴニジ	午後2時	1288		380	-12.4328
ゴトニ	ごとに	1298	151	17	-9.6191
ゴゴウ	5号	1293		332	-10.2296
ゴロン		1281		501	-13.6876
ゴリントウ	五輪塔	1285	1298	17	-13.3345
ゴッチイ	ゴッチい	19		501	-16.7668
ゴマカソ	誤魔化そ	732		479	-10.1317
ゴジブン	ご自分	560	1285	17	-11.2396
ゴウダン	郷談	1285		501	-18.6282
ゴシュ	語種	1285		327	-18.6282
ゴゲン	語言	1285		501	-18.6282
ゴミステ	ゴミ棄て	1285		501	-18.0304
ゴカイ	沙蚕	1285		501	-18.2535
ゴザイマス	御座います	429	491	17	-10.4879
ゴ	右	1288		501	
ゴ	鄕	1288		501	
ゴシュイン	御朱印	1285		193	-13.0035
ゴホウビ	ご褒美	560	1285	17	-10.2285
ゴザル	ござる	1091		420	-15.8562
ゴウッ	ごうっ	1281		501	-17.6734
ゴウメ	合目	1300	1298	17	-12.5365
ゴショガタニ	御所ヶ谷	1293		501	-17.7008
ゴンシャ	ごんしゃ	1285		501	-18.9467
ゴバライ	後払い	1285		109	-15.4123
ゴコクキョウ	護国卿	1288		446	-13.9006
ゴミガワ	塵川	1285		501	-18.7236
ゴウヨク	強欲	1287		66	-11.5213
ゴウリキ	剛力	1285		51	-14.8330
ゴヒャクエンダマ	500円玉	1288		256	-13.6487
ゴウトウ	号棟	1300		221	-13.4880
ゴトウ	誤倒	1283		501	-18.0694
ゴオワ	ごおわ	560	291	17	-11.2944
ゴサンジョウ	後三条	1289		399	-17.9060
ゴルトン		1285		210	-15.2216
ゴーディ		1290		25	-12.6782
ゴウク	ごうく	1285		99	-18.9467
ゴクヒン	極貧	1285		42	-13.6896
ゴジョウ	悟淨	1291		501	-18.1724
ゴセン	御饌	1288		482	-18.0122
ゴジュウオンズ	五十音図	1288		327	-14.0746
ゴチョウ	語調	1285		327	-14.6562
ゴンギツネ	ごんぎつね	1288		501	-14.7613
ゴカイダク	ご快諾	560	1283	17	-11.2955
ゴウゴウ	囂々	1285		501	-16.6875
ゴリゴリ	ごりごり	1281		501	-12.3911
ゴケントウノ	ご検討の	560	368	17	-10.6169
ゴクアクニン	極悪人	1288		495	-13.7323
ゴールドウィン	goldwyn	1288		501	-17.6581
ゴールウェイ		1289		463	-12.7564
ゴウ	藕	1288		501	
ゴウカクゴ	合格後	1283	1305	17	-13.2596
ゴショウ	5勝	1288		377	-11.4569
ゴメン	ごめん	3		420	-7.8281
ゴチ	ごち	1285		501	-19.0802
ゴウリテキ	合理的	1285	1299	17	-11.0539
ゴウセイオンセイ	合成音声	1283	1285	17	-13.2507
ゴウカクリツ	合格率	1283	1298	17	-12.0935
ゴロウ	悟郎	1291		370	-12.4131
ゴチャ	ごちゃ	1281		75	-12.1226
ゴロウ	悟朗	1291		439	-14.0356
ゴケンハ	護憲派	1288		191	-14.2464
ゴゴウ	後郷	1290		501	-17.7354
ゴンノ	権	1285		455	-13.2938
ゴウチ	碁打	1285		501	-18.6282
ゴハン	🍚	5		501	-20.9996
ゴウ	神	1288		501	
ゴスケ	悟助	1291		501	-18.1724
ゴッドガンダム		1288		26	-14.7872
ゴミオカ	五味岡	1290		501	-16.8600
ゴウキュウ	号泣	1283		161	-10.8862
ゴウチョウ	郷帳	1285		501	-18.6282
ゴニハ	後には	1305	261	17	-10.4155
ゴモル	籠る	772		394	-14.5849
ゴジュウワ	50話	1288		424	-13.5284
ゴシック・ファッション		1288		56	-14.9606
ゴウケン	剛健	1287		66	-13.7360
ゴツキャ	ゴツきゃ	17		501	-12.4645
ゴモク	五目	1285		93	-14.4805
ゴウ	敖	1288		501	
ゴゲームサ	5ゲーム差	1288		377	-13.3695
ゴシンエイ	御真影	1285		229	-15.2031
ゴミヒロイ	ごみひろい	1285		501	-19.2344
ゴイン	ごいん	1285		297	-15.3039
ゴミョウ	五明	1290		392	-14.5343
ゴメイワク	ご迷惑	560	1287	17	-10.9429
ゴイン	誤飲	1283		257	-18.0694
ゴウマン	傲慢	1287		66	-10.8525
ゴラク	娯楽	1285		356	-10.8741
ゴシ	越	1288		501	
ゴナドトロピン		1285		100	-15.9918
ゴタイトウチ	五体投地	1288		482	-14.6917
ゴロクジッ	五六十	1295		501	-17.4645
ゴジョ	互除	1285		501	-18.6282
ゴセダ	五姓田	1290		501	-16.1668
ゴウカクシャ	合格者	1288		501	-11.5127
ゴソウセンダン	護送船団	1288		53	-14.7406
ゴーリキー		1293		204	-12.7779
ゴ	沍	1288		501	
ゴウフウ	業風	1285		501	-17.3781
ゴッタガエセ	ごった返せ	734		228	-12.3898
ゴメ		1285		501	-18.0817
ゴジュウカタ	五十肩	1285		457	-14.7191
ゴモリ	籠もり	1285		501	-19.4167
ゴショ	御書	1290		342	-11.9470
ゴカショウ	五個荘	1293		69	-15.0152
ゴラン		1293		149	-15.0932
ゴーイング	going	1285		121	-17.8906
ゴイ	五井	1290		330	-13.5224
ゴウケン	合憲	1285		456	-13.1695
ゴシラカワ	後白河	1289		498	-17.9060
ゴンゴン	ごんごん	1281		501	-15.3149
ゴムラカミ	後村上	1289		501	-17.9060
ゴショウカイ	ご紹介	560	1283	17	-9.4304
ゴワット	5W	1288		501	-14.1562
ゴミズノオテンノウ	後水尾天皇	1289		369	-12.4579
ゴソ	ごそ	1281		501	-15.3658
ゴウテンジョウ	格天井	1285		284	-15.0818
ゴーモン		1288		181	-15.4118
ゴフン	5分	1288		317	-9.5730
ゴロウ	伍朗	1291		501	-16.1442
ゴジュウゴカイ	55回	1288		134	-13.5462
ゴジュウヨンサイ	54歳	1288		46	-13.0005
ゴゴシチジ	午後7時	1288		380	-12.8079
ゴロウ	梧樓	1291		501	-18.1724
ゴロニハ	頃には	1305	261	17	-11.3615
ゴカ	五家	1285		464	-18.4612
ゴウツク	業突く	1285		501	-18.6282
ゴエイカンテイ	護衛艦艇	1288		343	-14.4853
ゴマカセロ	ごまかせろ	623		501	-13.9072
ゴールデンボンバー		1289		67	-13.4507
ゴ	ご	560		78	-5.3739
ゴサンネンノエキ	後三年の役	1288		498	-13.9315
ゴチソウサマ	ご馳走様	3		501	-11.2962
ゴウケイキンガク	合計金額	1283	1285	17	-12.9797
ゴセ	御所	1290		108	-12.7718
ゴルゴサウルス		1288		501	-14.6016
ゴウホウ	号俸	1285		501	-16.0931
ゴヨミ	暦	1285		482	-19.0802
ゴトクテン	5得点	1288		377	-13.1496
ゴツマユ	ごつ眉	1285		501	-19.2344
ゴリンシュツジョウ	五輪出場	1288		501	-14.2201
ゴビ		1293		160	-14.1350
ゴザル	ござる	414		420	-4.3234
ゴザイマスー	ございますー	428	1285	17	-10.7809
ゴリッ	ゴリっ	1281		501	-16.9196
ゴウカサ	豪華さ	1287	1304	17	-12.9672
ゴウベンキギョウ	合弁企業	1288		378	-13.9182
ゴネロ	ごねろ	623		501	-13.3521
ゴク	ご句	1285		501	-15.1400
ゴランクダサイ	ご覧ください	1308	797	17	-9.7541
ゴエツ	梧逸	1291		501	-18.1724
ゴー・チョクトン		1289		501	-15.3566
ゴ	虞	1288		501	
ゴカンモード	互換モード	1288		77	-14.9354
ゴケ	ごけ	1285		501	-19.6398
ゴ	梧	1288		501	
ゴザル	ござる	792		420	-6.8290
ゴト	每	1298		501	-17.7053
ゴウ	昊	1288		501	
ゴウダマサタカ	郷田真隆	1289		491	-13.4709
ゴウシ	合資	1285		281	-18.6282
ゴフクヤ	呉服屋	1288		501	-13.9927
ゴショガワラシ	五所川原市	1293		82	-13.1128
ゴチ	東風	1285		112	-19.6398
ゴウユウ	剛勇	1285		74	-15.3385
ゴッコアソビ	ごっこあそび	1285		501	-19.2344
ゴウチョク	剛直	1287		66	-13.8862
ゴンドウヒロシ	権藤博	1289		310	-13.5047
ゴダン	五壇	1285		501	-18.4612
ゴゴノコウチャ	午後の紅茶	1288		93	-13.3155
ゴンジャ	権者	1285		501	-19.9275
ゴオン	五陰	1285		501	-18.4612
ゴロタイシ	ゴロタ石	1285		501	-18.0817
ゴイコウ	ご意向	1285		501	-15.3569
ゴドイ		1285		273	-14.9439
ゴアイサツ	ご挨拶	1288		17	-11.2974
ゴドルフィン		1285		38	-14.8387
ゴショウカイシ	ご紹介し	560	610	17	-9.9835
ゴウケイ	合計	1283		221	-9.2854
ゴゼンレイジ	午前0時	1288		380	-12.3643
ゴボゴボ	ごぼごぼ	1281		501	-15.9242
ゴヒャクニジュウエン	520円	1288		163	-13.9267
ゴーヤ		1285		391	-12.3450
ゴイケンバン	ご意見番	1288		409	-14.2184
ゴヒャクワット	500W	1288		501	-13.6670
ゴータ		1289		34	-12.2477
ゴショ	五所	1290		74	-13.2923
ゴウセイゴ	合成語	1288		327	-13.1840
ゴシアイ	5試合	1288		377	-11.8802
ゴッコ	ごっこ	1285		51	-19.0802
ゴスザクテンノウ	後朱雀天皇	1289		369	-13.4196
ゴコチ	心地	1285		48	-18.9009
ゴセンゾサマ	ご先祖さま	1288		501	-14.0543
ゴタブン	ご多分	1285		501	-14.7272
ゴンパチ	権八	1291		497	-14.8546
ゴケントウイタダケマス	ご検討いただけます	560	491	17	-10.7884
ゴエイクチクカン	護衛駆逐艦	1288		230	-14.0350
ゴミズノオ	後水尾	1289		501	-17.9060
ゴキロメートル	5km	1288		259	-12.1211
ゴジュウバン	50番	1288		332	-13.1701
ゴゼンサンジ	午前3時	1288		380	-12.4981
ゴ	牾	1288		501	
ゴウゴウ	ごうごう	1281		501	-17.6734
ゴカッ	五角	1285		304	-16.9263
ゴウセヨ	号せよ	589		238	-10.0426
ゴウツク	強突	1285		501	-18.6282
ゴミタメ	ごみ溜	1285		501	-19.2344
ゴゼン	御前	1285		32	-12.6433
ゴゴティー	午後ティー	1288		501	-14.6011
ゴウエンジ	豪炎寺	1289		501	-13.5071
ゴハンガマ	御飯釜	1285		501	-18.6282
ゴキョウ	碁経	1285		501	-18.6282
ゴワツク	ゴワつく	695		501	-13.5784
ゴザイ	ござい	799		17	-6.4885
ゴッツカロ	ゴッツかろ	25		501	-16.2427
ゴキゲン	ご機嫌	560	1285	17	-10.7685
ゴコウ	五更	1285		501	-16.9657
ゴネクラ	五根倉	1293		501	-17.1900
ゴチウサ	ごちうさ	1288		501	-14.1200
ゴシゴシッ	ごしごしっ	1281		501	-17.6734
ゴロセロ	殺せろ	623		495	-18.4225
ゴキボウ	ご希望	560	1283	17	-10.5064
ゴモロ	籠ろ	778		394	-19.0577
ゴートゴ	ゴート語	1288		340	-14.0486
ゴイッショ	ご一緒	560	1283	17	-10.6037
ゴミダシ	ゴミ出し	1285	1298	17	-11.9483
ゴマ	ごま	1288		75	-19.5039
ゴトウチソング	ご当地ソング	1288		228	-14.6031
ゴマダラ	胡麻斑	1285		501	-18.5412
ゴッタガエス	ゴッタ返す	731		501	-16.7017
ゴオ	ごお	560		17	-10.6446
ゴートゥーイート		1288		501	-14.1540
ゴセン	5千	1295		501	-17.4645
ゴハツ	誤発	1283		501	-18.0694
ゴレンラククダサイ	ご連絡ください	560	1239	17	-10.8577
ゴサノハンイ	誤差の範囲	1288		466	-14.3875
ゴロザ	五郎左	1291		501	-17.3251
ゴヘエ	五兵衛	1291		501	-17.3251
ゴケンウンドウ	護憲運動	1288		131	-14.8342
ゴジュウハチパーセント	58%	1288		248	-12.7582
ゴモラ		1285		26	-13.7364
ゴロセ	殺せ	622		495	-18.4370
ゴジュウニネン	52年	1288		360	-13.7350
ゴバンチョウ	五番町	1293		231	-13.8729
ゴ	互	1288		395	-14.9522
ゴウテキ	豪的	1287		501	-17.5369
ゴウ	郷	1285		72	-15.5352
ゴモリ	籠り	1285		74	-19.0802
ゴカシ	ごかし	1299		501	-16.7172
ゴハンツウ	御飯通	1285		501	-18.6282
ゴミリメートル	5mm	1288		194	-12.1934
ゴットルプ		1285		492	-14.3516
ゴセンメートル	5000m	1288		7	-13.0592
ゴーッ	ゴーっ	1281		501	-16.9196
ゴウス	合子	1285		4	-18.6282
ゴツゴツ	ゴツ〴〵	1281		501	-16.9196
ゴクウマ	極旨	1285		501	-18.6282
ゴウリュウチテン	合流地点	1288		176	-12.9953
ゴツカロ	ごつかろ	25		127	-12.9105
ゴンゴンゴン	ごんごんごん	1281		501	-17.4704
ゴールドラッシュ		1292		138	-11.9403
ゴウガ	贅牙	1285		501	-18.6282
ゴウケイサイ	号掲載	1298	1283	17	-13.1093
ゴロタ	ごろた	1285		501	-17.5667
ゴンドウマチ	護藤町	1293		501	-17.7008
ゴールド		1287		203	-13.9379
ゴセン	五千	1295		501	-17.4645
ゴウカン	敖漢	1293		501	-17.7008
ゴシュウネン	5周年	1288		172	-12.1884
ゴウジョウ	強情	1287		66	-13.5856
ゴクチュウ	獄中	1285		243	-12.6134
ゴザ	ござ	1285		150	-18.9467
ゴジョウケ	五条家	1288		124	-14.6756
ゴカイ	五戒	1285		365	-14.8055
ゴウトク	豪徳	1288		501	-18.5231
ゴシック		1285		84	-12.0067
ゴッツアン	ごっつあん	3		501	-16.4223
ゴヤク	誤譯	1283		501	-18.0694
ゴンケ	権化	1285		252	-16.9149
ゴジアイクダサイ	ご自愛ください	1288		501	-12.5934
ゴデン	御伝	1285		501	-18.6282
ゴトウシンペイ	後藤新平	1289		106	-12.3585
ゴウシャ	巧者	1285		211	-16.8325
ゴッツク	ごっつく	35		501	-12.7873
ゴシン	誤診	1283		192	-13.5769
ゴッツカレ	ゴッツかれ	29		501	-16.2427
ゴイン	五音	1285		342	-14.7195
ゴギョウシソウ	五行思想	1288		365	-14.5514
ゴクゴク		1281		501	-13.0823
ゴソゴソ		1282		501	-12.7018
ゴハンノウデハ	誤反応では	1285	261	17	-11.4008
ゴマンニン	5万人	1288		387	-11.9460
ゴバイ	5倍	1288		23	-11.6274
ゴセンワカシュウ	後撰和歌集	1288		342	-14.4584
ゴウサキ	郷埼	1293		501	-17.7008
ゴイチ	伍一	1291		501	-15.3392
ゴッタニ	ゴッタ煮	1285		501	-18.0817
ゴウトクジ	豪徳寺	1293		358	-13.8736
ゴトウチグルメ	ご当地グルメ	1288		442	-12.8820
ゴネンメ	5年目	1288		306	-12.1957
ゴリョウニン	御寮人	1285		501	-17.0409
ゴウカ	業火	1285		389	-14.8375
ゴウ	盒	1288		501	
ゴツ	兀	1288		501	
ゴジュウメートル	50m	1288		235	-12.0470
ゴガツニジュウキュウニチ	5月29日	1288		195	-11.5024
ゴウカクシャ	合格者	1283	1298	17	-13.0910
ゴク	國	1298		128	-17.5580
ゴ	湖	1288		501	
ゴダイ	五大	1285		131	-19.6398
ゴンセキ	権蹟	1285		501	-18.6282
ゴトバ	後鳥羽	1289		369	-17.9060
ゴヒャクラカン	五百羅漢	1285		435	-15.0022
ゴモッ	篭っ	786		8	-19.0832
ゴールドカード		1288		118	-13.8359
ゴショウカイシテ	ご紹介して	560	307	17	-11.2153
ゴミイレ	ごみ入れ	1285		501	-19.2344
ゴジュウキュウフン	59分	1288		317	-11.8713
ゴロー		1289		51	-12.2215
ゴウ	劫	1288		501	
ゴゲン	悟言	1283		501	-18.0694
ゴウシャ	豪奢	1287		66	-12.8981
ゴツケリャ	ごつけりゃ	15		127	-12.9105
ゴミパックン	塵ぱっくん	1285		501	-18.4612
ゴトバテンノウ	後鳥羽天皇	1289		369	-12.6265
ゴハン	ご飯	1285		75	-9.0605
ゴマ	胡麻	1285		75	-13.1546
ゴヌク		1285		501	-14.1788
ゴカン	互換	1285		431	-11.8078
ゴッツカッ	ごっつかっ	33		501	-12.7242
ゴコク	後刻	1314		320	-14.1240
ゴハライ	誤払い	1285		501	-18.6282
ゴミャク	語脈	1285		501	-18.2289
ゴリョウ	梧陵	1291		501	-18.1724
ゴールデンアイ		1288		401	-14.9224
ゴメン	ごめん	1285		420	-11.4721
ゴチ	鶻	1288		501	
ゴクッ	ごくッ	1281		501	-17.6734
ゴコクジンジャ	護國神社	1288		404	-14.7299
ゴウシロ	号しろ	588		238	-10.0433
ゴウク	合区	1288		125	-14.3165
ゴミアナ	塵穴	1285		501	-18.7236
ゴンジ	権次	1291		501	-18.1724
ゴオウ	五王	1285		371	-18.4612
ゴイシ	五石	1290		501	-17.5531
ゴジュウシュウネン	50周年	1288		224	-11.2474
ゴヨウゼイテンノウ	後陽成天皇	1289		369	-12.4683
ゴガツヨッカ	5月4日	1288		195	-11.5830
ゴギョウ	五行	1285		365	-13.4275
ゴウドウ	≢	1288		501	-19.7500
ゴアンナイ	ご案内	560	1283	17	-10.6881
ゴウケン	豪剣	1285		501	-18.6282
ゴンドウ	巨頭	1285		131	-16.8559
ゴワシャ	語話者	1298	1285	17	-13.4337
ゴールドウィン		1288		179	-15.3461
ゴネル	ゴネる	619		501	-17.4007
ゴクヒソウサ	極秘捜査	1288		501	-14.8041
ゴジュウシュ	50種	1288		218	-13.6236
ゴテンバ	gotemba	1293		501	-16.7845
ゴウリダイスケ	郷里大輔	1289		122	-15.4500
ゴセンケイ	5000系	1288		426	-12.0877
ゴウ	葢	1288		501	
ゴケントウイタダケマス	ご検討頂けます	560	491	17	-10.8456
ゴチソウ	御馳走	1283		290	-13.7330
ゴウリテキナ	合理的な	1285	454	17	-11.2713
ゴハンナベ	ごはん鍋	1285		501	-18.9467
ゴウダン	強談	1283		501	-18.1494
ゴロウ	吾郎	1291		344	-12.5819
ゴメン	御免	1285		108	-13.1297
ゴヅメ	後詰	1285		394	-14.2271
ゴウシツ	号室	1298		17	-12.3415
ゴッシキ	業識	1285		501	-18.6282
ゴジョ	互助	1283		154	-13.9679
ゴネ		776		501	-13.9865
ゴモ	篭	776		8	-19.0596
ゴウモト	郷本	1293		501	-17.7008
ゴウソッキュウ	豪速球	1285		198	-14.7870
ゴミクズ	塵屑	1285		501	-18.7236
ゴ	河	1288		501	
ゴン	狠	1288		501	
ゴジン	御仁	1285		501	-14.6669
ゴールウラ	ゴール裏	1288		316	-13.0649
ゴ	興	1288		501	
ゴ	其	1288		501	
ゴウドウエンシュウ	合同演習	1288		53	-14.7932
ゴクドウ	ごくどう	1287		501	-18.0477
ゴガツサンジュウイチニチ	5月31日	1288		195	-11.2325
ゴモッ	籠っ	786		394	-19.0832
ゴクアク	極悪	1285		26	-13.7641
ゴクラクジ	極楽寺	1293		404	-12.5916
ゴ	後	1305		282	-4.6426
ゴミバコ	芥箱	1285		501	-18.7236
ゴハンタベ	ご飯食べ	1285	625	17	-10.3253
ゴトウダマサズミ	後藤田正純	1289		122	-15.5410
ゴウリ	ごうり	1285		501	-19.4167
ゴダ	ごだ	1285		501	-19.4167
ゴウケイテン	合計点	1283	1298	17	-13.1550
ゴンチュウ	言中	1285		501	-18.6282
ゴワ	5話	1288		424	-12.1705
ゴクセン	ごくせん	1288		205	-14.0492
ゴシラエ	拵	1285		4	-19.0802
ゴソウセンダンホウシキ	護送船団方式	1288		350	-14.8187
ゴラン	御覧	1308		297	-9.6089
ゴカイ	碁会	1285		501	-18.6282
ゴサゴサ	ごさごさ	1281		501	-17.4704
ゴサンキョウ	御三卿	1292		108	-12.2549
ゴチャマゼ	ごちゃまぜ	1287		152	-12.9603
ゴミアツメ	塵集め	1285		501	-18.7236
ゴコウゴンテンノウ	後光厳天皇	1289		369	-12.8311
ゴミヒロイ	ゴミ拾い	1285		501	-18.0817
ゴ	圉	1288		501	
ゴン	儼	1288		501	
ゴダイゴ	後醍醐	1290		498	-10.6408
ゴンブ	弓歩	1285		501	-18.3181
ゴロセル	殺せる	619		495	-14.6159
ゴハンノウデ	誤反応で	1285	458	17	-10.6306
ゴフンカン	5分間	1288		317	-12.3440
ゴクツブシ	ゴクつぶし	1285		501	-18.0304
ゴウゼツ	轟絶	1285		501	-14.6791
ゴザール	ござーる	1091		501	-15.8562
ゴモウ	呉猛	1289		501	-17.9060
ゴロウエモン	五郎右衛門	1291		497	-13.6622
ゴオン	呉音	1285		297	-13.9389
ゴジョカイ	互助会	1288		419	-14.8374
ゴモモゾノテンノウ	後桃園天皇	1289		369	-13.8117
ゴモリ	籠り	788		394	-19.0614
ゴカシワバラ	後柏原	1289		501	-17.9060
ゴセンマンエン	5000万円	1288		354	-12.1100
ゴジリャ	誤字りゃ	770		501	-12.5445
ゴフッ	ごふっ	1281		501	-17.6734
ゴールデンゴール		1288		178	-14.5542
ゴクブト	ゴク太	1285		501	-18.0304
ゴウムラ	郷村	1290		72	-12.5054
ゴソウ	互層	1285		501	-18.6282
ゴボウエキ	御坊駅	1293		267	-13.5419
ゴウ	剛	1285		344	-14.2753
ゴカクケイ	⬠	1288		501	-19.0000
ゴムイン	ゴム印	1285		445	-15.1529
ゴッ	極	1288		501	
ゴエ	ごえ	1285		501	-19.6398
ゴデン	誤伝	1283		10	-14.4560
ゴモル	込もる	772		501	-18.9344
ゴ	吾	1288		501	
ゴエン	¥5	1288		501	-14.6166
ゴソウ	誤想	1285		501	-18.6282
ゴウ	抂	1288		501	
ゴハンガワリ	ご飯がわり	1285		501	-18.9467
ゴウ	噛	1288		501	
ゴモリ	篭り	788		8	-19.0614
ゴカショウ	五個荘	1290		69	-15.1552
ゴールドタイ	ゴールド帯	1285	1298	17	-12.3372
ゴチュウ	語中	1285		501	-19.2344
ゴケイ	ごけい	1285		501	-18.9467
ゴジ	五次	1290		134	-13.0191
ゴハンガ	ご飯が	1285	148	17	-10.8579
ゴハンコシラエ	ご飯こしらえ	1285		501	-18.9467
ゴトベイドウ	五斗米道	1288		135	-14.8615
ゴダイジッコクジダイ	五代十国時代	1288		135	-13.8959
ゴバン	5番	1288		332	-10.8008
ゴカサン	五箇山	1293		404	-12.5347
ゴルフジョウ	ゴルフ場	1288		480	-11.9029
ゴシン	五臣	1285		501	-18.4612
ゴウ	轟	1290		3	-19.0817
ゴウカクシ	合格し	1283	610	17	-10.6246
ゴウヒ	合皮	1288		501	-14.3180
ゴウセイスウ	合成数	1288		447	-14.1606
ゴサイテンノウ	後西天皇	1289		369	-13.8951
ゴグン	語群	1285		352	-18.6282
ゴガツツイタチ	5月1日	1288		195	-10.7373
ゴツカッ	ゴツかっ	33		501	-12.4845
ゴンサレス		1290		250	-13.6000
ゴウマン	ごう慢	1287		501	-18.0477
ゴウイッコ	合いっこ	1285	1283	17	-13.0767
ゴシュジン	ご主人	560	1285	17	-11.0908
ゴウ	軣	1288		501	
ゴクッ	ゴクっ	1281		501	-16.9196
ゴモ	ごも	1285		501	-19.9275
ゴネドク	ごね得	1285		501	-17.1633
ゴトウハルナ	後藤晴菜	1289		122	-15.4800
ゴミ		1285		290	-10.0019
ゴカラ	後から	1305	147	17	-10.0814
ゴ	五	1295		134	-7.0169
ゴキ	5基	1288		264	-13.0646
ゴーストライター		1288		393	-13.5042
ゴウセヨ	ごうせよ	589		501	-11.7274
ゴウ	傲	1288		501	
ゴゴヨジ	午後4時	1288		380	-12.4773
ゴジョウ	五城	1291		371	-14.5209
ゴマカセル	誤魔化せる	619		501	-18.0939
ゴミダシ	ゴミ出し	1283		501	-17.7439
ゴリン	語林	1285		501	-18.4612
ゴジョウ	互譲	1285		186	-18.6282
ゴジュウロクサイ	56歳	1288		46	-13.1940
ゴゼンカイギ	御前会議	1288		436	-13.1188
ゴカク	互角	1285		63	-12.3869
ゴダール		1290		179	-12.0516
ゴウドウケッコンシキ	合同結婚式	1288		131	-14.4045
ゴサガテンノウ	後嵯峨天皇	1289		369	-13.0961
ゴニジョウ	後二條	1289		501	-17.9060
ゴイリョク	語彙力	1288		501	-10.9565
ゴキュウ	誤球	1285		501	-18.6282
ゴセン	互選	1283		13	-13.3468
ゴエ	超え	1285		258	-19.2344
ゴロ	頃	1305		143	-6.5348
ゴウオン	轟音	1285		91	-13.4446
ゴエンセイハイエン	誤嚥性肺炎	1288		457	-14.1246
ゴハンヲタベ	ご飯を食べ	1285	625	17	-11.3067
ゴウ	剛	1287		344	-17.0135
ゴウウ	豪雨	1285		425	-12.2325
ゴクジュン	極潤	1288		501	-18.5231
ゴンドラ		1285		414	-12.9259
ゴエイカン	護衛艦	1288		343	-12.1151
ゴーストタイプ		1288		501	-14.7825
ゴリケン	ゴリけん	1289		122	-17.5060
ゴケ	碁け	1285		501	-18.6282
ゴダ		1285		501	-18.0817
ゴチソウ	ごちそう	1283		290	-12.4682
ゴウ	興	1288		501	
ゴトゴトゴトッ	ごとごとごとっ	1281		501	-17.6734
ゴウキュウ	豪球	1285		501	-18.6282
ゴウスケ	剛介	1291		501	-15.7156
ゴウテキ	強敵	1285		26	-15.0692
ゴジュウオン	五十音	1285		327	-14.3627
ゴセツ	5節	1288		454	-14.2000
ゴジュウナナカイ	57回	1288		134	-13.3854
ゴガクケンシュウ	語学研修	1288		85	-14.2513
ゴクッ	ごくっ	1281		501	-17.6734
ゴジュウオク	50億	1288		354	-13.3707
ゴッツケレ	ごっつけれ	13		501	-12.7041
ゴダイゴ		1289		67	-12.6773
ゴガツジュウロクニチ	5月16日	1288		195	-11.5441
ゴガタキ	碁敵	1285		501	-17.8906
ゴチイ	ゴチい	19		501	-12.9885
ゴニン	誤認	1283		320	-11.5039
ゴウネツ	豪熱	1285		501	-18.6282
ゴキョウリョク	ご協力	560	1283	17	-10.7565
ゴウキ	豪毅	1287		501	-17.4416
ゴウ	岌	1288		501	
ゴメンセン	後免線	1288		450	-14.1287
ゴウノモノ	剛の者	1285		74	-17.7542
ゴテン	5点	1288		318	-11.8583
ゴチャゴチャ		1281		501	-12.4710
ゴカイドウ	五街道	1290		231	-17.5531
ゴカンセイ	互換性	1288		431	-10.8591
ゴーン	ごーん	1281		501	-15.1397
ゴジュウシアイ	50試合	1288		377	-13.6390
ゴ	児	1285		42	-15.5065
ゴジュウ	後住	1285		501	-18.0008
ゴキュウ	5級	1288		501	-13.7680
ゴマ	胡摩	1285		501	-18.4612
ゴシュルイ	5種類	1288		283	-11.8837
ゴホゴホゴホッ	ごほごほごほっ	1281		501	-17.6734
ゴジュウサンカイ	53回	1288		134	-13.5589
ゴケン	5件	1288		387	-12.8234
ゴトゴト	ごとごと	1281		501	-16.8849
ゴン	勤	1288		501	
ゴンモン	近門	1285		501	-18.6282
ゴリサン	ゴリさん	1288		501	-14.6292
ゴイチジョウ	後一條	1289		501	-17.9060
ゴゾンジ	ご存じ	1285		479	-11.9322
ゴケイ	互恵	1285		388	-14.7133
ゴジュウキュウネン	59年	1288		360	-13.9295
ゴオッ	ごおっ	1281		501	-17.6734
ゴジュウサンパーセント	53%	1288		248	-12.7301
ゴエンガ	ご縁が	560	148	17	-10.1755
ゴウバル	合原	1290		122	-18.2060
ゴツゴツ	ごつごつ	1281		29	-17.6734
ゴ	蜈	1288		501	
ゴウシ	合し	1283		83	-18.0694
ゴウスレ	号すれ	581		238	-10.0426
ゴゼ	ごぜ	1285		150	-14.8079
ゴゼ	御前	1306		32	-20.1433
ゴスル	伍する	583		186	-13.1717
ゴットランド		1293		166	-13.6578
ゴウセイセンイ	合成繊維	1288		270	-13.6868
ゴクリ	ごくり	1281		501	-17.6734
ゴヒョウ	互評	1283		501	-18.0694
ゴンゾウ	勤操	1289		501	-17.9060
ゴジュウゴフン	55分	1288		380	-11.8509
ゴウサン	合散	1285		501	-18.6282
ゴマカセヨ	ごまかせよ	624		501	-13.9070
ゴロクジュッ	五、六十	1295		501	-17.4645
ゴルジタイ	ゴルジ体	1288		83	-14.3576
ゴリン	五倫	1285		365	-16.5906
ゴウカ	豪華	1285		66	-11.9899
ゴウカン	合歓	1285		223	-19.1607
ゴゼン	御膳	1285		4	-14.0966
ゴオウ	呉王	1289		246	-17.9060
ゴソウダン	ご相談	560	1283	17	-10.3115
ゴヅメ	後詰め	1285		501	-18.6282
ゴルディアヌス		1288		273	-14.3919
ゴリョウカクエキ	五稜郭駅	1293		321	-13.2088
ゴトウテルキ	後藤輝樹	1289		122	-17.5390
ゴウゴウ	嗷々	1285		501	-19.4167
ゴヘイ	御幣	1285		4	-14.6858
ゴリョウショ	御料所	1293		464	-13.6065
ゴエイ	護衛	1283		37	-10.4102
ゴウフ	郷夫	1285		501	-18.6282
ゴトリ	ごとり	1281		501	-17.0315
ゴタゴタ		1282		422	-12.4520
ゴレイ	語例	1285		501	-18.6282
ゴン	ごん	1285		501	-19.2344
ゴルタイスクリレー		1285		501	-15.0178
ゴヒャクメートル	500メートル	1288		259	-12.7076
ゴクテラ	獄寺	1285		17	-13.0661
ゴジュウオンジュン	五十音順	1288		59	-12.2075
ゴオリ	ごおり	1285		501	-19.9275
ゴジュウミリリットル	50ml	1288		501	-13.7801
ゴウギ	豪気	1287		56	-17.5369
ゴロット	ごろっと	1281		501	-14.1046
ゴン	凾	1288		501	
ゴウリキ	強力	1285		169	-10.6404
ゴネル	ごねる	619		501	-13.3599
ゴシキ	五色	1290		4	-14.0678
ゴモレ	篭もれ	784		411	-19.0573
ゴ	唔	1288		501	
ゴモン	篭もん	774		411	-19.0574
ゴドー		1289		11	-14.2748
ゴロウ	冴郎	1291		501	-18.1724
ゴウジ	五宇字	1288		501	-17.9635
ゴウキュウシ	号泣し	1283	610	17	-11.0288
ゴエ	越	1288		501	
ゴカン	語幹	1285		327	-12.6074
ゴサンコウマデニ	ご参考までに	1288		501	-13.7977
ゴウ	郷	1290		72	-12.0565
ゴタク	御託	1285		501	-14.8637
ゴフクテン	呉服店	1288		501	-13.2429
ゴルタイ		1285		501	-15.2736
ゴトウ	五灯	1285		501	-18.4612
ゴロゾウ	五郎蔵	1291		501	-17.3251
ゴンジツ	権実	1285		501	-18.6282
ゴエイタイ	護衛隊	1283	1298	17	-13.1953
ゴシラカワテンノウ	後白河天皇	1289		369	-12.4830
ゴモレ	籠れ	768		394	-19.0574
ゴリョウ	呉綾	1285		501	-18.6282
ゴミアブラ	ごみ油	1285		501	-19.2344
ゴケ	苔蘚	1285		501	-19.0802
ゴウヨク	ごうよく	1287		501	-18.0477
ゴク	斛	1300		221	-17.8364
ゴツカレ	ごつかれ	29		127	-12.9105
ゴワリ	5割	1288		248	-11.5810
ゴイチ	後一	1290		134	-13.0335
ゴマカサ	誤魔化さ	733		479	-10.1507
ゴウス	号す	584		238	-10.0434
ゴビサバク	ゴビ砂漠	1288		410	-14.1155
ゴンドウ	権堂	1290		371	-17.7354
ゴネレ	ゴネれ	784		501	-14.3752
ゴザイマスエガオ	ございます😊	428	1285	17	-21.0195
ゴン	蒟	1288		501	
ゴウハラ	業腹	1287		501	-15.7619
ゴメンナサイ		1285		501	-14.2835
ゴジョウメ	五城目	1293		81	-13.9023
ゴチク	梧竹	1291		501	-18.1724
ゴッチイ	ごっちい	19		501	-13.2281
ゴバライ	後払い	1283		109	-15.5256
ゴカセ	五ケ瀬	1293		501	-16.4015
ゴロセ	殺せ	729		438	-17.6467
ゴジラアイランド		1288		164	-14.5623
ゴトン	5t	1288		501	-11.8827
ゴロク	語録	1285		342	-12.9674
ゴトウユウコ	後藤邑子	1289		122	-15.0790
ゴウ	鄕	1288		501	
ゴッツカラ	ごっつから	27		501	-12.7049
ゴゾンジデスカ	ご存じですか	1288		501	-13.2426
ゴウリガク	合理学	1285	1298	17	-12.7849
ゴキゲンヨウ	ごきげんよう	3		244	-10.7375
ゴチソウサマ	ごちそうさま	1285		484	-12.7116
ゴハ	語派	1288		340	-13.6615
ゴハンガマ	ごはん釜	1285		501	-18.9467
ゴメス		1290		255	-12.0460
ゴロ	語ろ	1285		78	-14.8717
ゴウセツ	豪雪	1285		112	-13.5451
ゴウサラシ	業曝	1285		501	-18.6282
ゴセイ	悟性	1285		287	-14.1998
ゴネンブリ	5年ぶり	1288		178	-11.7791
ゴウセイ	強請	1285		490	-18.7815
ゴドウ	悟道	1285		128	-16.7920
ゴウサ	号さ	586		238	-10.1287
ゴウイ	合い	1283		161	-10.8893
ゴカクケイ	五角形	1285		304	-15.7144
ゴゼン	御前	1306		32	-17.6433
ゴトウチ	ご当地	1288		442	-12.1808
ゴマンエン	5万円	1288		163	-11.4779
ゴカ	五箇	1293		200	-15.8037
ゴソウ	護送	1283		271	-12.6027
ゴテ	籠手	1285		60	-19.0802
ゴーサイン		1285		282	-14.4831
ゴウワン	剛腕	1285		127	-14.7824
ゴシャク	護惜	1285		501	-18.6282
ゴジッ	誤字っ	786		501	-12.2791
ゴア		1289		272	-16.3800
ゴヨウショウニン	御用商人	1292		108	-12.7278
ゴウホウ	号砲	1285		63	-15.0467
ゴウセツチタイ	豪雪地帯	1288		480	-12.2890
ゴウリュウテン	合流点	1283	1298	17	-12.7255
ゴホウ	五峰	1291		392	-14.7213
ゴロシ	殺し	1298		427	-9.2904
ゴホク	吾北	1293		501	-16.0268
ゴカン	後閑	1290		330	-14.8231
ゴッタガエシャ	ごった返しゃ	730		228	-12.3906
ゴンノ	権	1291		455	-13.2938
ゴレツ	五裂	1285		501	-18.4612
ゴウ	嫦	1288		501	
ゴカイ	碁界	1285		501	-18.6282
ゴウジロウ	剛二郎	1291		501	-18.1724
ゴンベエ	権兵衛	1291		497	-12.7949
ゴリッ	ごりっ	1281		501	-17.6734
ゴジュウヨネン	54年	1288		386	-13.4340
ゴジ	誤字	1285		59	-11.8289
ゴウハラ	ごうはら	1287		501	-17.7600
ゴウキ	公輝	1291		122	-12.1920
ゴキ	5期	1288		134	-12.1715
ゴッツキャ	ごっつきゃ	17		501	-12.7041
ゴーゲン		1289		501	-12.8045
ゴシラカワイン	後白河院	1289		369	-11.4613
ゴーレムマスター		1285		501	-15.3224
ゴミ	芥	1285		128	-14.0313
ゴウシ	格子	1285		304	-18.9467
ゴオリ	郡	1285		82	-12.9440
ゴツク	ごつく	35		127	-12.9937
ゴタツ	炬燵	1285		60	-16.7300
ゴロクジッ	五、六十	1295		501	-17.4645
ゴジュウド	50度	1288		259	-13.4008
ゴセキコウイチ	五関晃一	1289		122	-18.2660
ゴウユウ	剛勇	1287		74	-15.1874
ゴトウシ	五島市	1293		82	-13.1003
ゴン	琴	1288		501	
ゴト		1281		152	-16.9196
ゴンモリ	権守	1290		369	-12.4421
ゴールドマン		1289		255	-13.3334
ゴエティア		1288		429	-14.4443
ゴシ	呉子	1289		28	-17.9060
ゴ	語	1285		340	-18.1358
ゴハツ	後初	1305	1298	17	-12.5221
ゴルシ		1285		501	-14.2033
ゴウシュウ	江州	1290		246	-12.8840
ゴリュウ	五竜	1290		3	-16.8600
ゴン	権	1298		455	-15.7938
ゴマカシワライ	ごまかし笑い	1283		501	-18.8426
ゴウツ	江津	1293		231	-14.2572
ゴルフボール		1285		17	-13.4505
ゴヒャクエン	500円	1288		163	-10.0683
ゴホウジョウシ	後北条氏	1288		498	-11.8634
ゴクン	ごくん	1283		501	-14.1090
ゴルカル		1288		430	-15.0190
ゴイ		1289		501	-16.7429
ゴテ	小手	1285		137	-18.3181
ゴエンユウ	後円融	1289		501	-17.9060
ゴジュウハチネン	58年	1288		360	-13.5777
ゴカク	五角	1290		304	-13.5929
ゴケン	護憲	1285		131	-13.8709
ゴン	艮	1288		501	
ゴールドマン・サックス		1292		378	-12.2483
ゴショウ	後生	1285		218	-13.7649
ゴヤ	小屋	1285		290	-18.4612
ゴート		1289		359	-12.0520
ゴウショウ	剛昌	1291		501	-15.1215
ゴウキ	ごうき	1287		501	-18.0477
ゴボウ	牛房	1285		501	-18.6282
ゴウラ	強羅	1293		321	-13.2840
ゴッドタン		1288		244	-13.8670
ゴウホウライラク	豪放磊落	1287		66	-14.0507
ゴジータ		1289		368	-13.6244
ゴトウチナンバー	ご当地ナンバー	1288		202	-14.2803
ゴシ	ごし	1281		437	-17.6734
ゴシラエ	拵え	1285		4	-19.0802
ゴソウサ	誤操作	1283		174	-14.0476
ゴジョウハシヒガシ	五条橋東	1293		501	-17.1900
ゴセンチ	5センチ	1288		194	-12.5018
ゴツ	ごつ	11		127	-13.0727
ゴジュッサイ	50歳	1288		46	-11.3001
ゴトウマキ	後藤真希	1289		67	-13.4035
ゴロン	ごろん	1281		501	-12.9618
ゴリゴリ		1281		501	-11.2636
ゴマ	ごま	1285		75	-12.3839
ゴク	嶷	1288		501	
ゴリツィア		1288		373	-13.7545
ゴリョウ	御料	1285		275	-13.7679
ゴ	篭	1288		501	
ゴギョウ	呉暁	1291		501	-18.1724
ゴフクショウ	呉服商	1288		311	-14.3076
ゴエス	5s	1288		31	-14.1793
ゴウノカワ	江の川	1293		176	-17.2954
ゴホン	ごほん	1281		501	-14.4985
ゴシックヨウシキ	ゴシック様式	1288		130	-13.1322
ゴガツニジュウゴニチ	5月25日	1288		195	-11.3494
ゴヨウテイ	御用邸	1285		404	-14.8637
ゴウチク	合築	1283		414	-18.0694
ゴライコウ	ご来光	1285		228	-15.1585
ゴタゴタ	ごたごた	1281		161	-17.6734
ゴウエイドウ	豪栄道	1288		124	-13.8996
ゴザル	御坐る	1091		501	-15.7609
ゴレンショウ	5連勝	1288		178	-12.9369
ゴゴウ	語業	1285		501	-18.6282
ゴジゲン	5次元	1288		493	-12.6574
ゴウミン	郷民	1285		501	-18.6282
ゴウケン	ごうけん	1287		501	-18.0477
ゴウクラ	郷倉	1290		501	-15.0822
ゴチ	倔	1288		501	
ゴヨウキン	御用金	1288		275	-14.2090
ゴヒャクネン	500年	1288		94	-12.2471
ゴコウミョウ	後光明	1289		501	-17.9060
ゴッド		1285		203	-12.9025
ゴソツ	五卒	1285		501	-18.4612
ゴマカス	ゴマカす	731		501	-16.5586
ゴウシロ	ごうしろ	588		501	-11.7280
ゴガクバングミ	語学番組	1288		305	-14.9843
ゴコマツテンノウ	後小松天皇	1289		369	-12.9999
ゴ	居	1288		501	
ゴミイレ	塵入れ	1285		501	-18.7236
ゴサクラマチ	後櫻町	1289		501	-17.9060
ゴマイ	5枚	1288		353	-11.2102
ゴ	圄	1288		501	
ゴヨウ	五葉	1285		501	-18.1358
ゴキ		1289		501	-13.3623
ゴムボート		1285		320	-14.8180
ゴウブク	降伏	1283		411	-10.0877
ゴマチャン	ごまちゃん	1288		501	-14.6151
ゴトシ	ゴト師	1285		501	-18.0817
ゴロウサン	吾郎さん	1288		501	-14.7509
ゴジュウナナパーセント	57%	1288		248	-12.7371
ゴックン	ごっくん	1281		244	-13.6220
ゴホウ	護宝	1285		501	-18.6282
ゴンゴール		1289		122	-19.9490
ゴジュウサンネン	53年	1288		143	-13.9277
ゴムニンゲン	ゴム人間	1288		501	-14.8595
ゴクホウ	獄法	1285		501	-18.6282
ゴウ		1285		462	-18.0304
ゴガツハエ	五月蠅	1314	1285	17	-13.5094
ゴミタメ	ゴミ溜め	1285		501	-18.0817
ゴン	ごん	1281		501	-17.8069
ゴミダシ	塵出し	1283		501	-18.1494
ゴエモン	五右衞門	1291		501	-17.3251
ゴテイネイ	ご丁寧	560	1287	17	-11.4051
ゴジョウゲン	五丈原	1293		394	-17.1900
ゴウカン	合巻	1288		312	-14.6415
ゴゴニ	午後に	1314	151	17	-11.3636
ゴイ	ごい	1298		99	-10.7078
ゴロッピャク	五、六百	1295		501	-17.4645
ゴウドウガイシャ	合同会社	1288		274	-12.3070
ゴクドウ	極道	1287		51	-13.7126
ゴトキ	如き	524		495	-6.6207
ゴツマユ	ゴツ眉	1285		501	-18.0817
ゴギャナキ	ごぎゃ泣き	1285		501	-19.2344
ゴタカクライン	後高倉院	1288		399	-14.9396
ゴクゴク	極く極く	1281		501	-17.2679
ゴウセイ	豪勢	1287		66	-12.6440
ゴコウフン	五香粉	1288		501	-14.5135
ゴジュウニフン	52分	1288		317	-13.3529
ゴウトウ	ごうとう	1287		293	-18.0477
ゴヒャクグラム	500g	1288		194	-12.8541
ゴイチジョウ	後一条	1289		501	-17.9060
ゴウセン	号線	1300		221	-9.9805
ゴガンコウジ	護岸工事	1288		102	-14.1013
ゴザイマスナキガオ	ございます😭	428	1285	17	-21.0864
ゴツボ	碁壺	1285		501	-18.6282
ゴマ	駒	1285		245	-19.9275
ゴマカス	ごまかす	731		438	-10.7308
ゴジュウゴサイ	55歳	1288		46	-12.5276
ゴハンヤサン	ご飯屋さん	1285	1302	17	-12.5604
ゴシヨ	期しよ	585		43	-16.3775
ゴバン	語版	1298		17	-13.1319
ゴボウ	御坊	1285		231	-14.2451
ゴホウラ	護宝螺	1288		501	-18.9931
ゴシツモン	ご質問	560	1283	17	-11.2990
ゴウリュウ	剛立	1291		501	-15.1279
ゴッタ	ごった	1287		501	-18.0477
ゴジュウケイ	50系	1288		426	-13.3478
ゴロッ	五、六	1295		501	-17.4645
ゴンゾウ	ごんぞう	1285		501	-18.9467
ゴ	伍	1290		128	-17.7354
ゴ	御	559		32	-38.0211
ゴヨミ	曆	1288		501	
ゴロッピャッ	五、六百	1295		501	-17.4645
ゴンチ	ごんチ	1288		501	-18.5231
ゴエ	聲	1288		501	
ゴガツビョウ	五月病	1288		501	-14.7938
ゴシ	轎	1285		501	-19.0802
ゴフ	護符	1285		32	-18.6282
ゴコウ	五香	1293		81	-15.8550
ゴウノカワ	江の川	1292		176	-12.5269
ゴス	呉須	1285		391	-16.5420
ゴン	莟	1288		501	
ゴン	窘	1288		501	
ゴキボウノ	ご希望の	560	368	17	-11.2721
ゴウカケンラン	豪華絢爛	1288		66	-13.8500
ゴダイメオノエキクノスケ	五代目尾上菊之助	1289		122	-13.1850
ゴセキ	五関	1293		501	-13.4480
ゴガ	呉我	1293		501	-17.0077
ゴリ		1281		149	-16.9196
ゴレンラク	ご連絡	560	1283	17	-9.6088
ゴミブクロ	塵袋	1285		28	-18.7236
ゴウテンゴウ	轟天号	1288		190	-14.8868
ゴマ		1293		75	-11.1493
ゴマカセ	ごまかせ	625		501	-13.9891
ゴパーセント	5パーセント	1288		286	-13.9182
ゴクラク	極楽	1285		32	-13.2471
ゴ	砂	1288		501	
ゴンノ	権	1298		455	-13.2938
ゴミ	五味	1290		439	-13.2423
ゴシリーズ	5シリーズ	1288		134	-13.5838
ゴマカセレ	ごまかせれ	617		501	-13.9082
ゴトク	如く	1285		495	-12.7670
ゴケイ	呉景	1289		8	-14.0748
ゴウダテンノウ	後宇多天皇	1289		369	-13.4752
ゴンタ	ゴン太	1289		501	-16.7429
ゴロ	語路	1285		501	-18.8289
ゴジュウマン	50万	1288		354	-11.3557
ゴヒャクニチ	500日	1288		433	-13.4766
ゴールデン		1288		203	-11.6181
ゴウホウカ	合法化	1288		216	-13.3109
ゴミゲー		1285		501	-15.2234
ゴカッケイ	五角形	1285		304	-13.7144
ゴサン	五山	1285		238	-14.2083
ゴンドリン		1285		222	-14.7685
ゴオウ	牛黄	1285		501	-18.6282
ゴキンジョサン	ご近所さん	1288		501	-12.4251
ゴク	5区	1293		332	-11.9448
ゴンチャ		1288		501	-14.7299
ゴゴウキ	5号機	1288		315	-12.7727
ゴオク	5億	1288		354	-11.6059
ゴトウヒロキ	後藤浩輝	1289		122	-17.0750
ゴギョウ	ごぎょう	1285		501	-18.9467
ゴンノチュウナゴン	権中納言	1288		369	-12.7732
ゴジュン	語順	1285		327	-12.9979
ゴロウズル	ごろうずる	592		501	-15.5137
ゴエ	声	1285		451	-18.6282
ゴケントウノホド	ご検討の程	560	1310	17	-11.0382
ゴンダイナゴン	権大納言	1288		369	-12.6827
ゴモン	籠ん	774		394	-19.0574
ゴハンノウデナケレ	誤反応でなけれ	1285	470	17	-10.7174
ゴウマン	ごうまん	1287		501	-18.0477
ゴールデンレトリバー		1288		501	-14.0893
ゴカイ	ごかい	1285		331	-19.2344
ゴコチ	心地	1298		48	-10.6697
ゴジュウイッカイ	51回	1288		134	-13.3061
ゴウカワ	合河	1293		501	-17.7008
ゴー	go!	1288		501	-14.1803
ゴジュウサンサイ	53歳	1288		46	-13.0627
ゴミサライ	ごみ浚い	1285		501	-19.2344
ゴフウ	護符	1285		32	-14.0836
ゴバライ	誤払い	1285		501	-18.6282
ゴウリ	合理	1285		287	-11.1123
ゴサン	午さん	1285		501	-18.5412
ゴロセリャ	殺せりゃ	618		495	-18.4036
ゴカン	語感	1285		327	-13.0522
ゴオウボヲオネガイ	ご応募をお願い	560	1283	17	-11.4122
ゴッソリ	ごっそり	1281		161	-12.2689
ゴハイ	誤配	1288		444	-14.5031
ゴカン	5冠	1288		7	-14.8829
ゴジュウマンニン	50万人	1288		387	-12.3936
ゴモン	篭ん	782		8	-19.0574
ゴジュウ	五十	1290		3	-17.6873
ゴスイ	午睡	1283		54	-14.9279
ゴウリ	郷里	1290		406	-13.6059
ゴシック・ロック		1288		412	-14.8796
ゴ	誤	560		320	-17.6251
ゴ	ご	1314		78	-17.9656
ゴロタイシ	ごろた石	1285		501	-19.2344
ゴリッゴリ		1285		501	-15.3019
ゴウトウ	豪宕	1287		501	-17.0062
ゴタイコク	五大国	1288		448	-14.6847
ゴロエ	五郎恵	1288		501	-17.9635
ゴッコ	ごっこ	1298		51	-10.6984
ゴコウ	呉広	1289		8	-14.0835
ゴウタ	豪太	1291		501	-18.1724
ゴシックメタル		1288		412	-14.7760
ゴウセイセンザイ	合成洗剤	1288		405	-14.1448
ゴク	語句	1285		327	-12.4158
ゴクリ	ごくり	1285		501	-14.3137
ゴウソウ	剛操	1287		501	-17.4416
ゴッツケレ	ゴッツけれ	13		501	-16.2427
ゴモロ	篭もろ	778		411	-19.0577
ゴロタミチ	ゴロタ道	1285		501	-18.0817
ゴウセン	合繊	1285		270	-16.0661
ゴウイ	合囲	1283		501	-18.0694
ゴバンテ	5番手	1288		63	-13.9214
ゴージャス	ゴー☆ジャス	1289		122	-18.0810
ゴッサム		1288		459	-14.4028
ゴウセイ	剛性	1285		351	-12.5271
ゴクモンジマ	獄門島	1288		401	-14.3725
ゴゼン	悟全	1291		501	-18.1724
ゴトク	五徳	1285		4	-14.1268
ゴダイトモアツ	五代友厚	1289		108	-13.3576
ゴジュウロクミリメートル	56mm	1288		264	-13.8068
ゴウタ	剛太	1291		49	-15.9106
ゴジュラス		1288		190	-13.6040
ゴギョウ	御形	1285		501	-16.2091
ゴクイ	獄衣	1285		501	-18.0923
ゴバン	ごばん	1285		331	-18.9467
ゴウカン	ごうかん	1283		331	-18.8426
ゴウヒ	合皮	1285		501	-18.6282
ゴショウガケ	後生掛	1293		501	-17.7008
ゴヒャクケルビン	500k	1288		31	-13.4391
ゴン	檎	1288		501	
ゴウオン	合音	1285		501	-18.8289
ゴゼンイチジ	午前1時	1288		380	-12.7013
ゴボウ	五榜	1285		501	-18.4612
ゴ	豆油	1285		501	-18.7236
ゴコク	護国	1285		346	-14.0539
ゴヒャクオクエン	500億円	1288		354	-13.5632
ゴバンニンキ	5番人気	1288		245	-13.4555
ゴヒャクケイ	500系	1288		426	-13.4401
ゴヘイ	語弊	1285		336	-12.9716
ゴウキ	豪気	1287		56	-15.1648
ゴハンデスヨ	ごはんですよ	1288		501	-13.8042
ゴネン	5年	1288		299	-9.0905
ゴキ	ごき	1281		501	-17.6734
ゴシュ	牛主	1285		501	-18.6282
ゴ	醐	1288		501	
ゴウトウ	強盗	1285		490	-11.6901
ゴウマン	傲慢	1285		66	-12.9278
ゴノウ	五能	1285		501	-18.4612
ゴトウゲコヨハル	吾峠呼世晴	1289		501	-13.7540
ゴウヘイ	剛平	1291		501	-18.1724
ゴトウ	五島	1293		330	-12.5504
ゴウシ	毫絲	1285		501	-18.6282
ゴヘンカン	誤変換	1288		206	-13.9100
ゴミアツメ	ゴミ集め	1285		501	-18.0817
ゴラク	ごらく	1285		80	-18.9467
ゴヒャクメートル	500m	1288		235	-11.5630
ゴミ	五味	1285		439	-13.7764
ゴンダシュウイチ	権田修一	1289		122	-12.5670
ゴーリー		1289		62	-12.5889
ゴロハチ	五郎八	1291		484	-17.3251
ゴソット	ごそっと	1281		501	-14.4646
ゴウ		1288		462	-13.7687
ゴウゾウ	剛三	1291		439	-14.9535
ゴウシガイシャ	合資会社	1288		281	-13.0604
ゴウマンサ	傲慢さ	1287	1304	17	-12.6874
ゴウエイジ	郷鍈治	1289		122	-18.4730
ゴウソウ	剛壮	1287		501	-17.5369
ゴウダホヅミ	郷田ほづみ	1289		122	-19.5320
ゴロベエ	五郎兵衛	1291		501	-17.3251
ゴシンパイ	ご心配	560	1283	17	-11.0642
ゴジン	誤字ん	774		501	-12.5446
ゴタンダ	五反田	1293		2	-11.7919
ゴセ	越	1288		501	
ゴケ	後家	1285		74	-14.8004
ゴシャキョウテイ	五社協定	1288		449	-14.4363
ゴジン	ご仁	1285		501	-18.9467
ゴーグル		1288		295	-12.3433
ゴウタン	豪胆	1287		66	-13.7347
ゴウ	峯	1288		501	
ゴロソ	殺そ	732		438	-17.6547
ゴロ		1285		211	-12.1655
ゴウウセツ	豪雨雪	1285		501	-18.6282
ゴゼンハチジ	午前8時	1288		380	-12.3619
ゴトバジョウコウ	後鳥羽上皇	1289		498	-11.7864
ゴロクジュウ	五、六十	1295		501	-17.4645
ゴウフク	剛愎	1287		501	-17.4416
ゴールデンアローショウ	ゴールデン・アロー賞	1288		313	-14.9606
ゴカ	ごか	1285		501	-18.9467
ゴジュウナナフン	57分	1288		317	-13.2486
ゴゼン	午前	1314		380	-9.8991
ゴオウ	牛王	1285		32	-18.6282
ゴド	5度	1288		318	-11.6849
ゴツウ	ゴツう	31		501	-12.4738
ゴヘイ	五瓶	1291		501	-17.3251
ゴカイ	誤解	1283		468	-9.8247
ゴジュウカラ	五十雀	1285		501	-18.4612
ゴウギ	ごうぎ	1287		99	-17.6422
ゴエンダマ	五円玉	1288		256	-14.7526
ゴゲン	語原	1285		501	-18.5412
ゴウコク	合谷	1285		501	-18.6282
ゴラクバングミ	娯楽番組	1288		501	-14.1556
ゴー	GO	1289		40	-10.2471
ゴロクジュッ	五六十	1295		501	-17.4645
ゴウノウラ	郷ノ浦	1293		501	-14.8482
ゴーゴー		1285		244	-14.0584
ゴミアツカイ	塵扱い	1285		501	-18.7236
ゴジツハッピョウ	後日発表	1288		306	-14.8888
ゴマカス	ゴマかす	731		501	-16.5586
ゴヨウ	ご用	1283		501	-14.7616
ゴセン	五泉	1290		267	-14.0151
ゴハイ	5杯	1288		501	-13.8989
ゴキ	呉起	1290		246	-13.0911
ゴミバコ	ごみ箱	1285		270	-13.8536
ゴクアク	ごくあく	1287		501	-18.0477
ゴイチ	五一	1291		392	-14.0892
ゴロ	ごろ	1285		143	-15.1301
ゴノウ	御悩	1285		501	-17.6588
ゴクドウノオンナタチ	極道の妻たち	1288		170	-14.9396
ゴンサイ	艮斎	1291		501	-17.0738
ゴジン	吾人	1306		501	-17.3981
ゴセイゲン	呉清源	1289		491	-13.3632
ゴダイ	五代	1290		369	-12.2227
ゴドウ	語堂	1291		501	-18.1724
ゴウガ	ごう牙	1285		501	-18.9467
ゴエイクウボ	護衛空母	1288		230	-12.8459
ゴジョウ	悟浄	1291		501	-18.1724
ゴロク	護禄	1285		501	-18.6282
ゴン	権	1290		455	-15.7938
ゴオン	ごおん	1281		501	-17.6734
ゴトウゲ	吾峠	1290		122	-13.6610
ゴメ	ごめ	1285		501	-19.4167
ゴサガジョウコウ	後嵯峨上皇	1288		369	-14.5444
ゴボウ	ごぼう	1285		93	-12.8299
ゴヤ	ごや	1285		99	-19.4167
ゴシラエ	ごしらえ	1285		501	-19.9275
ゴワス	ごわす	584		501	-11.6607
ゴドメ	5度目	1288		178	-12.6264
ゴウナン	剛軟	1285		501	-18.6282
ゴロ	頃	1314		143	-10.4147
ゴハツ	5発	1288		501	-13.3231
ゴクロウ	ご苦労	1285		54	-13.7039
ゴガツチュウジュン	5月中旬	1288		380	-12.8049
ゴヨウガクシャ	御用学者	1288		279	-14.6509
ゴラクセイ	娯楽性	1285	1298	17	-13.3852
ゴカセ	五ヶ瀬	1290		120	-14.6814
ゴディバ		1292		448	-12.8655
ゴドコロ	碁所	1285		369	-18.6282
ゴエン	誤嚥	1288		501	-14.1874
ゴゴハマルマルオモイッキリテレビ	午後は○○おもいッきりテレビ	1288		205	-14.9829
ゴーギャン		1288		204	-13.3238
ゴガツジュウシチニチ	5月17日	1288		195	-11.6433
ゴシウンドウ	五四運動	1288		131	-14.2854
ゴロカラ	ごろから	1305	147	17	-11.3344
ゴウソン	郷村	1285		72	-18.6282
ゴトウサオリ	後藤沙緒里	1289		122	-20.6770
ゴ	珸	1288		501	
ゴカイヲ	誤解を	1283	156	17	-11.1335
ゴロウ	梧楼	1291		501	-15.9752
ゴウコク	号哭	1283		501	-18.0694
ゴキョウ	五経	1285		342	-14.3465
ゴシン	誤審	1283		211	-13.5482
ゴッツカラ	ゴッツから	27		501	-16.2435
ゴ	棊	1285		501	-18.6282
ゴネンマエ	5年前	1288		161	-11.8044
ゴロンボ	ごろんぼ	1285		501	-19.2344
ゴウシ	ごうし	1283		99	-15.0300
ゴホッ	ごほっ	1281		501	-17.6734
ゴカイメ	5回目	1288		178	-12.2565
ゴホウ	誤報	1283		216	-12.5534
ゴミバコ	ゴミ箱	1285		445	-11.9320
ゴヒ		1285		501	-18.2535
ゴム	護謨	1285		269	-18.3181
ゴンタ	権太	1291		74	-18.1724
ゴ	牛	1288		501	
ゴヨウタツ	御用達	1285		311	-13.2115
ゴマント	ごまんと	1281		501	-12.8834
ゴールド・ディスク		1288		318	-14.5067
ゴコロ	ごころ	1283		389	-19.9412
ゴウソウ	豪爽	1285		501	-18.6282
ゴウモウ	毫毛	1285		501	-18.6282
ゴンスイ	言水	1291		501	-16.5629
ゴウチ	碁打ち	1285		251	-16.1062
ゴジョウ	五條	1290		330	-13.1669
ゴウ	盍	1288		501	
ゴチ		1285		113	-18.0304
ゴズテンノウ	牛頭天王	1288		404	-13.5267
ゴウユウ	豪勇	1287		429	-17.4416
ゴ	庫	1288		501	
ゴウジ	合字	1285		327	-18.6282
ゴケン	五間	1293		358	-17.7008
ゴヒャクエンコウカ	五百円硬貨	1288		206	-14.9190
ゴゴハチジ	午後8時	1288		380	-12.6535
ゴジツ	後日	1314		282	-9.2512
ゴウギ	合議	1283		436	-12.8792
ゴウク	業苦	1285		501	-17.0982
ゴデ	語で	1298	149	17	-11.1490
ゴトウ	五島	1290		330	-12.5504
ゴウイソウ	合いそう	1283	1301	17	-13.5155
ゴヤ		1285		204	-18.1358
ゴルフレンシュウジョウ	ゴルフ練習場	1288		2	-14.1311
ゴウロ	ごうろ	1285		501	-19.4167
ゴールカ	ゴール下	1285	1298	17	-13.5155
ゴウホウテキ	合法的	1288		456	-12.6475
ゴシキ	ごしき	1285		501	-19.0802
ゴ	小	1288		501	
ゴジュッ	五十	1295		3	-17.4645
ゴウベンジギョウ	合弁事業	1292		378	-12.5982
ゴビョウ	5秒	1288		317	-11.6046
ゴゴイチジ	午後1時	1288		380	-12.6556
ゴジョウシ	五條市	1293		82	-13.3653
ゴザイマシ	ございまし	799	501	17	-10.9936
ゴダイゴテンノウ	後醍醐天皇	1289		498	-10.2605
ゴツイ	ゴツい	19		501	-12.9885
ゴウドウホウ	合同法	1288		446	-14.7677
ゴウカン	合巻	1285		312	-18.6282
ゴ	呉	1290		346	-9.3780
ゴウドグチ	強戸口	1293		501	-17.7008
ゴウノ	郷野	1290		501	-17.7354
ゴ	御	1285		32	-18.5412
ゴトウヒロキ	後藤ヒロキ	1289		122	-21.8160
ゴンドウ	権藤	1290		344	-12.1111
ゴカクケイ	⬟	1288		501	-19.5000
ゴハット	御法度	1285		370	-14.6447
ゴシン	悟真	1288		501	-18.5231
ゴハンタベテ	ご飯食べて	1285	307	17	-11.0594
ゴコチ	ごこち	1285		501	-19.6398
ゴジ	語字	1285		501	-18.6282
ゴラン	御覧	1285		297	-14.6957
ゴンチ	ごんち	1288		501	-18.9931
ゴセ	生	1288		501	
ゴウタロウ	郷太郎	1291		501	-18.1724
ゴハン	悟飯	1288		26	-12.2747
ゴエドウ	御影堂	1293		435	-12.8341
ゴネン	ごねん	620		501	-13.3522
ゴン	擒	1288		501	
ゴウセイ	強請	1283		490	-18.0694
ゴエン	5円	1288		163	-12.9203
ゴウジャ	恒沙	1285		501	-18.6282
ゴモ	篭も	776		411	-19.0596
ゴマカス	胡魔化す	731		501	-17.3208
ゴウギセイ	合議制	1288		13	-13.1540
ゴケイ	語形	1285		327	-13.2866
ゴゴクジ	午後9時	1288		380	-12.8253
ゴウセイコウリョウ	合成香料	1288		142	-14.9473
ゴゴ	五々	1285		501	-18.3871
ゴドル	5ドル	1288		163	-12.8621
ゴシュウ	5周	1288		63	-14.0592
ゴガツイツカ	5月5日	1288		195	-11.3003
ゴトウ	後藤	1290		344	-9.8276
ゴロニ	頃に	1305	151	17	-10.1390
ゴハンノウデ	誤反応で	1285	149	17	-11.3903
ゴゼンチュウ	午前中	1288		380	-10.3786
ゴカ	五霞	1293		120	-15.8656
ゴツイ	ごつい	19		127	-13.4345
ゴミクズ	ごみ屑	1285		501	-19.2344
ゴリオシ	ゴリ押し	1285		133	-12.8162
ゴクジョウ	極上	1285		244	-12.6175
ゴウレイ	号令	1283		411	-12.6955
ゴザイ	御座い	429		420	-6.4727
ゴウキョウ	剛強	1287		501	-17.4416
ゴンドワナ		1285		381	-15.3508
ゴオン	五音	1285		342	-18.0528
ゴリンゴ	五輪後	1288		7	-14.6421
ゴソッ	ごそっ	1281		501	-17.6734
ゴウタイカセン	剛体架線	1288		289	-14.6950
ゴダン	誤断	1283		501	-17.2003
ゴキョウ	護教	1285		291	-18.6282
ゴホウ	護法	1285		346	-14.7090
ゴサンカ	ご参加	560	1283	17	-8.7265
ゴンザ	権左	1290		497	-13.3032
ゴシチョウ	ご視聴	560	1283	17	-11.3491
ゴユ	御油	1293		231	-16.3145
ゴチャゴチャ	ごちゃごちゃ	1281		147	-10.9129
ゴハンツブ	ご飯粒	1285		501	-18.9467
ゴカメヤマ	後龜山	1289		501	-17.9060
ゴミモンダイ	ごみ問題	1288		152	-14.8934
ゴジュウニワ	52話	1288		424	-13.5477
ゴソク	5速	1285		501	-12.7079
ゴクシュウ	獄囚	1285		501	-18.6282
ゴンゾウ	権蔵	1285		76	-16.2571
ゴクツブシ	ごくつぶし	1285		501	-18.9467
ゴネッ	ゴネっ	786		501	-14.4010
ゴカイサ	誤解さ	1283	605	17	-11.1701
ゴダイナツコ	伍代夏子	1289		122	-15.0030
ゴクン	ごくん	1281		501	-15.3683
ゴロウタ	五郎太	1291		219	-13.4245
ゴカクケイ	⭓	1288		501	-20.5000
ゴクヒ	極秘	1287		490	-12.1291
ゴコマツ	後小松	1289		501	-17.9060
ゴジシン	ご自身	560	1285	17	-10.4404
ゴトー	GOTO	1292		177	-11.8809
ゴロ	ごろ	1305		143	-7.5527
ゴートゥーパンティー	GTP	1289		9	-12.7818
ゴクロウサマ	ご苦労様	1287		501	-11.6680
ゴールデンウイーク		1285		482	-14.0202
ゴットフリート・ライプニッツ		1289		291	-13.5391
ゴジュウキロメートル	50km	1288		259	-12.4200
ゴンザレス		1289		62	-12.8204
ゴッタガエソ	ごった返そ	732		228	-12.3917
ゴエンユウテンノウ	後円融天皇	1289		399	-13.9170
ゴウチャク	合着	1285		333	-16.6393
ゴジュウパーセント	50%	1288		248	-10.2285
ゴットフリート		1288		329	-14.6896
ゴ	晤	1288		501	
ゴウテキ	豪敵	1285		501	-18.7236
ゴシンタイ	御神体	1288		32	-13.2599
ゴン	厳	1288		501	
ゴリュウ	仵龍	1289		501	-17.9060
ゴ	茣	1288		501	
ゴル	gol	1285		501	-17.9351
ゴウハラ	郷原	1290		285	-17.7354
ゴショウ	小姓	1285		108	-15.4535
ゴンゲン	ごんげん	1285		501	-18.9467
ゴマメ	ごまめ	1285		501	-16.1994
ゴッツンコ	ごっつんこ	1281		501	-16.4947
ゴ	語	1300		340	-10.3751
ゴウドウ	合同	1283		131	-10.2557
ゴミヤマ	塵山	1285		501	-18.7236
ゴツケリャ	ゴツけりゃ	15		501	-12.4645
ゴクシャ	獄舎	1285		193	-15.7041
ゴジンカ	御神火	1285		501	-18.6282
ゴ	冱	1288		501	
ゴーン		1289		92	-12.0573
ゴオリ	郡	1303		82	-12.9440
ゴウ	哈	1288		501	
ゴモラ	篭もら	780		411	-19.0625
ゴジ	護持	1283		365	-12.9517
ゴヤク	誤訳	1283		59	-13.0093
ゴス	ごす	1285		150	-14.9094
ゴールドジム		1292		2	-13.6277
ゴウ	鼇	1288		501	
ゴジセイテキ	ご時世的	1285	1299	17	-13.2376
ゴトウケンジ	後藤健二	1289		122	-17.5640
ゴウセイ	合井	1293		501	-17.7008
ゴクラクオウジョウ	極楽往生	1285		365	-15.0427
ゴロス	殺す	731		438	-11.0081
ゴノヘ	五戸	1293		371	-14.6723
ゴスザク	後朱雀	1289		501	-17.9060
ゴロン	語論	1285		501	-18.6282
ゴウキョウ	剛彊	1287		501	-17.4416
ゴシンボク	御神木	1288		404	-14.4028
ゴナラ	後奈良	1289		501	-17.9060
ゴウ	刧	1288		501	
ゴクリ	獄裡	1285		501	-18.6282
ゴミステ	塵捨て	1285		501	-18.6282
ゴールド	gold	1289		461	-13.6123
ゴン	黔	1288		501	
ゴサ	誤差	1285		339	-11.5159
ゴクアク	極亜久	1288		501	-18.5231
ゴンベ	ごんべ	1291		501	-17.8847
ゴ	5	1295		361	-17.4645
ゴテゴテ	ごてごて	1281		501	-16.5420
ゴウテキ	ごうてき	1287		501	-17.6422
ゴディバ		1288		448	-15.1767
ゴッタガエシ	ごった返し	1285		290	-19.0802
ゴサンカイタダキ	ご参加いただき	560	981	17	-10.4319
ゴールドスミス		1289		255	-13.6960
ゴン	頷	1288		501	
ゴウカクシャスウ	合格者数	1285		253	-13.4331
ゴリョウショウ	ご了承	560	1283	17	-10.7741
ゴミノヒ	ゴミの日	1288		501	-13.7028
ゴゾンジ	ご存知	1285		420	-10.9660
ゴテン	碁点	1293		501	-15.7549
ゴロウジ	五郎治	1291		501	-17.3251
ゴウ	合	1285		395	-10.7725
ゴオウボイタダキ	ご応募いただき	560	689	17	-10.7610
ゴットン	ごっとん	1281		501	-16.9196
ゴウト	郷都	1285		501	-18.6282
ゴト	毎	1298		283	-9.2315
ゴヨウ	呉用	1288		74	-14.8071
ゴツケレ	ごつけれ	13		127	-12.9105
ゴホウ	午砲	1285		501	-17.1760
ゴウキョウ	号叫	1283		501	-18.0694
ゴロリ	ごろり	1281		501	-14.8446
ゴドク	誤読	1283		327	-12.7743
ゴマカセ	ごまかせ	622		501	-13.9102
ゴウドウチョウシャ	合同庁舎	1285		18	-14.0355
ゴツウ	ごつう	31		127	-12.9198
ゴガツジュウキュウニチ	5月19日	1288		195	-11.6166
ゴ	兒	1288		501	
ゴジュウキュウカイ	59回	1288		134	-13.4581
ゴネンレンゾク	5年連続	1288		7	-12.6748
ゴウカ	合科	1285		501	-18.6282
ゴカ	呉下	1285		501	-17.4708
ゴガツニジュウイチニチ	5月21日	1288		195	-11.4554
ゴジュッポン	50本	1288		318	-13.1539
ゴバライ	後払	1285		501	-18.6282
ゴウトウジケン	強盗事件	1288		490	-13.9601
ゴチャッ	ごちゃっ	1281		501	-17.6734
ゴザ	ござ	1288		150	-12.4898
ゴダイメ	5代目	1288		73	-11.6920
ゴウキ	剛毅	1287		495	-14.1634
ゴウン	五雲	1293		501	-17.1900
ゴセイ	5世	1288		273	-10.8857
ゴミシュウシュウ	ごみ収集	1288		486	-14.8888
ゴウサラシ	業晒し	1285		501	-17.9816
ゴクアクヒドウ	極悪非道	1288		462	-14.7237
ゴガミ	後上	1290		122	-15.0550
ゴンネギ	権祢宜	1285		501	-18.6282
ゴズ	牛頭	1290		392	-14.3737
ゴケイヘンカ	語形変化	1288		327	-13.7362
ゴウウ	ごうう	1285		293	-15.1191
ゴウ	缸	1288		501	
ゴン		1289		51	-11.7655
ゴクナイ	獄内	1285		501	-18.6282
ゴケントウ	御検討	560	1283	17	-11.2410
ゴキンジョ	ご近所	560	1285	17	-11.3955
ゴノヘ	五戸	1290		371	-16.8600
ゴトン	ごとん	1281		501	-15.0397
ゴウドウグンジエンシュウ	合同軍事演習	1288		209	-14.9642
ゴヒャッカイ	500回	1288		143	-13.2019
ゴジュウ	ごじゅう	1285		331	-14.6652
ゴブツ	後仏	1285		501	-18.6282
ゴルフ	golf	1285		501	-17.8906
ゴンアジ	ごん鯵	1285		501	-19.2344
ゴウヨク	業欲	1285		501	-18.6282
ゴルフチュウケイ	ゴルフ中継	1288		305	-14.3713
ゴンデン	権殿	1285		501	-18.6282
ゴニ		1289		501	-16.7429
ゴロウマル	五郎丸	1290		122	-20.1440
ゴーストバスターズ		1288		496	-13.7121
ゴト	琴	1285		251	-18.6282
ゴッチャ	ごっちゃ	1287		293	-11.9667
ゴジュウネンマエ	50年前	1288		130	-13.5859
ゴショウ	呉淞	1293		501	-17.7008
ゴキソ	御器所	1293		371	-17.7008
ゴゼンジアイ	御前試合	1288		74	-14.5022
ゴチョウ	誤聴	1285		501	-18.6282
ゴネレ	ゴネれ	768		501	-14.3753
ゴウイチロウ	剛一郎	1291		122	-18.1810
ゴク	嶽	1288		501	
ゴガミショウタ	後上翔太	1289		122	-15.0550
ゴニュウ	悟入	1283		501	-17.0234
ゴホリカワテンノウ	後堀河天皇	1289		369	-13.4705
ゴッドファーザー		1288		179	-13.2769
ゴニ	後に	1305	151	17	-8.5705
ゴコク	護國	1285		501	-18.6282
ゴヱ	ごゑ	1285		501	-19.6398
ゴジレ	誤字れ	768		501	-12.5446
ゴクウ	御供	1285		108	-14.8273
ゴン	権	1285		455	-15.7938
ゴウゾク	豪族	1285		464	-11.5159
ゴウエン	強縁	1285		501	-18.6282
ゴウシャ	巧者	1287		211	-16.8325
ゴヒャクヨンジュウエン	540円	1288		163	-12.7390
ゴウ	盖	1288		501	
ゴミステバ	ゴミ捨て場	1288		220	-13.4429
ゴウシヨ	号しよ	585		238	-10.0441
ゴト	事	1298		282	-9.2950
ゴクゴク	極々	1281		501	-13.0029
ゴトウテルモト	後藤輝基	1289		122	-16.4690
ゴフ		1289		470	-16.7429
ゴリョウヘンセイ	5両編成	1288		426	-12.4586
ゴセイ	語勢	1285		501	-17.5480
ゴハンムシ	御飯蒸し	1285		501	-18.6282
ゴマカセル	ごまかせる	619		501	-13.9151
ゴメン		1287		420	-12.0067
ゴヒャクワット	500w	1288		501	-13.5153
ゴモン	篭もん	782		411	-19.0574
ゴネヨ	ごねよ	621		501	-13.3551
ゴジラ		1288		26	-10.7089
ゴ	忤	1288		501	
ゴンジイ	権爺	1289		501	-17.9060
ゴケ	苔	1285		116	-18.6282
ゴウドウカイギ	合同会議	1288		436	-14.2177
ゴーストハント		1288		501	-14.9466
ゴロ	擧	1288		501	
ゴタツク	ゴタつく	695		501	-13.5784
ゴヒャクボルト	500V	1288		501	-13.4467
ゴサンジョウ	後三條	1289		501	-17.9060
ゴチョウ	後町	1290		489	-17.7354
ゴトウユウキ	後藤祐樹	1289		122	-13.1730
ゴトウソウゴウシャリョウショ	後藤総合車両所	1288		280	-14.4090
ゴヒャクハチジュウエン	580円	1288		163	-13.7252
ゴクロウサマ	ご苦労さま	3		501	-12.7295
ゴキジョウ	五鬼上	1290		501	-17.5531
ゴジュウイチパーセント	51%	1288		248	-12.3753
ゴツゴツ		1283		29	-13.4687
ゴクセツ	極説	1285		501	-18.6282
ゴシラカワホウオウ	後白河法皇	1289		498	-11.5650
ゴロニャン	ごろにゃん	1281		501	-16.0996
ゴ	豆汁	1285		501	-16.5065
ゴウ	壕	1285		320	-12.9060
ゴウナカ	郷中	1293		275	-15.3982
ゴ	塵	1288		501	
ゴウケイトクシュシュッショウリツ	合計特殊出生率	1288		248	-13.6868
ゴカヤマ	五箇山	1293		404	-17.1900
ゴースト	Ghost	1289		367	-12.8717
ゴモリャ	篭りゃ	770		8	-19.0573
ゴウスケ	豪介	1291		501	-16.3265
ゴミヤシキ	塵屋敷	1285		501	-18.7236
ゴウミン	剛民	1291		501	-18.1724
ゴリアテ		1289		222	-13.3359
ゴンダ	権太	1290		74	-13.0953
ゴジリ	誤字り	788		501	-12.5486
ゴ	后	1288		501	
ゴハナゾノテンノウ	後花園天皇	1289		369	-13.0603
ゴサ	期さ	586		43	-16.4621
ゴシヨ	ごしよ	585		501	-11.5461
ゴリョウ	御陵	1285		404	-13.7851
ゴケントウオネガイ	ご検討お願い	560	1283	17	-11.4016
ゴ	御	560		32	-8.0211
ゴハンショクベニ	ご飯食べに	1285		17	-13.1472
ゴッツク	ゴッツく	35		501	-16.3259
ゴンドウ	ごんどう	1285		501	-18.9467
ゴールセッテイ	ゴール設定	1285	1283	17	-13.3544
ゴヒャクミリリットル	500ml	1288		501	-12.5899
ゴカ	五霞	1290		120	-15.0850
ゴウツク	ごうつく	1285		501	-18.9467
ゴショウ	互渉	1285		501	-18.6282
ゴザル	御座る	1091		501	-15.7609
ゴウイツ	合一	1283		365	-12.7470
ゴボウ		1285		75	-13.0247
ゴムラカミテンノウ	後村上天皇	1289		369	-12.1192
ゴシ	ごし	587		437	-11.1839
ゴイ	恋	1288		501	
ゴウリャク	劫掠	1283		338	-16.1017
ゴウテイ	豪邸	1285		290	-12.9608
ゴー		1290		203	-11.0623
ゴウ	洽	1288		501	
ゴウブン	郷分	1293		501	-16.3145
ゴウユウ	豪友	1288		501	-18.5231
ゴマ	独楽	1285		60	-19.0355
ゴセイセンタイダイレンジャー	五星戦隊ダイレンジャー	1288		484	-14.7938
ゴライテン	ご来店	560	1283	17	-11.2053
ゴウ	頏	1288		501	
ゴー		1285		203	-16.8185
ゴウ	号	1283		332	-12.1775
ゴウゴウセンタイボウケンジャー	轟轟戦隊ボウケンジャー	1288		177	-14.7032
ゴート	ごーと	1293		501	-18.3940
ゴトウクミコ	後藤久美子	1289		122	-14.1790
ゴウキュウ	号給	1285		501	-18.6282
ゴクラクユ	極楽湯	1292		501	-13.6292
ゴマカシ	ごまかし	735		427	-10.7154
ゴング	欣求	1283		501	-17.1623
ゴギョウ		1285		501	-15.0252
ゴウダ	後宇多	1289		501	-17.9060
ゴミムシ	ごみ虫	1285		501	-19.2344
ゴサンコウマデニ	ご参考までに。	1288		501	-14.5180
ゴンベン	言偏	1285		501	-16.9554
ゴワッ	ごわっ	1281		501	-17.6734
ゴウテン	号店	1298		17	-13.3748
ゴウモン	拷問	1283		490	-11.1200
ゴクシ	獄死	1283		133	-13.2719
ゴトウショウジロウ	後藤象二郎	1288		106	-13.5783
ゴロサ	殺さ	733		438	-17.6736
ゴハ	五覇	1285		501	-18.4612
ゴミブクロ	ごみ袋	1285		501	-19.0802
ゴテドク	ごて得	1285		501	-18.9467
ゴセチ	五節	1285		297	-16.7384
ゴジュウロッカイ	56回	1288		134	-13.2250
ゴラ	ごら	1289		150	-13.5748
ゴシャ	期しゃ	582		43	-16.3760
ゴンザェモン	権左ェ門	1291		501	-18.1724
ゴウマン	剛慢	1287		501	-17.4416
ゴルバ		1288		190	-14.8868
ゴ	固	1288		501	
ゴトウシゲユキ	後藤茂之	1289		122	-14.6720
ゴヨウゼイ	後陽成	1289		501	-17.9060
ゴシャッ	ごしゃっ	1281		501	-17.6734
ゴジュウゴパーセント	55%	1288		248	-12.3346
ゴス		1285		412	-14.2253
ゴブン	誤文	1285		501	-18.6282
ゴランイタダキ	ご覧いただき	1285		17	-12.0181
ゴウ	豪	1294		491	-10.4501
ゴヒャクドル	500ドル	1288		163	-13.4977
ゴウリョク	合力	1283		395	-13.8377
ゴウワン	豪腕	1285		501	-18.6282
ゴウイン	強引	1287		169	-9.9679
ゴサ	誤差	1291		339	-14.9588
ゴウシャ	号車	1285		426	-11.7227
ゴジュウドル	50ドル	1288		163	-13.8823
ゴセイセン	碁聖戦	1288		50	-14.7332
ゴキブリホイホイ		1288		501	-14.6436
ゴカイ	五階	1288		435	-14.7070
ゴト		1285		152	-17.9816
ゴロウ	呉郎	1291		501	-18.1724
ゴヒャクキログラム	500kg	1288		194	-13.7183
ゴジラ	誤字ら	780		501	-12.5497
ゴジュウセンチ	50センチ	1288		194	-13.6466
ゴードン		1290		255	-11.2818
ゴ		560		462	-17.2196
ゴテンバシ	御殿場市	1293		82	-13.0261
ゴネロ	ゴネろ	778		501	-14.3756
ゴウナイ	郷内	1290		404	-13.2011
ゴシャ	誤射	1285		501	-18.6282
ゴセイ	互生	1283		333	-13.1733
ゴシ		1285		501	-18.3871
ゴツカレ	ゴツかれ	29		501	-12.4645
ゴウ	業	1285		55	-12.2435
ゴン	崟	1288		501	
ゴクハク	極白	1285		501	-18.6282
ゴウダイジマ	合代島	1293		501	-17.7008
ゴビュウ	誤謬	1285		287	-13.4544
ゴカ	牛貨	1293		501	-17.7008
ゴクロウサン	ご苦労さん	3		501	-13.3145
ゴンドラリフト		1288		469	-14.9606
ゴシ	腰	1285		60	-19.2344
ゴロウ	五郎	1291		497	-10.6035
ゴッツケリャ	ゴッツけりゃ	15		501	-16.2427
ゴソリ	ごそり	1281		501	-17.6734
ゴツカラ	ごつから	27		127	-12.9113
ゴウキ	豪規	1291		122	-21.2010
ゴツカッ	ごつかっ	33		127	-12.9306
ゴー		1289		203	-16.7429
ゴウドウ	≡	1288		501	-19.2500
ゴエダシ	声出し	1298		17	-12.7209
ゴドウ	後動	1290		501	-17.7354
ゴセンガタ	5000形	1288		426	-12.9736
ゴロウ	五郎	1285		497	-18.8289
ゴイン	誤飲	1288		257	-13.5524
ゴンダワラ	権田原	1293		501	-17.7008
ゴウリキ	ごうりき	1285		501	-19.2344
ゴマアエ	胡麻和え	1285		501	-14.9050
ゴ	蚕	1288		501	
ゴタエ	ごたえ	1298		93	-12.0709
ゴディバ	GODIVA	1288		501	-13.8442
ゴゾク	語族	1285		340	-13.1590
ゴゾウロップ	五臓六腑	1285		457	-15.1490
ゴシンヘイ	御親兵	1288		123	-14.3147
ゴ・ディン・ジエム		1289		68	-14.1218
ゴシキ	五色	1285		4	-13.6927
ゴコロ	心	1283		252	-18.6884
ゴルフトーナメント		1288		362	-13.6018
ゴショク	午食	1285		501	-18.6282
ゴウ	匣	1288		501	
ゴリエ		1289		501	-15.1691
ゴン	垠	1288		501	
ゴダブリュウイチエイチ	5W1H	1288		501	-13.9695
ゴリラ		1285		499	-11.5876
ゴイミナミカイガン	五井南海岸	1293		501	-16.7200
ゴハンガワ	ご飯側	1285		501	-18.9467
ゴープロ	GoPro	1288		115	-13.8470
ゴドウサ	誤動作	1283		174	-13.7480
ゴマント	ゴマンと	1281		501	-16.6173
ゴコク	呉国	1288		58	-14.7801
ゴハ	後は	1305	261	17	-9.5320
ゴシンヨウ	護身用	1285	1298	17	-13.3697
ゴシュジンサマ	ご主人様	1288		501	-12.0497
ゴチ	竭	1288		501	
ゴウ	号	1298		332	-7.1701
ゴウシャ	郷社	1285		404	-13.8235
ゴールデンドーン	GD	1288		9	-13.3187
ゴホウ	誤報	1285		216	-18.6282
ゴショ	呉書	1288		246	-14.1957
ゴジュウエン	50円	1288		163	-12.1321
ゴザソウロウ	御座候	1292		297	-13.0474
ゴマシオ	ごま塩	1285		501	-15.3674
ゴショウ	五障	1285		501	-17.2239
ゴネン	五念	1285		501	-18.4612
ゴテ	鏝	1285		256	-18.9467
ゴウサラシ	業晒	1285		501	-18.6282
ゴウマツ	毫末	1285		501	-17.8906
ゴメイフク	ご冥福	1288		501	-12.7907
ゴドウ	誤導	1283		501	-18.0694
ゴンズイ	ごんずい	1285		501	-18.9467
ゴールド		1285		203	-10.9854
ゴハンヤ	ご飯屋	1285	1298	17	-12.4840
ゴマツ	語末	1285		327	-13.7333
ゴヘンイセイ	互変異性	1288		83	-14.1352
ゴウシャ	号しゃ	582		238	-10.0426
ゴウスル	ごうする	583		501	-11.7307
ゴールデンボールスライブ	GBL	1288		83	-14.9028
ゴング		1285		211	-13.3028
ゴショ	呉書	1285		246	-18.6282
ゴーヤーチャンプルー		1288		501	-14.8010
ゴ	葫	1288		501	
ゴウカショウヒン	豪華賞品	1285		501	-14.7454
ゴラクシセツ	娯楽施設	1288		480	-13.0270
ゴキッ	ごきっ	1281		501	-17.6734
ゴニン	5人	1288		387	-9.5761
ゴヨウ	御用	1285		108	-12.3220
ゴルフ		1285		362	-10.6895
ゴケントウイタダケ	ご検討いただけ	560	625	17	-10.7150
ゴサイ	後妻	1285		97	-12.9944
ゴア		1290		272	-11.2848
ゴールイン		1283		63	-13.9148
ゴウホウ	業報	1285		501	-17.2696
ゴリン	ごりん	1285		501	-18.9467
ゴジュウバイ	50倍	1288		23	-13.7797
ゴールコンダオウコク	ゴールコンダ王国	1288		359	-14.3800
ゴッツカッ	ゴッツかっ	33		501	-16.2628
ゴトゴトゴト	ごとごとごと	1281		501	-17.6734
ゴダイゴ	後醍醐	1289		498	-17.9060
ゴク	国	1298		240	-12.9677
ゴウコ	郷戸	1285		501	-18.6282
ゴイ	語意	1285		327	-15.1126
ゴジシンノ	ご自身の	560	368	17	-10.9488
ゴロモ	衣	1285		4	-18.4612
ゴン	噤	1288		501	
ゴミシュウシュウシャ	ごみ収集車	1288		227	-14.9807
ゴキ		1285		501	-17.9351
ゴウサラシ	業さらし	1285		501	-18.6282
ゴジュウニニン	52人	1288		387	-13.9951
ゴルビー		1289		501	-14.8596
ゴーマニズムセンゲン	ゴーマニズム宣言	1288		393	-14.2000
ゴールデン・ハーベスト		1292		179	-13.0617
ゴクモン	獄門	1285		193	-14.3923
ゴジラファイナルウォーズ	ゴジラ FINAL WARS	1288		401	-14.8673
ゴスレ	ごすれ	581		501	-11.5446
ゴゴレイジ	午後0時	1288		380	-13.9889
ゴテ	ごて	1285		437	-15.2503
ゴウホウ	合法	1285		456	-11.9806
ゴジ		1285		420	-17.7758
ゴセン	後撰	1285		501	-18.6282
ゴロ	来	1288		501	
ゴキ		1288		501	-14.3871
ゴン	溷	1288		501	
ゴン	愿	1288		501	
ゴセ	御所	1293		108	-14.7304
ゴニョゴニョ	ごにょごにょ	1281		501	-14.8550
ゴシュインチョウ	御朱印帳	1285	1298	17	-13.3852
ゴ	御	1298		32	-18.1108
ゴウガ	聱牙	1285		501	-18.6282
ゴウヒトリグラシヨウ	合ひとり暮らし用	1300	1298	17	-13.0284
ゴツク	ゴツく	35		501	-12.5477
ゴクカラ	極辛	1285		501	-18.6282
ゴボウセイ	五芒星	1288		242	-13.9386
ゴチャンネル	5ch	1288		501	-13.6160
ゴウヒロミ	郷ひろみ	1289		67	-12.3320
ゴウシヨ	ごうしよ	585		501	-11.7289
ゴクサン	獄さん	1285	1302	17	-13.4677
ゴ	籠	1288		501	
ゴハンノ	ご飯の	1285	368	17	-10.8456
ゴハンムシ	御飯蒸	1285		501	-18.6282
ゴールデンヨウガゲキジョウ	ゴールデン洋画劇場	1288		476	-14.8367
ゴニジョウ	後二条	1289		501	-17.9060
ゴマ	﹅	1288		501	-20.0000
ゴフク	五福	1293		3	-15.2215
ゴン	ごん	1288		501	-18.5231
ゴン	欣	1288		501	
ゴフカクサ	後深草	1289		501	-17.9060
ゴウリカ	合理化	1285	1297	17	-13.5342
ゴジレ	誤字れ	784		501	-12.5445
ゴゴジュウジ	午後10時	1288		380	-12.8048
ゴン	権	1291		455	-15.7938
ゴシン	護身	1285		295	-13.5373
ゴイ	5位	1288		318	-10.1619
ゴウショ	劫初	1285		501	-17.7303
ゴルゴンゾーラ		1285		6	-15.1984
ゴセイ	語性	1285		501	-18.6282
ゴゼンロクジ	午前6時	1288		380	-12.3052
ゴカメヤマ	後亀山	1289		501	-17.9060
ゴルギアス		1289		189	-14.1636
ゴウヒ	合肥	1293		8	-17.7008
ゴエモン		1288		51	-14.6400
ゴオウボヲ	ご応募を	560	156	17	-11.3149
ゴトー	goto	1292		45	-11.7490
ゴウ	巧	1288		501	
ゴア		1287		272	-16.7949
ゴツチミカドテンノウ	後土御門天皇	1289		263	-13.4242
ゴウ	ごう	1281		501	-17.6734
ゴゼンクジ	午前9時	1288		380	-12.2466
ゴトシ	ごと師	1285		501	-19.2344
ゴシ	五指	1285		29	-15.7583
ゴウキチ	剛吉	1291		501	-18.1724
ゴハサン	ご破算	1285		282	-15.3928
ゴウショウ	合焦	1283		501	-18.0694
ゴノ	語の	1298	368	17	-11.1180
ゴルファー		1285		334	-13.7013
ゴロウ	午良	1291		501	-17.0738
ゴナラテンノウ	後奈良天皇	1289		263	-13.3636
ゴゴノ	午後野	1290		501	-17.4280
ゴゼン	ごぜん	1314		501	-17.4266
ゴジュウゴネンタイセイ	55年体制	1288		430	-13.5024
ゴガツヨウカ	5月8日	1288		195	-11.3023
ゴゼ	御前	1291		32	-20.1433
ゴガッ	語学	1285		85	-16.1132
ゴジュウキュウサイ	59歳	1288		46	-13.1068
ゴッ		1285		501	-17.9816
ゴハンニ	ご飯に	1285	151	17	-10.8575
ゴンノスケ	権之助	1291		501	-18.1724
ゴジュウ	梧十	1291		501	-18.1724
ゴセイバイシキモク	御成敗式目	1288		275	-14.1451
ゴルフツアー		1288		7	-14.3113
ゴンゴ	言語	1285		340	-18.6282
ゴキブリ	ごきぶり	1285		501	-16.2987
ゴトウツグトシ	後藤次利	1289		223	-13.8339
ゴッタニ	ごった煮	1285		54	-14.4794
ゴム	ごむ	1285		501	-18.5412
ゴワゴワ	ごわごわ	1281		29	-17.6734
ゴブゴブ	五分五分	1285		63	-14.3398
ゴウスウ	号数	1285		501	-18.6282
ゴセッケ	五摂家	1285		464	-14.3200
ゴンロク	權六	1291		501	-18.1724
ゴキログラム	5kg	1288		194	-12.7897
ゴコン	語根	1285		327	-13.6347
ゴシップ		1285		201	-13.1096
ゴッツキャ	ゴッツきゃ	17		501	-16.2427
ゴウシャ	ごうしゃ	582		501	-11.7274
ゴハンヅクリ	ご飯作り	1285	1298	17	-12.6766
ゴンニャク	ごんにゃく	1285		501	-19.4167
ゴリョウショウクダサイ	ご了承ください	560	1239	17	-11.2094
ゴジュウキュウパーセント	59%	1288		248	-12.8144
ゴウショウ	強将	1285		501	-18.6282
ゴウリカ	合理化	1288		79	-11.5710
ゴリュウ	五柳	1289		501	-17.7237
ゴウトクシュウ	号特集	1298	1283	17	-12.9924
ゴザイマセン	ございません	428	515	17	-9.6605
ゴウ	河	1288		501	
ゴフカクサイン	後深草院	1288		369	-14.7801
ゴワ	強	1288		501	
ゴウメイ	郷名	1285		501	-18.6282
ゴカッ	五角	1290		304	-16.9263
ゴミ	ごみ	1285		102	-11.7879
ゴワ	ごわ	1281		501	-13.4948
ゴショ	御所	1285		108	-11.7875
ゴウリュウスル	合流する	1283	599	17	-11.3886
ゴチャゴチャ	ごちゃごちゃ	1287		147	-18.0477
ゴハンモノ	ご飯もの	1285		501	-18.9467
ゴウ	GO	1288		40	-12.4294
ゴイシ	碁石	1293		4	-17.0077
ゴウダ	豪打	1285		501	-18.6282
ゴワイ	強い	19		43	-16.7679
ゴヒャク	五百	1295		128	-17.4645
ゴンジュウロウ	権十郎	1291		184	-14.3657
ゴゼンニジ	午前2時	1288		380	-12.5068
ゴアンダ	5安打	1288		377	-13.7317
ゴウシャ	剛者	1285		501	-18.6282
ゴジュウイチネン	51年	1288		386	-13.7050
ゴウトク	高徳	1291		122	-19.0790
ゴカク	碁客	1285		501	-17.8906
ゴッタガエス	ごった返す	731		228	-12.3943
ゴールチテン	ゴール地点	1285		17	-13.2289
ゴン	芫	1288		501	
ゴウジュウリュウ	剛柔流	1288		251	-14.2948
ゴゼンシチジ	午前7時	1288		380	-12.5124
ゴウヒメ	豪姫	1289		399	-14.6176
ゴレンシ	御連枝	1292		108	-13.3893
ゴロク	五、六	1295		501	-17.4645
ゴザイ	ござい	424		17	-4.3246
ゴクボウ	獄房	1285		501	-18.6282
ゴジュウニカイ	52回	1288		134	-13.2614
ゴンベイ	ごんべい	1291		501	-17.8847
ゴン	勤	1288		501	
ゴウゴウ	轟々	1285		501	-15.3085
ゴドウ	護堂	1290		501	-15.5033
ゴマダレ	ごまだれ	1288		501	-14.6106
ゴウダツ	強奪	1283		490	-11.9395
ゴコジュウロッコクジダイ	五胡十六国時代	1288		135	-13.5469
ゴウゼン	傲然	1285		501	-16.1867
ゴクリ	獄吏	1285		440	-16.0508
ゴスレ	期すれ	581		43	-16.3760
ゴカヤマ	五ヶ谷間	1293		501	-17.1900
ゴダイ	伍代	1290		501	-14.4851
ゴダイメバンドウ	五代目坂東玉三郎	1289		122	-18.5990
ゴーゴリ		1289		204	-13.1073
ゴンノソチ	権帥	1285		501	-18.6282
ゴニャゴニャ	ごにゃごにゃ	1281		501	-16.3924
ゴショガケ	後生掛	1293		501	-17.7008
ゴウニ	号に	1298	151	17	-11.1600
ゴウケン	剛健	1285		66	-15.1251
ゴンシュ	厳修	1289		238	-16.9478
ゴナンチョウ	後南朝	1288		498	-14.3221
ゴニジョウテンノウ	後二条天皇	1289		369	-13.6025
ゴキョウハカセ	五経博士	1288		403	-14.6853
ゴチソウサマ	ご馳走様	1283	1302	17	-12.5966
ゴ		1289		462	-17.9060
ゴヒャッ	五百	1295		128	-17.4645
ゴロ	ごろ	1314		143	-17.3465
ゴハンノウジャ	誤反応じゃ	1285	334	17	-10.8132
ゴタ		1293		501	-16.2657
ゴイ	語い	1285		501	-18.6282
ゴチョウメ	五丁目	1293		18	-10.9539
ゴッコアソビ	ごっこ遊び	1285		152	-19.2344
ゴウキンコウ	合金鋼	1288		405	-14.6629
ゴロタミチ	ごろた道	1285		501	-19.2344
ゴオウ	呉王	1291		246	-12.9087
ゴウトウサツジン	強盗殺人	1285		17	-13.4677
ゴルゴ		1288		415	-13.6238
ゴミブクロ	ゴミ袋	1285		60	-18.0817
ゴコクジンジャ	護国神社	1288		404	-13.6494
ゴトバイン	後鳥羽院	1288		10	-13.8550
ゴハンナベ	御飯鍋	1285		501	-18.6282
ゴジュウカラ	ごじゅうから	1285		501	-18.9467
ゴカクヒメ	五格姫	1289		501	-17.7237
ゴガツジュウサンニチ	5月13日	1288		195	-11.5868
ゴセイキ	5世紀	1288		94	-11.5273
ゴコン	五根	1285		501	-17.5922
ゴクショウ	極小	1285		339	-14.8281
ゴービャウ	支票	1285		501	-18.3181
ゴマカシ	ごまかし	1285		427	-13.6015
ゴミミタイ	ゴミみたい	1285	1311	17	-12.0124
ゴテゴテ		1283		501	-14.3698
ゴ	齬	1288		501	
ゴロシャ	殺しゃ	730		438	-17.6536
ゴンチチ		1288		223	-15.0699
ゴールド	gold	1285		461	-17.8906
ゴチ		1288		113	-13.8630
ゴモモゾノ	後桃園	1289		501	-17.9060
ゴゲン	五限	1314		228	-14.9009
ゴゼ	瞽女	1285		311	-14.4567
ゴミクズ	ゴミ屑	1285		501	-18.0817
ゴト	ごと	1285		283	-18.7236
ゴウサツ	強殺	1283		501	-18.0694
ゴロウマルアユム	五郎丸歩	1289		122	-20.1440
ゴコウゴン	後光嚴	1289		501	-17.9060
ゴシ	越し	1298		91	-9.8489
ゴスロリ		1288		51	-13.6116
ゴゼンジュウジ	午前10時	1288		380	-12.1583
ゴジ	5次	1288		134	-13.0569
ゴランズル	御覧ずる	592		501	-14.5328
ゴヨウキキ	御用聞き	1288		311	-14.7259
ゴマ		1285		75	-13.5075
ゴ	娯	1288		501	
ゴンザ	権左	1289		497	-17.9060
ゴオリ	郡	1290		82	-12.9440
ゴモッ	篭もっ	786		411	-19.0832
ゴジュウニサイ	52歳	1288		46	-13.0847
ゴンノカミ	権頭	1285		403	-18.6282
ゴット		1285		41	-15.9423
ゴ	ご	1295		78	-17.4645
ゴガツジュウゴニチ	5月15日	1288		195	-11.3063
ゴ	瑚	1288		501	
ゴツシ	ごつし	23		127	-12.9114
ゴウシュウ	濠洲	1294		501	-17.0867
ゴウリテキハイリョ	合理的配慮	1288		419	-14.4283
ゴウレンサイ	号連載	1298	1283	17	-13.1319
ゴジュ	呉寿	1293		501	-17.7008
ゴ	扈	1288		501	
ゴチョウ	伍長	1285		123	-13.2755
ゴジュウナナネン	57年	1288		360	-13.7111
ゴッツシ	ごっつし	23		501	-12.7050
ゴーシェ		1289		501	-15.3472
ゴショウ	ごしょう	1285		501	-18.9467
ゴタマゼ	ごたまぜ	1285		501	-17.6727
ゴイチ	吾一	1291		439	-13.9325
ゴウシ	合祀	1283		404	-12.2336
ゴウホウテキ	合法的	1285	1299	17	-12.5927
ゴッホン	ごっほん	1281		501	-17.6734
ゴザユウイチ	呉座勇一	1289		122	-19.3200
ゴマアブラ	胡麻油	1285		93	-13.7023
ゴタイマンゾク	五体満足	1285	1283	17	-13.2552
ゴホウコク	ご報告	560	1283	17	-10.6838
ゴッグ		1288		190	-14.3740
ゴウアン	強庵	1291		501	-18.1724
ゴロセ	殺せ	734		438	-17.6527
ゴキョウミ	ご興味	560	1285	17	-11.0444
ゴロッピャク	五六百	1295		501	-17.4645
ゴウタロウ	剛太郎	1291		76	-16.0682
ゴツキ	ゴツき	21		501	-12.4647
ゴガツジュウイチニチ	5月11日	1288		195	-11.4925
ゴ	胡	1288		501	
ゴンズイ	権瑞	1285		501	-18.6282
ゴミステ	ゴミ捨	1285		501	-14.7115
ゴチ	五智	1293		114	-15.0859
ゴールドシップ		1288		245	-14.1004
ゴウセイホウ	合成法	1283	1298	17	-13.4227
ゴミステ	ごみ捨て	1285		228	-14.7953
ゴヒャクガタ	500形	1288		426	-12.6349
ゴロウ	呉楼	1291		501	-18.1724
ゴセン	五線	1285		458	-14.9425
ゴ	午	1288		501	
ゴリュウ	五竜	1293		3	-13.9159
ゴジッ	五十	1295		3	-17.4645
ゴキゲンナカビシャ	ゴキゲン中飛車	1288		101	-14.9424
ゴエンガアリ	ご縁があり	560	788	17	-10.5126
ゴサンカクダサイ	ご参加ください	560	1239	17	-10.3507
ゴツゴツ	ごつごつ	1283		29	-14.2458
ゴト	ごと	1313		283	-9.5277
ゴ	期	1285		299	-11.7617
ゴッド	God	1288		367	-12.7135
ゴウカク	合格	1283		85	-9.1954
ゴキブリ		1285		499	-11.8685
ゴバンガイ	五番街	1288		2	-14.8462
ゴマアブラ	ごま油	1285		75	-11.7043
ゴメイフクヲオイノリシマス	ご冥福をお祈りします	1288		501	-12.7598
ゴシショ	伍子胥	1289		246	-13.0115
ゴハンヲ	ご飯を	1285	156	17	-10.1193
ゴミトリ	塵取り	1285		501	-18.7236
ゴリンノショ	五輪書	1288		10	-14.4176
ゴサンケ	御三家	1285		73	-12.5543
ゴガツニジュウシチニチ	5月27日	1288		195	-11.5015
ゴクゴク	ごくごく	1281		152	-11.5139
ゴジュウロクネン	56年	1288		360	-13.7543
ゴクビ	極微	1285		352	-18.9272
ゴフシミ	後伏見	1289		501	-17.9060
ゴリカイ	ご理解	560	1283	17	-11.3405
ゴガツトオカ	5月10日	1288		195	-11.3580
ゴロゴロ	ごろごろ	1305		17	-12.6449
ゴロセヨ	殺せよ	624		495	-18.4223
ゴトウヒロオキ	後藤洋央紀	1289		141	-13.7744
ゴジュウマイ	50枚	1288		163	-13.0805
ゴハンヲ	ごはんを	1285	156	17	-11.2632
ゴンアジ	ごんあじ	1285		501	-19.2344
ゴタゴタ	ごたごた	1282		161	-13.8378
ゴッツケリャ	ごっつけりゃ	15		501	-12.7041
ゴロモ	ごろも	1285		501	-19.4167
ゴールドコースト	ゴールド=コースト	1293		501	-16.6022
ゴウテキ	号笛	1285		501	-17.1760
ゴヤ		1288		204	-14.7712
ゴトバ	後鳥羽	1290		369	-13.5355
ゴク	槲	1288		501	
ゴゴン	五言	1285		342	-15.3270
ゴウリャク	劫略	1283		501	-18.0694
ゴケントウイタダケ	ご検討頂け	560	625	17	-10.7273
ゴー	Go	1289		367	-10.4172
ゴミダシ	ごみ出し	1283		501	-19.0249
ゴッコアソビ	ごっこ遊び	1288		152	-13.2003
ゴガツ	5月	1288		195	-8.3482
ゴマカソ	ごまかそ	732		438	-10.7283
ゴウ	鰲	1285		128	-18.6282
ゴシ	ごし	1298		437	-18.5163
ゴク	石	1288		501	
ゴザ	呉座	1290		501	-15.0490
ゴウカ	豪華	1287		66	-9.5858
ゴメ	込	1288		501	
ゴウカン	合歓	1283		223	-15.4107
ゴリ	垢離	1285		297	-19.0802
ゴウ	濠	1285		435	-14.9950
ゴコウ	呉江	1293		501	-17.7008
ゴーヤー		1288		398	-13.9420
ゴトウレットウ	五島列島	1288		410	-13.1650
ゴツ		11		501	-12.6266
ゴリラ	ごりら	1285		501	-14.9200
ゴツチミカド	後土御門	1289		501	-17.9060
ゴク	極	1281		339	-10.0453
ゴッテリ	ごってり	1281		501	-16.8190
ゴネリ	ゴネり	788		501	-14.3793
ゴウカンザイ	強姦罪	1288		243	-14.4443
ゴジュウゴキログラム	55kg	1288		158	-13.9492
ゴウザイ	合剤	1285		501	-18.6282
ゴシニ	越しに	1298	151	17	-10.9357
ゴゼンジュウイチジ	午前11時	1288		380	-12.4698
ゴコウ	後光	1285		246	-14.1037
ゴホンニン	ご本人	560	1285	17	-10.7464
ゴゴ	午後	1314		380	-8.8967
ゴウ	后	1288		501	
ゴケンサンパ	護憲三派	1288		191	-14.2292
ゴタイ	五体	1285		60	-13.9546
ゴシュン	呉春	1289		251	-14.2632
ゴウカロウレン	合化労連	1288		501	-18.5231
ゴリョウ	五稜	1288		501	-17.9635
ゴシ	漉	1288		501	
ゴゼ		1285		501	-17.9351
ゴザエモン	五左衛門	1291		501	-17.3251
ゴウカキャスト	豪華キャスト	1288		477	-14.4147
ゴヒャクニン	500人	1288		387	-11.1958
ゴウキュウアンケン	号泣案件	1283	1285	17	-13.5279
ゴコロ	ごころ	1298		389	-13.5622
ゴジョ	語序	1285		501	-18.6282
ゴマカシシゴト	ごまかし仕事	1285		501	-18.9467
ゴキョク	5曲	1288		478	-12.4451
ゴウケイトウ	号系統	1298	1285	17	-13.4393
ゴ	寤	1288		501	
ゴザイマセ	ございませ	428	495	17	-9.6569
ゴブギョウ	五奉行	1289		108	-12.9446
ゴウドウライブ	合同ライブ	1283	1285	17	-13.2246
ゴサクヒン	5作品	1288		424	-13.0960
ゴヲ	後を	1305	156	17	-11.2529
ゴンサン	ゴンさん	1289		501	-13.7744
ゴシラカワ	後白河	1288		498	-13.4602
ゴキ	後鬼	1285		501	-18.6282
ゴミムシ		1288		382	-14.8673
ゴネンセイ	5年生	1288		364	-12.2917
ゴフ	後夫	1285		501	-18.6282
ゴダ	5打	1288		377	-14.3808
ゴシャク	悟迹	1285		501	-18.6282
ゴカゲツ	5か月	1288		143	-12.4289
ゴハンモノ	御飯物	1285		501	-18.6282
ゴヽロ	ごゝろ	1283		501	-19.9412
ゴジュウニチ	50日	1288		143	-13.0128
ゴフカクサジョウコウ	後深草上皇	1288		399	-14.9606
ゴウギタイ	合議体	1288		13	-13.9698
ゴトク	ごとく	525		495	-6.3392
ゴカイ	5回	1288		134	-10.0084
ゴウインサ	強引さ	1287	1304	17	-13.5279
ゴサンジョウテンノウ	後三条天皇	1289		369	-12.6937
ゴジュウナナサイ	57歳	1288		46	-13.1384
ゴジ	誤字	776		501	-12.5468
ゴツキャ	ごつきゃ	17		127	-12.9105
ゴルゴーン		1288		443	-14.7435
ゴウソウ	豪壮	1287		66	-13.4402
ゴトウダマサハル	後藤田正晴	1289		191	-12.9118
ゴルゴマツモト	ゴルゴ松本	1289		122	-19.6220
ゴウリョク	合力	1285		395	-18.7236
ゴウ	迎	1288		501	
ゴリョウシャ	御料車	1288		426	-13.1880
ゴウリ	行李	1285		4	-18.9467
ゴリョウボクジョウ	御料牧場	1292		275	-12.7940
ゴウツ	江津	1290		231	-14.0268
ゴロウ	吾朗	1291		344	-13.3177
ゴヤサイ	後夜祭	1285	1298	17	-12.6204
ゴウシュ	郷主	1285		501	-18.6282
ゴケ	碁笥	1285		501	-16.5398
ゴ	5⃣	1285		501	-24.4005
ゴウセイ	ごうせい	1287		331	-14.0277
ゴクウ	悟空	1289		26	-10.2303
ゴゴノ	午後の	1314	368	17	-11.3397
ゴッツン	ごっつん	1281		501	-16.8190
ゴンシャ	権舎	1285		501	-18.6282
ゴールチョウ	ゴール朝	1288		359	-13.9905
ゴロシ	殺し	1285		427	-9.2904
ゴウモ	毫も	1281		501	-14.7610
ゴウユウ	豪遊	1283		290	-13.3384
ゴースト		1285		26	-12.2467
ゴネンセイ	五年生	1288		236	-14.9028
ゴフン	胡粉	1285		4	-15.0193
ゴメートル	5m	1288		235	-12.1014
ゴザイ	御座い	799		420	-9.3689
ゴタツ	悟達	1285		501	-18.6282
ゴキタ	五木田	1290		501	-12.3661
ゴト		1288		152	-13.8701
ゴミブクロ	ゴミぶくろ	1285		501	-18.0817
ゴール		1285		63	-9.7156
ゴンドワナタイリク	ゴンドワナ大陸	1288		381	-13.8433
ゴジョウ	五条	1290		231	-12.1992
ゴロセン	殺せん	620		495	-18.4227
ゴーストインザシェル	GHOST IN THE SHELL	1288		415	-14.7783
ゴトウユカリ	後藤友香里	1289		122	-20.8540
ゴスウ	語数	1285		327	-14.9045
ゴガツナノカ	5月7日	1288		195	-11.4500
ゴリョウカク	五稜郭	1293		394	-11.9879
ゴウカン	号艦	1298		17	-13.4677
ゴソウシャ	護送車	1288		490	-14.8576
ゴウノセチョウ	河ノ瀬町	1293		501	-17.7008
ゴトウ	五燈	1285		501	-18.4612
ゴモラ	篭ら	780		8	-19.0625
ゴン		1281		51	-17.3549
ゴウリュウシ	合流し	1283	610	17	-10.8610
ゴミウケ	塵受け	1285		501	-18.7236
ゴハンゴシラエ	御飯ごしらえ	1285		501	-18.6282
ゴセイ	碁聖	1285		491	-14.9151
ゴフク	呉服	1285		311	-13.8046
ゴンネギ	ごんねぎ	1285		501	-18.9467
ゴウシュ	強取	1285		501	-18.6282
ゴン	言	1288		501	
ゴハン	御飯	1285		93	-13.6051
ゴウヨク	強慾	1287		501	-17.4416
ゴクミ		1289		501	-14.2548
ゴトウ	語頭	1285		327	-13.2147
ゴカン	五感	1285		287	-11.9869
ゴウ	仰	1288		501	
ゴジュウゴネン	55年	1288		143	-13.3671
ゴロク	護録	1285		501	-18.6282
ゴンカ	言下	1285		501	-18.8289
ゴシキ	五色	1293		4	-16.0981
ゴジュウキュウビョウ	59秒	1288		317	-13.7631
ゴジュウハップン	58分	1288		317	-13.0614
ゴツゴウシュギ	ご都合主義	1285		56	-13.3998
ゴロ	語呂	1285		327	-13.1817
ゴシャク	語釈	1285		59	-14.6576
ゴウリテキ	合理的	1288		287	-11.2942
ゴダイサン	五台山	1288		404	-14.8035
ゴウドン	郷敦	1291		122	-12.2220
ゴメンネ	ごめんね	1288		420	-9.9948
ゴウフ	豪富	1285		501	-18.6282
ゴッフマン	goffman	1289		501	-16.8074
ゴウエイドウゴウタロウ	豪栄道豪太郎	1289		122	-20.9730
ゴチイ	ごちい	19		501	-18.5107
ゴキョウ	呉兢	1289		501	-17.9060
ゴミ	塵芥	1285		102	-15.0729
ゴジュウイップン	51分	1288		317	-13.6699
ゴシマ	五島	1293		330	-12.0446
ゴッツウ	ごっつう	31		501	-12.7134
ゴミヤマ	ごみ山	1285		501	-19.2344
ゴロマデ	頃まで	1305	355	17	-11.0396
ゴジュウオクエン	50億円	1288		354	-13.4045
ゴシ	語誌	1285		501	-18.7236
ゴウメイ	合名	1285		269	-15.0781
ゴウネン	業念	1285		501	-18.6282
ゴオウ	護皇	1285		501	-18.6282
ゴトウチラーメン	ご当地ラーメン	1288		442	-14.6313
ゴカイ	5階	1288		414	-12.0318
ゴア		1293		272	-13.5943
ゴヨウエシ	御用絵師	1292		108	-13.5043
ゴウサラシ	業曝し	1285		501	-18.6282
ゴカゾク	ご家族	560	1285	17	-10.9219
ゴロゴロ		1283		418	-14.5548
ゴジョウエキ	五条駅	1293		321	-13.2088
ゴセンニン	5000人	1288		387	-11.7368
ゴウシュウ	濠州	1294		104	-17.0867
ゴノミ	好み	1285		307	-18.9467
ゴモン	篭ん	774		8	-19.0574
ゴヒャク	5百	1295		501	-17.4645
ゴオリ	氷	1285		174	-19.0802
ゴガツジュウヨッカ	5月14日	1288		195	-11.5338
ゴジユウ	ご自由	560	1287	17	-11.1720
ゴジュウマンエン	50万円	1288		163	-11.8060
ゴボルト	5V	1288		501	-13.4578
ゴリヤク	ご利益	1285		32	-13.1557
ゴロシ	殺し	735		438	-9.2904
ゴジュウキロ	50キロ	1288		259	-13.0437
ゴイ	戀	1288		501	
ゴカン	後漢	1294		135	-17.0867
ゴレンジャー		1288		415	-14.1091
ゴウドウレンシュウ	合同練習	1283		17	-13.3104
ゴウ	強	1288		501	
ゴマサン	ごまさん	1285	1302	17	-13.5533
ゴウマエ	郷前	1293		501	-17.4131
ゴーデス		1285		26	-15.3453
ゴクヒ	極秘	1285		490	-12.4662
ゴールドコースト		1293		272	-12.4374
ゴウカイ	合界	1285		501	-18.6282
ゴウキ	剛気	1287		501	-17.4416
ゴン	沂	1288		501	
ゴサクラマチ	後桜町	1289		501	-17.9060
ゴウリシュギ	合理主義	1288		88	-12.6968
ゴホリカワ	後堀河	1289		501	-17.9060
ゴコ	五錮	1288		501	-17.9635
ゴネ	ごね	622		501	-13.3666
ゴインチ	5インチ	1288		264	-12.8974
ゴロッピャッ	五六百	1295		501	-17.4645
ゴタク	ごたく	1285		501	-18.9467
ゴハン	ごはん	1285		244	-10.0808
ゴンロク	権六	1291		501	-18.1724
ゴミオトコ	ゴミ男	1285		501	-18.0817
ゴチョウエン	5兆円	1288		354	-13.4374
ゴハンモノ	ごはん物	1285		501	-18.9467
ゴツメ	ごつめ	1287		501	-18.0477
ゴールライン		1288		211	-13.6403
ゴアイキョウ	ご愛敬	1288		501	-14.8868
ゴトシ	如し	522		495	-6.6857
ゴン	權	1288		501	
ゴマカセ	ごまかせ	729		438	-10.7203
ゴジュウゴシュウネン	55周年	1288		224	-13.4963
ゴシロ	期しろ	588		43	-16.3766
ゴリゴリ		1285		17	-11.6796
ゴロゴロ	ごろごろ	1283		418	-13.2814
ゴウサクセン	号作戦	1298	1285	17	-13.0521
ゴテンヤマ	御殿山	1293		231	-13.4209
ゴホン	5本	1288		284	-11.0133
ゴハン	誤判	1285		395	-16.1105
ゴロクジュウ	五六十	1295		501	-17.4645
ゴーカート		1289		414	-13.1646
ゴミガワ	ごみ川	1285		501	-19.2344
ゴトウヒトリ	後藤ひとり	1289		501	-13.6942
ゴリヨウ	ご利用	560	1283	17	-10.5172
ゴホウ	語法	1285		458	-13.0983
ゴミオトコ	塵男	1285		501	-18.7236
ゴジュウニパーセント	52%	1288		248	-12.5217
ゴゾウ	五臓	1285		183	-15.3667
ゴクボソ	極細	1285		270	-14.1875
ゴウマン	強慢	1287		501	-17.4416
ゴツメ	ゴツめ	1287		501	-17.0669
ゴトキ	ごとき	523		495	-6.4077
ゴモン	語問	1285		501	-18.6282
ゴ	麌	1288		501	
ゴウカナ	豪華な	1287	454	17	-10.8141
ゴウ	降	1288		501	
ゴヘイ	五平	1291		74	-17.3251
ゴチョウ	牛腸	1290		501	-14.5844
ゴウダ	郷田	1290		344	-12.8950
ゴサマル	護佐丸	1289		219	-13.7194
ゴロネ	ごろ寝	1285		501	-19.2344
ゴカメヤマテンノウ	後亀山天皇	1289		369	-13.3632
ゴクソウ	獄窓	1285		501	-17.6588
ゴチパラ	ごちぱら	1288		501	-18.5231
ゴシラカワジョウコウ	後白河上皇	1288		369	-14.2970
ゴリョウ	呉凌	1289		501	-17.9060
ゴマカセ	誤魔化せ	734		479	-10.1298
ゴリン	五輪	1285		7	-11.3614
ゴルフクラブ		1285		17	-13.2507
ゴヤ		1289		204	-16.7429
ゴンゴドウダン	言語道断	1285		495	-13.6710
ゴツケレ	ゴツけれ	13		501	-12.4645
ゴロ	ごろ	1281		143	-18.6542
ゴギ	語義	1285		327	-12.9194
ゴウ	晧	1288		501	
ゴンジ	ごんじ	1285		501	-19.2344
ゴウヒ	合否	1285		85	-13.1022
ゴー	go	1285		121	-17.8906
ゴハンガワリ	御飯代わり	1285		501	-18.6282
ゴンタ	ごんた	1288		501	-15.5630
ゴウセ	ごうせ	586		454	-11.4220
ゴボウ	牛蒡	1285		93	-14.3159
ゴン	釿	1288		501	
ゴウタンバン	合単板	1285		501	-18.6282
ゴクラク	ごく楽	1285		501	-15.3019
ゴ	秬	1288		501	
ゴハンツブ	ご飯つぶ	1285		501	-18.9467
ゴウインニ	強引に	1287	329	17	-11.2917
ゴトウブンノハナヨメ	五等分の花嫁	1288		501	-13.1472
ゴールデングラブショウ	ゴールデングラブ賞	1288		377	-13.0083
ゴテンバ	御殿場	1293		473	-11.1112
ゴージャス		1287		66	-11.9180
ゴサイ	5才	1288		366	-14.1738
ゴジュウキログラム	50kg	1288		194	-13.0812
ゴモ	菰	1285		4	-19.0802
ゴンベエ	権兵衛	1285		497	-19.0802
ゴッチ		1289		141	-12.8725
ゴウシャ	豪しゃ	1287		501	-17.4416
ゴモロ	篭ろ	778		8	-19.0577
ゴモ	薦	1285		403	-19.0802
ゴシキヌマ	五色沼	1288		385	-14.9196
ゴウツク	業つく	1285		501	-18.6282
ゴンシュ	厳修	1283		238	-16.9478
ゴ	餬	1288		501	
ゴジン	後陣	1285		435	-15.0662
ゴウキ	豪鬼	1289		26	-12.2817
ゴッツカレ	ごっつかれ	29		501	-12.7041
ゴモレ	籠れ	784		394	-19.0573
ゴドム		1289		459	-13.7534
ゴダイメイチカワ	五代目市川團子	1289		122	-13.8500
ゴウカクハッピョウ	合格発表	1288		85	-12.9848
ゴエ	越え	1285		258	-17.4808
ゴシュウイワカシュウ	後拾遺和歌集	1288		342	-14.6571
ゴシャ	ごしゃ	582		501	-11.5446
ゴハンガワ	御飯側	1285		501	-18.6282
ゴ		1285		462	-13.3968
ゴウブチ	格縁	1285		501	-18.6282
ゴキ	語基	1285		336	-18.6282
ゴザイマシタ	ございました	428	435	17	-8.0654
ゴエンユウ	後圓融	1289		501	-17.9060
ゴザ	後座	1285		501	-18.6282
ゴジュウヨンパーセント	54%	1288		248	-12.6881
ゴラン	ご覧	1308		17	-5.9565
ゴジル	呉汁	1285		501	-16.2156
ゴマ		1289		75	-17.0306
ゴラン	ごらん	1308		420	-8.4915
ゴマカシワライ	ごまかしわらい	1283		501	-18.8426
ゴッド	god	1285		367	-17.9351
ゴリョウ	呉良	1289		501	-16.3800
ゴジュウネンダイ	50年代	1288		356	-13.1079
ゴヒャッテン	500点	1288		387	-13.3798
ゴムセイ	ゴム製	1285	1298	17	-13.0661
ゴチュウイ	ご注意	560	1283	17	-10.8775
ゴウセイコウソ	合成酵素	1288		83	-13.8068
ゴサガ	後嵯峨	1289		501	-17.9060
ゴダイ	五大	1290		131	-11.6081
ゴズツリ	ゴズ釣り	1285		501	-18.0817
ゴウワン	強腕	1285		501	-18.6282
ゴスル	期する	583		43	-14.2023
ゴトウ	五藤	1290		497	-13.3870
ゴッカン	極寒	1285		112	-13.0723
ゴ	5	1285		361	-41.4349
ゴジュウヨンプン	54分	1288		317	-12.7879
ゴボン	呉凡	1289		501	-17.9060
ゴ	仔	1285		165	-14.7943
ゴミアツカイ	ゴミ扱い	1285		501	-18.0817
ゴウイケイセイ	合意形成	1288		154	-13.3252
ゴツン	ごつん	1281		501	-15.7275
ゴミクズ	ごみくず	1285		501	-19.2344
ゴウカバン	豪華版	1288		501	-13.8414
ゴトノ	ごとの	1298	368	17	-10.5460
ゴハンノウデナケレバ	誤反応でなければ	1285	318	17	-10.7177
ゴウカイ	剛海	1289		501	-17.9060
ゴロゴロ		1282		418	-10.1211
ゴコク	後刻	1285		320	-18.6282
ゴンキ	権記	1288		10	-15.3887
ゴミタカノリ	五味隆典	1289		122	-16.7780
ゴミヤシキ	ゴミ屋敷	1288		501	-13.8073
ゴールヲ	ゴールを	1285	156	17	-11.0732
ゴウシャ	ごうしゃ	1287		293	-15.2565
ゴートゾク	ゴート族	1288		359	-13.5208
ゴン	覲	1288		501	
ゴウゴ	傲語	1285		501	-18.6282
ゴウスレ	ごうすれ	581		501	-11.7274
ゴールドグラブショウ	ゴールドグラブ賞	1288		377	-13.7050
ゴオウ	五黄	1285		501	-16.4957
ゴヽチ	ごゝち	1285		501	-19.6398
ゴネヨ	ごねよ	624		501	-13.3518
ゴウヒトリグラシ	合ひとり暮らし	1300	1283	17	-13.0284
ゴチ	兀	1288		501	
ゴジッ	五十	1290		3	-19.7706
ゴジュウハッカイ	58回	1288		134	-13.3828
ゴヒャクエン	¥500	1288		501	-14.7944
ゴ	篌	1288		501	
ゴウドチョウ	神戸町	1293		82	-17.8831
ゴキョウ	五教	1285		392	-16.0788
ゴン	圻	1288		501	
ゴウ	螯	1288		501	
ゴス	伍す	584		501	-16.0452
ゴマカシャ	誤魔化しゃ	730		479	-10.1306
ゴウ	ⅴ	1295		501	-17.2822
ゴジュウノトウ	五重塔	1285		435	-13.2785
ゴゴゴジ	午後5時	1288		380	-12.5384
ゴウエン	業縁	1285		501	-18.6282