ザダン	座談	1283		323	-13.6026
ザワツク	ザワつく	695		501	-13.5784
ザイショウ	在生	1285		501	-18.6282
ザイヨク	財欲	1285		501	-18.0923
ザ		1292		203	-13.5435
ザルミミ	ざる耳	1285		501	-19.2344
ザンザイ	斬罪	1285		193	-14.9840
ザ	蔵	1288		501	
ザッシレンサイ	雑誌連載	1285	1283	17	-13.4562
ザスル	坐する	583		501	-14.0375
ザンカン	讒陥	1283		501	-18.0694
ザシー	THE C	1288		40	-13.1818
ザイカイジン	財界人	1288		131	-13.2860
ザイカン	材幹	1285		501	-18.7236
ザイマン	在満	1285		346	-18.6282
ザラセ	ザラ瀬	1285		501	-18.0817
ザルツブルク		1293		98	-11.3691
ザワン	The One	1288		367	-14.9473
ザンゾンセイリョク	残存勢力	1288		8	-14.3308
ザクワン	ザクI	1288		190	-14.3289
ザイカン	在韓	1285		171	-18.6282
ザゾウ	座像	1285		435	-14.7712
ザッカン	雑感	1285		451	-13.7575
ザカナ	魚	1285		116	-18.5412
ザンギャクコウイ	残虐行為	1285	1283	17	-13.1130
ザサ	ざさ	586		501	-14.8290
ザラフィアンツ		1289		501	-15.6868
ザイソン	在村	1285		501	-18.6282
ザイテイ	在廷	1283		501	-17.2003
ザシキ	座式	1285		501	-18.8289
ザン	桟	1288		501	
ザレゴト	戯言	1285		56	-18.5412
ザワツク	ざわつく	679		501	-11.1252
ザコ	雑喉	1285		371	-18.6282
ザカリ	盛り	1285		60	-19.2344
ザ・グレート・サスケ		1289		141	-13.5250
ザスレ	座すれ	581		3	-12.6852
ザルモリ	笊森	1293		501	-17.7008
ザル	ざる	485		282	-5.5559
ザスーパーフルーツ	THESUPERFRUIT	1289		122	-13.7930
ザラバ	ザラ場	1285		501	-18.0817
ザブーン	ざぶーん	1281		501	-16.3583
ザアッ	ざあッ	1281		501	-17.6734
ザイアク	罪悪	1285		252	-13.4264
ザリガニ		1285		116	-12.9427
ザメンホフ		1290		340	-13.6966
ザンシ	竄し	587		501	-15.9150
ザイフェルト		1289		336	-14.0949
ザジュン	座順	1285		501	-18.6282
ザク	ざく	1281		437	-17.6734
ザイジ	在次	1289		501	-17.9060
ザッチン	雑陳	1283		501	-18.0694
ザッキン	雑菌	1285		487	-13.3081
ザソウ	ざ瘡	1285		501	-18.9467
ザイチョウ	在庁	1283		464	-15.2006
ザブーム	THEBOOM	1289		122	-16.0110
ザンシャ	竄しゃ	582		501	-15.9060
ザッカン	雑観	1285		501	-17.4316
ザイ	歳	1288		501	
ザメレ	覚めれ	617		91	-18.4235
ザンセツ	残雪	1285		112	-14.3779
ザ	The	1289		367	-7.9672
ザワメキャ	ざわめきゃ	677		501	-13.3950
ザベスト	the best	1288		501	-14.0469
ザイタイ	在胎	1285		501	-18.6282
ザル	猿	1285		499	-13.5696
ザイブツ	財物	1285		243	-13.7680
ザワツコ	ざわつこ	681		501	-11.1255
ザンネイ	讒佞	1285		501	-18.6282
ザイハン	在阪	1285		305	-18.6282
ザ・ビートルズ・アンソロジー		1288		454	-13.7803
ザドリフターズ	ザ・ドリフターズ	1289		122	-12.2950
ザロモン		1288		329	-14.4801
ザンジ	暫時	1285		346	-14.9745
ザケ		1285		501	-17.0943
ザビエル		1288		325	-13.7654
ザンカン	残寒	1285		501	-18.6282
ザン		1285		448	-17.5857
ザイモン	祭文	1285		32	-18.8289
ザワ		1289		113	-12.3629
ザイス		1285		434	-14.9398
ザイライシュ	在来種	1288		116	-12.8075
ザール		1293		463	-12.7120
ザツジ	雑事	1285		275	-14.4317
ザンセヨ	ざんせよ	589		501	-12.4952
ザイセイサイケンダンタイ	財政再建団体	1292		494	-12.9252
ザツ	雑	560		395	-17.8074
ザンシュ	残酒	1285		501	-18.6282
ザン	槧	1288		501	
ザン	産	1288		501	
ザンセイ	残生	1285		501	-16.9153
ザンネンデシタ	残念でした	1287	435	17	-11.2049
ザンカン	斬奸	1285		501	-18.6282
ザンゴウ	ざんごう	1285		501	-18.9467
ザイス	座椅子	1288		256	-13.8113
ザイ	斉	1288		501	
ザ・ワイド		1288		476	-14.6624
ザンカイ	残灰	1285		501	-18.6282
ザッカーバーグ		1288		366	-14.8468
ザネ	実	1288		501	
ザッキ	雑記	1285		342	-18.3871
ザミュージックデイ	THE MUSIC DAY	1288		501	-14.5987
ザシ	刺	1285		333	-19.2344
ザイモク	材木	1285		55	-12.7316
ザイソ	在ソ	1285		501	-18.7236
ザッセツ	雑節	1285		227	-18.6282
ザクット	ざくっと	1281		501	-14.0544
ザチュウ	座中	1285		404	-16.7248
ザン	巉	1288		501	
ザイトク	財特	1285		501	-18.6282
ザシ	尺	1285		221	-19.0802
ザイモクヤ	材木谷	1290		501	-17.7354
ザズィー	ZAZY	1289		122	-13.0290
ザイテク	財テク	1285		269	-15.5649
ザイテン	在天	1283		501	-16.2423
ザルガイ	笊貝	1285		501	-18.7236
ザイリュウガイコクジン	在留外国人	1288		408	-14.5444
ザセツカン	挫折感	1288		501	-14.4085
ザイラク	在洛	1283		501	-18.0694
ザウリ	ざうり	1285		501	-18.9467
ザファ		1285		501	-15.2234
ザイコ	在庫	1283		474	-10.3910
ザッソウ	ざっ草	1285		501	-18.9467
ザンゼン	残喘	1285		501	-18.6282
ザンショウ	ざんしょう	1285		501	-19.4167
ザンコン	残痕	1285		501	-17.8234
ザンシヨ	ざんしよ	585		501	-12.4966
ザトウ	砂糖	1285		75	-18.9467
ザコ	迫	1288		501	
ザ	佐	1288		501	
ザード	ZARD	1288		67	-13.2574
ザイトウ	財投	1285		501	-18.6282
ザンキ	残機	1285		501	-13.4257
ザツミ	雑味	1285	1298	17	-13.1953
ザッキ	ざっき	1285		501	-18.9467
ザラソ	晒そ	732		438	-17.6547
ザ・ワイルドワンズ		1289		67	-13.8117
ザイ	罪	1298		243	-10.1378
ザテツワンダッシュ	ザ!鉄腕!DASH!!	1288		476	-14.9699
ザイスウ	罪数	1285		501	-18.6282
ザングリ	ざんぐり	1281		501	-17.6734
ザツブツ	雑物	1285		275	-18.6282
ザシ	ざし	587		501	-14.7519
ザッシノヒ	雑誌の日	1288		501	-13.5596
ザイメイ	在命	1285		501	-18.6282
ザイリュウニホンジン	在留日本人	1288		209	-14.7642
ザッカヤサン	雑貨屋さん	1288		501	-13.4493
ザンギリ	ざんぎり	1285		501	-18.9467
ザットウ	雑鬧	1283		501	-18.0694
ザンシ	慙死	1283		501	-17.8249
ザイショウ	罪障	1285		501	-16.6121
ザイ	菜	1288		501	
ザクツ	ざくつ	1285		501	-18.9467
ザス	座主	1285		238	-13.6313
ザモン	座紋	1285		501	-18.6282
ザッコクゴハン	雑穀ご飯	1285		17	-12.9988
ザンミョウ	斬猫	1285		501	-18.6282
ザッソ	雑爼	1285		501	-18.6282
ザイタク	在宅	1283		402	-10.5610
ザラシ	ざらし	1288		501	-14.9536
ザイセ	在世	1283		10	-16.9412
ザオ	棹	1300		4	-17.0255
ザワザワッ	ざわざわっ	1281		501	-17.6734
ザセキスウ	座席数	1285	1298	17	-12.8932
ザベン	座便	1285		501	-18.6282
ザックリ	ざッくり	1281		501	-17.6734
ザイトク	在特	1285		501	-18.6282
ザクザク		1282		501	-12.0147
ザイコカギリ	在庫限り	1288		501	-15.0034
ザラバ	ざら場	1285		501	-18.0106
ザンブラコ	ざんぶらこ	1281		501	-17.6734
ザンパン	残飯	1285		55	-14.0133
ザッシュ	雑種	1285		355	-12.6171
ザイ	宰	1288		501	
ザイカン	才幹	1285		246	-18.4970
ザンコウ	讒口	1285		501	-18.6282
ザギョウ	ザ行	1285		352	-18.0304
ザンソ	残礎	1285		501	-18.6282
ザンド	残土	1285		102	-14.7708
ザイセイモンダイ	財政問題	1288		422	-13.8192
ザラ	ZARA	1288		398	-13.8730
ザンス		1288		212	-14.9368
ザイイ	在位	1283		119	-10.2280
ザイサンボッシュウ	財産没収	1288		243	-14.4238
ザンテイテキ	暫定的	1288		494	-12.4868
ザイベイ	在米	1285		408	-14.2421
ザイ	齋	1288		501	
ザクッ	ザクっ	1281		501	-16.9196
ザイソク	ざいそく	1283		501	-19.2480
ザンショウ	山椒	1285		75	-14.9731
ザショ	座所	1285		501	-18.6282
ザイセイ	財政	1285		79	-10.3646
ザラザラ		1281		155	-12.7547
ザイニチカンコクジン	在日韓国人	1288		216	-13.0004
ザオウヤマ	蔵王山	1288		385	-14.9931
ザンシュケイ	斬首刑	1288		243	-13.9358
ザッザッザッ	ざっざっざっ	1281		501	-17.4704
ザガ	座が	1283		404	-13.8774
ザイコスウ	在庫数	1283	1298	17	-13.3595
ザイガク	在学	1283		364	-10.5778
ザンサツ	残殺	1285		501	-18.6282
ザイバク	財爆	1285		501	-18.6282
ザイチ	在地	1285		464	-12.7765
ザス	坐す	731		32	-14.0113
ザンキ	残基	1285		83	-18.6282
ザラサ	更紗	1285		4	-18.5412
ザツイ	ザツい	19		501	-17.2298
ザカナ	ざかな	1285		501	-19.0802
ザイセイハタン	財政破綻	1288		422	-13.7130
ザケル	ざける	619		501	-18.4303
ザンギャク	残虐	1287		66	-11.9228
ザンビア		1294		272	-11.4861
ザブン	ざぶん	1281		501	-15.2962
ザニューヨークタイムズ	The New York Times	1288		376	-14.9756
ザダンカイ	座談会	1288		201	-11.9129
ザイマ	財満	1290		501	-14.3436
ザッハーク		1289		222	-13.8553
ザオ	竿	1300		4	-16.8248
ザギ		1289		501	-14.6072
ザワークラウト		1288		75	-14.0763
ザイセキ	材積	1285		501	-18.6282
ザコ	雑魚	1285		26	-13.6108
ザイコウ	在鴻	1291		501	-18.1724
ザカン	坐棺	1285		501	-18.6282
ザルソバ	笊蕎麦	1285		501	-18.4161
ザレウタ	戯れ歌	1285		501	-18.7236
ザイリョウヒ	材料費	1288		474	-13.3563
ザクセン		1293		446	-10.3812
ザゲーム	The Game	1289		367	-13.8560
ザポリージャ		1288		230	-14.5752
ザツギ	雑技	1285		93	-16.0717
ザマミ	座間味	1293		110	-14.5467
ザショウ	座唱	1285		501	-18.6282
ザカザカ	ざかざか	1281		501	-15.4274
ザクツ	座屈	1285		339	-18.6282
ザセキ	ざせき	1285		501	-18.9467
ザンシ	残滓	1285		94	-13.7829
ザワ	ざわ	1281		36	-10.6566
ザイカ	罪過	1285		501	-15.6648
ザツノウ	雑嚢	1285		501	-16.7663
ザバーン	ざばーん	1281		501	-16.5260
ザイセイケンゼンカ	財政健全化	1288		79	-14.3732
ザイオン	彩艶	1291		122	-19.8020
ザナ		1288		501	-14.4263
ザーサイ	搾菜	1285		501	-18.2535
ザイリュウ	在竜	1291		501	-18.1724
ザラサ	更緲	1285		501	-18.5412
ザッカ	雑科	1285		501	-18.6282
ザイリュウホウジン	在留邦人	1288		490	-14.1121
ザラガミ	ざら紙	1285		501	-19.2344
ザス	座州	1283		501	-18.0694
ザカ		1285		501	-16.7578
ザッ	雜	1288		501	
ザンパツ	斬髪	1283		501	-17.2809
ザイカボウ	在華紡	1288		501	-16.0808
ザイジュウ	在住	1283		324	-9.9603
ザ・サン		1288		201	-14.3240
ザイリョウ	材料	1285		270	-9.5873
ザイコウセイ	在校生	1285		253	-13.1759
ザンネンナガラハズレデス	残念ながらはずれです	1287	460	17	-10.4457
ザンショ	残暑	1285		112	-13.5677
ザンチュウ	残柱	1285		501	-18.6282
ザンサ	残渣	1285		501	-18.6282
ザ・スニーカー		1288		396	-14.7220
ザヤ	鞘	1285		333	-19.2344
ザイニチカンコクチョウセンジン	在日韓国・朝鮮人	1288		216	-13.4006
ザンキン	漸禁	1285		501	-18.6282
ザショク	座食	1283		501	-17.2199
ザンコク	ざんこく	1287		501	-18.0477
ザンコク	惨酷	1287		501	-17.4416
ザファーストテイク	THE FIRST TAKE	1288		501	-14.4275
ザッキョビル	雑居ビル	1293		414	-12.1917
ザン	竄	1288		501	
ザワメケ	ざわめけ	675		501	-13.4018
ザクウォーリア		1288		190	-14.7248
ザワツイ	ざわつい	687		501	-11.1640
ザンキョウ	残響	1285		458	-13.9387
ザンキ	慚愧	1283		440	-18.0694
ザルダ	ザル田	1285		501	-18.0817
ザケ	咲け	685		228	-17.6166
ザガク	座学	1285		501	-13.1988
ザゼン	坐禅	1283		365	-18.0694
ザヤス	座安	1290		501	-17.7354
ザザ		1288		160	-15.8151
ザイコジョウキョウ	在庫状況	1288		501	-14.6863
ザメヨ	覚めよ	621		91	-18.4255
ザンシ	讒し	587		501	-15.9150
ザ・バンド		1288		196	-14.4434
ザンサイ	残滓	1285		94	-16.2829
ザン	惨	1288		501	
ザイセイカイカク	財政改革	1288		275	-13.7616
ザイツイチロウ	財津一郎	1289		122	-13.6700
ザンセキ	残席	1285		501	-18.6282
ザレヨ	戯れよ	624		51	-12.6436
ザン	塹	1288		501	
ザジョウ	座定	1285		501	-18.6282
ザイクウ	在空	1285		501	-18.6282
ザイカン	在監	1285		501	-18.6282
ザッショク	雑職	1285		501	-18.6282
ザッチョ	雑著	1285		501	-18.6282
ザンコウ	残光	1285		501	-18.6282
ザイ	ざい	1314		331	-18.5252
ザンボウ	讒謗	1283		501	-17.4154
ザイザイ	在在	1285		501	-18.6282
ザキャク	座客	1285		501	-18.6282
ザワリ	ざわり	1285		501	-20.3330
ザンネンデス	残念です	1287	460	17	-10.1189
ザンネン	ざんねん	1287		501	-11.3579
ザヨク	座浴	1285		501	-18.1247
ザ・ベンチャーズ		1289		196	-13.7353
ザンギョウジカン	残業時間	1288		345	-13.2753
ザサ	笹	1285		4	-18.7236
ザッタ	雑多	1287		169	-10.9695
ザイベツ	財別	1285		501	-18.6282
ザク	ざく	695		437	-14.4539
ザンサ	ざんさ	586		501	-12.5812
ザシ	坐し	587		501	-14.0432
ザッシキシャ	雑誌記者	1288		324	-14.5439
ザイタイ	在隊	1285		501	-18.6282
ザボウサイ	坐忘斎	1289		501	-17.9060
ザコウ	坐高	1285		501	-18.6282
ザンカン	慚汗	1285		501	-18.6282
ザイ	咲い	687		228	-17.6713
ザプライベーツ	THEPRIVATES	1289		122	-19.8210
ザンテイセイケン	暫定政権	1288		430	-13.5075
ザイニッポンダイカンミンコクミンダン	在日本大韓民国民団	1292		131	-13.4604
ザンシン	ざん新	1287		501	-17.6422
ザイ	齊	1288		501	
ザイガクチュウ	在学中	1283	1305	17	-11.5266
ザッサン	雑纂	1285		28	-16.1509
ザツダイ	雑題	1285		501	-18.6282
ザマミ	座間味	1290		110	-17.7354
ザチイ	雑い	19		501	-17.5299
ザイゲン	材源	1285		501	-18.6282
ザーット	ザーッと	1281		501	-13.9489
ザンショウ	残照	1285		484	-15.8728
ザイリョウリキガク	材料力学	1288		65	-14.1924
ザ	坐	1285		32	-18.8289
ザ・タイガース		1289		67	-12.2672
ザジョウ	坐定	1285		501	-18.6282
ザン	嶄	1288		501	
ザイセキ	罪跡	1285		501	-18.6282
ザタ	沙汰	1283		216	-18.2364
ザカ	阪	1285		473	-19.6398
ザクツ	座屈	1288		339	-14.4205
ザツキ	座付	1285		73	-15.1241
ザメ	ざめ	1285		501	-19.4167
ザイジョウ	在城	1283		501	-18.0694
ザレ		1293		501	-16.6022
ザイオウ	在欧	1285		501	-18.6282
ザイ	哉	1288		501	
ザロ	座炉	1285		501	-18.6282
ザンガイ	残害	1283		501	-17.5994
ザイ	濟	1288		501	
ザンギャク	慘虐	1287		501	-17.4416
ザーット	ざーっと	1281		501	-14.0098
ザブ	ざぶ	1281		36	-13.0848
ザ・スミス		1288		196	-14.6751
ザイカク	財革	1285		501	-18.6282
ザジ		1289		443	-14.9807
ザシ	座し	735		74	-12.1106
ザンユ	讒諛	1283		501	-18.0694
ザンシ	残餌	1285		501	-18.6282
ザマ	座間	1293		81	-12.4614
ザンサ	讒さ	586		501	-15.9921
ザンケツ	残欠	1285		435	-15.7129
ザッキ	雑鬼	1285		501	-18.6282
ザクセンシュウ	ザクセン州	1288		463	-13.7463
ザイチリョウシュ	在地領主	1288		464	-13.6365
ザシロ	座しろ	588		3	-12.6858
ザイ	薺	1288		501	
ザック	ざっく	1281		501	-17.5556
ザブ〜ン		1281		501	-16.9196
ザトウクジラ		1285		116	-14.4733
ザイシツ	ざいしつ	1285		501	-18.9467
ザナ		1289		501	-16.7429
ザンテキ	残敵	1285		411	-15.4050
ザツガク	雑学	1285		451	-12.4372
ザン	岸	1288		501	
ザッケン	雑犬	1285		501	-17.6588
ザシ	坐し	735		32	-14.0826
ザード	zard	1288		501	-17.6581
ザッキョク	雑曲	1285		501	-17.6588
ザイ	際	1314		282	-17.7143
ザバイカル		1293		188	-15.5036
ザビケ	ザビ家	1289		459	-12.5474
ザキョウ	座興	1285		312	-16.5648
ザカイ	境い	1285		501	-19.2344
ザマンザイ	THE MANZAI	1288		409	-14.0013
ザッチン	雜陳	1283		501	-18.0694
ザッピョウ	雑評	1285		501	-18.6282
ザケ	鮭	1285		75	-18.5412
ザブーンッ	ざぶーんっ	1281		501	-17.6734
ザンネン	残念!	1288		501	-13.3572
ザイキョウ	在郷	1285		275	-17.5775
ザンネンダ	残念だ	1287	453	17	-10.4209
ザッシシャ	雑誌社	1288		201	-14.1518
ザブ〜ンッ	ざぶ〜んっ	1281		501	-17.6734
ザンネンナガララクセンデス	残念ながら落選です	1287	460	17	-10.5342
ザワメク	ざわめく	679		501	-13.3977
ザンス	ざんす	584		501	-12.1023
ザショク	座職	1285		501	-18.6282
ザイゴ	在郷	1285		275	-18.6282
ザイショク	在職	1283		46	-11.4960
ザックス		1289		25	-12.5885
ザコネ	雑魚寝	1283		290	-14.4664
ザンサツ	斬殺	1283		193	-13.4576
ザ・トップテン		1288		205	-14.7695
ザ	the	1285		367	-17.9351
ザイムショウ	財務省	1292		265	-10.1512
ザイショウ	罪証	1285		501	-18.6282
ザンキン	残金	1285		474	-14.2873
ザレ	戯	1288		501	
ザイケ	在家	1285		365	-15.6857
ザッシキ	雑色	1285		403	-18.8289
ザオウゴンゲン	蔵王権現	1288		404	-14.3650
ザッソウ	雑艸	1285		501	-18.6282
ザップ	雑賦	1285		501	-18.6282
ザンネンナガラハズレデス	残念ながらハズレです	1287	460	17	-10.8766
ザレウタ	戯れ唄	1285		501	-18.7236
ザヅクエ	座机	1285		501	-18.6282
ザカ	坂	1298		231	-10.1421
ザルメシ	ざるめし	1285		501	-19.2344
ザシ	座視	1283		153	-15.5187
ザンサイ	ざんさい	1285		501	-18.9467
ザナドゥ		1288		296	-14.1016
ザン	山	1298		385	-18.8039
ザイゲン	財源	1285		79	-11.6554
ザショク	坐職	1285		501	-18.6282
ザセツシ	挫折し	1283	610	17	-11.1025
ザス	座す	731		32	-12.2865
ザンスル	讒する	583		501	-15.9093
ザゼン	ざぜん	1283		501	-18.8426
ザブッ	ざぶっ	1281		501	-17.6734
ザドラエモンズ	ザ・ドラえもんズ	1289		164	-13.6524
ザイオン		1289		462	-13.2456
ザ・フォーク・クルセダーズ		1289		67	-13.3812
ザイサンゼイ	財産税	1288		286	-14.9685
ザイ	纔	1288		501	
ザイキョウ	在郷	1283		275	-14.5775
ザッポウ	雑報	1285		265	-16.3552
ザンネンソウ	残念そう	1287	1301	17	-12.5011
ザキ		1291		462	-12.2456
ザツゲキ	雑劇	1285		342	-14.9371
ザン	鏨	1288		501	
ザーメン		1285		152	-15.0928
ザルミミ	笊耳	1285		501	-18.7236
ザイゴ	在郷	1283		275	-19.5775
ザクリ	ざくり	1281		501	-17.6734
ザンネンナガラハズレ	残念ながらハズレ	1287	1285	17	-10.8358
ザシ	射	1288		501	
ザソ	坐そ	732		32	-14.0087
ザンニョウ	残尿	1285		501	-18.6282
ザシャ	ざしゃ	582		501	-14.7429
ザイ	細	1288		501	
ザセヨ	坐せよ	589		501	-14.0342
ザワメキタツ	騒めき立つ	738		501	-16.7405
ザファースト	the first	1288		121	-14.0197
ザバッ	ざばっ	1281		501	-17.6734
ザイトクカイ	在特会	1288		216	-14.1401
ザツエキ	雑役	1285		343	-14.6617
ザ・ファンクス		1288		141	-14.6676
ザツミン	雑民	1285		501	-18.6282
ザンジバル		1285		373	-13.7127
ザイキョウキョク	在京局	1288		305	-14.3530
ザアマスコトバ	ざあます言葉	1285		501	-18.9467
ザンギリ	散切	1285		501	-18.6282
ザンガク	残額	1285		118	-13.3427
ザンルイ	残類	1285		501	-18.6282
ザンヌイユ	ざんぬいゆ	1285		501	-19.2344
ザンゾン	残存	1283		182	-13.2506
ザイイン	在院	1285		46	-15.5208
ザンケツ	残闕	1285		501	-18.6282
ザウルス		1285		190	-13.5145
ザンショク	慙色	1285		501	-18.6282
ザンシヨ	竄しよ	585		501	-15.9075
ザンスレ	ざんすれ	581		501	-12.4952
ザトウムシ		1288		218	-14.9642
ザチョウ	座長	1285		300	-12.2929
ザン		1289		448	-14.0653
ザッパク	ざっぱく	1287		501	-17.6422
ザン	參	1288		501	
ザンコク	残刻	1287		501	-17.4416
ザモト	座元	1285		73	-15.0188
ザスパクサツグンマ	ザスパクサツ群馬	1288		372	-14.2016
ザシキ	ざしき	1285		256	-18.9467
ザプランナイン	ザ・プラン9	1289		122	-19.4440
ザイダン	ざいだん	1285		331	-14.9873
ザップン	雑粉	1285		501	-18.6282
ザク	裂	1288		501	
ザイムチョウカン	財務長官	1288		38	-12.6133
ザワツク	騒つく	695		501	-14.4539
ザンテイ	斬釘	1285		501	-18.6282
ザッパーン	ざっぱーん	1281		501	-16.6801
ザワールド	The World	1288		367	-13.2202
ザサ	坐さ	586		501	-14.1203
ザッ		1281		501	-16.9196
ザ・ベスト		1285		302	-14.4380
ザワ	沢	1288		501	
ザラリ	ざらり	1281		501	-14.8595
ザワメコ	ざわめこ	681		501	-13.3980
ザラ		1289		417	-15.0313
ザイセイ	在世	1283		10	-13.6079
ザイカ	罪禍	1285		501	-18.6282
ザシキロウ	座敷牢	1285		368	-15.3344
ザア	ざあ	1281		150	-14.1102
ザイホウ	財宝	1285		222	-12.6452
ザンニン	残忍	1285		66	-14.9213
ザラ	ざら	1281		437	-18.6542
ザツゼン	ざつぜん	1285		501	-18.6282
ザンネンダッ	残念だっ	1287	457	17	-11.3942
ザオ		1300		368	-16.5146
ザイメイ	在銘	1285		10	-15.7552
ザンキ	残基	1288		83	-12.6893
ザッシ	雜誌	1285		383	-18.6282
ザンバラ	ざんばら	1287		54	-18.0477
ザクラ	櫻	1285		3	-18.7236
ザンシ	残紙	1285		501	-18.6282
ザイケイ	剤形	1285		257	-18.6282
ザイコショブン	在庫処分	1288		442	-14.2354
ザツヨウガカリ	雑用係	1285	1298	17	-13.1749
ザイゲン	在彦	1291		501	-18.1724
ザイエン	在園	1283		501	-18.0694
ザレ	戯れ	622		51	-12.6584
ザスパ		1288		501	-15.2756
ザンコクサ	残酷さ	1287	1304	17	-12.7678
ザモチ	座持ち	1285		501	-17.4765
ザイキュウ	在級	1285		501	-18.6282
ザンキュウ	残丘	1285		381	-18.6282
ザイミン	在民	1285		501	-17.7452
ザクロ	柘榴	1285		4	-14.2087
ザカ	咲か	683		228	-17.6295
ザンキョウ	残京	1285		501	-18.6282
ザイセイシエン	財政支援	1288		79	-13.5650
ザイメン	材面	1285		501	-18.7236
ザセキシテイケン	座席指定券	1288		118	-13.7665
ザルアゲ	笊上げ	1283		501	-18.1494
ザッシケイサイ	雑誌掲載	1285	1283	17	-13.0453
ザツロク	雑録	1285		10	-15.2120
ザフィーラ		1288		105	-15.7458
ザクツー	ザクII	1288		190	-12.9851
ザー		1281		149	-13.9262
ザセツ	ざせつ	1283		501	-18.8426
ザショウ	座礁	1283		320	-12.3175
ザンエイ	残映	1285		501	-18.6282
ザワ	澤	1288		501	
ザタッチ	ザ・たっち	1289		122	-17.7760
ザンブリ	ざんぶり	1281		501	-17.6734
ザッ	雑	1288		501	
ザンホウ	斬法	1285		501	-18.6282
ザシヨ	ざしよ	585		501	-14.7443
ザ・イヤー		1285		62	-14.9421
ザイル		1285		270	-14.9508
ザシヨ	座しよ	585		3	-12.6866
ザイセキ	在席	1283		85	-15.2032
ザンギョウダイ	残業代	1288		474	-12.4695
ザイショクチュウ	在職中	1283	1305	17	-12.6723
ザンソン	残存	1283		182	-10.7506
ザラメ	ざら目	1285		501	-19.2344
ザラガミ	ザラ紙	1285		501	-18.0817
ザアッ	ざあっ	1281		501	-17.6734
ザガシラ	座頭	1285		74	-14.8798
ザンギリ	ざん斬り	1285		501	-18.9467
ザシ	ざし	735		437	-11.5871
ザクギリ	ざくぎり	1283		501	-19.0249
ザンペイ	残兵	1285		501	-18.6282
ザレレ	戯れれ	617		51	-12.6448
ザンリュウ	残留	1283		182	-10.6022
ザイコウ	在校	1283		364	-13.8903
ザイガイコウカン	在外公館	1288		265	-13.3235
ザッテツ	雑綴	1285		501	-18.6282
ザイゴウグンジンカイ	在郷軍人会	1292		265	-13.4119
ザヒョウケイ	座標系	1285	1298	17	-13.0284
ザツワ	雑話	1285		28	-15.8534
ザンサ	竄さ	586		501	-15.9921
ザカ		1289		501	-16.7429
ザツヨウ	雑用	1285		290	-12.7510
ザツ		1287		501	-16.9491
ザレゴト	ざれごと	1285		501	-19.0802
ザレゴト	戯事	1285		501	-18.7236
ザ	藏	1288		501	
ザ・ムービー		1285		415	-15.3871
ザスレ	ざすれ	581		501	-14.7429
ザオウ	ざおう	1293		293	-18.3940
ザピロウズ	the pillows	1289		196	-13.0284
ザカナ	肴	1285		93	-18.9467
ザキ	埼	1285		3	-18.3695
ザイ	済	1288		501	
ザイセキシャ	在籍者	1288		253	-13.8400
ザギョ	坐漁	1285		501	-18.6282
ザイセイジョウタイ	財政状態	1288		422	-14.5467
ザン	殘	1288		501	
ザッソ	雑俎	1285		501	-18.6282
ザイケ	在家	1293		365	-16.4968
ザラシ	ざらし	1285		501	-19.6398
ザブルーハーツ	THE BLUE HEARTS	1289		67	-13.0178
ザッキチョウ	雑記帳	1288		396	-14.7043
ザイゼンナオミ	財前直見	1289		122	-12.7400
ザル	笊	1285		4	-14.4249
ザルヲ	ざるを	485	156	17	-9.8865
ザッソウ	雑想	1285		501	-18.6282
ザイカ	在華	1285		501	-18.6282
ザオウ	蔵王	1293		385	-12.1059
ザイムカイケイ	財務会計	1288		486	-14.0353
ザイザイ	在々	1285		501	-18.6282
ザリガニトリ	ザリガニ取り	1285		501	-18.0817
ザイ	財	1298		79	-11.9357
ザコネ	ざこ寝	1283		501	-18.8426
ザンダン	残弾	1285		501	-18.6282
ザカート		1288		199	-14.8921
ザンブツ	残物	1285		501	-17.5418
ザンリュウ	残溜	1285		501	-18.6282
ザキャ	咲きゃ	677		228	-17.6110
ザンパイ	惨敗	1283		178	-11.6445
ザキ		1285		462	-17.8906
ザ・プレミアム・モルツ		1288		274	-14.4296
ザイ	坐位	1285		501	-18.6282
ザッザッ	ざっざっ	1281		501	-17.1576
ザーラザラ	ざーらざら	1281		501	-17.6734
ザメン	覚めん	620		91	-18.4227
ザイアクカン	罪悪感	1288		252	-10.7947
ザラシ	晒し	735		438	-17.7286
ザッブーン	ざっぶーん	1281		501	-17.6734
ザメ	鮫	1285		499	-18.4217
ザコウジ	座光寺	1290		371	-17.7354
ザイク	罪垢	1285		501	-18.6282
ザツダンワク	雑談枠	1283	1298	17	-13.2419
ザット	that	1285		121	-17.9351
ザイ	財	1285		79	-11.9461
ザスカイ	the sky	1288		367	-14.6928
ザン	攅	1288		501	
ザメン	座面	1285	1298	17	-12.9220
ザッバーン	ざっばーん	1281		501	-17.6734
ザイン		1285		273	-14.3645
ザイセイジョウキョウ	財政状況	1285		17	-13.0217
ザウ	座右	1285		323	-18.6282
ザシ	刺し	1298		60	-12.2515
ザカイ	界	1285		356	-19.6398
ザッシ	雑志	1285		501	-18.6282
ザケ	酒	1285		75	-18.3871
ザッケン	雑件	1285		501	-17.7303
ザイカ	在荷	1283		501	-17.9397
ザンゲ	懴悔	1283		501	-18.0694
ザイセイリョクシスウ	財政力指数	1288		248	-14.7801
ザンカン	残巻	1285		501	-18.6282
ザツコ	雑胡	1285		501	-18.6282
ザマ		1285		222	-14.6773
ザマシ	覚し	1285		501	-16.9379
ザレゴトシリーズ	戯言シリーズ	1288		396	-14.9224
ザ・ビッグ		1288		35	-14.1256
ザイタクワーク	在宅ワーク	1288		152	-11.7879
ザンリュウアラソイ	残留争い	1288		178	-13.7228
ザンギョウツヅキ	残業続き	1283	1298	17	-13.4677
ザメツ	挫滅	1283		457	-18.0694
ザ	THE	1290		122	-16.0110
ザビギニング	The Beginning	1288		376	-14.8132
ザアザア	ざあざあ	1281		501	-15.5187
ザカリザカリ	盛り盛り	1298		17	-13.0317
ザサン	The Sun	1292		367	-13.2203
ザブングル		1288		89	-14.0802
ザイシツ	在室	1283		501	-15.7276
ザル	ざる	1285		282	-12.5902
ザイジュウシャ	在住者	1288		501	-13.2204
ザセツ	挫折	1283		182	-10.4464
ザンザン	ざんざん	1281		501	-15.6652
ザマ	樣	1288		501	
ザアー	ざあー	1281		501	-17.6734
ザツエキ	雑益	1285		501	-18.4767
ザッショウ	雑掌	1285		501	-18.6282
ザセキシテイ	座席指定	1285	1283	17	-12.5511
ザツナ	雑な	1287	454	17	-11.1113
ザンコクナテンシノテーゼ	残酷な天使のテーゼ	1288		478	-14.8628
ザ	左	1288		501	
ザイガクジ	在学時	1283	1305	17	-13.2463
ザンコウ	残鉱	1285		501	-18.6282
ザット	ザッと	1281		501	-12.6214
ザンゲツ	残月	1285		3	-15.6983
ザレジェンド	The Legend	1288		376	-14.5495
ザイセイホウ	財政法	1288		86	-14.8028
ザイセイキキ	財政危機	1288		422	-13.7721
ザスクウェア	THE SQUARE	1289		180	-13.6074
ザイメツ	罪滅	1285		501	-18.6282
ザイチュウ	在沖	1285		501	-18.6282
ザナルカンド		1285		212	-15.0729
ザッシ	雑誌	1285		201	-9.1564
ザナイ	座内	1285		501	-18.6282
ザントウ	残燈	1285		501	-18.6282
ザイニチガイコクジン	在日外国人	1288		42	-13.5599
ザイヒ	財匪	1285		501	-18.6282
ザッソウ	雑草	1285		116	-11.8838
ザタイマーズ	ザ・タイマーズ	1289		122	-19.2410
ザイニン	罪人	1285		252	-12.5094
ザンガン	巉巖	1285		501	-18.6282
ザセヨ	座せよ	589		3	-12.6852
ザッポン	雑本	1285		501	-18.6282
ザン	暫	1288		501	
ザセキ	座席	1285		414	-10.0187
ザイキョウ	在京	1283		305	-12.0084
ザグ	座具	1285		501	-18.6282
ザンシン	讒臣	1285		501	-17.6588
ザンキ	残気	1285		501	-18.6282
ザス	ざす	1281		113	-17.6734
ザイシュク	在宿	1283		501	-17.2003
ザンス	竄す	584		501	-15.9117
ザカタ	座方	1285		501	-17.4708
ザツミ	雑味	1285		501	-18.6282
ザセ	ざせ	729		113	-11.6940
ザンシロ	ざんしろ	588		501	-12.4958
ザンピョウ	残氷	1285		501	-18.6282
ザネ	眞	1288		501	
ザイチョウカンニン	在庁官人	1288		464	-13.5344
ザイセキジ	在籍時	1283	1305	17	-12.4003
ザブリ	ざぶり	1281		501	-17.6734
ザマシ	座間市	1293		82	-13.2148
ザンネン	残念	1287		17	-7.4976
ザッコク	ざっこく	1285		501	-18.9467
ザンユ	残油	1285		501	-18.6282
ザツニュウ	雑入	1285		501	-18.6282
ザツゼイ	雑税	1285		275	-16.4723
ザタイム	the time	1288		461	-14.4601
ザ・ベストテン		1288		476	-12.9571
ザ	鹿	1288		501	
ザレン	戯れん	620		51	-12.6440
ザンサイ	残債	1285		501	-18.6282
ザイ	祭	1288		501	
ザサン	the sun	1292		376	-13.4998
ザツ	雑	1285		395	-11.7364
ザルプ		1293		501	-15.9091
ザイフツ	在仏	1285		126	-18.6282
ザイケイ	剤型	1285		501	-18.7236
ザンゲン	ざん言	1283		501	-18.8426
ザイダンホウジン	財団法人	1292		300	-9.8683
ザン	慚	1288		501	
ザンチ	残置	1283		375	-14.0956
ザル	猨	1285		501	-18.8289
ザイニンチュウ	在任中	1288		215	-12.1399
ザンシ	惨死	1283		501	-16.1987
ザンベジ		1293		484	-15.3982
ザガ	坐臥	1285		501	-18.6282
ザマ	様	1285		66	-15.3858
ザムライ	侍	1285		74	-18.2975
ザンゲン	讒言	1283		133	-12.4475
ザンネンデシ	残念でし	1287	466	17	-11.1923
ザコツシンケイツウ	坐骨神経痛	1288		192	-14.2937
ザツギ	雑伎	1285		501	-18.6282
ザク	ざく	1285		437	-13.8811
ザングサ	ざん草	1285		501	-19.2344
ザイニンキカン	在任期間	1283	1285	17	-13.0250
ザツギダン	雑技団	1288		406	-14.6950
ザギ	座技	1285		501	-18.6282
ザコツ	坐骨	1285		183	-18.6282
ザイサンク	財産区	1288		18	-14.2136
ザメヨ	覚めよ	624		91	-18.4223
ザイライセン	在来線	1288		469	-11.0540
ザバ	ざば	1281		501	-14.9924
ザイガイ	在外	1285		209	-13.3761
ザテツ	坐徹	1283		501	-18.0694
ザールブリュッケン		1293		463	-13.2311
ザイカタ	在方	1285		275	-15.7844
ザイムショウ	財務相	1288		215	-13.2152
ザッショク	雑色	1285		403	-15.2186
ザルカーウィー		1285		326	-15.3426
ザイバン	在番	1285		501	-18.6282
ザラメ	ざらめ	1285		501	-14.9032
ザイカン	在韓	1288		171	-14.8506
ザセキシテイセキ	座席指定席	1288		426	-14.2258
ザシ	指し	1285		390	-10.0233
ザボン	朱欒	1285		501	-16.3914
ザイジュウノ	在住の	1283	368	17	-11.1360
ザイタクイリョウ	在宅医療	1288		402	-14.6374
ザンテイセイフ	暫定政府	1288		326	-13.3948
ザンテイゼイリツ	暫定税率	1288		286	-14.4515
ザワツケ	ざわつけ	675		501	-11.1294
ザ・ウォール		1288		180	-14.5927
ザオ	ざお	1300		256	-18.5295
ザコウ	座高	1285		29	-14.6474
ザワリ	ざわり	1281		501	-17.6734
ザンコウ	暫行	1285		501	-18.6282
ザイムカン	財務官	1288		265	-13.6936
ザンリツ	残率	1285		501	-18.6282
ザイニチベイグンキチ	在日米軍基地	1288		171	-14.3851
ザスレ	坐すれ	581		501	-14.0342
ザイセイトウユウシ	財政投融資	1292		286	-13.1690
ザリガニトリ	ざりがに取り	1285		501	-19.2344
ザキ	岬	1288		501	
ザンス	讒す	584		501	-15.9117
ザラツキ	ざらつき	1285		29	-19.2344
ザ・ロック		1288		141	-14.0604
ザンルイ	残塁	1283		377	-14.6764
ザシャ	坐しゃ	730		32	-14.0076
ザ・フェデラリスト		1288		59	-15.0041
ザンダカ	残高	1285		286	-11.8491
ザンチ	残地	1285		501	-18.6282
ザンテイオウザ	暫定王座	1288		250	-14.0923
ザセ	坐せ	729		32	-14.0007
ザツノウ	ざつのう	1285		501	-18.9467
ザイリョウ	ざいりょう	1285		501	-18.8289
ザセヨ	ざせよ	589		501	-14.7429
ザンピン	残品	1285		501	-18.1929
ザッピン	雑品	1285		501	-16.7060
ザット	ざっと	1281		163	-10.7028
ザワザワザワ	ざわざわざわ	1281		501	-16.2997
ザンギャク	残虐	1285		66	-12.7046
ザイコギレ	在庫切れ	1288		118	-13.6112
ザクツ	挫屈	1285		501	-18.6282
ザンマイ	ざんまい	1285		54	-15.0997
ザオウドウ	蔵王堂	1288		358	-14.7736
ザイノウ	財嚢	1285		501	-17.8906
ザン	棧	1288		501	
ザツダンカイ	雑談会	1283	1298	17	-11.8367
ザレ	ざれ	483		47	-7.3936
ザス	坐す	584		501	-14.0399
ザンギエフ		1289		26	-13.2997
ザンテイニシャセン	暫定2車線	1288		129	-12.6623
ザルアゲ	ざる上げ	1283		501	-19.0249
ザンエイ	残影	1285		501	-18.6282
ザラシ	晒し	1285		155	-17.7569
ザセ	ざせ	734		113	-11.7001
ザッケ	雑華	1289		501	-17.9060
ザト	ざと	1285		36	-19.6398
ザワツケ	ざわつけ	685		501	-11.1282
ザシ	刺	1298		333	-19.2094
ザイサンブンヨ	財産分与	1288		243	-14.6036
ザンゲ	ざんげ	1283		54	-18.8426
ザイモツ	財物	1285		243	-16.2680
ザンコウ	残効	1285		501	-18.6282
ザイベ	財部	1290		330	-13.2881
ザルヲエナイ	ざるを得ない	485	473	17	-10.4729
ザレゴコロ	戯れ心	1285		501	-18.7236
ザワールド	the world	1288		121	-12.7340
ザダル		1285		373	-15.3426
ザシ	差し	1298		60	-13.4779
ザイチュウ	在中	1283		193	-14.1330
ザタ		1283		501	-17.8011
ザァーッ	ざぁーっ	1281		501	-17.6734
ザアーッ	ざあーっ	1281		501	-17.6734
ザンスル	竄する	583		501	-15.9093
ザックリ		1281		501	-12.2191
ザッシコード	雑誌コード	1288		136	-14.4991
ザイサンケン	財産権	1288		456	-13.0551
ザワザワ	ざわざわ	1281		501	-17.6734
ザンネンダケド	残念だけど	1287	301	17	-11.2243
ザワメキ	ざわめき	689		501	-13.4167
ザイシツ	罪質	1285		501	-18.6282
ザクザク	ざくざく	1281		501	-17.6734
ザイヨウ	財用	1285		501	-17.6588
ザラ		1285		417	-12.7878
ザスタイル		1289		501	-13.7789
ザラセ	晒せ	734		438	-17.6527
ザクセンコウ	ザクセン公	1288		501	-13.8001
ザメ	覚め	622		91	-18.4370
ザラッ	ざらっ	1281		501	-17.9611
ザメ	覺	1288		501	
ザ	蓙	1288		501	
ザシキワラシ	座敷わらし	1288		51	-14.7584
ザジョウ	座乗	1283		343	-13.1937
ザル	猴	1285		32	-18.1211
ザヒョウ	座標	1285		447	-11.3928
ザイシャ	在社	1283		406	-15.7964
ザイタクキンム	在宅勤務	1283		17	-11.2247
ザクセンハウゼン		1288		188	-14.9055
ザレゴト	戯れ言	1285		501	-15.1445
ザワメク	騒めく	695		501	-14.6770
ザクセンオウコク	ザクセン王国	1288		463	-14.2190
ザイツカズオ	財津和夫	1289		122	-14.4350
ザイメイ	罪名	1285		243	-14.6569
ザンシヨ	讒しよ	585		501	-15.9075
ザイセイガク	財政学	1288		383	-14.2378
ザシキ	座敷	1285		4	-12.8585
ザッショ	雑書	1285		342	-16.2987
ザイカ	罪科	1285		495	-18.6282
ザキ	咲き	1285		333	-15.7749
ザコバ	ざこば	1291		73	-17.8847
ザラサ	晒さ	733		438	-17.6736
ザイシン	財神	1285		501	-18.6282
ザッタ	ざった	1287		501	-17.6422
ザッコク	雑穀	1285		55	-12.9138
ザイコク	在国	1283		108	-13.8080
ザイフ	在府	1283		108	-14.9974
ザイヤーン		1285		359	-15.2831
ザサ	ざさ	1285		293	-19.6398
ザラ	ざら	1285		437	-13.2932
ザンネツ	残熱	1285		501	-18.6282
ザイゴウ	在郷	1283		275	-18.3275
ザンギドン	ザンギ丼	1285		501	-18.0817
ザギョウ	坐業	1285		501	-18.6282
ザンベジガワ	ザンベジ川	1288		432	-14.5869
ザン	讒	1285		501	-18.6282
ザザ	ざざ	1281		501	-18.1434
ザ・ビーチ・ボーイズ		1289		196	-12.8824
ザギョウ	ざ行	1285		501	-18.9467
ザンガイ	残がい	1285		501	-18.6282
ザワメキ	騒めき	1285		501	-18.7236
ザマン	The Man	1288		367	-14.4065
ザワメカ	ざわめか	683		501	-13.4135
ザコパネ		1293		463	-13.9872
ザバス		1288		501	-15.1345
ザラザラ	ざらざら	1281		333	-13.0064
ザンスカール		1285		160	-14.3792
ザイセイ	在世	1285		10	-16.1079
ザイハン	在阪	1288		305	-12.5098
ザンコクナ	残酷な	1287	454	17	-11.3389
ザック	ZAQ	1289		122	-21.7650
ザイウン	財運	1285		501	-18.6282
ザショウ	座床	1285		501	-18.6282
ザイク	細工	1283		4	-14.1717
ザンブ	ざんぶ	1281		501	-17.6734
ザテレビジョン		1288		201	-14.1616
ザリッ	ざりっ	1281		501	-17.6734
ザンヨウ	算用	1283		395	-18.2364
ザンネンハズレ	残念はずれ	1287	1285	17	-13.1709
ザッソク	雑則	1285		501	-16.5858
ザワメケ	ざわめけ	685		501	-13.4006
ザムラヒ	武らひ	1285		501	-19.0802
ザンサ	残さ	1285		441	-18.7236
ザイニンチュウ	在任中	1283	1305	17	-12.8126
ザンネンデスガ	残念ですが	1287	299	17	-10.6718
ザイ	在	560		265	-9.3805
ザッソ	雑訴	1285		501	-18.6282
ザコツ	座骨	1285		183	-16.0425
ザクギリ	ザク切り	1283		501	-14.0252
ザイリュウ	在留	1283		42	-13.2832
ザイゴウ	在郷	1285		275	-17.4708
ザ	嵳	1288		501	
ザソウ	痤瘡	1285		457	-18.6282
ザケ	咲け	675		228	-17.6178
ザガ	座臥	1285		501	-18.6282
ザキ	崎	1285		3	-18.2832
ザイサンジョウ	財産上	1288		455	-14.3263
ザンカン	慙汗	1285		501	-18.6282
ザシー	the c	1288		121	-12.3323
ザイムショウタンキショウケン	TB	1288		213	-12.5430
ザイガクチュウ	在学中	1288		501	-10.9825
ザクロ		1285		75	-13.8438
ザック	雜句	1285		501	-18.6282
ザツクチ	雑口	1285		501	-18.6282
ザイセキ	在籍	1283		364	-9.3909
ザイセイサイケン	財政再建	1288		79	-12.5659
ザワザワ	ざわざわ	1283		501	-12.7485
ザ	ざ	1285		331	-19.4167
ザレリャ	戯れりゃ	618		51	-12.6250
ザンコク	残酷	1287		66	-10.0956
ザンパイ	暫廃	1285		501	-18.6282
ザイバツカイタイ	財閥解体	1288		298	-13.4861
ザンネン	残ねん	1287		501	-17.5369
ザカリ	盛り	1298		60	-10.8583
ザッタアカ	雑多垢	1287	1285	17	-12.5293
ザンシュ	斬首	1283		193	-12.3528
ザク	尺	1288		501	
ザワツキャ	ざわつきゃ	677		501	-11.1225
ザアラザラ	ざあらざら	1281		501	-17.6734
ザンシャ	ざんしゃ	582		501	-12.4952
ザンゼン	嶄然	1285		501	-18.8289
ザイセ	在世	1285		10	-16.9412
ザンギャク	惨虐	1287		501	-17.4416
ザトウ	ざとう	1285		150	-19.4167
ザ	挫	1288		501	
ザシャ	ざしゃ	730		113	-11.7009
ザイ	眥	1288		501	
ザッカヤ	雑貨屋	1288		290	-13.0859
ザンシャ	讒しゃ	582		501	-15.9060
ザン	三	1288		501	
ザンウン	斬雲	1291		501	-18.1724
ザンサイ	残菜	1285		501	-18.6282
ザイコフッカツ	在庫復活	1283		17	-12.9610
ザイハン	在判	1285		501	-18.6282
ザンキョウ	残俠	1285		501	-18.6282
ザンネンナ	残念な	1287	454	17	-10.5161
ザンネンショウ	残念賞	1288		163	-14.8405
ザ・コブラ		1288		141	-14.9829
ザイ	西	1288		501	
ザイカ	材価	1285		501	-18.6282
ザトウ	座頭	1285		74	-15.4258
ザラ	ざら	1287		437	-18.0477
ザ・ベスト・オブ		1288		448	-14.8405
ザイカンベイグン	在韓米軍	1292		53	-12.4541
ザイバツ	財閥	1285		269	-12.1982
ザッキョ	雑居	1283		3	-13.9165
ザンブ	残部	1285		489	-14.6950
ザコウ	座光	1285		501	-18.6282
ザイ	座位	1288		137	-13.5740
ザイ	座位	1285		137	-18.6282
ザ	座	1285		124	-10.3635
ザキヤマ		1288		244	-14.0855
ザマ	ざま	1305		437	-16.9629
ザカリ	ざかり	1285		150	-19.9275
ザイハク	在伯	1285		501	-18.6282
ザツソン	雑損	1285		501	-18.6282
ザルアタマ	笊頭	1285		501	-18.7236
ザケル	咲ける	619		501	-18.4303
ザーサイ	ザー菜	1285		501	-17.8481
ザラザラッ	ざらざらっ	1281		501	-17.6734
ザイ	ざい	1298		331	-19.2094
ザン	残	1285		283	-11.8351
ザンヒ	殘碑	1283		501	-18.0694
ザシ	注し	1285		395	-19.2344
ザネ	真	1288		501	
ザンソ	讒訴	1283		133	-14.7792
ザモスト	the most	1288		121	-14.0517
ザイセキシ	在籍し	1283	610	17	-10.7510
ザバー	ざばー	1281		501	-17.1576
ザイム	Zaim	1288		501	-14.0887
ザアアアアッ	ざああああっ	1281		501	-17.6734
ザンム	残夢	1285		501	-17.3126
ザブ	三	1288		501	
ザ・シーク		1289		141	-13.4332
ザイ	才	1288		501	
ザートムセンチョウ	ザートム船長	1289		122	-17.0180
ザイ	在	1285		265	-13.1157
ザイ	栽	1288		501	
ザイカ	在貨	1285		501	-18.6282
ザシ	差	1288		501	
ザンニン	残任	1285		472	-15.9081
ザイニチコリアン	在日コリアン	1288		42	-14.0878
ザグリ	座繰り	1285		501	-18.6282
ザイロウ	在廊	1283		501	-14.2251
ザラエ	ざらえ	1285		501	-19.6398
ザンリョウ	残量	1285		501	-13.3480
ザイシュ	罪種	1285		501	-18.6282
ザイク	細工	1285		4	-13.2188
ザイケイ	罪刑	1285		501	-18.6282
ザリガニトリ	ざりがにとり	1285		501	-19.2344
ザグレートカブキ	ザ・グレート・カブキ	1289		122	-21.7010
ザビートルズ	The Beatles	1289		367	-13.2295
ザン	参	1288		501	
ザラン	ざらん	1281		495	-14.7858
ザク	冊	1288		501	
ザセキシャ	座席車	1288		426	-13.0069
ザルソバ	ザルそば	1285		501	-18.0817
ザンソ	ざん訴	1283		501	-18.8426
ザミ	三味	1285		501	-18.5412
ザラシ	曝布	1285		501	-19.0802
ザイエキ	在役	1283		501	-16.6270
ザマ	ざま	1285		437	-12.5704
ザイエイ	在英	1285		215	-18.7236
ザッツ		1288		302	-14.9431
ザンザカ	ざんざか	1281		501	-17.3018
ザンカ	残火	1285		501	-16.8548
ザイン	座員	1285		449	-13.6918
ザシ	差し	1285		60	-13.4779
ザンテイオウジャ	暫定王者	1288		250	-13.9843
ザギ	崎	1288		501	
ザジョウ	坐乗	1283		501	-18.0694
ザト	里	1285		3	-18.7236
ザンコウ	残口	1291		501	-18.1724
ザボウ	座亡	1285		501	-18.6282
ザカヤ	酒屋	1285		311	-18.9467
ザイゴク	在獄	1283		501	-18.0694
ザッコウ	雑交	1283		501	-16.9305
ザンケイ	斬刑	1285		501	-18.6282
ザッソケツダンジョ	雑訴決断所	1288		108	-14.6676
ザンシュ	斬首	1285		193	-14.8528
ザ・スターリン		1289		67	-13.0214
ザクリ	座繰	1285		501	-18.6282
ザツゼント	雑然と	1281		114	-13.9795
ザツ	襍	1288		501	
ザレロ	戯れろ	623		51	-12.6438
ザット	ZAT	1288		190	-14.7446
ザガネ	座金	1285		289	-15.5606
ザッシノ	雑誌の	1285	368	17	-10.9571
ザサ		1285		501	-18.1929
ザグザグ	ざぐざぐ	1281		501	-17.6734
ザンゾウ	残像	1285		60	-13.2985
ザイセイセイサク	財政政策	1288		79	-12.8094
ザイリ	財利	1285		501	-18.6282
ザマアミロ	ざまあみろ	3		501	-12.8834
ザンシ	ざんし	587		501	-12.5042
ザンスカールテイコク	ザンスカール帝国	1288		190	-14.0019
ザボウ	坐忘	1285		501	-18.6282
ザンゴウ	塹壕	1285		411	-12.7855
ザメ	覚め	625		91	-18.5044
ザッカテン	雑貨店	1288		442	-12.9025
ザッキ	雑器	1285		501	-18.6282
ザミュージック	the music	1289		376	-13.5896
ザレル	戯れる	619		51	-12.6517
ザイゼン	財前	1290		344	-11.3869
ザツショトク	雑所得	1288		286	-14.7065
ザ	三	1288		501	
ザネ	實	1288		501	
ザイジョウ	罪状	1285		243	-13.1473
ザロン	座論	1285		501	-18.6282
ザコツ	挫骨	1285		501	-18.6282
ザ	砂	1288		501	
ザイシツ	材質	1285		270	-11.7337
ザメル	覚める	619		91	-13.2380
ザコ		1285		26	-13.4580
ザルヲエ	ざるを得	485	622	17	-10.0563
ザヲ	座を	1285	156	17	-11.3185
ザイイチュウ	在位中	1283	1305	17	-13.2119
ザシャ	坐しゃ	582		501	-14.0342
ザ	座	1298		124	-10.0927
ザイセン	在鮮	1285		501	-18.6282
ザソウ	挫創	1285		501	-18.6282
ザンマイ	三昧	1285		32	-13.3420
ザワツキ	ざわつき	689		501	-11.1443
ザグレート	The Great	1288		367	-13.6051
ザンヒ	残碑	1283		501	-18.0694
ザァー	ざぁー	1281		501	-17.6734
ザツカブ	雑株	1285		501	-18.6282
ザラスシュトラ		1288		189	-14.2292
ザイコカクニン	在庫確認	1283		17	-13.3748
ザットウ	雑豆	1285		501	-18.6282
ザラ	皿	1300		60	-17.0255
ザイケイ	剤形	1288		257	-14.9706
ザクラ	桜	1285		228	-18.3871
ザットウ	雑踏	1283		290	-13.3463
ザー	ざー	1281		80	-12.2322
ザンゲ	懺悔	1283		495	-12.4322
ザタ	ざた	1283		501	-19.2480
ザト	鄕	1288		501	
ザンカク	斬獲	1283		501	-18.0694
ザツダン	ざつだん	1283		501	-18.8426
ザリガニトリ	ザリガニ捕り	1285		501	-18.0817
ザイト	在都	1285		501	-18.6282
ザックリ		1285		501	-15.0452
ザンテイソチ	暫定措置	1288		494	-14.0549
ザオリジナル	the original	1288		398	-14.9278
ザンシン	残心	1285		137	-18.6282
ザイショウ	罪償	1285		501	-18.6282
ザンギリ	ざん切り	1285		501	-18.9467
ザンショク	残燭	1285		501	-18.1929
ザクギリ	ざく切り	1283		501	-12.3904
ザコ	雑魚	11		26	-13.6108
ザツイ	雑い	19		501	-17.5299
ザイハン	在藩	1285		501	-18.6282
ザフト		1288		190	-12.3045
ザレ	戯れ	625		51	-12.7257
ザワッ	ざわっ	1281		501	-17.6734
ザラシャ	晒しゃ	730		438	-17.6536
ザッピング		1288		476	-13.7317
ザキ	咲	1285		370	-19.0802
ザマミィ	ザ・マミィ	1289		122	-12.9280
ザカ	坂	1285		231	-16.8140
ザンイ	残胃	1285		501	-18.6282
ザ・ゴール		1288		501	-14.7631
ザグ		1289		166	-13.8518
ザスト		1285		501	-15.1284
ザ・グレート・カブキ		1289		141	-13.5869
ザツネン	雑念	1285		54	-13.4150
ザユウノメイ	座右の銘	1285		17	-12.6669
ザイコカンリ	在庫管理	1288		486	-13.5426
ザショク	坐食	1283		501	-18.0694
ザリ	ざり	1281		495	-17.6734
ザンギー		1288		273	-13.3727
ザイ	摧	1288		501	
ザンサツ	惨殺	1283		490	-12.7119
ザレ	戲	1288		501	
ザイ	斎	1288		501	
ザルダ	笊田	1285		501	-18.7236
ザレゴト	戲れごと	1285		501	-18.7236
ザス	座す	584		3	-12.6908
ザイ	寨	1288		501	
ザンサ	残差	1285		447	-18.6282
ザンネンナガララクセン	残念ながら落選	1287	1283	17	-10.4580
ザンネンナガラハズレ	残念ながらはずれ	1287	1285	17	-10.4455
ザカ	座下	1285		501	-17.5986
ザツ	雜	1288		501	
ザイヒ	在比	1285		501	-18.6282
ザ・ドリフターズ		1289		409	-12.2000
ザフューチャー	the future	1288		121	-14.8237
ザッショク	雑食	1283		116	-12.2491
ザンサ	残査	1285		501	-18.6282
ザ・ボス		1289		164	-13.9023
ザイフク	在福	1291		305	-18.1724
ザジェイウォーク	THEJAYWALK	1289		122	-21.2030
ザイダン	財団	1285		300	-11.0043
ザ・ワールド		1288		203	-13.7383
ザンゲキ	斬撃	1285		501	-13.8903
ザイショ	在所	1285		238	-13.8552
ザンギョウカクテイ	残業確定	1283		17	-13.4010
ザチ	坐知	1289		501	-17.9060
ザ・バットマン		1288		501	-14.5796
ザ		1285		203	-11.6329
ザワメキ	ざわめき	1285		418	-14.0990
ザツニ	雑に	1287	329	17	-11.2643
ザン	懺	1288		501	
ザンニン	ざんにん	1287		501	-18.0477
ザイヤ	在野	1285		323	-13.3035
ザイ	眦	1288		501	
ザンニュウ	竄入	1283		501	-17.6899
ザイリ	座入り	1285		501	-18.6282
ザルゴ	笊碁	1285		501	-18.6282
ザンセヨ	竄せよ	589		501	-15.9060
ザシャ	座しゃ	582		3	-12.6852
ザ・ビートルズ		1292		196	-11.5936
ザイチョウ	在朝	1283		76	-15.9996
ザック	雑句	1285		501	-18.6282
ザン	算	1298		395	-19.2094
ザブーム	THE BOOM	1289		67	-13.8394
ザンザイ	残材	1285		501	-18.6282
ザメ	覚	1288		501	
ザントウ	残党	1285		411	-11.9619
ザンサイ	残さい	1285		501	-18.6282
ザス	ざす	584		501	-14.7485
ザンカン	斬姦	1285		501	-18.6282
ザトウイチ	座頭市	1289		477	-12.9401
ザシロ	ざしろ	588		501	-14.7435
ザイ		1285		113	-18.0817
ザン	懴	1288		501	
ザイリュウシカク	在留資格	1288		455	-13.5599
ザルアタマ	ざる頭	1285		501	-19.2344
ザキ		1289		462	-16.6822
ザセ	坐せ	734		32	-14.0067
ザ・キング・オブ・ファイターズ		1288		415	-13.6581
ザメン	座面	1285		501	-18.6282
ザンネン	残年	1285		501	-18.3451
ザラメ		1285		487	-14.7769
ザザイ	座剤	1285		501	-18.6282
ザイギョウ	罪行	1285		501	-18.6282
ザイカイ	財界	1285		131	-12.3142
ザ・ヒューマン		1288		476	-14.6634
ザキ	咲き	689		228	-15.7749
ザイカン	材鑑	1285		501	-18.6282
ザッカ	雑貨	1285		442	-11.8389
ザッツザプレンティ		1288		303	-15.4918
ザンイ	慙恚	1285		501	-18.6282
ザーボン		1288		26	-14.8868
ザワールド	THE WORLD	1288		40	-14.1980
ザシ	刺し	1285		60	-12.5559
ザンギョウテアテ	残業手当	1288		474	-14.7059
ザス	坐洲	1283		501	-18.0694
ザイゾク	在俗	1285		325	-14.7476
ザセキ	坐席	1285		501	-18.6282
ザイサン	財産	1285		474	-10.3859
ザン	戔	1288		501	
ザイリョク	財力	1285		252	-12.8136
ザイムジョウキョウ	財務状況	1288		501	-13.7725
ザサ	ざさ	733		293	-11.6960
ザイセイアカジ	財政赤字	1288		422	-13.0936
ザイゴ	在五	1289		501	-17.9060
ザッパイ	雑俳	1285		465	-16.6823
ザツダンハイシン	雑談配信	1283		17	-12.2735
ザゼン	坐禅	1285		365	-13.2897
ザレゴト	ざれ言	1285		501	-19.0802
ザブザブッ	ざぶざぶっ	1281		501	-17.6734
ザルソバ	ざるそば	1285		54	-14.7800
ザイゼンカズオ	財津和夫	1289		223	-13.6570
ザイセキチュウ	在籍中	1283	1305	17	-12.4857
ザツキ	座付き	1285		477	-15.1890
ザイ	材	1298		270	-9.3559
ザメリャ	覚めりゃ	618		91	-18.4036
ザカン	座棺	1285		501	-16.6073
ザン	慙	1288		501	
ザッコウ	雑考	1285		501	-16.5858
ザン	慘	1288		501	
ザツグン	雑軍	1285		501	-18.6282
ザツエイ	雑詠	1285		57	-16.9153
ザヒョウジク	座標軸	1285		447	-15.0493
ザンキ	慙愧	1283		501	-16.2473
ザンニン	残忍	1287		66	-12.0537
ザッシュウ	雑集	1285		501	-18.6282
ザセツケイケン	挫折経験	1283		17	-13.3395
ザブトン	座布団	1285		60	-12.7029
ザイゴウ	罪業	1285		495	-15.3257
ザクラ	ざくら	1285		501	-18.9467
ザツノウ	雑囊	1285		501	-18.6282
ザバリ	ざばり	1281		501	-17.6734
ザ・フー		1289		196	-13.4620
ザンスレ	讒すれ	581		501	-15.9060
ザウバー		1288		421	-13.2111
ザコ	咲こ	681		228	-17.6140
ザイゴウグンジン	在郷軍人	1288		123	-14.6166
ザンエキ	残液	1285		501	-18.6282
ザワザワ		1283		501	-13.0338
ザクロ	ざくろ	1285		256	-14.7047
ザキ	嵜	1288		501	
ザラメ	粗目	1285		501	-15.7238
ザツダン	雑談	1283		451	-10.2239
ザイツ	財津	1290		67	-13.0819
ザザッ	ざざっ	1281		501	-17.6734
ザッパク	雑ぱく	1287		501	-17.5369
ザッシ	ざっし	1285		396	-18.9467
ザシヨ	坐しよ	585		501	-14.0357
ザツ	雑	1287		395	-9.9502
ザッセン	雑剪	1285		501	-18.6282
ザルメシ	笊飯	1285		501	-19.4167
ザケ	ざけ	1285		150	-18.9467
ザンテイテキ	暫定的	1283	1299	17	-12.6305
ザンジツ	残日	1285		501	-19.2344
ザ・フー		1288		196	-13.0853
ザッピツ	雑筆	1285		501	-17.6588
ザクザク	ざくざく	1282		501	-13.0658
ザソ	ざそ	732		113	-11.7020
ザイタイ	在台	1285		126	-18.7236
ザクッ	ざくっ	1281		501	-17.6734
ザイセイテキ	財政的	1285	1299	17	-12.5604
ザッパ		1290		196	-12.9321
ザンセヨ	讒せよ	589		501	-15.9060
ザ・スパイダース		1289		67	-13.3053
ザク		1285		190	-12.6177
ザイムダイジン	財務大臣	1292		215	-11.2112
ザク	咲く	695		228	-14.4539
ザチョウコウエン	座長公演	1288		172	-14.5652
ザンテイ	暫定	1283		436	-10.7535
ザギョウ	座業	1285		501	-16.9153
ザハ	座波	1290		76	-17.7354
ザタク	座卓	1285		501	-18.6282
ザテツ	座徹	1283		501	-18.0694
ザイ	載	1288		501	
ザユウ	座右	1285		323	-15.4065
ザシ	座し	587		3	-12.6942
ザマシ	ざまし	1285		501	-19.6398
ザグレブ		1293		463	-11.8196
ザショウ	坐礁	1283		501	-18.0694
ザラス	ざらす	731		501	-17.6572
ザンギリ	ザン切り	1285		501	-18.0304
ザンム	残務	1285		265	-14.1435
ザイキン	在勤	1283		265	-13.5725
ザラ		1300		417	-16.5836
ザンネンダッタ	残念だった	1287	435	17	-11.4038
ザラス	晒す	731		438	-12.5351
ザ・トゥナイト・ショー		1288		476	-14.7332
ザンベン	残便	1285		501	-18.6282
ザーサイ		1288		93	-14.3824
ザーッ	ざーっ	1281		501	-17.6734
ザイショウ	罪證	1285		501	-18.6282
ザッシキ	雑識	1285		501	-18.6282
ザマミ	座間見	1290		501	-17.7354
ザンスル	ざんする	583		501	-12.4984
ザバーッ	ざばーっ	1281		501	-17.6734
ザイク	罪苦	1285		501	-18.6282
ザックザク	ざっくざく	1281		501	-15.3485
ザレゴト	戯れ事	1285		501	-18.7236
ザッパク	雑駁	1287		501	-17.5369
ザンケイ	残刑	1285		501	-18.6282
ザラ	ざら	1300		437	-17.4309
ザップ		1288		22	-13.4881
ザヤク	坐薬	1285		457	-18.6282
ザイリョウヲ	材料を	1285	156	17	-10.6121
ザセキテイイン	座席定員	1285		17	-13.4853
ザシアン		1288		501	-13.8852
ザンデ		1289		167	-14.7296
ザカ	酒	1288		501	
ザスル	座する	583		3	-12.6884
ザリザリ	ざりざり	1281		501	-14.6517
ザシロ	坐しろ	588		501	-14.0348
ザンカ	残花	1285		501	-16.8244
ザト	郷	1285		72	-19.0802
ザシ	坐視	1283		501	-18.0694
ザイムショヒョウ	財務諸表	1285		455	-13.4576
ザツム	雑務	1285		42	-13.4543
ザイライ	在来	1285		319	-12.0796
ザファースト	THE FIRST	1288		415	-13.1914
ザック		1285		25	-13.0420
ザルゴ	ざる碁	1285		501	-18.9467
ザマス		1289		26	-12.6622
ザヨク	坐浴	1285		501	-18.6282
ザンネンナガラ	残念ながら	1287	314	17	-9.2070
ザゾウ	坐像	1285		435	-13.5852
ザリ	ざり	488		495	-5.7514
ザイール		1294		19	-12.0441
ザツブン	雑文	1285		59	-14.2609
ザワワ	ざわわ	1281		501	-14.9941
ザイケイ	財形	1285		486	-14.5519
ザイセキシテ	在籍して	1283	307	17	-11.1363
ザイショク	材色	1285		501	-18.6282
ザヤク	座薬	1285		457	-14.4114
ザク		1288		190	-16.7739
ザゼン	座禅	1283		32	-13.1007
ザイニン	在任	1283		46	-11.1175
ザンシロ	讒しろ	588		501	-15.9066
ザンギリ	散切り	1285		501	-16.7776
ザッコクマイ	雑穀米	1288		501	-14.1629
ザ	沙	1288		501	
ザンブ	讒誣	1285		501	-18.6282
ザンネンデスガハズレ	残念ですがハズレ	1287	1285	17	-11.1474
ザイ	劑	1288		501	
ザンスレ	竄すれ	581		501	-15.9060
ザイニチ	在日	1283		216	-12.1516
ザイニチベイグン	在日米軍	1288		171	-12.7894
ザンマ	斬真	1290		501	-17.7354
ザットウ	雑沓	1283		501	-18.0694
ザマシ	覚まし	1285		91	-10.5624
ザツオン	雑音	1285		339	-12.3153
ザイク	ざいく	1283		501	-19.2480
ザグミ	座組	1288		501	-14.8230
ザンキョウ	残侠	1285		501	-18.6282
ザリガニ	ざりがに	1285		501	-17.4098
ザイダン	在団	1285		501	-18.6282
ザラセ	晒せ	729		438	-17.6467
ザンキ	ざんき	1283		293	-18.8426
ザットウ	雜閙	1283		501	-18.0694
ザオヤ	座親	1290		501	-17.7354
ザイク	細工	1298		4	-11.7093
ザザイ	坐剤	1285		501	-18.6282
ザッチ	雑地	1285		501	-18.6282
ザレウタ	ざれ歌	1285		501	-19.2344
ザンコツ	残骨	1285		501	-18.6282
ザ・ピーナッツ		1289		478	-12.8246
ザイセイシュツドウ	財政出動	1288		422	-13.7552
ザサ	坐さ	733		32	-14.0277
ザンシロ	竄しろ	588		501	-15.9066
ザンギク	残菊	1285		501	-17.4708
ザンリュウノウヤク	残留農薬	1288		257	-14.8405
ザブルー	The Blue	1288		501	-14.7321
ザイカ	財貨	1285		275	-14.2818
ザッピ	雑費	1285		474	-14.5312
ザイソク	催促	1283		133	-14.7383
ザラブセイジン	ザラブ星人	1289		26	-13.6924
ザスパクサツ	ザスパ草津	1288		372	-14.4502
ザマ		1288		222	-14.2771
ザルソバ	ざる蕎麦	1285		75	-19.2344
ザンペン	残片	1285		392	-16.8518
ザイヨウ	在鎔	1291		501	-18.1724
ザ・デストロイヤー		1289		141	-13.7170
ザカ	坂	1293		231	-13.4081
ザイカン	在官	1283		403	-14.9016
ザンゲキ	斬撃	1283		501	-18.0694
ザブ		1289		113	-17.9060
ザショウ	挫傷	1283		337	-14.2354
ザサ	坐作	1285		501	-18.6282
ザットウ	雑閙	1283		501	-18.0694
ザイゲンカクホ	財源確保	1285	1283	17	-13.4913
ザメ		1285		54	-14.9740
ザ・シンプソンズ		1288		415	-14.3263
ザックバラン	ざっくばらん	1287		66	-12.3763
ザッコン	雑婚	1283		501	-17.0790
ザショウ	座牀	1285		501	-18.6282
ザイキョウ	在京	1291		305	-17.6615
ザツサ	雑さ	1288		501	-14.3430
ザコ	ざこ	1285		150	-13.6901
ザンゴウ	塹濠	1285		501	-18.6282
ザンヨ	残余	1285		275	-13.6610
ザル		1285		499	-11.9862
ザワメイ	ざわめい	687		501	-13.4554
ザラツク	ザラつく	695		501	-13.5784
ザンガイ	残骸	1285		320	-12.2136
ザンシン	斬新	1287		169	-10.2463
ザンセツ	残屑	1285		501	-18.6282
ザム		1288		501	-16.8460
ザイセイナン	財政難	1285		422	-12.2550
ザツガッ	雑学	1285		451	-14.9372
ザラシ	晒	1285		4	-19.0802
ザンヤ	残夜	1285		501	-18.0923
ザンギョウ	残業	1283		42	-10.4430
ザカイ	境	1285		176	-19.0802
ザス	ざす	731		113	-11.7046
ザッキ	雑記	1283		342	-12.0057
ザンギ		1288		501	-14.3210
ザツボク	雑木	1285		93	-15.4218
ザイムキョク	財務局	1292		265	-12.0416
ザッコ	ざっこ	1281		501	-15.7977
ザイトウ	在唐	1285		501	-18.6282
ザモト	座本	1285		501	-18.6282
ザクロ	石榴	1285		487	-15.8636
ザスル	ざする	583		501	-14.7461
ザイログ		1288		315	-14.9606
ザンテイ	暫定	1285		436	-18.3871
ザンスウ	残数	1285		501	-18.6282
ザレヨ	戯れよ	621		51	-12.6469
ザツゼン	雑然	1285		390	-14.2581
ザブザブ	ざぶざぶ	1281		501	-14.7303
ザイアクカン	罪悪感	1285	1298	17	-12.8281
ザイセキ	罪責	1285		243	-15.6217
ザレウタ	ざれ唄	1285		501	-19.2344
ザ		1288		203	-14.0350
ザラ		1287		417	-17.0669
ザワツカ	ざわつか	683		501	-11.1411
ザイリュウ	在琉	1285		501	-18.6282
ザラツイ	ざらつい	687		29	-13.4927
ザシ		1285		501	-18.3181
ザッ	ざっ	1281		437	-12.2854
ザンセイ	残星	1291		501	-18.1724
ザイ	材	1285		270	-12.5804
ザイリョウコウガク	材料工学	1288		239	-14.4342
ザラセ	ざら瀬	1285		501	-19.2344
ザメロ	覚めろ	623		91	-18.4225
ザワン	the one	1288		121	-14.6272
ザイ	剤	1298		257	-9.3710
ザイニチチョウセンジン	在日朝鮮人	1288		216	-12.9056
ザイケイホウテイシュギ	罪刑法定主義	1288		456	-13.8845
ザサ	座さ	586		3	-12.7712
ザイキ	財規	1285		501	-18.6282
ザイセイシシュツ	財政支出	1288		79	-13.4155
ザムライ	ざむらい	1285		150	-19.6398
ザックリ	ざっくり	1281		256	-9.7289
ザタイムズ	The Times	1288		15	-14.9203
ザマァ	ざまぁ	1288		501	-13.6243
ザイム	財務	1285		79	-11.5305
ザンニン	惨忍	1287		501	-17.4416
ザン	斬	1285		395	-18.6282