ズルコ	ズル子	1291		501	-16.6319
ズポッ	ずぽっ	1281		501	-17.6734
ズイリョウ	推諒	1283		501	-18.1494
ズケラン	端慶覧	1293		501	-17.7008
ズバーッ	ズバーっ	1281		501	-16.9196
ズットオモッ	ずっと思っ	1281	829	17	-10.9392
ズテン	図典	1285		501	-18.6282
ズ	頭	1285		454	-33.0675
ズワリ	悪阻	1285		501	-18.8289
ズカン	図巻	1285		501	-18.6282
ズリ	図利	1285		243	-15.6472
ズイト	ズイと	1281		501	-16.9196
ズ	事	1288		501	
ズリカッ	狡かっ	33		501	-12.9168
ズイドウ	ずい道	1285		501	-18.9467
ズケズケ		1281		501	-14.1245
ズルウ	狡う	31		501	-12.9061
ズヒキ	図引き	1285		501	-18.6282
ズケズケ	ずけずけ	1281		501	-14.5938
ズレヨ	ずれよ	621		471	-10.5238
ズシ	鮓	1285		93	-18.1428
ズクロイ	繕い	1285		487	-14.6160
ズルガシケエ	狡賢え	19		501	-15.6658
ズゴック		1288		190	-13.9533
ズウズウシ	図図し	45		501	-17.5610
ズヌケル	頭抜ける	619		501	-17.6239
ズレアガリ	ずれ上がり	1285		501	-19.2344
ズレコメ	ズレ込め	765		501	-15.6319
ズン	摺ん	782		4	-18.5466
ズヌケ	図抜け	625		501	-18.7275
ズイジン	随身	1283		238	-14.5109
ズゾウ	図像	1285		307	-13.0501
ズロウ	ずろう	1287		501	-18.0477
ズイガエリ	ズイ帰り	1285		501	-18.0817
ズラット	ずらっと	1281		501	-12.7396
ズリ		1285		435	-14.7586
ズリイ	狡い	19		501	-13.4208
ズブトイ	ズ太い	19		501	-17.3476
ズミ	住	1288		501	
ズウズウ	ずうずう	1281		501	-16.6801
ズーーーーット	ずーーーーっと	1281		501	-13.3792
ズイシツ	髄質	1285		183	-15.2301
ズイソウ	随葬	1285		501	-18.6282
ズンダモチ	ずんだ餅	1288		93	-14.6237
ズチ	槌	1285		4	-18.8289
ズランキング		1285		225	-15.1072
ズモウ	ずもう	1285		501	-19.2344
ズリャ	摺りゃ	770		4	-18.5465
ズシシ	逗子市	1293		18	-13.1661
ズルク	ずるく	35		420	-10.0415
ズイチョウ	瑞超	1291		501	-18.1724
ズシーン	ずしーん	1281		501	-16.5260
ズックリ	ずっくり	1281		501	-16.7671
ズールーゾク	ズールー族	1288		501	-14.8468
ズイカン	随感	1285		501	-17.4206
ズミ	済み	1298		445	-9.0519
ズマサ	秦	1288		501	
ズイチョウ	瑞兆	1285		32	-15.7854
ズウズウシュウ	図図しゅう	49		501	-17.5378
ズショ	厨書	1291		501	-18.1724
ズガーン	ずがーん	1281		501	-17.4704
ズイガシュ	髄芽腫	1288		192	-14.6016
ズル		1283		479	-17.7439
ズワイガニ	ずわいがに	1285		501	-19.2344
ズイザン	瑞山	1291		219	-18.1724
ズイマクエン	髄膜炎	1288		192	-13.0137
ズバイル		1288		146	-14.7406
ズープス	XOOPS	1288		77	-14.6837
ズミ	炭	1285		55	-19.2344
ズリイ	ずりい	19		501	-18.3284
ズミ	墨	1285		4	-18.6282
ズウズウシク	ずうずうしく	51		501	-17.7013
ズイガン	瑞岩	1288		501	-18.5231
ズズーン	ずずーん	1281		501	-17.4704
ズ	図	1298		342	-8.9740
ズイショウチメイ	瑞祥地名	1288		489	-14.5481
ズダ	喘息	1285		192	-17.1759
ズウット	ずうッと	1281		501	-17.8069
ズイ	埀	1288		501	
ズウズウシ	ずうずうし	39		501	-17.6418
ズンベラボウ	ずんべらぼう	1285		501	-18.9467
ズシ	龕	1285		58	-18.6282
ズルムケ	ずるムケ	1285		501	-19.2344
ズバッ	ズバっ	1281		501	-16.9196
ズジョウ	図上	1285		339	-14.6246
ズガ	ずが	1285		437	-14.4474
ズン	ずん	483		47	-4.1945
ズイ	痿	1288		501	
ズヌケリャ	頭抜けりゃ	618		501	-17.5971
ズボツリ	ズボ釣り	1285		501	-18.0817
ズブトカラ	ずぶとから	27		501	-15.8265
ズシキ	図式	1283		447	-18.0694
ズライ	ずらい	780	930	501	-18.3694
ズカン	図鑑	1285		322	-11.5022
ズキ	圖記	1283		501	-18.1494
ズイイ	随意	1287		287	-14.4688
ズンドウ	寸胴	1285		256	-15.0897
ズイ		1281		245	-16.9196
ズシキ	ズ式	1283		501	-14.6384
ズルムケ	ずる剥け	1285		501	-19.2344
ズケイモジ	図形文字	1288		45	-14.7677
ズケラン	瑞慶覧	1293		501	-15.3368
ズバーッ	ずばーっ	1281		501	-17.6734
ズレコモ	ずれ込も	763		380	-11.5747
ズレ		622		147	-10.6820
ズキ	ずき	1287		437	-18.2300
ズイショウ	瑞象	1285		501	-18.6282
ズルズルズルッ	ずるずるずるっ	1281		501	-17.6734
ズート	ずーと	1281		501	-13.1288
ズガコウサク	図画工作	1288		85	-14.5226
ズベコウ	ずべ公	1285		501	-18.9467
ズイシン	随臣	1285		501	-18.6282
ズバヌケ	ずば抜け	625		127	-12.2961
ズクオシ	銑押し	1285		501	-18.7236
ズットイッショ	ずっと一緒	1288		501	-11.4389
ズレレ	ずれれ	617		471	-10.5217
ズ	逗	1288		501	
ズンギリ	寸切り	1285		501	-18.2289
ズ	誦	1288		501	
ズショウ	図象	1285		501	-18.6282
ズエ	図会	1285		404	-15.7228
ズシー	ずしー	1281		501	-17.1576
ズベコウ	ズベ公	1285		501	-18.0304
ズラ	摺ら	780		4	-18.5517
ズラセ	ずらせ	734		471	-10.1809
ズルカッ	狡かっ	33		501	-12.9168
ズツウヤク	頭痛薬	1288		142	-13.4785
ズイキ	ずいき	1285		93	-19.2344
ズイ	縋	1288		501	
ズイダイ	隋代	1288		135	-13.8001
ズブトカッ	ずぶとかっ	33		501	-15.8457
ズッパリ	突っ張り	788		211	-15.2642
ズツウ	頭痛	1285		192	-10.7348
ズ	杜	1288		501	
ズラス	ずらす	731		471	-10.1854
ズワリ	座り	1285		60	-12.2645
ズイ	膸	1285		501	-18.6282
ズツミ	包み	1285		60	-11.7230
ズウズウシカッ	ずうずうしかっ	50		501	-17.5959
ズシ	逗子	1293		473	-12.5185
ズボラ		1288		501	-13.3997
ズボラ		1287		501	-12.0007
ズアカ	頭赤	1285		501	-18.6282
ズラリト	ずらりと	1281		60	-12.1014
ズイエキ	髄液	1288		501	-13.1373
ズイカク	髄角	1285		501	-18.6282
ズ	廚	1288		501	
ズル	ずる	11		420	-10.1205
ズルガシコク	狡賢く	35		501	-15.2250
ズイ	惴	1288		501	
ズイソウ	瑞相	1285		501	-16.8518
ズウズウシケリャ	ずうずうしけりゃ	41		501	-17.5378
ズリカラ	狡から	27		501	-12.8976
ズイノウ	髓腦	1285		501	-18.6282
ズ	亊	1288		501	
ズチュウ	図中	1285		501	-18.4612
ズイブン	ずいぶん	1281		17	-17.1879
ズヌケル	図抜ける	619		501	-18.6535
ズームインスーパー	ズームイン!!SUPER	1288		305	-13.7825
ズリョウ	受領	1285		193	-13.9407
ズウズウシケレ	図々しけれ	40		11	-11.2465
ズヰブン	ずゐぶん	1281		501	-17.1879
ズキ	月	1288		501	
ズチ	朮	1288		501	
ズレテ	ずれて	625	307	17	-11.3843
ズブトカレ	ずぶとかれ	29		501	-15.8256
ズヨウ	図様	1285		312	-15.4094
ズイ	悴	1288		501	
ズイマツ	隋末	1285		501	-18.6282
ズク	授	1288		501	
ズレヨ	ズレよ	621		147	-10.6705
ズイモン	随聞	1285		501	-18.6282
ズイスイ	瑞水	1288		501	-18.5231
ズヌケ	頭抜け	625		501	-17.6979
ズノウメイセキ	頭脳明晰	1288		127	-13.9859
ズルガシコケレ	狡賢けれ	13		501	-15.1417
ズレル	ズレる	619		147	-10.6753
ズイ	陲	1288		501	
ズーーット	ずーーっと	1281		501	-12.7228
ズーーーーーット	ずーーーーーっと	1281		501	-17.8069
ズイ	蕋	1288		501	
ズレ	連	1288		501	
ズイグ	隨求	1285		501	-18.6282
ズカイ	図解	1283		59	-10.0518
ズカ	好	1288		501	
ズショ	調所	1290		251	-12.6871
ズンズン		1281		501	-13.9327
ズブッ	ずぶっ	1281		501	-17.6734
ズミハッケン	済み発券	1298	1283	17	-13.2463
ズブ	ずぶ	1285		501	-15.7614
ズブトキ	ずぶとき	21		501	-15.8259
ズウ	淙	1288		501	
ズシ	鮨	1285		311	-18.5652
ズラット	ズラッと	1281		501	-14.0919
ズレコマ	ずれ込ま	764		380	-11.5825
ズウ	僮	1288		501	
ズレコミャ	ズレ込みゃ	761		501	-15.6317
ズルシ	ずるし	23		420	-9.9592
ズル	ずる	1283		495	-19.0249
ズドオン	ずどおん	1281		501	-17.6734
ズラシャ	ずらしゃ	730		471	-10.1817
ズコン	図根	1285		501	-18.6282
ズルイ		19		420	-10.8292
ズイナ	ずい菜	1285		501	-19.2344
ズルズルッ	ずるずるっ	1281		501	-17.6734
ズワイガニ	ズワイ蟹	1285		501	-18.0817
ズフ	図譜	1285		342	-15.0755
ズゴンッ	ずごんッ	1281		501	-17.6734
ズブトク	ずぶとく	35		501	-15.9088
ズシリ	ずしり	1281		150	-17.6734
ズボッ	ずぼっ	1281		501	-17.6734
ズ	淙	1288		501	
ズルヤスミ	ずる休み	1285		501	-19.2344
ズカ	塚	1285		501	-18.7236
ズタズタ	ずたずた	1287		418	-18.0477
ズルケリャ	狡けりゃ	15		501	-12.8968
ズイショ	随處	1285		501	-18.6282
ズウズウシキ	ずうずうしき	44		501	-17.5379
ズリ	刷り	1298		445	-12.4576
ズウズウシカラ	図図しから	47		501	-17.5378
ズコウ	ずこう	1285		293	-18.9467
ズコウ	頭高	1290		327	-13.7354
ズボズボ	ずぼずぼ	1281		501	-16.5665
ズリヤマ	ズリ山	1285		501	-18.0817
ズット	ズッと	1281		501	-16.9802
ズイレン	瑞蓮	1289		501	-17.9060
ズラ		1288		484	-12.8934
ズシオウ	厨子王	1289		49	-17.9060
ズルカレ	狡かれ	29		501	-12.8968
ズヨウ	逗葉	1285		184	-18.4612
ズ	壽	1288		501	
ズマル	ずまる	772		501	-18.4236
ズーラシア		1288		501	-15.5261
ズイヨウ	髄様	1285		501	-18.6282
ズーット	ズーッと	1281		501	-16.9802
ズ	酸	1288		501	
ズイセツ	瑞雪	1285		501	-18.6282
ズウズウシュウ	ずうずうしゅう	49		501	-17.5378
ズッート	ずっーと	1281		501	-13.3446
ズリ	狡	11		501	-13.0589
ズイエキ	髄液	1285		501	-18.9467
ズミ	澄	1288		501	
ズイブン	ずい分	1281		501	-17.1879
ズドーン	ずどーん	1281		501	-15.2778
ズ	ず	486		282	-4.1519
ズル		1281		479	-16.9196
ズラーッ	ずらーっ	1281		501	-17.6734
ズル	鶴	1288		501	
ズイチ	随地	1285		501	-18.6282
ズキズキ	ずきずき	1281		501	-15.1417
ズイリョウ	推量	1283		327	-15.7068
ズイセンジ	瑞泉寺	1288		358	-14.4605
ズリオチ	ずり落ち	625		147	-14.1626
ズキズキ		1281		501	-12.8567
ズサ	總	1288		501	
ズイホウ	瑞峰	1291		501	-17.0738
ズキ		1288		501	-17.6068
ズレコミ	ずれ込み	1285		308	-16.7550
ズルイ	狡い	19		501	-13.4208
ズイショ	隋書	1285		342	-18.6282
ズ	肚	1288		501	
ズイカク	瑞鶴	1288		343	-18.5231
ズブトカロ	ずぶとかろ	25		501	-15.8256
ズーン		1289		501	-14.7431
ズウズウシイ	図々しい	19		11	-18.5107
ズイ	隋	1294		135	-17.0867
ズイマク	髄膜	1288		183	-14.2207
ズヌケロ	図抜けろ	623		501	-18.6456
ズブトウ	ずぶとう	31		501	-15.8350
ズダ		1285		501	-17.4708
ズリ	摺	1285		4	-18.0103
ズノボセル	図逆上せる	619		501	-18.6535
ズイムシ	ずい虫	1285		501	-18.9467
ズルガシコ	狡賢	11		501	-15.3039
ズズズ	ずずず	1281		501	-16.0740
ズルケレ	狡けれ	13		501	-12.8968
ズンドウ	ズン胴	1287		501	-16.8950
ズガイ	頭蓋	1285		183	-17.8866
ズハン	図版	1285		59	-13.5538
ズブトシ	図太し	23		501	-12.3426
ズウ	艟	1288		501	
ズミ		1285		382	-18.0817
ズーーーーーーーーット	ずーーーーーーーーっと	1281		501	-17.8069
ズカ	柄	1285		333	-19.4167
ズブトキャ	ずぶときゃ	17		501	-15.8256
ズレコム	ずれ込む	762		380	-11.5750
ズウズウシキャ	ずうずうしきゃ	42		501	-17.5378
ズキ	突き	1285		60	-18.7236
ズシ	寿し	1285		93	-18.7236
ズイレン	隨蓮	1289		501	-17.9060
ズポ	ずぽ	1281		501	-16.2503
ズリ	砰	1285		501	-19.4167
ズイコウ	随行	1283		271	-12.1046
ズ	骰	1288		501	
ズィンミー		1288		456	-14.8218
ズブリ	ずぶり	1281		501	-17.4704
ズブトケリャ	ずぶとけりゃ	15		501	-15.8256
ズウズウシュウ	図々しゅう	49		11	-11.1926
ズ〜ット	ず〜っと	1281		501	-13.4128
ズウズウシク	図図しく	51		501	-17.7013
ズン	摺ん	774		4	-18.5466
ズレロ	ズレろ	623		147	-10.6674
ズリキャ	狡きゃ	17		501	-12.8968
ズゾゾゾゾッ	ずぞぞぞぞっ	1281		501	-17.6734
ズイヒョウ	髄兵	1285		501	-18.6282
ズシュウ	豆州	1293		72	-17.7008
ズニハ	ずには	487	261	17	-11.0058
ズ	鶴	1288		501	
ズイ	隨	1288		501	
ズイショ	随所	1285		307	-11.9611
ズブヌレ	ずぶ濡れ	1285		418	-13.7603
ズーン	ずーん	1281		501	-14.3656
ズマイ	住居	1285		130	-19.4167
ズイ	図彙	1285		501	-18.6282
ズオモ	頭重	1285		501	-15.8728
ズキアイ	附合い	1285		501	-18.7236
ズク	木菟	1285		150	-18.7236
ズブズブ		1285		501	-14.4567
ズド	頭塔	1288		501	-18.4053
ズトウ	頭塔	1288		501	-18.6566
ズイ	瑞	1285		128	-16.6052
ズケン	図顕	1283		501	-18.0694
ズウズウシイ	図々しい	43		11	-11.5345
ズネツ	頭熱	1285		501	-18.6282
ズイイ	ずいい	1287		501	-18.0477
ズノウ	頭脳	1285		127	-11.9585
ズルガシコイ	ズル賢い	19		501	-17.3476
ズケ	ずけ	1281		437	-13.1603
ズドン	ずどん	1281		501	-15.7346
ズー	ZOO	1289		40	-12.7962
ズウ	數	1288		501	
ズルガシコカッ	狡賢かっ	33		501	-15.1618
ズルカロ	ずるかろ	25		420	-9.9583
ズ	摺	776		4	-18.5488
ズテキ	図的	1287		501	-17.5369
ズルダマ	ずる玉	1285		501	-19.2344
ズイハン	随伴	1283		320	-12.1979
ズミ	ずみ	1285		437	-19.0802
ズカ	冢	1285		128	-18.7236
ズンベラボー	ずんべらぼー	1285		501	-18.9467
ズイヒツカ	随筆家	1289		323	-12.5202
ズワリ	坐り	788		54	-15.5481
ズシ	図司	1290		501	-16.9470
ズラー	ずらー	1281		501	-15.6685
ズル	摺る	772		4	-18.4236
ズイ	彗	1288		501	
ズンダ	ずんだ	1288		93	-13.3410
ズウ	潼	1288		501	
ズトモ	ずとも	487	310	17	-10.9399
ズック		1285		256	-14.6305
ズブトケリャ	図太けりゃ	15		501	-12.3417
ズマ	褄	1285		4	-18.8289
ズイショ	ずい所	1285		501	-18.9467
ズルチン		1285		501	-15.5708
ズレヨ	ズレよ	624		147	-10.6672
ズイヒツ	随筆	1285		323	-12.1225
ズウチ	頭打ち	1285		422	-16.6209
ズイショ	随処	1285		501	-18.6282
ズタイ	伝い	1298		220	-14.6682
ズバーン	ずばーん	1281		501	-17.1576
ズイイ	随意	1285		287	-14.3166
ズロウ	杜漏	1287		501	-17.4416
ズ	栖	1288		501	
ズイホウ	ずいほう	1285		501	-18.9467
ズボン	ずぼん	1285		501	-18.5412
ズーム		1283		139	-12.2679
ズシテ	ずして	487	307	17	-11.3561
ズルキ	狡き	21		501	-12.8970
ズルガシコシ	狡賢し	23		501	-15.1427
ズルカロ	狡かろ	25		501	-12.8968
ズイビョウ	ずいびょう	1285		501	-18.9467
ズイキン	随近	1285		501	-18.6282
ズシヤカ	ずしやか	1287		501	-18.0477
ズバズバ		1281		501	-13.2845
ズイダイ	隋代	1285		135	-18.6282
ズッパリ	突っ張り	1285		211	-15.2642
ズラカッ	ずらかっ	786		501	-14.3528
ズクテツ	銑鉄	1285		55	-16.3914
ズイ	蕊	1285		29	-18.6282
ズレ	ずれ	625		304	-10.3561
ズバアン	ずばあん	1281		501	-17.6734
ズ	ず	487		282	-3.9497
ズウズウシイ	図図しい	19		501	-18.5107
ズット	ずっと	1281		48	-6.8773
ズイリュウ	瑞竜	1288		501	-18.5231
ズツキ	頭突き	1288		211	-12.8980
ズイジュン	随順	1283		501	-16.5636
ズシン	ずしん	1281		501	-14.4676
ズル		1288		479	-14.1901
ズヌケヨ	図抜けよ	624		501	-18.6454
ズアンカ	図案化	1285	1297	17	-13.2596
ズイマク	髄膜	1285		183	-18.6282
ズム		1285		150	-15.2448
ズイホウ	瑞峯	1288		501	-18.5231
ズレ	擦れ	1285		48	-18.9467
ズガ	図画	1285		59	-13.8290
ズイ	水	1298		487	-20.8134
ズイノウ	髄脳	1285		501	-18.6282
ズオウ	蘇枋	1285		501	-18.7236
ズン	ZUN	1289		122	-19.2830
ズルシ	狡し	23		501	-12.8977
ズイユウ	随遊	1285		501	-18.6282
ズズッ	ずずっ	1281		501	-17.6734
ズイキ	芋苗	1285		501	-18.7236
ズキ	搗き	1285		4	-18.8289
ズブ	ずぶ	1281		501	-17.6734
ズイドウ	隧道	1285		469	-13.1165
ズレコミャ	ずれ込みゃ	761		380	-11.5709
ズキン	頭巾	1285		295	-13.2185
ズル		1285		479	-12.0670
ズバヌケル	ズバ抜ける	619		501	-17.6419
ズ	途	1288		501	
ズガッ	図学	1285		239	-18.9467
ズブトカッ	図太かっ	33		501	-12.3618
ズ	子	1288		501	
ズツキ	頭つき	1285		501	-18.6282
ズウズウシケレ	図図しけれ	40		501	-17.5916
ズイエン	随縁	1285		501	-18.6282
ズカズカ	ずかずか	1281		501	-14.6493
ズタ		1285		501	-18.0304
ズイホウ	瑞寶	1285		501	-18.6282
ズヌケロ	頭抜けろ	623		501	-17.6160
ズント	ズンと	1281		501	-16.9802
ズナ	沙	1285		3	-18.8289
ズバズバ	ずばずば	1281		501	-15.9112
ズボ		1285		501	-19.4167
ズイブン	随分	1281		48	-17.1879
ズロース		1285		295	-15.6733
ズイシン	随身	1283		238	-17.0109
ズワリ	据わり	788		501	-17.0979
ズツウガ	頭痛が	1285	148	17	-11.2142
ズブトイ	ずぶとい	19		501	-16.3497
ズダ	ずだ	1285		501	-15.1450
ズト	苞	1285		333	-18.8289
ズイ	ずい	1281		437	-18.1434
ズラッ	ずらっ	1281		501	-17.6734
ズブト	図太	11		501	-12.5039
ズイカン	瑞環	1291		501	-18.1724
ズッシリ	ずっしり	1281		501	-17.6734
ズイガン	瑞巖	1288		501	-18.5231
ズドバッ	ずどばっ	1281		501	-17.6734
ズヌケレ	頭抜けれ	617		501	-17.6170
ズワイガニ		1288		116	-13.9635
ズイセン	瑞仙	1291		501	-18.1724
ズラセ	ずらせ	729		471	-10.1749
ズオフォン	ずおふぉん	1285		501	-18.5412
ズットミテ	ずっと見て	1281	307	17	-11.1900
ズラズラッ	ずらずらっ	1281		501	-17.6734
ズイ	水	560		487	-20.8134
ズイガン	瑞巌	1288		501	-18.5231
ズク	竹	1288		501	
ズイホウショウ	瑞宝章	1285		313	-12.8441
ズナ		1285		501	-17.9171
ズウチ	頭打	1285		501	-18.7236
ズッパリ	突張り	1285		501	-18.8289
ズウズウベン	ずうずう弁	1285		501	-18.0304
ズレリャ	ズレりゃ	618		147	-10.6485
ズイキョウ	瑞卿	1291		501	-16.5629
ズシ	図示	1283		375	-13.1809
ズッコケ	ずっこけ	625		479	-13.8360
ズリキ	狡き	21		501	-12.8970
ズーム	Zoom	1288		40	-11.2569
ズイトウ	隋唐	1285		501	-18.6282
ズイカツ	瑞曷	1289		501	-17.9060
ズツト	ずつと	1281		501	-17.9611
ズイジコウシン	随時更新	1314	1283	17	-13.3595
ズルイ	ズルい	1285		17	-13.1749
ズ	荳	1288		501	
ズ	ず	1285		282	-19.4167
ズイジコウシン	随時更新	1285	1283	17	-12.0883
ズイグン	隋軍	1285		501	-18.6282
ズレテ	ズレて	625	307	17	-11.2599
ズラズラッ	ずらずらッ	1281		501	-17.6734
ズウズウシケリャ	図図しけりゃ	41		501	-17.5378
ズゴン	ずごん	1281		501	-16.6438
ズイブン	ずいぶん	1287		17	-18.0477
ズエ	ずえ	1285		99	-14.8875
ズモウ	角力	1285		73	-18.8289
ズマイ	住まい	1298		290	-12.4078
ズウズウシキャ	図図しきゃ	42		501	-17.5378
ズキョウ	誦経	1283		199	-18.0694
ズボラ	ずぼら	1287		56	-13.4283
ズキ	好き	1287		66	-12.0168
ズッパリ	突っぱり	1285		501	-18.8289
ズレ	ずれ	1285		304	-12.0728
ズ〜ト	ズ〜と	1281		501	-16.9802
ズル	ずる	772		495	-11.5814
ズバリ		1281		420	-11.2507
ズカン	頭寒	1285		501	-18.6282
ズルズル		1281		63	-11.8673
ズノ	ずの	487	368	17	-11.0302
ズットスキダッタ	ずっと好きだった	1288		67	-14.0728
ズリズリ	ずりずり	1281		501	-15.4142
ズコー	ずこー	1281		501	-17.1576
ズズイ	ずずい	1281		501	-16.0944
ズニ	ずに	487	151	17	-8.0786
ズッ	ずっ	786		495	-11.4996
ズレドメ	ずれ止め	1285		501	-19.2344
ズウン	ずうん	1281		501	-17.6734
ズウズウシカッ	図々しかっ	50		11	-11.2507
ズイ	隋	1285		135	-12.1823
ズイホウ	瑞宝	1285		501	-18.6282
ズップリ	ずっぷり	1281		501	-15.9242
ズモウ	相撲	1285		124	-16.7747
ズ	洲	1288		501	
ズ	圖	1285		342	-18.5412
ズッキーニ		1285		391	-12.9097
ズキンチャン	ずきんちゃん	1289		113	-13.3433
ズベラボウ	ずべらぼう	1285		501	-18.9467
ズルガシコケリャ	狡賢けりゃ	15		501	-15.1417
ズ	吋	1288		501	
ズショク	図色	1285		501	-18.6282
ズ	津	1288		501	
ズレコミ	ずれ込み	767		380	-11.5859
ズウズウシ	ずうずうし	45		501	-17.5610
ズ	主	1288		501	
ズウズウシカラ	ずうずうしから	47		501	-17.5378
ズブトイ	図太い	19		501	-12.8657
ズイキ	随喜	1283		501	-16.7590
ズリシ	狡し	23		501	-12.8977
ズンベラ	ずんべら	1287		501	-18.0477
ズウズウシ	図々し	39		11	-11.2967
ズシ	頭師	1290		501	-15.9174
ズイヒツ	隨筆	1285		501	-18.6282
ズットモ	ズッ友	1288		501	-13.5926
ズイキン	瑞金	1293		501	-17.7008
ズルヤスミ	ズル休み	1288		501	-14.1118
ズショ	図書	1285		229	-19.2344
ズルキャ	ずるきゃ	17		420	-9.9583
ズヌケ	図抜け	622		501	-18.6602
ズベラ	ずべら	1287		501	-18.0477
ズイグ	随求	1285		501	-18.6282
ズノボセル	図血昇る	619		501	-18.6535
ズイガンジ	瑞巌寺	1288		404	-14.7590
ズヌケ	頭抜け	622		501	-17.6305
ズロク	図録	1285		59	-13.5050
ズサン	杜撰	1287		169	-12.2617
ズイムシ	螟	1288		501	
ズレ	摺れ	784		4	-18.5465
ズボシ	図星	1285		501	-13.8266
ズク	ずく	1298		150	-18.5163
ズガラ	図柄	1285		242	-12.6507
ズシ	ずし	487	610	17	-11.3344
ズメン	図面	1285		445	-12.0178
ズリッ	ずりっ	1281		501	-17.6734
ズブトケレ	ずぶとけれ	13		501	-15.8256
ズブ		1285		54	-14.4128
ズ	竇	1288		501	
ズソ	呪詛	1283		193	-17.8044
ズシ	ずし	1298		437	-11.8291
ズレアガリ	ズレ上がり	1285		501	-18.0817
ズノウハ	頭脳派	1289		127	-13.0912
ズルカラ	ずるから	27		420	-9.9591
ズシ	ずし	1285		437	-18.9467
ズ	巢	1288		501	
ズミ	済	1298		395	-17.9566
ズイチョウ	瑞鳥	1285		501	-18.6282
ズリ	図り	1285		258	-13.9888
ズイショウ	髄鞘	1285		355	-18.6282
ズイジ	随時	1285		363	-11.8216
ズイ	随	1285		128	-13.0878
ズラーッ	ズラーっ	1281		501	-16.9196
ズイイキ	ずい行き	1285		501	-19.2344
ズールー		1288		146	-14.5844
ズ	讎	1288		501	
ズ	瑞	1288		501	
ズーーーーーーット	ずーーーーーーっと	1281		501	-17.8069
ズレリャ	ずれりゃ	618		471	-10.5018
ズリヤマ	ずり山	1285		501	-19.2344
ズブトク	図太く	35		501	-12.4249
ズレハバ	ずれ幅	1285		501	-19.2344
ズレコメル	ズレ込める	619		501	-17.4007
ズルガシコカロ	狡賢かろ	25		501	-15.1417
ズリ	ずり	1285		60	-13.4338
ズイジボシュウ	随時募集	1314	1283	17	-12.9074
ズリク	狡く	35		501	-12.9800
ズルイ	ズルい	19		501	-17.3476
ズウトルビ	ずうとるび	1289		122	-18.4900
ズク	ずく	1285		150	-13.7808
ズットミ	ずっと見	1281	625	17	-10.9389
ズルカラ	狡から	27		501	-12.8976
ズイ	髓	1288		501	
ズン		1289		149	-13.5565
ズン	ずん	1281		47	-17.6734
ズデーン	ずでーん	1281		501	-17.3018
ズイショウ	水晶	1285		270	-18.7236
ズコウ	図河	1290		501	-17.7354
ズブヌレ	ズブ濡れ	1285		501	-18.0817
ズキン	ずきん	1285		80	-15.4181
ズニハイ	ずにはい	487	622	17	-11.1590
ズオウ	蘇芳	1285		4	-18.7236
ズホウ	図法	1285		304	-14.5513
ズヌケヨ	頭抜けよ	624		501	-17.6158
ズルガシコイ	ずる賢い	19		501	-18.5107
ズキョウ	誦経	1285		199	-20.5694
ズデーテンチホウ	ズデーテン地方	1288		19	-14.3919
ズイブン	随分	1282		48	-9.6031
ズクニュウ	木菟入	1285		501	-18.6282
ズシ	厨子	1285		435	-14.1961
ズシッ	ずしっ	1281		501	-17.6734
ズオウ	蘇方	1285		501	-18.7236
ズーーーーーーーット	ずーーーーーーーっと	1281		501	-17.8069
ズシ	図誌	1285		501	-18.6282
ズバリ	ずばり	1281		244	-12.0519
ズレロ	ずれろ	623		471	-10.5207
ズームイン		1288		244	-14.0065
ズガイコツ	頭蓋骨	1285		333	-12.5536
ズミノ	済みの	1298	368	17	-11.1208
ズレン	ズレん	620		147	-10.6676
ズサツ	図冊	1285		501	-18.6282
ズルダマ	ズル玉	1285		501	-18.0817
ズウ	数	1288		501	
ズ	厨	1288		501	
ズセツ	図説	1283		342	-13.5208
ズタボロ		1288		501	-13.4847
ズウズウシカロ	図図しかろ	46		501	-17.5378
ズレル	ずれる	619		471	-10.5286
ズクリ	粧り	1285		501	-18.7236
ズドバ	ずどば	1281		501	-17.6734
ズサン	ずさん	1287		169	-11.6520
ズドン		1289		501	-13.8339
ズラス	ズラす	731		501	-16.6276
ズウズウシケレ	ずうずうしけれ	40		501	-17.5916
ズルズルッ	ズルズルっ	1281		501	-16.9196
ズーズーシイ	ズーズーしい	19		501	-17.3476
ズツキ	頭突き	1285		211	-18.6282
ズ	頌	1288		501	
ズイケイ	随契	1285		501	-18.6282
ズイ	錘	1288		501	
ズワイガニ	ずわい蟹	1285		501	-19.2344
ズットワスレナイ	ずっと忘れない	1288		501	-14.2392
ズ		1285		203	-12.0176
ズウズウシイ	ずうずうしい	19		501	-18.5107
ズイドウ	隧道	1288		469	-12.6399
ズミ	祇	1288		501	
ズイユキ	ずい行き	1285		501	-19.2344
ズレン	ずれん	620		471	-10.5209
ズリケレ	狡けれ	13		501	-12.8968
ズサ	橲	1288		501	
ズノウ	頭腦	1285		501	-18.6282
ズデーテン		1285		326	-15.3985
ズル	狡	1285		479	-14.1684
ズッポウサイ	図砲斎	1291		501	-18.1724
ズブズブ		1281		501	-12.4519
ズブトキャ	図太きゃ	17		501	-12.3417
ズハオ		1285		501	-14.0381
ズルガシコキャ	狡賢きゃ	17		501	-15.1417
ズイセ	瑞世	1285		501	-18.6282
ズルク	狡く	35		501	-12.9800
ズウーット	ずうーっと	1281		501	-17.8069
ズリ	摺り	788		4	-18.5506
ズルズル	ずるずる	1281		479	-12.1046
ズットマエ	ずっと前	1281	1314	17	-11.3955
ズルカッ	ずるかっ	33		420	-9.9784
ズ	醋	1285		392	-18.9467
ズイケン	瑞賢	1291		108	-14.6759
ズレオチル	ズレ落ちる	619		501	-17.5549
ズイカク	髄核	1285		501	-18.6282
ズ	寿	1288		501	
ズウズウシキ	図々しき	44		11	-11.1928
ズマ	瀦	1288		501	
ズマ	潴	1288		501	
ズワリ	据わり	1285		501	-17.0979
ズシ	廚子	1285		501	-18.6282
ズイ	隧	1288		501	
ズリョウ	受領	1283		193	-13.9407
ズ	須	1288		501	
ズー		1285		353	-15.0928
ズル	ずる	1285		495	-12.7422
ズアン	図案	1285		242	-12.1777
ズシエキ	逗子駅	1293		162	-13.3006
ズシ	寿司	1285		75	-14.6014
ズワリ	坐り	1285		379	-15.5481
ズロ	摺ろ	778		4	-18.5469
ズクエ	几	1285		4	-18.7236
ズラリ	ずらり	1281		501	-13.4135
ズームカー		1288		467	-14.8348
ズザン	杜撰	1287		169	-15.5951
ズゾゾゾゾ	ずぞぞぞぞ	1281		501	-17.6734
ズゥゥ〜ット	ずぅぅ〜っと	1281		501	-17.8069
ズシ	逗子	1285		473	-13.8347
ズイオウ	瑞応	1285		501	-18.6282
ズリウ	狡う	31		501	-12.9061
ズリョウメイ	受領名	1288		148	-14.3414
ズレ		1285		48	-11.8021
ズリバイ	摺り這い	1285		501	-18.7236
ズキンズキン	ずきんずきん	1281		501	-17.4704
ズーム	zoom	1283		501	-17.5433
ズ	揄	1288		501	
ズイショ	隋書	1288		342	-13.5217
ズイウ	瑞烏	1288		501	-18.5231
ズイキ	芋茎	1285		4	-16.4130
ズイシュウ	瑞秀	1285		501	-18.6282
ズタ	蔦	1285		4	-18.9467
ズブトケレ	図太けれ	13		501	-12.3417
ズミ	濟	1288		501	
ズイガエリ	ずい帰り	1285		501	-19.2344
ズーーーーーーーーーーット	ずーーーーーーーーーーっと	1281		501	-17.8069
ズラ		1285		484	-15.4248
ズルガシコカレ	狡賢かれ	29		501	-15.1417
ズカ	塚	1288		501	
ズリ	ずり	1281		60	-17.6734
ズーーーット	ずーーーっと	1281		501	-12.5753
ズングリムックリ	ずんぐりむっくり	1281		56	-13.8551
ズウズウシイ	ズウズウしい	19		501	-17.3476
ズルガシコイ	ずるがしこい	19		501	-18.5107
ズルケレ	ずるけれ	13		420	-9.9583
ズ	鈴	1288		501	
ズノウ	図嚢	1285		501	-18.1929
ズブトキ	図太き	21		501	-12.3419
ズベ	ずべ	1285		501	-16.4786
ズベー	ずべー	1281		501	-17.6734
ズナ	砂	1285		220	-18.7236
ズレコメ	ずれ込め	765		380	-11.5710
ズンドコ	ずんどこ	1281		501	-15.6225
ズイ		1285		245	-14.9107
ズイブン	ずい分	1287		501	-17.7600
ズウッ	ずうっ	1281		501	-17.6734
ズヌケヨ	頭抜けよ	621		501	-17.6191
ズベラバウ	ずべらばう	1285		501	-18.9467
ズイホウ	瑞鳳	1293		343	-11.8876
ズーム	ずーむ	1283		501	-18.2364
ズブトカラ	図太から	27		501	-12.3425
ズジョウエンシュウ	図上演習	1288		343	-14.3229
ズンドウ	寸胴	1287		256	-17.4416
ズイユキ	ズイゆき	1285		501	-18.0817
ズナ	ずな	1285		501	-19.9275
ズヌケン	図抜けん	620		501	-18.6458
ズウ	通	1288		501	
ズホウ	修法	1285		32	-17.0327
ズバット	ズバッと	1281		205	-12.8768
ズルガシコウ	狡賢う	31		501	-15.1511
ズンズンズン	ずんずんずん	1281		501	-17.1576
ズルヤスミ	ズル休み	1285		501	-18.0817
ズイブン	ずいぶん	1282		17	-9.8334
ズット	ずッと	1281		501	-17.8069
ズキ		1287		501	-17.2745
ズイチュウ	蕊柱	1285		501	-18.6282
ズブヌレ	ずぶぬれ	1285		501	-19.2344
ズエ	図絵	1285		342	-15.4502
ズキン	ずきん	1281		80	-17.6734
ズルガシコイ	狡賢い	19		501	-15.6658
ズコウ	塗香	1285		501	-18.6282
ズボラ	ずぼら	1285		56	-13.7979
ズイイン	随員	1285		106	-14.1134
ズリカレ	狡かれ	29		501	-12.8968
ズル	ずる	1281		495	-17.6734
ズウ	ずう	1281		293	-14.1245
ズッ	摺っ	786		4	-18.5724
ズリイ	ずりい	19		420	-10.4824
ズコウ	頭光	1285		501	-18.6282
ズツウモチ	頭痛持ち	1285	1298	17	-13.1789
ズク	銑	1285		281	-14.5709
ズングリ	ずんぐり	1281		333	-12.7978
ズツウイシ	頭痛いし	1285	1283	17	-12.8177
ズラズラ	ずらずら	1281		501	-13.9933
ズブトカロ	図太かろ	25		501	-12.3417
ズラソ	ずらそ	732		471	-10.1829
ズーム	zoom	1288		501	-11.3055
ズウズウシカッ	図図しかっ	50		501	-17.5959
ズミ	ずみ	1298		437	-11.8036
ズシーッ	ずしーっ	1281		501	-17.6734
ズイ	瘁	1288		501	
ズイリュウ	瑞龍	1288		399	-18.5231
ズズン	ずずん	1281		501	-17.4704
ズイ	髄	1285		183	-12.7215
ズイムシ	螟虫	1285		501	-18.4767
ズイジュウ	随従	1283		193	-14.1503
ズイホウ	瑞方	1291		501	-18.1724
ズイホウ	瑞鳳	1288		343	-18.5231
ズボツリ	ずぼ釣り	1285		501	-19.2344
ズタイ	伝い	832		379	-14.6682
ズイ	水	1285		487	-19.0802
ズバ		1285		147	-14.8824
ズクメ	ずくめ	1298		295	-12.9127
ズウズウシク	図々しく	51		11	-11.3561
ズブトウ	図太う	31		501	-12.3510
ズリカロ	狡かろ	25		501	-12.8968
ズルイ	ずるい	19		420	-10.4824
ズォーダー		1289		462	-13.4196
ズズ		1281		501	-16.9196
ズカ	図化	1285		501	-18.6282
ズイコウ	瑞光	1285		110	-16.5375
ズベテ	ずべて	1314		501	-17.6089
ズシキ	図式	1285		447	-12.3895
ズウズウシキ	図図しき	44		501	-17.5379
ズコツ	頭骨	1285		333	-12.8172
ズント	ずんと	1281		501	-17.8069
ズネン	頭燃	1285		501	-18.6282
ズイショウ	瑞祥	1285		365	-14.9385
ズコウ	図工	1285		85	-13.2766
ズヒキ	図引	1285		501	-18.6282
ズイシン	随心	1285		501	-18.6282
ズッコケ		1285		244	-14.2551
ズイコウ	zuiko	1285		501	-18.0817
ズズ	数珠	1285		4	-18.3943
ズルウ	ずるう	31		420	-9.9676
ズルガシコキ	狡賢き	21		501	-15.1420
ズバッ	ずばっ	1281		501	-17.6734
ズ	辻	1288		501	
ズン	寸	1300		4	-17.4309
ズツミ	堤	1285		102	-18.8289
ズレコメ	ずれ込め	760		380	-11.5709
ズヌケレ	図抜けれ	617		501	-18.6466
ズルン	ずるん	1281		501	-16.3060
ズルズルズルッ	ズルズルズルっ	1281		501	-16.9196
ズマイ	住まい	1285		290	-14.5418
ズウ	慟	1288		501	
ズイバイジ	瑞梅寺	1293		501	-17.7008
ズイセツ	髄節	1285		501	-18.6282
ズバッ		1281		476	-14.0345
ズヒョウ	図表	1285		59	-13.2884
ズレハバ	ズレ幅	1285		501	-18.0817
ズシ		1285		501	-16.7635
ズウタイ	図体	1285		418	-14.4136
ズルガシコカラ	狡賢から	27		501	-15.1426
ズ	豆	1288		501	
ズミデス	済みです	1298	460	17	-11.1316
ズブト	ずぶと	11		501	-15.9878
ズイジツイカ	随時追加	1285	1283	17	-13.4393
ズイソウ	随想	1285		342	-14.5594
ズケッ	ずけっ	1281		501	-17.6734
ズイブン	随分	1287		48	-13.9522
ズイリキ	随力	1285		501	-18.6282
ズイト	瑞図	1291		501	-18.1724
ズイリン	瑞林	1288		501	-18.5231
ズガイ	頭がい	1285		501	-18.5412
ズイト	ずいと	1281		501	-15.4168
ズットオモッテ	ずっと思って	1281	307	17	-11.1665
ズルタマ	ずる玉	1285		501	-19.2344
ズワリ	ずわり	1285		501	-19.4167
ズンドウ	ずんどう	1287		501	-18.0477
ズマイ	住い	1285		49	-19.0802
ズイウン	瑞雲	1285		3	-14.9950
ズレコマ	ズレ込ま	764		501	-15.6433
ズイブント	随分と	1282	328	17	-11.1276
ズイキ	瑞気	1285		501	-18.6282
ズイリョウ	随了	1289		501	-17.9060
ズウズウシカレ	ずうずうしかれ	48		501	-17.5378
ズイホウチュウジュショウ	瑞宝中綬章	1288		313	-14.3487
ズレコム	ズレ込む	762		501	-15.6358
ズイセン	水仙	1285		228	-15.8925
ズボン		1285		295	-11.4577
ズリ	刷	1285		136	-16.5766
ズシ	辻子	1285		110	-18.6282
ズレレ	ズレれ	617		147	-10.6684
ズレコモ	ズレ込も	763		501	-15.6355
ズイ	忰	1288		501	
ズツ	ずつ	337		283	-5.0683
ズレコメ	ズレ込め	760		501	-15.6317
ズンドコベロンチョ		1288		56	-14.8243
ズカン	図かん	1285		501	-18.6282
ズカイ	圖解	1283		501	-18.0694
ズヌケリャ	図抜けりゃ	618		501	-18.6267
ズレ	摺れ	768		4	-18.5466
ズ	珠	1288		501	
ズミ	角	1288		501	
ズッコケサンニングミ	ズッコケ三人組	1288		396	-13.8185
ズンゴエ	寸越	1293		501	-17.7008
ズイタン	瑞旦	1285		501	-18.6282
ズブズブ	ずぶずぶ	1281		501	-13.4360
ズイショウ	髄鞘	1288		355	-14.0532
ズルカレ	ずるかれ	29		420	-9.9583
ズミ	積	1288		501	
ズウ	粡	1288		501	
ズヌケヨ	図抜けよ	621		501	-18.6487
ズラシ	ずらし	735		155	-10.0704
ズリケリャ	狡けりゃ	15		501	-12.8968
ズウズウシカロ	ずうずうしかろ	46		501	-17.5378
ズブテエ	図太え	19		501	-12.8657
ズガク	図学	1285		239	-16.7248
ズッポリ	ずっぽり	1281		501	-15.5392
ズイイチ	随一	1285		356	-12.2324
ズイム	瑞夢	1285		501	-18.6282
ズエ	末	1288		501	
ズロウ	ず漏	1287		501	-18.0477
ズキアイ	際き合い	1285		501	-18.7236
ズダ	頭陀	1285		76	-16.3533
ズイ	陏	1288		501	
ズキ	ずき	1283		437	-13.4613
ズームインアサ	ズームイン!!朝!	1288		476	-13.6769
ズイハン	ずいはん	1283		501	-18.8426
ズコーッ	ずこーっ	1281		501	-17.6734
ズイズイ	惴々	1287		501	-17.4416
ズイジ	随時	1314		363	-10.7038
ズクロイ	繕い	832		487	-14.6160
ズリ	刷り	1285		445	-16.4581
ズルキャ	狡きゃ	17		501	-12.8968
ズウズウシカレ	図図しかれ	48		501	-17.5378
ズルリ	ずるり	1281		501	-15.4090
ズベーッ	ずべーっ	1281		501	-17.6734
ズッコケル	ズッコケる	619		501	-17.6419
ズッシリ	ずっしり	1282		501	-11.9068
ズルメ	鯣	1285		501	-18.9467
ズール	XUL	1288		197	-14.9334
ズバ	ずば	1281		293	-15.1104
ズニイ	ずにい	487	625	17	-11.0307
ズウズウシ	図々し	45		11	-11.2159
ズール		1288		400	-14.3003
ズレヨ	ずれよ	624		471	-10.5205
ズイリュウジ	瑞龍寺	1288		404	-14.8224
ズゴンッ	ずごんっ	1281		501	-17.6734
ズキ	図記	1283		501	-18.3317
ズレコン	ずれ込ん	766		292	-11.4709
ズレ	ずれ	622		471	-10.5353
ズイケン	瑞絹	1291		501	-18.1724
ズウズウシ	図図し	39		501	-17.6418
ズショ	調所	1285		251	-16.0205
ズツミ	包	1285		395	-17.1823
ズシンズシン	ずしんずしん	1281		501	-16.8624
ズットズット	ずっとずっと	1288		501	-11.5855
ズウツト	ずうつと	1281		501	-17.8069
ズンブリ	ずんぶり	1281		501	-17.4704
ズバン	ずばん	1281		501	-17.1576
ズイセン	瑞泉	1288		3	-18.5231
ズトマヨ	ずとまよ	1288		501	-14.4401
ズイオウ	随鴎	1291		501	-17.0738
ズイ	ずい	1285		437	-12.9368
ズンズン	ずんずん	1281		501	-13.2830
ズラサ	ずらさ	733		471	-10.2018
ズイジ	随侍	1283		501	-18.0694
ズーット	ズーっと	1281		501	-16.9802
ズイシュウ	随州	1293		501	-17.7008
ズイビン	瑞敏	1291		501	-18.1724
ズウズウシカラ	図々しから	47		11	-11.1926
ズジョウ	頭上	1285		60	-12.1519
ズルキ	ずるき	21		420	-9.9585
ズシオウマル	津志王丸	1291		501	-18.1724
ズレコミ	ズレ込み	767		501	-15.6467
ズルメ	ずるめ	1285		501	-19.4167
ズウズウシケリャ	図々しけりゃ	41		11	-11.1926
ズミハッケンスミ	済み発券済	1298	1285	17	-13.2463
ズル	狡	11		501	-13.0589
ズイイケイヤク	随意契約	1288		455	-14.0087
ズブテエ	ずぶてえ	19		501	-16.3497
ズラ	ずら	780		150	-11.6107
ズク		1285		448	-14.2823
ズイガン	ずいがん	1288		501	-18.5231
ズケイ	図型	1285		501	-18.6282
ズハバ	図幅	1293		501	-17.7008
ズウズウシキャ	図々しきゃ	42		11	-11.1926
ズメイ	図名	1285		501	-18.6282
ズンドウ	ずん胴	1287		501	-18.0477
ズンダモン	ずんだもん	1291		501	-13.0464
ズレコン	ズレ込ん	766		501	-15.6817
ズ	跿	1288		501	
ズイビョウ	随兵	1285		501	-18.6282
ズブトシ	ずぶとし	23		501	-15.8266
ズ	都	1288		501	
ズウズウシカレ	図々しかれ	48		11	-11.1926
ズマヒ	居住ひ	1285		501	-19.4167
ズミ	曇	1288		501	
ズキ	搗	1285		150	-18.8289
ズミ	純	1288		501	
ズドリ	図取り	1285		501	-18.6282
ズシ	豆子	1290		501	-12.8732
ズケイ	図形	1285		304	-18.6282
ズバー	ずばー	1281		501	-16.8190
ズームレンズ		1285		95	-14.0597
ズズ	ずず	1281		501	-14.1799
ズラリ		1282		241	-12.8804
ズズズッ	ずずずっ	1281		501	-17.6734
ズシ	図師	1290		465	-14.5023
ズルズルズル	ずるずるずる	1281		501	-17.1576
ズズゥーン	ずずぅーん	1281		501	-17.6734
ズカズカ		1281		501	-13.8254
ズルケリャ	ずるけりゃ	15		420	-9.9583
ズイ	瑞	1290		128	-16.6052
ズガイナイアツ	頭蓋内圧	1288		183	-14.6794
ズザン	ずざん	1287		501	-17.8935
ズブトカレ	図太かれ	29		501	-12.3417
ズノウセン	頭脳戦	1288		501	-14.4911
ズウット	ずうっと	1281		501	-12.7938
ズ	酢	1285		75	-14.1238
ズカサ	司	1285		403	-19.4167
ズヌケン	頭抜けん	620		501	-17.6162
ズイサン	髄さん	1285	1302	17	-12.9397
ズレ		625		48	-10.4738
ズ	巣	1288		501	
ズボ	ずぼ	1281		501	-14.9439
ズエ	圖會	1285		312	-18.6282
ズ	図	1285		342	-10.3567
ズタズタ		1281		418	-12.6874
ズオウ	ずおう	1285		501	-19.2344
ズカン	ずかん	1285		293	-14.7506
ズーット	ずーっと	1281		420	-9.8565
ズウズウシカロ	図々しかろ	46		11	-11.1926