ゼンゼン	蠕々	1288		501	-18.5231
ゼンゼ〜ン	ぜんぜ〜ん	1281		501	-17.2679
ゼンガク	前額	1285		29	-15.9226
ゼンリョウキョウ	全療協	1285		501	-18.6282
ゼッタイオンカン	絶対音感	1288		132	-13.5948
ゼンシャ	前車	1285		95	-15.1785
ゼンラナンドウ	全羅南道	1293		117	-12.6340
ゼロワン	ZERO-ONE	1288		141	-13.8582
ゼンサク	全作	1285		322	-13.9527
ゼイキンドロボウ	税金泥棒	1285		17	-13.4973
ゼメ	責	1285		243	-18.9467
ゼンゼンダイジョウブデス	全然大丈夫です	1282	460	17	-11.2595
ゼンリン	前輪	1285		95	-12.3532
ゼン	鏨	1288		501	
ゼンイ	善意	1285		252	-11.9899
ゼンベイジョシオープン	全米女子オープン	1288		7	-14.9894
ゼッシ	ぜっし	587		501	-16.8959
ゼンテイ	前程	1285		501	-19.0802
ゼニバコ	銭箱	1285		501	-18.6282
ゼンニンシャ	前任者	1285	1298	17	-12.4508
ゼンプク	全幅	1285		194	-12.9511
ゼンカクリョウ	全閣僚	1288		501	-14.2385
ゼンコクドコ	全国どこ	1285	1306	17	-12.8307
ゼンコクキボ	全国規模	1285		17	-12.7164
ゼンソウ	全草	1285		501	-18.6282
ゼンリツセン	前立腺	1285		192	-13.5020
ゼンテン	前転	1285		501	-18.6282
ゼンニホンエフツーセンシュケン	全日本F2選手権	1288		421	-15.0041
ゼンウ	単于	1285		246	-18.6282
ゼイリ	税吏	1285		193	-16.6823
ゼンジツセイ	全日制	1314	1298	17	-13.1953
ゼンカ	禅家	1285		501	-18.6282
ゼンロウレン	全労連	1292		131	-12.7756
ゼッタイイマ	絶対今	1314		17	-12.9828
ゼンコウジ	善光寺	1293		404	-11.3214
ゼッコウ	舌候	1285		501	-18.6282
ゼン		1289		462	-12.7813
ゼーレ		1285		164	-13.0215
ゼンブカイセイ	全部改正	1288		86	-14.7677
ゼッカ	絶佳	1287		501	-17.4416
ゼンカイドウヨウ	前回同様	1285	1287	17	-12.8281
ゼッチョウキ	絶頂期	1285	1298	17	-12.7141
ゼンドキュウセンカン	前弩級戦艦	1288		230	-14.1674
ゼンメン	全面	1285		494	-10.5510
ゼッタイダメ	絶対だめ	1314	1287	17	-13.3494
ゼッシヨ	絶しよ	585		460	-10.4618
ゼンシンケン	全新研	1285		501	-18.6282
ゼンザエモン	善左衛門	1291		465	-18.1724
ゼンリョウ	全量	1285		487	-13.8712
ゼンシュツ	前出	1283		201	-18.0694
ゼンニッポンガッショウコンクール	全日本合唱コンクール	1288		313	-14.6472
ゼー	ぜー	1281		80	-12.0299
ゼンギョウ	禅行	1285		501	-18.6282
ゼイシュウ	税収	1285		286	-12.2595
ゼンシン	前審	1285		501	-17.0596
ゼンコウ	全功	1285		501	-18.6282
ゼヒオ	ぜひお	1281	560	17	-10.8779
ゼッポウ	舌鋒	1285		307	-15.6038
ゼンジロウ	善二郎	1291		501	-15.7214
ゼンジュウ	善柔	1285		501	-18.6282
ゼラチン		1285		487	-12.6112
ゼンコクネット	全国ネット	1285		305	-12.0496
ゼンマイジカケ	ゼンマイじかけ	1285		501	-18.0817
ゼヒチェックシ	ぜひチェックし	1281	610	17	-11.2883
ゼンガン	全巖	1289		501	-17.9060
ゼンブイリ	全部入り	1288		177	-14.4401
ゼンシャク	善綽	1289		501	-17.9060
ゼンキョウ	全教	1292		131	-13.3380
ゼッタイテ	絶対手	1314	1285	17	-13.1056
ゼメ	責め	1285		301	-14.7053
ゼンジ	漸次	1285		79	-14.9883
ゼンイン	善因	1285		501	-18.6282
ゼンシン	善津	1291		501	-18.1724
ゼットエーピーユー	zapu	1285		501	-17.9351
ゼンノウ	全脳	1285		501	-18.6282
ゼロ	ZERO	1292		40	-10.5432
ゼンシャク	全釈	1285		501	-18.6282
ゼンシン	前震	1285		425	-14.7346
ゼリフ	科白	1285		451	-18.8289
ゼンインサンカ	全員参加	1285	1283	17	-12.9579
ゼロ	zero	1295		5	-16.2407
ゼンジ	前時	1285		501	-18.6282
ゼイタク	ぜいたく	1283		169	-18.3317
ゼツリン	絶倫	1287		389	-14.2552
ゼンハンセン	前半戦	1285	1298	17	-12.0105
ゼツイン	舌咽	1285		501	-18.6282
ゼンダテ	膳立て	1285		501	-17.4426
ゼシキ	是色	1285		501	-18.6282
ゼンダマキン	善玉菌	1288		100	-13.5507
ゼンゴニ	前後に	1314	151	17	-10.9353
ゼンエイ	全英	1288		318	-11.9206
ゼンジン	前陣	1285		501	-18.6282
ゼンタイロン	全体論	1288		186	-14.7423
ゼンコウ	全高	1285		235	-18.6282
ゼンメンセンソウ	全面戦争	1288		298	-13.2289
ゼンレイ	全例	1285		501	-18.6282
ゼリアイ	ぜりあい	1283		501	-19.9412
ゼヒチェック	是非チェック	1283		17	-12.6766
ゼロ	Zero	1289		453	-12.4366
ゼンマイネズミ	発条鼠	1285		501	-18.7236
ゼロサム		1288		501	-14.9095
ゼンイ	ぜんい	1285		331	-15.2429
ゼンテンコウ	全天候	1285		264	-14.3259
ゼンガッ	禅学	1285		383	-18.8094
ゼンコクニ	全国に	1285	151	17	-10.9999
ゼンショウセン	前哨戦	1288		245	-12.3589
ゼリー		1285		75	-11.8556
ゼンマイジカケ	ゼンマイ仕掛け	1285		501	-18.0817
ゼンハンサンジュップン	前半30分	1288		476	-14.9149
ゼンカイジャー		1285		501	-15.1208
ゼンネンドウゲツ	前年同月	1314		17	-13.0385
ゼサイ	ぜさい	1289		501	-18.1292
ゼヒ	是非	1283		436	-8.9141
ゼンインデ	全員で	1285	149	17	-11.0460
ゼンメツ	全滅	1283		411	-11.0244
ゼンキョウ	全協	1285		501	-18.6282
ゼンテイニ	前提に	1285	151	17	-10.8319
ゼネラル・ストライキ		1288		298	-14.7974
ゼンキカテイ	前期課程	1288		85	-12.9638
ゼーンゼン	ぜーんぜん	1281		501	-12.9159
ゼロゴケイ	05系	1288		426	-13.6318
ゼンハン	全藩	1285		501	-18.6282
ゼ	瀬	1285		3	-19.2344
ゼンシュウヨウ	禅宗様	1293		435	-13.4159
ゼンコクリョコウ	全国旅行	1285	1283	17	-12.1966
ゼッケ	絶家	1283		369	-14.0936
ゼツボウテキ	絶望的	1288		282	-12.3963
ゼンマク	前膜	1285		501	-18.6282
ゼンブノ	全部の	1314	368	17	-11.0956
ゼルダムソウ	ゼルダ無双	1288		501	-14.8934
ゼンボク	全蹼	1285		501	-18.6282
ゼンシン	漸深	1285		501	-18.6282
ゼンセ	ぜんせ	1283		293	-18.8426
ゼンイツ	善逸	1291		501	-11.3808
ゼン	喘	1288		501	
ゼンダテ	膳立	1285		501	-18.6282
ゼンマイネズミ	ぜんまいねずみ	1285		501	-19.2344
ゼメ	攻め	1298		411	-10.5172
ゼンコク	全国	1285		224	-8.8032
ゼンコクカクチ	全国各地	1288		228	-11.0786
ゼンシン	善心	1285		501	-16.0182
ゼツボウシテ	絶望して	1283	307	17	-11.3920
ゼンブデ	全部で	1314	149	17	-11.1049
ゼンテイ	全逓	1288		131	-18.5231
ゼリ		1285		501	-18.4612
ゼンブムシ	全部無視	1314	1283	17	-13.2869
ゼンカイイッチ	全会一致	1288		436	-12.3834
ゼンセイ	善性	1285		501	-18.7236
ゼンソウシキ	前装式	1288		264	-14.5781
ゼニイレ	銭入れ	1285		501	-18.6282
ゼン	漸	1288		501	
ゼニタカ	錢高	1290		501	-17.7354
ゼンサイ	全斎	1291		501	-15.6074
ゼンマ	染汚	1283		501	-18.0694
ゼンカ	漸化	1285		501	-18.6282
ゼンゼン	鄯善	1293		135	-17.7008
ゼンキ	前鬼	1285		368	-18.6282
ゼンカ	全科	1285		85	-15.9931
ゼンテキ	全的	1287		169	-17.5369
ゼニ	錢	1288		501	
ゼンピョウ	全豹	1285		501	-18.6282
ゼンキ	善耆	1291		501	-18.1724
ゼンコウ	禅光	1288		501	-18.5231
ゼンメイ	喘鳴	1285		457	-15.4337
ゼンカイ	前回	1285		125	-9.5467
ゼンコクヘイキン	全国平均	1285	1283	17	-12.8359
ゼンキョク	全曲	1285		478	-11.6884
ゼンポウ	善宝	1288		501	-18.5231
ゼッタイハンタイ	絶対反対	1314	1283	17	-13.1590
ゼミ	蝉	1285		389	-18.9467
ゼンリン	全りん	1285		501	-18.6282
ゼンツウジ	善通寺	1293		231	-12.7424
ゼンカク	全角	1285		45	-13.5403
ゼンネンレイタイショウ	全年齢対象	1288		296	-14.0685
ゼンテイチシキ	前提知識	1285		17	-13.1953
ゼンリョウセイ	全寮制	1285	1298	17	-13.0487
ゼン	禪	1288		501	
ゼンソン	全損	1288		320	-13.7650
ゼンコクギンコウキョウカイ	全国銀行協会	1288		374	-14.4342
ゼンダン	全弾	1288		320	-14.0720
ゼット	絶斗	1291		501	-18.1724
ゼンロン	前論	1285		501	-18.6282
ゼヒゼヒ	ぜひぜひ	1281		17	-10.2061
ゼタジョーンズ	ゼタ=ジョーンズ	1289		501	-16.7429
ゼンキ	前鬼	1293		368	-16.2657
ゼンコクイッセイ	全国一斉	1288		501	-13.9065
ゼンカク	前核	1285		501	-18.6282
ゼンベイライフルキョウカイ	全米ライフル協会	1292		38	-13.5062
ゼンノジョウ	善之丞	1291		501	-18.1724
ゼッタイシュギ	絶対主義	1288		388	-13.1939
ゼンメ	全目	1285		501	-18.6282
ゼンショウ	前哨	1285		53	-14.0898
ゼッピンリョウリ	絶品料理	1285	1283	17	-13.3009
ゼンキチ	善吉	1291		344	-13.2941
ゼンカイハ	前回は	1285	261	17	-11.0407
ゼンキ	善琪	1291		501	-18.1724
ゼンショウ	前蹤	1285		501	-18.6282
ゼンショウボウ	善祥坊	1291		501	-18.1724
ゼッキン	舌筋	1285		29	-18.6282
ゼンリ	漸離	1291		501	-18.1724
ゼンペン	前編	1285		424	-11.6374
ゼンシ	全市	1285		387	-14.2604
ゼンゼンダイジョウブ	全然大丈夫	1282	1287	17	-11.0136
ゼントウ	全頭	1285		501	-18.6282
ゼイチョウ	税徴	1285		501	-18.6282
ゼンシ	全歯	1285		501	-18.6282
ゼットン		1292		26	-11.9520
ゼンエモン	善右衛門	1291		501	-18.1724
ゼンマ	善魔	1285		501	-18.6282
ゼタ		1288		338	-14.7998
ゼンシャ	全社	1285		378	-12.4445
ゼイガク	ぜいがく	1285		501	-18.9467
ゼンシ	禅史	1285		501	-18.6282
ゼイニク	贅肉	1285		60	-14.2231
ゼンカイ	全快	1283		46	-13.3717
ゼンペイ	全兵	1285		501	-18.6282
ゼンコクセイハ	全国制覇	1288		491	-13.2614
ゼツダイ	絶大	1285		169	-14.4463
ゼ	背	1288		501	
ゼンキロウ	全基労	1288		501	-18.5231
ゼッタイゼッタイ	絶対絶対	1314		17	-11.9474
ゼンジュツノ	前述の	1283	368	17	-10.1440
ゼロメンカテイ	ゼロ免課程	1288		253	-14.9756
ゼンニホンダイガクヤキュウレンメ	全日本大学野球連盟	1288		372	-14.2056
ゼンエ	染衣	1285		501	-18.6282
ゼンシン	漸新	1285		501	-18.6282
ゼンコタイデンチ	全固体電池	1288		501	-14.4549
ゼンブハアク	全部把握	1314	1283	17	-13.5033
ゼンアン	善庵	1291		501	-15.4643
ゼンモンドウ	禅問答	1285		297	-14.7316
ゼンタロウ	善太郎	1291		497	-13.7804
ゼンテイ	禅庭	1285		501	-18.6282
ゼ	瀨	1288		501	
ゼンコツ	全骨	1285		501	-18.6282
ゼンキンダイ	前近代	1288		88	-12.8687
ゼゼ	是々	1285		501	-18.6282
ゼンジンミトウ	前人未踏	1288		101	-14.9960
ゼンチク	禅竹	1291		76	-14.5615
ゼイ	情	1288		501	
ゼンチ	全地	1285		501	-18.6282
ゼネコン		1285		378	-13.4393
ゼンセダイ	全世代	1288		501	-13.5975
ゼイナン	説難	1285		501	-18.6282
ゼブ		1285		459	-17.6451
ゼンケン	ぜんけん	1288		501	-18.5231
ゼッタイドコ	絶対どこ	1314	1306	17	-13.4913
ゼンカイノ	前回の	1285	368	17	-10.0564
ゼンシュウヒ	前週比	1285	1298	17	-13.2204
ゼンワン	ぜんわん	1285		501	-18.9467
ゼンバ	前場	1285		482	-14.7294
ゼンイチロウ	全一郎	1291		501	-18.1724
ゼムン		1288		349	-14.2258
ゼンニ	禅尼	1285		10	-15.5176
ゼンシュ	善趣	1285		501	-18.6282
ゼンテイ	全訂	1285		501	-18.6282
ゼン	染	1288		501	
ゼンレイ	全霊	1285		501	-15.7749
ゼツメツシュウヨウジョ	絶滅収容所	1288		490	-14.2934
ゼンノウ	前脳	1285		183	-18.6282
ゼンジロウ	ぜんじろう	1291		170	-17.8847
ゼンセツ	善説	1285		501	-19.0802
ゼロキロ	0キロ	1288		235	-13.7315
ゼンコン	善根	1285		297	-15.7728
ゼイロク	贅六	1285		501	-17.8906
ゼンシン	全心	1285		501	-18.6282
ゼンポウ	ぜんぽう	1285		501	-18.9467
ゼンスケ	善亮	1291		501	-18.1724
ゼンイン	全員	1314		490	-16.9883
ゼロキンリセイサク	ゼロ金利政策	1288		422	-14.4426
ゼン	禅	1285		365	-11.4653
ゼキ	藉	1288		501	
ゼンケ	禅家	1285		501	-17.1803
ゼンコクタイオウ	全国対応	1285	1283	17	-13.0838
ゼンバ	膳場	1290		501	-14.5086
ゼンネン	前年	1314		178	-8.7360
ゼンショウ	禅床	1285		501	-18.6282
ゼツボウカン	絶望感	1283	1298	17	-13.4064
ゼリフ		1285		451	-14.2734
ゼンビョウ	禅病	1285		501	-18.6282
ゼンカン	善感	1283		501	-17.0234
ゼンネンノ	前年の	1314	368	17	-11.3839
ゼンタイガ	全体が	1314	148	17	-10.5804
ゼイニク	ぜい肉	1285		501	-18.9467
ゼンケンイニンホウ	全権委任法	1288		430	-14.2771
ゼンジョ	前叙	1285		501	-18.6282
ゼイゴ	ぜいご	1285		501	-16.5741
ゼヒ		1281		501	-16.7083
ゼンブサイコウ	全部最高	1314	1285	17	-13.2161
ゼンキュウ	全休	1283		337	-12.8280
ゼンキョク	前局	1285		501	-18.6282
ゼンエキ	禅懌	1291		501	-18.1724
ゼンコクボートレース	全国ボートレース	1285		17	-11.9820
ゼンジツハツバイ	前日発売	1288		316	-14.8615
ゼッタイヒョウカ	絶対評価	1288		50	-14.0150
ゼンテイ	前帝	1285		501	-18.6282
ゼンネ	禅慧	1289		501	-17.9060
ゼットンセイジン	ゼットン星人	1288		190	-14.9931
ゼントウゼンヤ	前頭前野	1288		183	-14.0027
ゼンコクロードショー	全国ロードショー	1288		415	-14.7109
ゼ〜ンゼン	ぜ〜んぜん	1281		501	-17.2679
ゼキ	関	1288		501	
ゼイ	彗	1288		501	
ゼンラ	全裸	1285		290	-11.8798
ゼンキガタ	前期型	1285	1298	17	-12.9488
ゼンセツ	前節	1285		447	-13.3437
ゼンシュウ	全習	1285		501	-18.6282
ゼント	全都	1285		501	-18.8289
ゼンカレン	ぜんかれん	1288		501	-18.5231
ゼネラルマネージャー		1288		306	-12.6998
ゼンカイ	ぜんかい	1283		501	-18.8426
ゼンゲン	前言	1285		133	-14.8055
ゼッタイダレ	絶対誰	1314	1306	17	-13.0731
ゼンジ	善二	1291		501	-16.9486
ゼンリュウコ	全粒粉	1285		391	-13.9361
ゼンサクドウヨウ	前作同様	1285	1287	17	-13.2333
ゼンガン	前眼	1285		501	-18.6282
ゼイカ	脆化	1283		501	-18.0694
ゼイケイ	税経	1285		501	-18.6282
ゼンピン	全品	1285		163	-14.1526
ゼッサンハツバイチュウ	絶賛発売中	1283	1305	17	-13.5342
ゼンニホンスイソウガクコンクール	全日本吹奏楽コンクール	1288		313	-14.3859
ゼッ	節	1288		501	
ゼンテンコウガタ	全天候型	1288		414	-13.9986
ゼンクウレン	全空連	1288		131	-14.7332
ゼロド	0度	1288		259	-12.7333
ゼン		1285		462	-18.2535
ゼルダノデンセツ	ゼルダの伝説	1288		296	-13.3704
ゼンソウキョク	前奏曲	1288		458	-13.1692
ゼンリョウ	前涼	1288		135	-13.9280
ゼスト	ZST	1292		250	-12.8635
ゼンマイ	薇	1285		128	-15.4841
ゼンジ	前司	1285		219	-18.6282
ゼンタイコウゲキ	全体攻撃	1314	1283	17	-13.0351
ゼン		1288		462	-14.7730
ゼンゾウ	善三	1291		159	-18.1724
ゼニガメ	銭亀	1285		501	-18.6282
ゼファーマ		1288		92	-15.7505
ゼッタイワタシ	絶対私	1314	1306	17	-12.4189
ゼンブ	膳部	1285		392	-15.8728
ゼンガ	禅画	1285		501	-18.6282
ゼンタイテキ	全体的	1288		48	-10.5420
ゼイセイカイセイ	税制改正	1288		214	-13.6908
ゼンインフォロー	全員フォロー	1285	1283	17	-12.7999
ゼンカイ	全壊	1283		425	-12.9046
ゼークト		1288		215	-14.2789
ゼンブイイ	全部いい	1288		501	-14.7338
ゼッタイスキ	絶対好き	1314	1287	17	-12.6144
ゼンジツ	前日	1314		380	-9.0609
ゼンサイ	前妻	1285		97	-13.3526
ゼッタイフクジュウ	絶対服従	1288		368	-14.4822
ゼンサク	前作	1285		283	-10.0857
ゼンカン	全鑑	1285		501	-18.6282
ゼイセイ	税制	1285		79	-12.2386
ゼヒゴ	是非ご	1281	560	17	-11.2307
ゼキショウ	ぜきしょう	1285		501	-19.6398
ゼッタイイヤ	絶対嫌	1314	1287	17	-12.3205
ゼッパン	絶版	1283		24	-11.8085
ゼンジュウレン	全柔連	1292		436	-13.3723
ゼンブガ	全部が	1314	148	17	-11.0125
ゼンシ	前史	1285		94	-12.4729
ゼンエン	前燕	1288		135	-13.4928
ゼキ	咳き	1285		501	-18.9467
ゼンリョクトウキュウ	全力投球	1285	1283	17	-13.3056
ゼロゼロネンダイ	00年代	1288		412	-13.7107
ゼッセン	舌戦	1285		141	-14.7723
ゼンブボク	全部僕	1314	1306	17	-13.3296
ゼッキョウ	絶叫	1283		451	-11.7631
ゼンブウソ	全部嘘	1314	1285	17	-12.4252
ゼンパン	前半	1285		356	-12.2362
ゼンバ	全馬	1285		245	-15.4036
ゼンニホンカラテドウレンメイ	全日本空手道連盟	1288		300	-14.6061
ゼヒトモ	是非とも	1283	342	17	-11.1031
ゼンイン	禅院	1290		238	-13.4439
ゼヒチェック	ぜひチェック	1281	1283	17	-11.2632
ゼンシュ	善珠	1289		501	-17.9060
ゼンエン	全円	1285		501	-18.6282
ゼンペイ	善平	1291		285	-18.1724
ゼット		1288		203	-13.2790
ゼム		1285		180	-17.8481
ゼイ	誓	1288		501	
ゼータガンダム	Zガンダム	1288		177	-14.9088
ゼノブレイド		1288		31	-13.6805
ゼンキュウ	全級	1285		501	-18.6282
ゼンコクハツ	全国初	1288		214	-12.9344
ゼンヨウ	善養	1288		501	-18.5231
ゼンブカイケツ	全部解決	1314	1283	17	-13.2204
ゼン〜ゼン	ぜん〜ぜん	1281		501	-17.2679
ゼンシンダツモウ	全身脱毛	1288		501	-14.5618
ゼンジュウ	前住	1285		418	-18.3181
ゼンダマ	善玉	1285		26	-14.2583
ゼンニホンジーティーセンシュケン	全日本GT選手権	1288		421	-13.2161
ゼリフ	臺白	1285		501	-18.8289
ゼイムチョウサ	税務調査	1292		12	-12.5133
ゼンフツオープン	全仏オープン	1288		7	-11.9681
ゼッタイタイヘン	絶対大変	1314	1287	17	-13.4064
ゼイジャク	ぜいじゃく	1287		501	-18.0477
ゼンキョウ	漸教	1285		501	-18.6282
ゼンシュ	全種	1285		501	-18.6282
ゼイエン	説苑	1288		398	-16.1275
ゼイ		1285		501	-17.5057
ゼッタイダイジョウブ	絶対大丈夫	1314	1287	17	-12.5115
ゼンインガ	全員が	1285	148	17	-10.0791
ゼンセキ	前席	1285		501	-18.6282
ゼンコクテキ	全国的	1288		356	-10.9137
ゼンゴ	前後	1314		143	-8.0599
ゼッ	絶	560		395	-17.6251
ゼッセン	絶線	1285		501	-18.6282
ゼニゴロウ	銭五郎	1291		501	-18.1724
ゼロ	ZERO	1289		40	-13.0961
ゼッタイテキ	絶対的	1288		287	-11.4685
ゼンキンセン	漸近線	1288		336	-14.7282
ゼンコウ	ぜんこう	1291		501	-17.8847
ゼンコウ	前行	1285		501	-18.6282
ゼンラタイキ	全裸待機	1288		501	-14.6436
ゼンケン	全件	1285		501	-18.6282
ゼヒトモ	是非とも	1281		501	-12.0977
ゼンヤ	前夜	1314		282	-10.9438
ゼンシュウ	禅秀	1291		498	-12.8994
ゼッタイテキ	絶対的	1314	1299	17	-11.1850
ゼンポウコウエンフン	前方後方墳	1288		435	-14.3154
ゼンケンイイン	全権委員	1288		215	-14.6576
ゼンラドウ	全羅道	1293		135	-12.4295
ゼイコミ	税込	1285		163	-11.9336
ゼンカン	善管	1285		501	-18.6282
ゼッタイニ	絶対に	1314	151	17	-8.8970
ゼンジ	漸次	1281		79	-13.2003
ゼンシ	全史	1285		501	-18.6282
ゼンコウ	前項	1285		455	-13.0756
ゼータ	ZETA	1289		115	-13.0790
ゼンテン	禅天	1285		501	-18.6282
ゼン	孱	1288		501	
ゼッショウ	絶勝	1285		501	-17.9171
ゼンノウ	全農	1288		378	-18.5231
ゼンチュウ	全中	1285		491	-18.5412
ゼヒゴ	ぜひご	1281	560	17	-10.2596
ゼンコン	全魂	1285		501	-18.6282
ゼンホ	単父	1293		501	-17.7008
ゼンワン	前腕	1285		183	-13.5424
ゼッポン	舌本	1285		501	-18.6282
ゼゼヒヒ	是々非々	1285		472	-14.6433
ゼッシャ	ぜっしゃ	582		501	-16.8869
ゼロサン	03	1289		122	-12.2320
ゼンコクコウコウサッカーセンシュケン	全国高校サッカー選手権	1288		491	-14.5076
ゼンシャシテイセキ	全車指定席	1288		202	-13.7862
ゼノン		1289		273	-11.6588
ゼンケン	全研	1288		501	-18.5231
ゼンマイジルシ	ゼンマイ印	1285		501	-18.0817
ゼンジンミトウ	前人未到	1285		377	-14.1311
ゼロパーセント	0%	1288		248	-10.8839
ゼッツウ	舌痛	1285		501	-18.6282
ゼンコクリョコウシエン	全国旅行支援	1285	1283	17	-12.2593
ゼンベイ	全米	1293		318	-8.9388
ゼンペン	前篇	1288		501	-14.6592
ゼンショウ	前称	1285		501	-18.6282
ゼッテン	絶巓	1285		501	-18.6282
ゼビウス		1288		296	-13.7427
ゼンクサイボウ	前駆細胞	1288		355	-14.6323
ゼロホン	0本	1288		377	-13.5735
ゼンレン	前連	1285		501	-18.6282
ゼンプ	前夫	1285		97	-18.4612
ゼンザン	全山	1285		501	-18.6282
ゼンキチュウトウキョウイク	前期中等教育	1288		85	-14.1194
ゼッタイココ	絶対ここ	1314	1306	17	-13.1953
ゼロイチ		1288		277	-13.7548
ゼンショウ	善昌	1291		501	-17.9752
ゼンモウ	全盲	1285		364	-14.1609
ゼヒツナガリ	ぜひ繋がり	1281	788	17	-10.9907
ゼンノウ	全農	1292		378	-12.6120
ゼンジツニ	前日に	1314	151	17	-11.0063
ゼイサワギ	税騒ぎ	1285		501	-18.6282
ゼロサイ	0才	1288		501	-14.6682
ゼンパンケンサ	全般検査	1288		109	-13.0755
ゼンビ	善美	1291		495	-18.5167
ゼンゴカンケイ	前後関係	1288		501	-13.9262
ゼンコ	前胡	1285		501	-18.6282
ゼンカン	全巻	1285		136	-12.1730
ゼイゼイ	ぜいぜい	1281		501	-15.4247
ゼイベツ	税別	1285		163	-13.3881
ゼヒチェックシテ	ぜひチェックして	1281	307	17	-11.2898
ゼンカシキ	漸化式	1288		447	-13.2250
ゼンチュウヒ	前中扉	1285		501	-18.6282
ゼンブツ	前仏	1285		501	-18.6282
ゼッパン	絶版	1285		24	-18.6282
ゼンダテ	ぜん立て	1285		501	-18.9467
ゼッシヨ	ぜっしよ	585		501	-16.8883
ゼンペン	前篇	1285		501	-18.6282
ゼメ	ぜめ	1285		501	-19.9275
ゼッケン	絶険	1287		501	-17.4416
ゼンエン	善縁	1285		501	-18.6282
ゼシン	是真	1285		501	-18.6282
ゼンプクジ	善福寺	1293		404	-12.9504
ゼンリツセンガン	前立腺がん	1288		192	-14.2926
ゼンゴ	前後	1283		143	-12.7289
ゼンリン	全輪	1285		501	-18.6282
ゼンブオマエ	全部お前	1314	1306	17	-13.1434
ゼイムショ	税務署	1285		265	-12.6411
ゼンショウ	善祥	1285		501	-18.6282
ゼンク	全区	1285		33	-15.7972
ゼイガクコウジョ	税額控除	1288		286	-14.1405
ゼンショウ	全生	1285		236	-18.8289
ゼンヨウ	前葉	1285		333	-18.6282
ゼ	膳	1288		501	
ゼリアイ	迫り合い	1283		501	-18.4371
ゼッタイクンシュセイ	絶対君主制	1288		446	-13.8082
ゼイニク	ゼイ肉	1285		501	-18.0304
ゼンリョウ	全良	1289		501	-13.1751
ゼンイン	全員	1285		490	-8.8690
ゼンネンドウヨウ	前年同様	1314	1287	17	-13.5342
ゼイヒョウ	贅評	1285		501	-18.6282
ゼンブジブン	全部自分	1314	1285	17	-11.5590
ゼンビン	冉閔	1289		8	-13.4568
ゼンキ	全機	1285		501	-18.6282
ゼンゼンカンケイ	全然関係	1282	1283	17	-11.3657
ゼンロウサイ	全労済	1288		172	-18.5231
ゼツジョウ	舌状	1285		501	-18.6282
ゼンダク	然諾	1285		501	-18.6282
ゼンソウ	禅僧	1285		251	-13.2597
ゼイム	税務	1285		265	-12.3130
ゼンイチロウ	善一郎	1291		439	-14.7004
ゼッモト	絶許	1283	1285	17	-13.2915
ゼンダン	前段	1285		86	-13.0868
ゼンゼン	蠕々	1285		501	-18.8289
ゼンジン	善神	1285		501	-18.6282
ゼツガン	舌がん	1285		501	-18.6282
ゼッサンボシュウチュウ	絶賛募集中	1283	1305	17	-13.4973
ゼヒゴラン	是非ご覧	1283	1308	17	-11.9193
ゼイタクナ	贅沢な	1287	454	17	-10.8495
ゼヒコウカン	是非交換	1283		17	-11.8093
ゼン	宣	1288		501	
ゼンショウ	前将	1285		501	-18.6282
ゼンショク	全食	1285		501	-18.6282
ゼンコ	ぜんこ	1285		501	-18.9467
ゼッピツ	絶筆	1283		46	-13.6161
ゼンポウ	前方	1285		304	-10.8488
ゼーガペイン		1288		177	-14.7521
ゼンバ	善馬	1285		501	-18.6282
ゼンダ	善田	1290		501	-17.7354
ゼンタイ	全体	1285		468	-18.4612
ゼッタイヒツヨウ	絶対必要	1314	1287	17	-12.4524
ゼンタイ	全體	1285		501	-18.6282
ゼド		1285		501	-16.9623
ゼンシン	全身	1285		333	-10.2454
ゼンジョ	全女	1288		141	-14.1262
ゼンソウ	全相	1285		501	-18.6282
ゼンジ	全二	1291		501	-18.1724
ゼンネンヒ	前年比	1288		248	-12.0310
ゼッタイコッチ	絶対こっち	1314	1306	17	-13.3748
ゼンゴウセイ	全合成	1288		83	-13.9962
ゼンドウ	善導	1283		365	-14.2831
ゼンブンコウカイ	全文公開	1285	1283	17	-13.0591
ゼンシツ	禅室	1285		233	-16.6823
ゼキ	ぜき	1285		501	-19.2344
ゼンシンザ	前進座	1288		449	-14.3883
ゼイタク	ぜい沢	1283		501	-18.3317
ゼロツーケイ	02系	1288		202	-13.7922
ゼッコツ	舌骨	1285		183	-18.6282
ゼンオウ	前王	1285		501	-18.6282
ゼンパンテキ	全般的	1288		351	-12.5759
ゼツインショク	絶飲食	1285		501	-18.6282
ゼンハンノ	前半の	1285	368	17	-11.3276
ゼッショウ	絶唱	1285		389	-14.6679
ゼン	膳	1285		4	-13.0871
ゼンシ	膳司	1285		501	-18.6282
ゼオスキン		1285		501	-14.7909
ゼンペキ	前壁	1285		501	-18.6282
ゼー		1289		501	-16.7429
ゼンゴサユウ	前後左右	1288		501	-13.4572
ゼンゴ	善護	1283		501	-18.0694
ゼマ	狹	1288		501	
ゼン	槫	1288		501	
ゼイホウ	税法	1285		455	-13.4370
ゼンニホンラリーセンシュケン	全日本ラリー選手権	1288		421	-14.7819
ゼイ	蛻	1288		501	
ゼントウ	全搨	1285		501	-18.6282
ゼンコウ	善洪	1291		501	-18.1724
ゼイガク	税額	1285		286	-13.2652
ゼッタイリョウイキ	絶対領域	1288		113	-14.3395
ゼンワ	禅話	1285		501	-17.8994
ゼンコウセイト	全校生徒	1285		17	-12.8412
ゼン	ぜん	1285		331	-12.1945
ゼイ	税抜	1288		163	-12.6140
ゼンサイ	前菜	1285		75	-13.0477
ゼンキ	前徽	1285		501	-18.6282
ゼンブステキ	全部素敵	1314	1287	17	-13.4736
ゼンジロウ	善次郎	1291		497	-13.1200
ゼンイ	全胃	1285		501	-18.6282
ゼロシキ	零式	1289		343	-11.7793
ゼンクタイ	前駆体	1288		83	-13.4042
ゼンメンテキ	全面的	1288		436	-11.1342
ゼン	全	1290		424	-17.9586
ゼットエーエヌエルエー	zanla	1285		501	-17.9351
ゼンメンニ	前面に	1285	151	17	-11.3758
ゼンゼン	ぜんぜん	1281		54	-10.9623
ゼンワムリョウ	全話無料	1285		17	-12.7464
ゼキ	關	1288		501	
ゼヒナカヨクシテ	ぜひ仲良くして	1281	307	17	-10.9960
ゼロ		1295		283	-7.7632
ゼ		1285		448	-13.7309
ゼンジョウ	前条	1285		86	-15.0745
ゼンイツ	全一	1287		227	-15.2647
ゼナ		1289		25	-16.7429
ゼンジンダイ	全人代	1285		215	-14.0954
ゼンテイジョウケン	前提条件	1285		17	-12.0171
ゼッタイスウ	絶対数	1288		351	-13.2653
ゼンエイ	禅永	1289		501	-17.9060
ゼイン		1289		310	-14.4863
ゼッス	絶す	584		460	-10.4660
ゼンリー		1285		501	-15.3687
ゼッタイナニ	絶対何	1314	1306	17	-13.0118
ゼンマイバカリ	ゼンマイ秤	1285		501	-18.0817
ゼンキョウトウ	全共闘	1292		131	-11.3281
ゼロジョザン	ゼロ除算	1288		45	-14.9396
ゼッタイ	絶対	1314		252	-7.0292
ゼンキョウ	禅教	1285		501	-18.6282
ゼンゾウ	善蔵	1291		76	-14.3222
ゼンタイテキ	全体的	1314	1299	17	-11.2414
ゼンコクク	全国区	1288		125	-12.2463
ゼゼハン	膳所藩	1288		148	-14.5913
ゼッタイクンシュ	絶対君主	1288		446	-14.3464
ゼンコクノ	全国の	1285	368	17	-10.3757
ゼンジュク	禅塾	1285		501	-18.6282
ゼッタイ	舌苔	1285		457	-16.7275
ゼンガン	全がん	1285		501	-18.6282
ゼットアイピーアールエー	zipra	1285		501	-17.9351
ゼンリョクシッソウ	全力疾走	1285	1283	17	-13.0118
ゼンブタノシミ	全部楽しみ	1314	1285	17	-13.0184
ゼッタイコウカイ	絶対後悔	1314	1283	17	-12.9703
ゼッタイコレ	絶対これ	1314	1306	17	-12.3000
ゼンケイ	全掲	1285		501	-18.6282
ゼットカイ	Z会	1292		300	-12.8137
ゼンブダメ	全部ダメ	1314	1287	17	-12.8820
ゼツメツ	絶めつ	1283		501	-18.0694
ゼンモン	前門	1285		114	-15.9336
ゼンテイレン	全底連	1288		501	-18.5231
ゼッタイジカン	絶対時間	1288		157	-14.8126
ゼンコクコウコウエキデン	全国高校駅伝	1288		491	-14.8041
ゼンジュウ	前住	1290		418	-18.4545
ゼント	全都	1285		501	-19.6398
ゼンギンキョウ	全銀協	1288		153	-18.5231
ゼンタイトシテ	全体として	1314	179	17	-11.3458
ゼンプウ	ぜんぷう	1285		501	-18.9467
ゼンゼン	前前	560		501	-17.6251
ゼンピョウ	前表	1285		501	-18.6282
ゼンメンコウコク	全面広告	1285		201	-13.9590
ゼンバタカコ	膳場貴子	1289		122	-14.0080
ゼンゴヘン	前後編	1314	1298	17	-12.6490
ゼツガイ	ぜつがい	1285		501	-18.9467
ゼロックス	Xerox	1288		315	-14.1417
ゼンタイヲ	全体を	1314	156	17	-10.3942
ゼンブスキ	全部好き	1314	1287	17	-12.6285
ゼンカ	善果	1285		501	-17.4708
ゼニザ	銭座	1285		311	-18.6282
ゼンニホンセンシュケンタイカイ	全日本選手権大会	1288		491	-14.8855
ゼンキョウ	前胸	1285		501	-18.6282
ゼロックス		1285		181	-13.7681
ゼンナイン	禅那院	1289		501	-17.9060
ゼンジュ	善寿	1291		501	-18.1724
ゼンセン	全船	1285		501	-18.6282
ゼンコン	前婚	1285		501	-18.6282
ゼンゼンナイ	全然ない	1282	20	17	-11.3552
ゼンポウコウエン	前方後円	1285		435	-15.0755
ゼリフ	ぜりふ	1285		501	-19.2344
ゼンガクレン	全学連	1288		131	-13.3610
ゼッタイトウキュウ	絶対等級	1288		466	-13.7915
ゼンクン	前訓	1285		501	-18.6282
ゼンテイ	前綴	1285		501	-18.6282
ゼン	前	1314		282	-17.3465
ゼンショー		1292		378	-13.3408
ゼンチ	全治	1283		337	-12.6175
ゼニガシ	銭貸し	1285		501	-18.6282
ゼンショウ	全消	1285		501	-18.6282
ゼッタイチ	絶対値	1288		447	-12.5846
ゼンメンキンシ	全面禁止	1288		216	-13.8308
ゼンコウ	禅興	1288		501	-18.5231
ゼンタイコウカイ	全体公開	1314	1283	17	-13.3056
ゼンベイプロゴルフセンシュケン	全米プロゴルフ選手権	1288		7	-14.4670
ゼンバン	膳番	1285		501	-18.6282
ゼツボウシタ	絶望した!	1288		501	-14.5714
ゼンホウ	前鋒	1288		58	-14.8988
ゼェ〜〜〜ンブ	ぜぇ〜〜〜んぶ	1314		501	-17.4266
ゼロボルト	0V	1288		501	-14.3199
ゼンテイトシ	前提とし	1285	610	17	-11.4293
ゼリフ	台詞	1285		451	-18.6282
ゼッタイソレ	絶対それ	1314	1306	17	-12.8386
ゼツエン	絶遠	1285		501	-18.1929
ゼンシャ	全車	1285		426	-10.9514
ゼンジツ	ぜんじつ	1314		501	-17.3465
ゼンドウ	前同	1285		501	-19.0802
ゼンシン	全真	1289		58	-17.9060
ゼンリン	禅林	1285		342	-15.4540
ゼッコウチョウ	絶好調	1285		178	-13.2443
ゼントラーディ		1288		190	-13.1391
ゼイカンショクイン	税関職員	1288		490	-14.9642
ゼンテイデ	前提で	1285	149	17	-10.8493
ゼロベース		1288		501	-13.9719
ゼンゴウオープン	全豪オープン	1288		7	-12.1533
ゼッコン	舌根	1285		183	-15.6620
ゼンゲツ	前月	1285		380	-12.9272
ゼンガク	全顎	1285		501	-18.6282
ゼンセイ	善性	1285	1298	17	-12.9956
ゼンシン	善信	1289		159	-17.9060
ゼッタイ	ぜったい	1281		80	-11.0416
ゼネバス		1285		146	-15.2307
ゼンシン	前進	1283		411	-10.5674
ゼンタイ	ぜんたい	1285		293	-18.9467
ゼン	濳	1288		501	
ゼンケン	全県	1285		397	-18.3871
ゼンギンシステム	全銀システム	1288		267	-14.7231
ゼンレイ	前例	1285		268	-11.8754
ゼッカ	舌禍	1285		444	-15.1948
ゼンイキ	全域	1285		397	-10.5400
ゼンコウ	漸江	1293		501	-17.7008
ゼクウ	是空	1285		10	-18.6282
ゼンニュウ	全入	1285		501	-19.2344
ゼイタク	贅沢	1285		66	-11.5644
ゼンチュウ	前註	1285		501	-18.6282
ゼンチゼンノウ	全知全能	1285		186	-14.3779
ゼイジャク	脆弱	1287		169	-11.0381
ゼンメイ	善明	1291		159	-18.1724
ゼネラル・エレクトリック		1292		181	-11.4180
ゼッコウ	舌耕	1285		501	-18.6282
ゼキ	跡	1288		501	
ゼンテキ	全摘	1288		192	-13.5902
ゼント	前途	1285		252	-13.2889
ゼンデン	全伝	1285		501	-18.6282
ゼンエイオープン	全英オープン	1288		7	-13.3146
ゼンコクバン	全国版	1288		305	-13.5946
ゼッタン	舌端	1285		183	-14.9236
ゼリアイ	競り合い	1285		63	-15.4676
ゼンハバ	全幅	558		194	-11.2383
ゼンブワタシ	全部私	1314	1306	17	-12.1307
ゼンキョウレン	全共連	1288		501	-18.5231
ゼンテキ	禅的	1287		501	-17.4416
ゼンコクタイカイ	全国大会	1288		362	-10.9378
ゼンダイトウリョウ	前大統領	1288		68	-13.0985
ゼヒナカヨク	是非仲良く	1283	35	17	-11.4279
ゼンツウ	全通	1283		494	-11.6918
ゼイリシ	税理士	1285		402	-12.0460
ゼンッゼン	ぜんっぜん	1281		501	-12.5564
ゼイゴ	贅語	1285		501	-17.8906
ゼンニホンプロレスチュウケイ	全日本プロレス中継	1288		476	-14.0150
ゼイコミ	税込み	1285		163	-13.2322
ゼニガメ	銭がめ	1285		501	-18.6282
ゼンマイ		1285		270	-13.8290
ゼク		1285		501	-17.8481
ゼイタク	贅沢	1283		66	-17.9953
ゼンショウユウショウ	全勝優勝	1288		178	-13.4354
ゼンラン	全卵	1288		487	-14.1632
ゼンニホンセンバツ	全日本選抜	1288		491	-13.9564
ゼンソン	全損	1285		320	-18.6282
ゼンズ	全図	1285		501	-18.6282
ゼツガイ	絶崖	1285		501	-18.6282
ゼンク	ぜんく	1285		501	-18.9467
ゼンガン	全顔	1285		501	-18.6282
ゼンコウ	前向	1285		501	-18.6282
ゼンキ	禅気	1285		501	-18.6282
ゼンキョウズ	全教図	1288		501	-18.5231
ゼン	全	1285		424	-13.8908
ゼンネンレイ	全年齢	1288		501	-13.1796
ゼロメートル	0m	1288		235	-12.3233
ゼンショ	禅書	1285		501	-18.6282
ゼイリシサン	税理士さん	1285	1302	17	-13.0453
ゼッシロ	絶しろ	588		460	-10.4610
ゼンショク	前食	1285		501	-18.6282
ゼンフツ	全仏	1285		501	-18.3871
ゼッシャ	絶しゃ	582		460	-10.4604
ゼンネンドウゲツヒ	前年同月比	1314	1298	17	-13.4010
ゼンニッチュウ	全日中	1285		7	-18.6282
ゼンセイ	前世	1285		212	-11.8135
ゼンニホンクウユ	全日本空輸	1292		378	-11.7165
ゼンセンカイギョウ	全線開業	1285	1283	17	-13.4010
ゼイキンノムダヅカイ	税金の無駄遣い	1288		501	-14.2583
ゼンカ	前科	1285		243	-12.9054
ゼンブスキ	全部好き	1288		501	-13.0074
ゼッフチョウ	絶不調	1283	1287	17	-12.5493
ゼンドウ	ぜんどう	1283		501	-18.8426
ゼニン	是認	1283		456	-13.3433
ゼッ	舌	1288		501	
ゼンゼンダイジョウブ	全然大丈夫	1288		501	-11.8960
ゼネバステイコク	ゼネバス帝国	1288		190	-14.2197
ゼ	眥	1288		501	
ゼヒフォロー	是非フォロー	1283		17	-12.3529
ゼンカイキジ	前回記事	1285		17	-13.3494
ゼンカン	禅観	1285		501	-18.6282
ゼンボウ	全貌	1285		212	-12.9058
ゼツダイ	舌代	1285		501	-18.6282
ゼンチク	善竹	1290		501	-16.9470
ゼンハンハ	前半は	1285	261	17	-11.4096
ゼッパイ	舌背	1285		501	-18.6282
ゼ	眦	1288		501	
ゼンブン	前文	1285		456	-13.3431
ゼンセイ	全性	1288		501	-18.5231
ゼンシャ	全射	1288		447	-13.9865
ゼンショウ	前生	1285		443	-16.1741
ゼンサイ	前鰓	1285		501	-18.6282
ゼゼ		1285		501	-16.8673
ゼンザ	前座	1285		141	-12.2851
ゼンテイト	前提と	1285	150	17	-11.0125
ゼンカシャ	前科者	1285	1298	17	-13.3056
ゼンシン	前唇	1285		501	-18.6282
ゼンガン	前癌	1285		501	-18.6282
ゼンリンクドウ	前輪駆動	1288		168	-12.4241
ゼンケンタイシ	全権大使	1288		215	-14.2732
ゼンゼン	全然	1282		17	-6.9196
ゼン	前	560		282	-7.2462
ゼイムショチョウ	税務署長	1288		265	-14.3503
ゼツメツシュ	絶滅種	1288		218	-13.8438
ゼツミョウ	絶妙	1287		66	-9.9451
ゼンニックウ	全日空	1292		378	-11.0353
ゼムストヴォ		1288		13	-14.6061
ゼンワン	前弯	1285		501	-18.6282
ゼンダン	前談	1285		501	-18.6282
ゼンオンガクフシュッパンシャ	全音楽譜出版社	1292		416	-13.4790
ゼンモン	前問	1285		501	-18.6282
ゼンコクタイオウカノウ	全国対応可能	1285	1287	17	-13.4449
ゼンダイミモン	前代未聞	1285		282	-12.6369
ゼンビ	善美	1287		495	-16.2841
ゼリアイ	迫合い	1283		501	-18.4371
ゼンジツ	全日	1314		253	-11.3309
ゼンロ	前路	1285		501	-19.6398
ゼンジ	善事	1285		368	-16.4012
ゼイカ	筮卦	1285		501	-18.6282
ゼンカン	前官	1285		501	-16.9486
ゼンゼーン	ぜんぜーん	1281		501	-17.2679
ゼンショウ	善性	1289		501	-17.9060
ゼンチ	全知	1285		186	-14.7465
ゼンギ	前議	1285		501	-18.7236
ゼンパイ	全敗	1283		178	-12.5027
ゼイ	西	1288		501	
ゼッタイコクボウケン	絶対国防圏	1288		53	-14.3927
ゼンセン	善戦	1283		411	-12.4897
ゼンチシ	前置詞	1285		327	-13.4464
ゼンコウハン	前後半	1285		501	-18.3871
ゼンコクソウゴウカイハツケイカク	全国総合開発計画	1288		214	-14.6730
ゼンブソウ	全部そう	1314	1301	17	-12.9017
ゼンダン	全弾	1285		320	-18.6282
ゼンショウ	善照	1288		501	-18.5231
ゼンリョウ	善良	1285		66	-13.8562
ゼンニン	膳任	1291		501	-18.1724
ゼイケン	税権	1285		501	-18.6282
ゼットハチマル	Z80	1288		315	-13.2611
ゼツベン	舌弁	1285		501	-18.6282
ゼッタイ	絶体	1285		501	-18.6282
ゼンリツ	全率	1285		501	-18.6282
ゼンド	全土	1285		240	-11.2752
ゼッスル	絶する	583		460	-10.4636
ゼイチク	筮竹	1285		297	-15.8276
ゼンテキ	全てき	1287		501	-17.5369
ゼロセンチメートル	0cm	1288		194	-13.3306
ゼッキョウマシン	絶叫マシン	1288		228	-14.8187
ゼング	前駆	1283		355	-18.0694
ゼンガン	全癌	1285		501	-18.6282
ゼタク	是琢	1289		501	-17.9060
ゼンハンブブン	前半部分	1285		17	-12.8386
ゼンネン	禅苑	1285		501	-18.6282
ゼンノスケ	善之介	1291		501	-18.1724
ゼラ		1285		146	-14.9285
ゼンシンマスイ	全身麻酔	1288		192	-13.0980
ゼータ		1289		65	-12.5735
ゼンザイ	ぜんざい	1285		93	-13.8798
ゼンゴウ	善業	1285		501	-18.6282
ゼヒゴラン	ぜひご覧	1281	1308	17	-11.3873
ゼンポン	善本	1285		342	-16.1525
ゼンコクキョウツウ	全国共通	1285	1283	17	-13.1709
ゼンネ	善慧	1285		501	-18.6282
ゼリアイ	競合い	832		501	-19.6920
ゼンタイシュギタイセイ	全体主義体制	1288		388	-14.5714
ゼッタイオレ	絶対俺	1314	1306	17	-12.8386
ゼンゴ	漸悟	1285		501	-18.6282
ゼンセキ	禅籍	1285		501	-18.6282
ゼンシンゼンレイ	全身全霊	1285		17	-13.3152
ゼッタイシアワセ	絶対幸せ	1314	1287	17	-12.7924
ゼッタイソコ	絶対そこ	1314	1306	17	-13.4562
ゼンニホン	全日本	1285		491	-10.9882
ゼンデラ	禅寺	1285		501	-18.8289
ゼンニホンダイガクエキデン	全日本大学駅伝	1288		491	-14.9088
ゼンソウ	全琮	1289		8	-13.1286
ゼントウ	禅刀	1285		501	-18.6282
ゼンインニ	全員に	1285	151	17	-10.6910
ゼンインブン	全員分	1285	1298	17	-11.9328
ゼヒサンカ	是非参加	1283		17	-11.9466
ゼゼ	瀬々	1290		122	-21.8310
ゼントク	善得	1288		501	-18.5231
ゼンエン	禅苑	1285		501	-18.6282
ゼンパイ	全廃	1283		494	-11.5350
ゼッタイゼッタイゼッタイゼッタイ	絶対絶対絶対絶対	1314		17	-13.5094
ゼンジン	前人	1285		501	-16.0316
ゼンニホンセンシュケン	全日本選手権	1288		491	-12.1772
ゼンフク	単福	1289		501	-17.9060
ゼエンブ	ぜえんぶ	1314		501	-17.4266
ゼツメイ	絶命	1283		91	-12.4873
ゼンニホン	ぜんにほん	1285		331	-14.4808
ゼヒゴサンカクダサイ	ぜひご参加ください	1281	1239	17	-10.7122
ゼンリョクデ	全力で	1285	149	17	-9.6868
ゼニガタ	銭形	1285		26	-13.4231
ゼキ	咳	1285		192	-18.7236
ゼ	ぜ	269		52	-5.1741
ゼニゴケ	銭苔	1285		501	-18.6282
ゼム	them	1289		121	-11.4233
ゼン	嶄	1288		501	
ゼイビキ	税引き	1285		354	-15.2072
ゼイノガレ	税逃れ	1285		501	-18.8289
ゼイセイチョウサカイ	税制調査会	1288		191	-14.0743
ゼッキョウ	絶境	1285		501	-17.5604
ゼイチョウ	税調	1285		278	-15.2264
ゼ	勢	1288		501	
ゼ〜ンブ	ぜ〜んぶ	1314		501	-17.4266
ゼツ	絶	1288		501	
ゼイ	勢	1285		411	-12.6562
ゼンキ	前季	1285		501	-18.6282
ゼンザイ	善財	1289		501	-17.9060
ゼイセイ	税政	1285		501	-17.3729
ゼンセキシテイ	全席指定	1288		109	-13.7652
ゼツオン	舌音	1285		501	-18.6282
ゼンカブ	全株	1285		501	-18.6282
ゼンコウキ	前・後期	1285		501	-18.5412
ゼッサン	絶讃	1283		501	-18.0694
ゼンベイダイガクタイイクキョウカイ	全米大学体育協会	1292		362	-13.4909
ゼンリョウナシミン	善良な市民	1288		186	-14.8405
ゼッタイシュウソク	絶対収束	1288		501	-14.8163
ゼンメンマド	前面窓	1285		17	-13.0767
ゼッタイイッショ	絶対一緒	1314	1283	17	-13.2507
ゼンコクジュウテンブンブツホゴタンイ	全国重点文物保護単位	1288		475	-14.9190
ゼロ	00	1295		380	-17.4645
ゼンニホンジョシプロレス	全日本女子プロレス	1292		141	-12.3636
ゼ	所	1288		501	
ゼットバッファ	Zバッファ	1288		197	-14.9606
ゼッサク	絶作	1285		501	-18.6282
ゼングン	全軍	1285		501	-18.4612
ゼンビケ	前引	1285		501	-18.6282
ゼン	亶	1288		501	
ゼイリシホウジン	税理士法人	1288		486	-14.4200
ゼンリョクシッソウ	全力疾走	1288		501	-13.4111
ゼンニョ	善女	1285		233	-16.4978
ゼン	zen	1285		501	-18.0817
ゼンケン	全権	1285		215	-12.3457
ゼッタイオウセイ	絶対王政	1288		388	-12.9438
ゼノア	ぜのあ	1288		501	-19.5039
ゼンタイデ	全体で	1314	149	17	-10.7341
ゼッケン		1285		63	-13.4234
ゼンパン	前半	1314		356	-12.2362
ゼンカン	全乾	1285		501	-18.6282
ゼンリン		1292		396	-13.5336
ゼンゼイ	善逝	1285		501	-18.6282
ゼンアク	善悪	1285		287	-12.2934
ゼツロン	舌論	1285		501	-18.6282
ゼネラルモーターズ		1292		181	-11.5762
ゼヒゼヒ	是非是非	1283		17	-11.6510
ゼンニン	善人	1285		252	-12.4332
ゼンロウ	全労	1285		501	-17.2932
ゼンコウ	善行	1285		252	-13.0957
ゼリアイ	競り合い	832		63	-15.4676
ゼンコクシドウシャ	全国指導者	1288		215	-15.0041
ゼンタイセイ	全体性	1288		287	-13.5995
ゼンイ	善い	1285		252	-14.1315
ゼイガイ	税外	1285		501	-18.6282
ゼンカン	全館	1285		414	-13.6616
ゼンシン	ぜんしん	1289		293	-18.1292
ゼンナ	善那	1289		501	-17.9060
ゼットウ	舌頭	1285		501	-17.8906
ゼンブン	全文	1285		59	-11.8100
ゼンエキ	全駅	1285		501	-18.5412
ゼンゴウ	全豪	1285		7	-18.6282
ゼンポウ	善法	1285		501	-18.6282
ゼンベイオープン	全米オープン	1288		7	-11.8924
ゼータガンダム	Ζガンダム	1288		190	-12.9892
ゼンソク	ぜん息	1285		501	-18.9467
ゼットティービー	ztv	1288		501	-17.6581
ゼクス		1292		26	-12.5415
ゼンマイジカケ	ゼンマイ仕掛	1285		501	-18.0817
ゼンゼンイイ	全然いい	1282	19	17	-11.0828
ゼンセイ	全盛	1285		356	-12.5986
ゼンブオレ	全部俺	1314	1306	17	-12.6896
ゼンカレン	全家連	1288		501	-16.8184
ゼップ	Zepp	1288		172	-13.0999
ゼンシロウ	善四郎	1291		497	-14.3251
ゼンタイシュギコッカ	全体主義国家	1288		126	-14.8731
ゼンアクニゲンロン	善悪二元論	1288		189	-14.8175
ゼサイ	是斎	1289		501	-17.9060
ゼンギ	前戯	1285		152	-18.6282
ゼンコウウン	全交運	1285		501	-18.6282
ゼンショウ	前章	1285		242	-14.2412
ゼック	節句	1285		482	-17.5546
ゼリアイ	ぜり合い	1283		501	-19.9412
ゼンジンキョウイク	全人教育	1288		154	-14.9327
ゼキショウ	石菖	1285		501	-18.9467
ゼロトン	0t	1288		501	-14.1924
ゼ	摧	1288		501	
ゼイジャク	脆弱	1285		169	-13.8761
ゼンイ	漸移	1285		501	-18.6282
ゼッスレ	絶すれ	581		460	-10.4604
ゼイイン	税印	1285		501	-18.6282
ゼンオンカイ	全音階	1288		458	-13.9107
ゼンソクモチ	喘息持ち	1285	1298	17	-13.2204
ゼンノウ	善応	1288		501	-18.5231
ゼンゴウ	全豪	1293		7	-12.3369
ゼンニン	前任	1285		215	-12.1322
ゼンジョウ	全成	1291		501	-18.1724
ゼンケイ	前傾	1283		95	-13.1945
ゼンニュウ	全乳	1285		501	-18.6282
ゼメ	攻め	1285		411	-16.2812
ゼニバ	銭場	1290		501	-17.4280
ゼンシュウ	全州	1293		19	-17.7008
ゼンシツ	前室	1285		435	-18.6282
ゼンケン	全建	1288		501	-18.5231
ゼンチュウ	前注	1285		501	-18.6282
ゼンジョウ	禅杖	1285		501	-18.6282
ゼツビ	絶美	1287		501	-17.1584
ゼッピツ	絶筆	1285		46	-18.6282
ゼニゴケ	銭ごけ	1285		501	-18.6282
ゼレ		1289		501	-16.7429
ゼンエイ	前衛	1285		356	-11.6516
ゼンイ	前医	1285		501	-18.6282
ゼンプク	善福	1285		501	-18.6282
ゼンビケ	ぜんびけ	1285		501	-18.9467
ゼンノスケ	善之助	1291		159	-14.1189
ゼイノ	勢の	1298	368	17	-11.4302
ゼンジ	善地	1293		501	-17.7008
ゼンシチ	善七	1291		330	-14.6759
ゼンブダイスキ	全部大好き	1314	1287	17	-12.9892
ゼンヒテイ	全否定	1288		88	-12.8432
ゼンケン	前賢	1285		501	-17.9442
ゼンコウ	全校	1285		387	-12.7105
ゼンシ	前詞	1285		501	-18.6282
ゼンゴエキ	前後駅	1293		162	-13.7573
ゼンカイ	全開	1283		63	-11.2890
ゼツ	舌	1285		333	-18.8289
ゼン	ぜん	1300		331	-18.1241
ゼンバ	ぜんば	1285		501	-18.9467
ゼンゼンシラ	全然知ら	1282	780	17	-11.2894
ゼン	繕	1285		501	-26.1282
ゼンブコレ	全部これ	1314	1306	17	-13.2915
ゼンペンコウカイ	全編公開	1285	1283	17	-12.7141
ゼンブ	前部	1285		284	-11.7041
ゼゲン	女衒	1285		311	-14.8004
ゼンコ	全戸	1285		81	-14.9258
ゼンガク	全学	1285		253	-13.7995
ゼイ	贅	1285		4	-14.3761
ゼンタン	前端	1285		304	-13.5429
ゼ	儕	1288		501	
ゼンエイ	全英	1285		318	-18.4612
ゼンチョウ	前趙	1288		135	-13.6403
ゼンジュボウ	善住坊	1291		501	-18.1724
ゼンブ	ぜんぶ	1314		150	-10.5251
ゼンソウ	全装	1285		501	-18.6282
ゼイゲン	贅言	1283		501	-15.8569
ゼイヌキ	税抜き	1288		163	-14.0317
ゼツボウテキ	絶望的	1283	1299	17	-11.4153
ゼンシュウチョンジュ	全州	1288		19	-13.5971
ゼッキョウケイ	絶叫系	1283	1298	17	-12.9892
ゼンニホンロードレースセンシュケ	全日本ロードレース選手権	1288		421	-13.8129
ゼイゲン	税源	1285		286	-15.2876
ゼニー		1288		163	-14.7636
ゼンゲンテッカイ	前言撤回	1288		501	-14.7265
ゼンカク	前角	1285		183	-18.6282
ゼン	蟬	1288		501	
ゼンリュウ	全隆	1291		501	-18.1724
ゼアミ	世阿弥	1289		312	-11.9518
ゼロット	zealot	1285		501	-17.9351
ゼッピン	絶品	1285		420	-12.2260
ゼンメイ	全明	1289		501	-17.9060
ゼイ	噬	1288		501	
ゼレンスキー		1289		501	-11.5173
ゼヒオネガイ	是非お願い	1283		17	-11.5271
ゼンシ	前翅	1285		333	-13.6980
ゼンシャハ	前者は	1285	261	17	-11.2053
ゼンパン	全般	1285		154	-10.4978
ゼンミョウボウ	禅妙房	1289		501	-17.9060
ゼンベイ	全米	1285		318	-18.1929
ゼンゴデ	前後で	1314	149	17	-11.4352
ゼン	ZEN	1289		40	-13.3708
ゼンモン	禅門	1285		128	-15.5683
ゼンタイシュギ	全体主義	1288		388	-12.3581
ゼルエル		1288		407	-14.9156
ゼンニチセイコウコウ	全日制高校	1288		501	-14.5130
ゼンジ	禅師	1291		238	-13.3393
ゼッショク	絶食	1283		337	-12.8846
ゼン	然	1298		495	-18.5163
ゼンコウ	ぜんこう	1288		501	-18.5231
ゼニカネ	銭金	1285		501	-18.6282
ゼンノロブロイ		1288		245	-14.3835
ゼチ	鞨	1288		501	
ゼッタイゼツメイ	絶体絶命	1287		26	-13.9736
ゼンラン	善鸞	1289		399	-14.6403
ゼンショウトウ	前照灯	1288		95	-11.7165
ゼンシロウ	全施労	1285		501	-18.6282
ゼンラク	漸落	1283		501	-18.0694
ゼンノウ	前納	1283		474	-14.6494
ゼイバイ	税賠	1285		501	-18.6282
ゼミ		1285		253	-11.2899
ゼイカン	税関	1285		265	-18.6282
ゼンコクホウソウ	全国放送	1288		305	-12.4662
ゼンセツ	前説	1285		409	-13.8879
ゼンショウ	善性	1285		501	-19.9060
ゼン	蝉	1288		501	
ゼンコウ	禪閤	1285		501	-18.6282
ゼンキン	前筋	1285		501	-18.6282
ゼンコクチジカイ	全国知事会	1288		214	-14.5040
ゼェッタイ	ぜぇったい	1314		501	-17.4266
ゼンコウ	単公	1289		501	-17.9060
ゼンシュウ	前週	1285		380	-13.1364
ゼンチ	全智	1285		501	-18.6282
ゼンタイズ	全体図	1314	1298	17	-13.4677
ゼンセン	全線	1285		469	-10.4879
ゼツボウシ	絶望し	1283	610	17	-10.7512
ゼンチ	前置	1285		327	-18.6282
ゼンカイ	全潰	1283		501	-18.0694
ゼンジ	禅師	1285		238	-13.4931
ゼンセン	全線	1314		469	-17.2034
ゼッサンハツバイ	絶賛発売	1283		17	-13.5342
ゼンガイ	喘咳	1285		501	-18.6282
ゼンシンバンド	前身バンド	1285		17	-13.5217
ゼンポウコウエンフン	前方後円墳	1285		435	-12.7929
ゼンゴノ	前後の	1314	368	17	-10.6897
ゼノ		1289		222	-12.4576
ゼットウ	絶倒	1285		501	-18.6282
ゼンボウ	前房	1285		501	-19.4167
ゼンズ	前図	1285		501	-18.6282
ゼンラホクドウ	全羅北道	1293		117	-12.8566
ゼノブレ		1285		501	-15.3351
ゼンシン	ぜんしん	1285		293	-18.9467
ゼンシ	全姿	1285		501	-18.6282
ゼッサンボシュウ	絶賛募集	1283		17	-13.4281
ゼムセルブズ	themselves	1289		461	-13.6205
ゼンジツ	前日	1285		380	-11.5609
ゼンセンカイツウ	全線開通	1285	1283	17	-12.6084
ゼン	吮	1288		501	
ゼンサツ	禅刹	1285		501	-17.0558
ゼロワン	ZERO1	1288		141	-13.7599
ゼンニホンツーリングカーセンシュケン	全日本ツーリングカー選手権	1288		421	-13.9458
ゼンセ	前世	1285		212	-15.1469
ゼイタク	贅沢	1287		66	-9.8448
ゼンインノ	全員の	1285	368	17	-11.0341
ゼンジョウ	禅定	1285		365	-14.1368
ゼロス		1289		26	-13.8581
ゼンビブン	全微分	1288		447	-14.3693
ゼンブンムリョウ	全文無料	1285		17	-13.1319
ゼンリン	善隣	1285		104	-15.1105
ゼイタクヒン	贅沢品	1287	1298	17	-13.3345
ゼンノウ	全納	1283		501	-16.9305
ゼンユ	全癒	1283		501	-17.5994
ゼンブムリョウ	全部無料	1314	1285	17	-13.5279
ゼンマイ	撥條	1285		501	-18.7236
ゼニカネ	銭かね	1285		501	-18.6282
ゼロミリメートル	0mm	1288		194	-13.4542
ゼンシンタイツ	全身タイツ	1288		295	-13.7928
ゼツダイ	絶大	1287		169	-10.5006
ゼンタイサイテキ	全体最適	1288		227	-13.4391
ゼツエン	舌縁	1285		501	-18.6282
ゼンゼン	前々	560		386	-12.0662
ゼンコクリーグ	全国リーグ	1288		428	-14.1442
ゼンデン	前殿	1285		435	-18.6282
ゼンアツ	全圧	1285		501	-18.6282
ゼンゲン	善言	1285		501	-17.0224
ゼンモン	全問	1285		501	-18.6282
ゼッペキ	絶壁	1285		220	-13.8917
ゼニヅツ	銭筒	1285		501	-18.6282
ゼッセヨ	ぜっせよ	589		501	-16.8869
ゼイセイカイカク	税制改革	1288		79	-14.1508
ゼンネ	善慧	1289		501	-17.9060
ゼントウ	漸騰	1283		501	-18.0694
ゼントウヨウ	前頭葉	1285		183	-13.6845
ゼツヤク	絶訳	1285		501	-18.6282
ゼンゴウ	前号	1285		501	-18.6282
ゼンハンカイ	全(半)壊	1285		501	-18.6282
ゼンコ	前弧	1285		501	-18.6282
ゼンゾウ	善造	1291		501	-18.1724
ゼツミョウナ	絶妙な	1287	454	17	-10.9436
ゼンイン	前院	1285		501	-18.6282
ゼツイキ	絶域	1285		501	-17.4206
ゼイ	毳	1288		501	
ゼンゴ	禅語	1285		501	-18.6282
ゼンマイジルシ	薇印	1285		501	-18.7236
ゼンショウ	全省	1285		501	-18.7236
ゼンネンド	前年度	1314		178	-10.9510
ゼンザイ	善哉	1285		49	-14.9213
ゼンシ	蟬子	1291		501	-18.1724
ゼンソラ	全空	560	1285	17	-10.8968
ゼンショ	善書	1285		501	-18.6282
ゼンゴウ	全号	1285		501	-18.6282
ゼンシュウ	全州	1285		19	-18.6282
ゼンコクツアー	全国ツアー	1288		172	-12.2265
ゼンケタ	全桁	1285		501	-18.6282
ゼンコクコウカイ	全国公開	1288		172	-14.2879
ゼンシン	善神	1285		501	-18.6282
ゼンゾウ	漸増	1283		182	-14.4285
ゼンサク	善作	1291		501	-15.1667
ゼータプラス	Ζプラス	1288		89	-14.4801
ゼミセイ	ゼミ生	1285	1298	17	-13.2289
ゼン	仙	1288		501	
ゼンセン	前線	1285		53	-11.0846
ゼッケイ	絶景	1285		220	-12.2581
ゼッタイシン	絶対神	1288		186	-14.9176
ゼンジュウジジンタイ	前十字靭帯	1288		337	-14.0506
ゼンボウ	禅房	1285		501	-18.6282
ゼンハンシュウリョウ	前半終了	1285	1283	17	-13.3800
ゼンソクリョク	全速力	1285		320	-13.6799
ゼイ	脆	1288		501	
ゼンジュンジョ	全順序	1288		447	-14.2167
ゼンコクコウコウソウタイ	全国高校総体	1288		491	-14.9190
ゼンニホンプロレス	全日本プロレス	1292		141	-10.2216
ゼニドウ	銭道	1285		501	-18.6282
ゼンタイ	全体	1314		468	-7.3163
ゼッタイジョウケン	絶対条件	1288		306	-13.2583
ゼンザ	銭座	1293		311	-13.4067
ゼンリンケン	全倫研	1285		501	-18.6282
ゼンノケンキュウ	善の研究	1288		501	-14.8948
ゼイブツ	贅物	1285		501	-18.1929
ゼンセイ	前成	1285		501	-18.6282
ゼンラン	前欄	1285		501	-18.6282
ゼンボウ	前ぼう	1285		501	-18.6282
ゼンヤサイ	前夜祭	1285		172	-13.0233
ゼッス	ぜっす	584		501	-16.8925
ゼンシュウ	全周	1285		501	-18.6282
ゼンシンクロ	全身黒	1285		17	-13.5217
ゼンテイトシテ	前提として	1285	179	17	-11.3515
ゼンチ	禅智	1289		501	-17.9060
ゼンカイ	全階	1285		7	-16.2287
ゼンタンシャ	全単射	1288		447	-13.7838
ゼンリョクトウキュウ	全力投球	1288		56	-13.6283
ゼータカンスウ	ゼータ関数	1288		447	-14.0463
ゼンテン	全店	1285		35	-13.0871
ゼンサツ	全冊	1285		501	-18.6282
ゼンセイ	善政	1285		275	-13.9476
ゼンダイ	前代	1285		342	-13.8571
ゼンコクジンミンダイヒョウタイカ	全国人民代表大会	1288		215	-14.0238
ゼイソク	税則	1285		501	-18.6282
ゼン	髯	1288		501	
ゼブラ		1285		203	-14.0590
ゼゼ	膳所	1293		330	-13.3454
ゼロテン	0点	1288		377	-12.3039
ゼンシ	全誌	1285		501	-18.6282
ゼーゼマン		1289		501	-15.9891
ゼン	錢	1288		501	
ゼ	前	1288		501	
ゼイキン	ぜい金	1285		501	-18.8289
ゼイヌキ	税抜き	1285		163	-18.9467
ゼッタイソウ	絶対そう	1314	1301	17	-11.6909
ゼニ	ぜに	1285		501	-19.0802
ゼニアオイ	銭葵	1285		501	-18.6282
ゼンハン	前半	1314		356	-12.2362
ゼン	全	560		424	-6.3613
ゼンコウ	善光	1288		358	-15.2457
ゼンテツ	前轍	1285		501	-18.1929
ゼッタイオンガク	絶対音楽	1288		416	-14.7712
ゼンケイ	全形	1285		435	-16.0675
ゼンシ	ぜんし	1285		501	-18.9467
ゼッタイメ	絶対目	1314	1298	17	-13.5405
ゼンマイジカケ	発条仕掛け	1285		501	-18.7236
ゼリ	芹	1285		3	-18.2455
ゼーッ	ぜーっ	1281		501	-13.7088
ゼヒツナガリタイデス	ぜひ繋がりたいです	1281	460	17	-11.2632
ゼン	蠕	1288		501	
ゼンダン	全段	1285		289	-15.2362
ゼンコウキ	前、後期	1285		501	-18.5412
ゼンネンドウキ	前年同期	1288		248	-12.8834
ゼッタイゼツメイ	絶体絶命	1285		26	-13.8320
ゼロドシー	0℃	1288		23	-12.8020
ゼンセイ	全生	1285		236	-18.8289
ゼンゼン	ぜんぜん	1285		54	-11.9610
ゼンケイ	前掲	1285		59	-13.6032
ゼンジツヒ	前日比	1288		163	-12.9863
ゼンノウ	全能	1285		252	-13.4290
ゼッタイ		1288		501	-13.6154
ゼンニホンケンドウレンメイ	全日本剣道連盟	1288		300	-14.3564
ゼッタイシンゴウキ	絶対信号機	1288		468	-13.1653
ゼンジン	全人	1285		472	-19.0802
ゼンカイ	前開	1293		501	-17.7008
ゼツエンタイ	絶縁体	1288		405	-13.2849
ゼニバコ	銭函	1293		81	-13.5949
ゼンジュツ	前述	1283		468	-9.0340
ゼッスレ	ぜっすれ	581		501	-16.8869
ゼイセイ	噬臍	1285		501	-18.6282
ゼツタイ	舌体	1285		501	-18.6282
ゼンチョウ	全鳥	1285		501	-18.6282
ゼンクツ	前屈	1283		29	-18.0694
ゼンコク	全國	1285		501	-18.5412
ゼログラム	0g	1288		142	-14.2163
ゼニガメ		1285		89	-14.6518
ゼンテン	全天	1285		501	-18.6282
ゼンジツダン	前日談	1288		501	-14.6146
ゼンインソウ	全員そう	1285	1301	17	-13.2507
ゼンコクニイ	全国2位	1288		318	-14.0376
ゼンキ	全季	1285		501	-18.6282
ゼンコクコウトウガッコウクイズセ	全国高等学校クイズ選手権	1288		50	-14.7677
ゼンゴ	善後	1285		346	-14.5678
ゼンニホンエフスリーセンシュケン	全日本F3選手権	1288		421	-14.2258
ゼンニュウジ	善入寺	1293		501	-17.7008
ゼンリョウ	ぜんりょう	1287		501	-18.0477
ゼッカイ	絶海	1285		212	-14.7144
ゼイジャク	ぜい弱	1287		501	-18.0477
ゼンイン	禅院	1285		238	-18.6282
ゼツアツ	舌圧	1285		501	-18.6282
ゼンテイ	前提	1285		468	-9.5008
ゼーアドラー		1288		37	-14.5883
ゼーマン		1288		210	-14.8994
ゼペット		1289		462	-13.6490
ゼンプウ	禅風	1285		501	-18.6282
ゼンヒン	善品	1285		501	-18.6282
ゼン	嬋	1288		501	
ゼンシャ	全射	1285		447	-18.6282
ゼエーンブ	ぜえーんぶ	1314		501	-17.4266
ゼン	潺	1288		501	
ゼンポウ	禅法	1285		501	-18.6282
ゼンコウハン	前、後半	1285		501	-18.1929
ゼイセイユウグウ	税制優遇	1285	1283	17	-13.5469
ゼン	苒	1288		501	
ゼンキン	漸近	1283		447	-13.4297
ゼントウ	前頭	1285		124	-12.9560
ゼンゴ	善吾	1291		501	-18.1724
ゼンシキョウ	全施協	1285		501	-18.6282
ゼンニョ	ぜんにょ	1285		501	-18.9467
ゼンミョウ	全名	1288		329	-14.1540
ゼンカ	善花	1291		501	-18.1724
ゼンリャク	前略	1285		389	-13.7356
ゼンニックウ	全日空	1288		378	-18.5231
ゼッタイアンセイ	絶対安静	1288		46	-14.5162
ゼノギアス		1288		415	-14.1392
ゼンショウ	全称	1285		336	-18.6282
ゼイ	盛	1288		501	
ゼンビ	全備	1285		194	-14.6794
ゼニガシ	銭貸	1285		501	-18.6282
ゼロ	0	1295		361	-16.1295
ゼンコクカイギ	全国会議	1288		13	-14.5864
ゼンナン	ぜんなん	1285		501	-18.9467
ゼツ	鞨	1288		501	
ゼンヤク	全薬	1288		501	-18.5231
ゼンコクテンカイ	全国展開	1283		35	-12.6868
ゼエゼエ	ぜえぜえ	1281		501	-17.6734
ゼンショウコウ	全醬工	1288		501	-18.5231
ゼンタイ	前隊	1285		501	-18.6282
ゼンブイッショ	全部一緒	1314	1283	17	-12.8386
ゼンドウ	蠕動	1283		183	-13.8952
ゼッソク	舌側	1285		501	-18.6282
ゼンブタベ	全部食べ	1314	625	17	-11.3393
ゼヒゴサンカ	ぜひご参加	1281	1283	17	-10.6822
ゼンビン	前便	1285		501	-17.0335
ゼンプク	全幅	558		194	-13.7383
ゼンヤ	全野	1285		501	-18.6282
ゼセイカンコク	是正勧告	1288		12	-14.3875
ゼイタク	ぜいたく	1287		169	-12.5757
ゼンバン	全判	1285		501	-17.3833
ゼンカイ	全回	1285		501	-18.6282
ゼンリョウ	ぜん良	1287		501	-18.0477
ゼータケイカク	Ζ計画	1288		227	-14.9756
ゼッタイムリ	絶対無理	1314	1287	17	-11.7275
ゼリアイ	糶合	1283		501	-18.4371
ゼイ	背	1288		501	
ゼンタイ	全隊	1285		501	-18.6282
ゼンガクシキュウ	全額支給	1285	1283	17	-12.9828
ゼン	蟾	1288		501	
ゼンネ	善会	1291		501	-18.1724
ゼミ	蟬	1285		501	-18.9467
ゼットアイピー	zip	1285		45	-17.9351
ゼンテンポ	全店舗	1288		501	-12.8618
ゼンワ	全話	1285		501	-12.1908
ゼンメツ	ぜんめつ	1283		501	-18.8426
ゼンチュウ	全忠	1291		501	-18.1724
ゼンガク	全額	1285		474	-11.4229
ゼキ	堰	1285		102	-18.9512
ゼンベエ	善兵衛	1291		497	-18.1724
ゼンケイ	前景	1285		304	-14.6989
ゼニ	湶	1288		501	
ゼイモク	税目	1285		286	-15.6199
ゼツバン	絶盤	1285		501	-18.6282
ゼッコウ	絶好	1285		282	-12.4347
ゼンコクレベル	全国レベル	1285		17	-13.3748
ゼンハク	前膊	1285		501	-18.1929
ゼツボウカン	絶望感	1288		501	-12.3770
ゼンコウ	全高	558		235	-11.6504
ゼンロウキョウ	全労協	1285		131	-18.6282
ゼンジョウ	禅譲	1285		246	-13.1068
ゼツジン	舌人	1285		501	-18.6282
ゼッコウチョウ	絶好調	1287		178	-11.7417
ゼットディーエフ	ZDF	1288		27	-14.8608
ゼック	節供	1285		233	-18.9467
ゼンソウ	漸層	1285		501	-18.6282
ゼル		1289		149	-14.0158
ゼンゼン	全然	1281		17	-17.3549
ゼンチョウ	全町	1285		501	-18.6282
ゼッタイムリ	絶対無理	1288		501	-12.9061
ゼーンブ	ぜーんぶ	1314		501	-17.4266
ゼンゼン	甎全	1285		501	-18.6282
ゼ	世	1288		501	
ゼー		1285		501	-16.8365
ゼフィール		1288		501	-15.9039
ゼンタク	全拓	1285		501	-18.6282
ゼンチン	前陳	1285		501	-18.0923
ゼンケイシセイ	前傾姿勢	1283	1285	17	-13.4064
ゼア		1285		448	-17.8481
ゼロ	〇	1295		343	-16.3014
ゼヒナカヨクシ	ぜひ仲良くし	1281	610	17	-10.9043
ゼラニウム		1285		391	-14.7750
ゼリアイ	競り合い	1283		63	-15.4676
ゼンゼン	漸々	1281		501	-16.9555
ゼイ	they	1285		121	-17.9351
ゼンショク	前職	1285		501	-11.5403
ゼイシ	筮仕	1285		501	-18.6282
ゼーッタイ	ぜーったい	1314		501	-17.4266
ゼンタロウ	禅太郎	1291		501	-18.1724
ゼッタイオンド	絶対温度	1285		339	-14.6275
ゼンビケ	前引け	1285		501	-18.6282
ゼイリツ	税率	1285		286	-12.2114
ゼンギ	前戯	1288		152	-13.5120
ゼンソク	ぜんそく	1285		192	-14.6746
ゼンツウ	ぜんつう	1283		110	-18.8426
ゼロックス		1292		181	-13.5396
ゼッカ	舌下	1285		501	-18.6282
ゼントウ	全透	1285		501	-18.6282
ゼンケイ	全景	1285		414	-14.1146
ゼンニホンスキーレンメイ	全日本スキー連盟	1288		362	-14.6676
ゼンユウセイ	全郵政	1292		131	-13.4296
ゼンキュウ	前急	1285		501	-18.6282
ゼッタイシャ	絶対者	1288		186	-14.3338
ゼンラン	全覧	1285		501	-18.6282
ゼッタイジブン	絶対自分	1314	1285	17	-12.4363
ゼンダク	ぜんだく	1285		501	-18.9467
ゼンカ	前課	1285		501	-19.9275
ゼンセン	前戦	1285		501	-18.6282
ゼンカイ	前回	1314		125	-17.2034
ゼンハバ	全幅	1285		194	-13.7383
ゼンリョウ	善良	1287		66	-11.5691
ゼッタイスキ	絶対好き	1314	1299	17	-12.5716
ゼンギョウ	全業	1285		501	-19.0802
ゼントウ	全党	1285		436	-17.2511
ゼニアオイ	銭あおい	1285		501	-18.6282
ゼンカイチョウサ	前回調査	1285	1283	17	-13.4337
ゼンコクシンカンセンテツドウセイビホウ	全国新幹線鉄道整備法	1288		202	-14.8218
ゼイキン	税金	1285		474	-10.4698
ゼツメツキグシュ	絶滅危惧種	1288		116	-12.4644
ゼンコウヘン	前後編	1285		501	-18.6282
ゼンバイ	善玟	1291		501	-18.1724
ゼッカン	絶澗	1285		501	-18.6282
ゼンレツ	前列	1285		211	-13.5637
ゼータ	Ζ	4		190	-9.1627
ゼニサシ	銭差し	1285		501	-18.1929
ゼンセ	善施	1283		501	-18.0694
ゼンブスキ	全部好き	1314	1299	17	-13.3748
ゼッ	絶	1283		395	-11.6427
ゼンソ	前訴	1285		501	-18.6282
ゼツエン	舌炎	1285		501	-18.6282
ゼンジツノ	前日の	1314	368	17	-11.2115
ゼンシン	前身	1285		281	-9.9723
ゼノビア		1288		338	-14.3956
ゼンタイゾウ	全体像	1288		468	-11.7862
ゼンキ	前期	1314		94	-17.2034
ゼニ	銭	1285		275	-12.3301
ゼロケン	0件	1288		33	-14.1645
ゼンソ	全ソ	1285		501	-18.6282
ゼンシャハイシャ	全車廃車	1285		17	-13.2596
ゼツム	絶無	1287		227	-14.6955
ゼツテン	舌点	1285		501	-18.6282
ゼロカイ	0回	1288		134	-13.5452
ゼンシュク	漸縮	1285		501	-18.6282
ゼンゲン	漸減	1283		422	-13.5124
ゼンネン	全年	1285		501	-18.6282
ゼットサン	Zさん	1289		501	-12.8845
ゼンタイレンシュウ	全体練習	1288		380	-14.7783
ゼンコクシャカイジンタイカイ	全国社会人大会	1288		491	-14.4163
ゼンヨウ	善用	1283		85	-14.3535
ゼニガタヘイジ	銭形平次	1289		477	-13.1832
ゼンセン	全繊	1285		501	-18.6282
ゼネラリスト		1288		157	-14.5144
ゼッチョウ	絶頂	1285		356	-12.3307
ゼン	善	1285		365	-11.2265
ゼンコウ	全甲	1285		501	-18.6282
ゼンシン	漸進	1283		388	-13.2671
ゼツガン	舌癌	1285		192	-18.6282
ゼンパンテキ	全般的	1285	1299	17	-13.1749
ゼッソク	絶息	1283		501	-16.8321
ゼツメツキグ	絶滅危惧	1288		501	-13.2121
ゼン	雋	1288		501	
ゼンシン	全真	1288		58	-16.4468
ゼンセイキ	全盛期	1285		356	-11.2758
ゼイジャクセイ	脆弱性	1288		431	-12.0842
ゼンショウグン	前将軍	1288		369	-13.7252
ゼンビン	全便	1285		162	-12.6130
ゼンペン	全編	1285		478	-11.5228
ゼニウシナイ	銭失い	1285		501	-18.6282
ゼイ	蚋	1288		501	
ゼンコウジ	全麹	1285		501	-18.6282
ゼンリ	善利	1291		501	-18.1724
ゼシン	是信	1289		501	-17.9060
ゼンショウ	禅匠	1285		501	-18.6282
ゼンコウ	全康	1291		501	-18.1724
ゼッタイアク	絶対悪	1288		212	-14.1234
ゼロキログラム	0kg	1288		452	-12.9209
ゼンショ	善所	1285		501	-18.6282
ゼイキンヲ	税金を	1285	156	17	-11.2464
ゼンデンツウ	全電通	1288		269	-18.5231
ゼン	譱	1288		501	
ゼンカン	前巻	1285		501	-18.6282
ゼロネンダイ	ゼロ年代	1288		356	-14.0717
ゼンマロ	善麿	1291		501	-16.5629
ゼンゼンチガウ	全然違う	1282	817	17	-10.2228
ゼンショ	全書	1285		342	-14.0788
ゼンザブロウ	善三郎	1291		497	-14.0399
ゼンマイ	発条	1285		289	-18.6282
ゼンソク	喘息	1285		192	-12.1759
ゼセイ	是正	1283		79	-11.7238
ゼッシロ	ぜっしろ	588		501	-16.8875
ゼキ		1285		501	-18.1929
ゼンカイ	禅海	1291		501	-14.4752
ゼンブイヤ	全部嫌	1314	1287	17	-13.5155
ゼッセン	舌尖	1285		29	-15.4094
ゼン	全	558		424	-12.2536
ゼイ	勢	1298		411	-9.1277
ゼニトリ	銭取	1285		501	-18.6282
ゼンブムダ	全部無駄	1314	1287	17	-13.2376
ゼイチク	ぜいちく	1285		501	-18.9467
ゼッスル	ぜっする	583		501	-16.8901
ゼンニホンユウセンホウソウタイシ	全日本有線放送大賞	1288		401	-14.9190
ゼンコクシ	全国紙	1288		201	-12.5488
ゼンビ	ぜんび	1287		501	-18.0477
ゼッコウ	絶交	1283		161	-13.2927
ゼンシャ	前者	1285		468	-10.2976
ゼンマ	前間	1293		162	-12.1596
ゼンキ	前記	1283		468	-11.5631
ゼンショウ	善昭	1291		501	-17.9752
ゼンキュウ	冉求	1289		501	-17.9060
ゼンハン	前半	1285		356	-9.7362
ゼッタイ	ぜったい	1287		80	-13.5040
ゼヒアソビ	是非遊び	1283	1285	17	-13.0184
ゼンソウ	前奏	1285		458	-13.7551
ゼンクネンノエキ	前九年の役	1288		498	-13.6333
ゼンキヒ	前期比	1288		248	-14.3403
ゼンジョウモン	禅定門	1288		392	-14.9190
ゼンギン	全銀	1285		501	-18.7236
ゼッタイダメ	絶対ダメ	1314	1287	17	-12.1145
ゼンジロウ	ぜんじろう	1289		170	-13.6068
ゼンキョウ	全教	1288		131	-18.5231
ゼッシ	絶し	587		460	-10.4694
ゼン	巉	1288		501	
ゼンジンルイ	全人類	560	1285	17	-11.2736
ゼンガク	禅学	1285		383	-16.3094
ゼンジョウ	禅頂	1285		501	-18.6282
ゼンケイ	前刑	1285		501	-18.6282
ゼイガン	蛻巌	1291		501	-18.1724
ゼヒオコシ	是非お越	1283	1285	17	-13.2077
ゼンオン	全音	1285		458	-13.9739
ゼイヒョウ	税表	1285		501	-18.6282
ゼンポウ	善寶	1288		501	-18.5231
ゼクシィ		1288		396	-13.9758
ゼダー		1289		368	-15.8266
ゼッセヨ	絶せよ	589		460	-10.4604
ゼイ	税	1285		286	-10.8473
ゼンリョウ	全寮	1285		253	-13.3376
ゼミ	ぜみ	1285		501	-19.4167
ゼイタク	贅澤	1283		501	-17.9953
ゼンパク	前泊	1283		200	-18.0694
ゼンシンキョウ	全真教	1289		365	-13.4563
ゼツメツ	ぜつめつ	1283		293	-18.8426
ゼンタク	全托	1283		501	-18.0694
ゼンイチ	善一	1291		279	-13.9939
ゼッタイミンナ	絶対みんな	1314	1306	17	-13.1749
ゼンナン	善男	1285		219	-15.8625
ゼンヒョウ	全評	1285		126	-18.6282
ゼンドウショク	全同食	1288		501	-18.5231
ゼイ	筮	1288		501	
ゼンコウ	全宏	1291		501	-18.1724
ゼック	ぜっく	1285		501	-19.6398
ゼンシュウ	禅宗	1285		365	-12.5316
ゼットイーアール	ZER	1288		177	-14.4515
ゼンコクチイキリーグケッショウタ	全国地域リーグ決勝大会	1288		372	-14.7503
ゼンドウ	禅堂	1285		358	-15.7531
ゼロエミッション		1288		419	-14.9210
ゼンイン	ぜんいん	1314		501	-17.4266
ゼヒ	ぜひ	1283		17	-11.6405
ゼンリョクオウエン	全力応援	1288		476	-14.1064
ゼンク	前駆	1283		355	-13.3769
ゼンリツセンガン	前立腺癌	1288		192	-13.3900
ゼンテ	膳手	1285		501	-18.6282
ゼットウ	絶東	1285		501	-18.6282
ゼンカイノ	前回の	1285	1310	17	-12.9797
ゼ	犲	1288		501	
ゼータ	ζ	4		466	-9.4447
ゼンワ	全羽	1285		501	-18.6282
ゼホウ	是法	1289		501	-17.9060
ゼータガンダム	Zガンダム	1289		177	-13.6128
ゼンケン	全犬	1285		501	-18.6282
ゼンチョウ	前頂	1285		501	-18.6282
ゼンニホンジュウドウレンメイ	全日本柔道連盟	1288		300	-14.5439
ゼンリョクタイキ	全力待機	1285	1283	17	-13.2161
ゼニ		1285		17	-14.5877
ゼンニ	ぜんに	1285		331	-15.1984
ゼンジョウ	全条	1285		501	-18.6282
ゼンキ	前旗	1285		346	-18.6282
ゼンコウテイ	全工程	1288		501	-14.2583
ゼンスケ	善助	1291		497	-14.5088
ゼンヨウ	全容	1285		468	-13.1891
ゼヒオムカエ	是非お迎え	1283	1285	17	-13.3800
ゼンインシュウゴウ	全員集合	1288		501	-12.5618
ゼンラタイキ	全裸待機	1285	1283	17	-13.4505
ゼヒサンコウ	是非参考	1283		17	-13.1789
ゼンミ	禅味	1285		501	-17.8906
ゼンジ	善児	1291		501	-12.7848
ゼンバ	前場	1290		482	-18.0627
ゼッサ	ぜっさ	586		501	-16.9729
ゼッタイテキナ	絶対的な	1314	454	17	-11.2672
ゼツエン	絶縁	1283		174	-11.5170
ゼンリョウ	全良	1288		501	-18.5231
ゼニサシ	繦	1288		501	
ゼンジ	全司	1291		501	-18.1724
ゼンナ	染汚	1283		501	-18.0694
ゼンハイソゲ	善は急げ	1288		501	-14.8010
ゼンリュウ	全粒	1285		501	-18.6282
ゼンウ	単于	1288		246	-13.0281
ゼンゲツヒ	前月比	1288		501	-14.5542
ゼニサシ	銭差	1285		501	-18.6282
ゼンガクフタン	全額負担	1285	1283	17	-13.4393
ゼンセキ	全席	1285		109	-13.1183
ゼイセイ	脆性	1285		405	-14.4561
ゼンニホンエフサンゼンセンシュケン	全日本F3000選手権	1288		421	-14.3919
ゼンニホンテニスセンシュケン	全日本テニス選手権	1288		7	-14.6837
ゼツボウ	絶望	1283		282	-9.8615
ゼンブチョウ	善部町	1293		501	-17.0077
ゼンショウ	全勝	1283		178	-11.7505
ゼヒニ	是非に	1281		501	-12.8194
ゼンシ	前肢	1285		333	-13.1712
ゼンカン	全艦	1285		501	-18.6282
ゼンショウ	全焼	1283		494	-12.0726
ゼンチ	善知	1285		501	-18.6282
ゼンメン	前面	1285		284	-10.4286
ゼンケイ	全慶	1291		501	-18.1724
ゼイタクヒン	贅沢品	1285	1298	17	-12.8627
ゼッチョウ	舌頂	1285		501	-18.6282
ゼヒ	ぜひ	1281		17	-7.1664
ゼンパ	全波	1285		423	-15.3964
ゼットエヌ	zn	1285		501	-17.9351
ゼンカン	全冠	1285		501	-18.6282
ゼンシャ	禅者	1285		501	-18.6282
ゼンパ	前派	1285		501	-18.6282
ゼンク	前躯	1285		501	-18.6282
ゼン	冉	1290		501	-17.7354
ゼンヤク	前約	1285		501	-17.0152
ゼネラルマネジャー		1285		310	-15.3646
ゼンテキ	全摘	1283		192	-18.0694
ゼットキ	z旗	1285		501	-18.0817
ゼネスト		1285		326	-13.9566
ゼロ	zero	1289		5	-12.0985
ゼンカツ	全割	1285		501	-18.6282
ゼンブ	全部	1314		283	-7.3288
ゼップトウキョウ	Zepp Tokyo	1288		172	-14.3210
ゼロワン		1288		40	-13.7656
ゼンコク	ぜんこく	1285		331	-13.9075
ゼデキヤ		1289		501	-15.1847
ゼンショ	善処	1283		133	-14.0901
ゼンジツ	全日	1285		253	-13.8309
ゼンメイ	前名	1285		73	-19.4167
ゼンガクヘンキン	全額返金	1285	1283	17	-13.1789
ゼンカン	全幹	1285		501	-18.6282
ゼンラ	全羅	1293		501	-17.7008
ゼンシチロウ	善七郎	1291		501	-18.1724
ゼンチョウ	全庁	1285		501	-18.6282
ゼン	膳	1300		4	-12.6337
ゼットセダイ	Z世代	1288		501	-11.5254
ゼンドウ	全道	1285		501	-18.4612
ゼンソウ	前走	1285		501	-18.6282
ゼタ		1289		338	-16.7429
ゼン	銭	1288		501	
ゼロサンケイ	03系	1288		162	-13.9698
ゼンベイカクチ	全米各地	1288		347	-13.6908
ゼラ		1289		146	-16.6363
ゼロエン	0円	1288		163	-11.4021
ゼンナ	染汙	1283		501	-18.0694
ゼンソウ	全総	1285		350	-18.6282
ゼゼタカヒサ	瀬々敬久	1289		122	-21.8310
ゼロバイ	0倍	1288		318	-13.7560
ゼ	是	1285		395	-11.5598
ゼンコウ	禅閤	1285		501	-18.6282
ゼヒ	是非	1281		436	-9.3646
ゼロワット	0w	1288		501	-14.5277
ゼンシャク	前借	1283		76	-15.7217
ゼットエス	ZS	1289		213	-13.4129
ゼンカイタイカイ	前回大会	1288		428	-13.1371
ゼンゼン	蠕蠕	1288		501	-18.9931
ゼンチュウ	全中	1292		491	-12.9081
ゼンコウキ	前後期	1285		501	-18.5412
ゼンニホンキックボクシングレンメイ	全日本キックボクシング連盟	1292		250	-13.2208
ゼンセン	全戦	1285		501	-18.6282
ゼンヤク	全訳	1283		59	-13.8778
ゼイヌキ	税抜	1285		163	-18.8289
ゼツ	説	1288		501	
ゼンゴロウ	善五郎	1291		501	-18.1724
ゼンドウ	ぜん動	1283		501	-18.8426
ゼンチョウ	前兆	1285		425	-12.7124
ゼイフタン	税負担	1288		286	-13.6719
ゼンシン	前秦	1288		8	-12.8448
ゼンシャクボウ	善綽房	1290		501	-17.7354
ゼンコクニュース	全国ニュース	1285		17	-12.9579
ゼッンゼン	ぜっんぜん	1281		501	-17.2679
ゼウス		1289		222	-10.3695
ゼロキロメートル	0km	1288		235	-12.7068
ゼンブエイゴ	全部英語	1314	1285	17	-13.3852
ゼッサ	絶さ	586		460	-10.5465
ゼン	涎	1288		501	
ゼンッゼン	全っ然	1281		501	-17.3549
ゼンジ	ぜんじ	1281		99	-13.4142
ゼンカン	前漢	1294		135	-10.5430
ゼン	山	1288		501	
ゼンロウレン	全労連	1288		131	-18.4053
ゼンチョ	前著	1285		501	-18.6282
ゼオライト		1288		405	-14.9508
ゼンインスキ	全員好き	1285	1299	17	-12.7232
ゼンコクドコ	全国何処	1285	1306	17	-13.3645
ゼンポウ	前鋒	1285		58	-18.6282
ゼンガン	前がん	1285		501	-18.6282
ゼンタイノ	全体の	1314	368	17	-9.8545
ゼンシン	前秦	1294		8	-17.0867
ゼッタイウソ	絶対嘘	1314	1285	17	-12.4267
ゼッサン	絶讚	1283		501	-18.0694
ゼッタイニ	ぜったいに	1281		501	-12.8035
ゼントツ	前突	1283		501	-18.0694
ゼンギョウ	禅暁	1289		122	-16.8760
ゼヒナカヨク	ぜひ仲良く	1281	35	17	-10.8987
ゼロ	0⃣	1285		501	-24.9200
ゼンカイ	全会	1285		125	-13.9407
ゼンエイテキ	前衛的	1285	1299	17	-12.4908
ゼンケン	前件	1285		336	-15.9336
ゼンエイビジュツ	前衛美術	1288		84	-14.9543
ゼンボウ	全ぼう	1285		501	-18.6282
ゼマ	狭	1288		501	
ゼンシンヨク	前進翼	1288		264	-14.9931
ゼロサイ	0歳	1288		364	-12.0128
ゼンコウ	善幸	1291		159	-15.3431
ゼンパク	全泊	1285		501	-18.6282
ゼネラル		1292		181	-11.6089
ゼロデハナイ	ゼロではない	1288		339	-13.3575
ゼロメートル	0メートル	1288		235	-12.9797
ゼンセイ	善性	1289		501	-20.4060
ゼンソン	全村	1285		501	-18.6282
ゼントク	善徳	1291		76	-18.1724
ゼンーゼン	全ー然	1281		501	-17.3549
ゼヒイッショ	是非一緒	1283		17	-12.9765
ゼンオンオンカイ	全音音階	1288		458	-14.9396
ゼンガ	全雅	1289		501	-17.9060
ゼンテイ	全逓	1292		131	-13.0931
ゼンワ	前話	1285		501	-18.6282
ゼンヨウ	前蛹	1285		501	-18.6282
ゼーーー	ぜーーー	1281		501	-13.7674
ゼファー		1289		168	-12.6998
ゼンモン	禪門	1285		501	-18.6282
ゼヒゼヒ	ぜひぜひ	1283		17	-13.5279
ゼンパク	前膊	1285		501	-18.6282
ゼンジドウ	全自動	1288		501	-12.4886
ゼンシチョウ	前市長	1288		191	-14.0277
ゼッサン	絶賛	1283		133	-10.4585
ゼンソク	全速	1285		501	-18.6282
ゼゼ	是是	1285		501	-18.6282
ゼンリン	全燐	1285		501	-18.6282
ゼヒトモ	ぜひとも	1281		49	-11.2357
ゼンチョウ	全長	1285		194	-10.4870
ゼニガタ	銭形	1290		26	-17.7354
ゼンコクデ	全国で	1285	149	17	-11.0956
ゼンピ	前非	1285		501	-17.8398
ゼッコツ	舌骨	1288		183	-14.7282
ゼンマイ	ぜんまい	1285		270	-14.5035
ゼイリシシケン	税理士試験	1288		85	-14.8615
ゼッド		1289		462	-13.2842
ゼピュロス		1289		222	-13.9312
ゼッタイゼッタイゼッタイ	絶対絶対絶対	1314		17	-13.0385
ゼンッブ	ぜんっぶ	1314		501	-17.4266
ゼンメイ	前明	1291		501	-18.1724
ゼミナール		1285		187	-13.5146
ゼック	絶句	1283		495	-12.6118
ゼットウ	絶島	1285		501	-17.2790
ゼツゴ	絶後	1285		501	-16.7140
ゼンミョウ	善妙	1289		501	-17.9060
ゼン	贍	1288		501	
ゼイビキ	税引	1285		501	-18.6282
ゼンジロウ	善治郎	1291		501	-14.2237
ゼヒツナガリタイ	ぜひ繋がりたい	1281	444	17	-11.2135
ゼンエイトウ	前衛党	1288		388	-14.5733
ゼンリョク	全力	1285		282	-9.9996
ゼンキ	ぜんき	1293		501	-18.3940
ゼンコクテキ	全国的	1285	1299	17	-11.9802
ゼンテイ	前庭	1285		284	-13.1898
ゼンキ	禅機	1285		501	-18.6282
ゼントウ	全闘	1285		501	-18.6282
ゼンブンケンサク	全文検索	1288		197	-14.8323
ゼンタイニ	全体に	1314	151	17	-10.5139
ゼンキ	前期	1285		94	-10.4459
ゼンコ	前古	1285		501	-17.8153
ゼヒゼヒ	是非ぜひ	1283		17	-13.2777
ゼットエーエヌユー	zanu	1285		501	-17.9351
ゼンショウ	善昌	1289		501	-17.9060
ゼンブゼンブ	全部全部	1314		17	-11.9658
ゼンイ	禅意	1285		501	-18.6282
ゼンハンカイ	全半壊	1285		501	-18.6282
ゼッタイオウジャ	絶対王者	1288		491	-14.4566
ゼンジ	善司	1291		501	-16.2265
ゼンレキ	前歴	1285		243	-14.0751
ゼンメンテキ	全面的	1285	1299	17	-12.1837
ゼンダテ	ぜんだて	1285		501	-18.9467
ゼンラン	全卵	1285		487	-18.6282
ゼンオウ	全欧	1285		483	-16.0425
ゼンタク	全託	1283		501	-18.0694
ゼツメツ	絶滅	1283		182	-10.5627
ゼッセイ	絶世	1285		51	-13.9104
ゼンシン	ぜんしん	1283		293	-18.8426
ゼロワンマックス	ZERO1-MAX	1288		141	-13.8691
ゼー	ぜー	269		80	-9.0126
ゼツボウセンセイ	絶望先生	1288		501	-13.9197
ゼンザイ	善哉	3		49	-16.7588
ゼンリンジ	禅林寺	1292		358	-13.1852
ゼッタイレイド	絶対零度	1289		339	-12.5778
ゼンキュウ	全球	1285		501	-18.6282
ゼンセカイ	全世界	1288		501	-10.4419
ゼリー	ぜりー	1285		501	-18.6282
ゼンフ	前夫	1285		97	-13.9018
ゼイリ	税理	1285		501	-18.6282
ゼツギ	絶技	1285		495	-16.4432
ゼンケツ	全血	1285		501	-18.6282
ゼッタイデビュー	絶対デビュー	1314	1283	17	-13.3345
ゼンキョク	全局	1285		305	-13.3725
ゼニガタケイブ	銭形警部	1288		459	-14.5063
ゼンキン	前金	1285		474	-17.0619
ゼンシツ	全室	1285		501	-18.6282
ゼンゼンカイ	前々回	1285		178	-13.6505
ゼツダイ	絶待	1285		501	-18.6282
ゼヒゼヒ	是非是非	1281		501	-11.5853
ゼンニチ	全日	1285		253	-12.1016
ゼントウ	全島	1285		410	-13.4289
ゼンスウ	全数	1285		86	-14.1497
ゼイカン	税関	1292		265	-10.9159
ゼンハコ	全箱	1285		501	-18.6282
ゼンシュウ	全集	1285		59	-11.4131
ゼンショ	前書	1285		454	-18.6282
ゼリアイ	競合い	1283		501	-18.4371
ゼルダ		1289		25	-11.4845
ゼンエン	前縁	1285		501	-18.6282
ゼントク	全徳	1288		501	-18.5231
ゼヒコウカンオネガイ	是非交換お願い	1283		17	-12.6852
ゼンシ	全紙	1285		256	-16.3293
ゼンリツ	前立	1285		435	-16.7966
ゼンキ	全期	1285		356	-15.3921
ゼンテラ	禅寺	1285		17	-13.5405
ゼロワット	0W	1288		501	-14.1231
ゼイ	説	1288		501	
ゼンソウ	全層	1285		501	-18.6282
ゼッタイ	ぜったい	1314		80	-17.4266