パークナイ	パーク内	1288		501	-13.4310
パイ	肺	1288		501	
パフォーマンスヲ	パフォーマンスを	1285	156	17	-11.0965
パラ	Para	1289		107	-13.5057
パシュ	ぱしゅ	1281		501	-16.5665
パミールコウゲン	パミール高原	1288		432	-14.1411
パプリカ		1285		75	-12.2722
パントマイム	pantomime	1285		501	-17.8906
パーティション		1288		45	-12.9958
パッカー		1290		470	-13.6668
パレット	🎨	5		501	-22.5650
パク	拍	1285		458	-17.6881
パンサーズ		1288		62	-14.6313
パラエロ	払えろ	623		474	-18.4225
パチンコダマ	パチンコ玉	1285		501	-18.0817
パイ	ぱい	1285		80	-18.6282
パット		1300		255	-13.5786
パッタ	ぱった	1281		501	-15.9963
パンチ	👊	5		501	-20.5619
パイロン		1289		95	-12.2617
パッサウ		1288		463	-14.5820
パチンコテン	パチンコ店	1288		442	-12.6302
パニクリャ	パニクりゃ	770		501	-13.8942
パーフェクト	perfect	1287		121	-16.7949
パツ	髪	1288		501	
パズソ	外そ	732		379	-17.6547
パレートノホウソク	パレートの法則	1288		501	-14.6783
パブリックスクール		1288		314	-13.7312
パーラー		1285		347	-14.2814
パト		1289		418	-16.8074
パフォーマー		1288		324	-12.8305
パシン	走ん	774		471	-18.5466
パク	薄	1288		501	
パーパ	爸々	1285		501	-18.3181
パッション	Passion	1288		367	-14.2573
パンチライン		1288		398	-14.4814
パナシ	放し	1299		155	-14.7646
パラダイス	ぱらだいす	1285		80	-18.5412
パンダサン	ぱんださん	1285	1302	17	-13.4227
パセリ	ぱせり	1285		501	-18.5412
パスワード		1285		283	-11.5014
パニクル	パニクる	772		501	-13.7713
パブリッシング		1288		274	-13.3523
パーソンズ	PERSONZ	1289		122	-18.2840
パナシャ	放しゃ	730		379	-17.6536
パチョレック		1289		334	-14.5470
パク	楊	1290		246	-10.6989
パルミジャニーノ		1289		501	-15.1847
パッ	パっ	1281		501	-16.9196
パンチャン	パンちゃん	1285	1302	17	-13.0661
パン	搬	1288		501	
パサパサ		1282		93	-12.1958
パレード		1283		224	-11.1785
パア	ぱあ	1285		80	-14.7491
パンデミック	pandemic	1289		501	-13.8665
パイプフレーム		1288		289	-14.8053
パチパチッ	パチパチっ	1281		501	-16.9196
パージ		1283		459	-14.1719
パ	頗	1288		501	
パック		1300		64	-10.9183
パパン		1289		157	-12.9249
パンティフェチゼンブ	パンティフェチ全部	1285	1314	17	-12.7440
パンツエイ	棒棰	1293		501	-17.7008
パロアルトケンキュウショ	パロアルト研究所	1288		181	-14.9396
パンピ		1288		501	-14.9389
パッ	8	1285		361	-38.3551
パデュー		1285		314	-14.8204
パイヤオ	白薬	1285		501	-18.3181
パントテンサン	パントテン酸	1288		111	-14.9982
パール	perl	1285		77	-17.9816
パガニーニ		1289		416	-12.3910
パコ	匣	1285		395	-18.8289
パーティー	party	1285		121	-17.8906
パレンバン		1293		410	-12.7985
パスワーク		1285		198	-15.3351
パンツ	ぱんつ	1285		113	-14.0026
パグウォッシュ		1293		501	-15.7549
パナ		1289		92	-13.1340
パンテオン		1293		130	-12.4465
パニック	panic	1285		501	-17.8906
パブリックコメント		1288		436	-14.0914
パイナップル	🍍	5		501	-23.8485
パトリオット		1288		459	-13.9252
パラウ	ぱらう	817		501	-17.7761
パスタリョウリ	パスタ料理	1288		391	-14.3820
パル	パる	772		501	-18.4236
パキパキ	ぱきぱき	1281		501	-16.2747
パッ	ぱッ	1281		501	-17.6734
パウンド		1285		250	-15.0478
パクス	PACS	1288		9	-14.5231
パガス	剥がす	731		379	-15.9594
パター		1285		64	-14.5996
パコルス		1288		335	-14.8035
パコ	箱	1285		284	-18.3181
パメラ	pamela	1285		501	-17.9351
パロマ		1292		274	-13.4947
パクハンビン		1285		501	-14.7929
パブ		1285		347	-12.5185
パーン	ぱーん	1285		501	-18.3871
パチヤ	パチ屋	1288		501	-13.0393
パレスチナ		1293		326	-10.0654
パタ	ぱた	1281		501	-13.8801
パペット		1288		322	-13.5024
パパラピーズ		1289		122	-17.3430
パンダ	ぱんだ	1285		293	-13.0943
パリ	巴里	1293		389	-17.5467
パルタ		1289		501	-14.6713
パネットーネ		1288		391	-14.8342
パリィ		1288		501	-14.3199
パロ	張ろ	778		379	-18.5469
パブリックドメイン		1289		59	-11.8026
パーキンス		1288		255	-14.4434
パスモ	PASMO	1288		118	-11.7582
パズー		1289		459	-13.4160
パキシル		1288		257	-14.9550
パーレー	巴来	1289		501	-17.9060
パイ	憊	1288		501	
パシル	走る	772		471	-18.4236
パターンヲ	パターンを	1285	156	17	-11.3869
パンダ	熊猫	1289		382	-13.3421
パンガ	パンが	1285	148	17	-11.3720
パーソナル	personal	1287		121	-16.7949
パルマコウ	パルマ公	1288		329	-14.4502
パンギムン	潘基文	1288		215	-14.7092
パチリ	ぱちり	1281		501	-15.0596
パラドクス		1288		186	-14.7521
パルム		1288		448	-14.4831
パックインミュージック		1288		476	-14.4288
パル	ぱる	772		501	-18.4236
パコン	ぱこん	1281		501	-17.1576
パートナーキギョウ	パートナー企業	1285		17	-13.3595
パレリャ	張れりゃ	618		147	-18.4036
パック	pack	1283		232	-17.5433
パシル	ぱしる	772		501	-18.4236
パワーポイント		1288		45	-13.3659
パッケー		1285		501	-14.6460
パントマイム		1285		132	-13.8130
パグ		1288		499	-13.7793
パット		1285		255	-13.0244
パン	ぱん	1281		437	-17.8069
パンク		1283		412	-11.0908
パンクロック		1288		412	-14.2406
パンアメリカンコウクウ	パンアメリカン航空	1292		87	-11.8554
パラエン	払えん	620		474	-18.4227
パクッ	ぱくっ	786		501	-13.2420
パツン	ぱつん	1281		501	-15.6354
パイセン		1288		501	-12.4883
パキット	パキッと	1281		501	-13.4890
パグ	剝ぐ	723		501	-16.4215
パラフィン		1285		405	-14.2999
パセリ		1285		75	-12.3261
パッセージ		1289		458	-12.3138
パイカル	白乾児	1289		501	-17.9060
パオズ	包子	1285		93	-18.3181
パイ	掃い	687		29	-17.6713
パソコンショップ		1288		442	-14.3456
パーカー		1285		255	-11.6421
パナソニックショップ		1288		442	-14.3221
パーティー	party	1289		121	-12.3319
パニク		776		501	-13.8965
パクレ	パクれ	622		501	-15.8538
パーリ		1288		342	-14.2361
パーソルチャレンジ		1285		501	-15.4277
パラエ	払え	814		438	-17.7716
パッタリ	ぱったり	1281		501	-13.6729
パラジウム		1285		405	-13.7415
パンパンパーン	ぱんぱんぱーん	1281		501	-17.3018
パレンケ		1293		166	-14.5242
パラツク		695		501	-13.5784
パンダゴロゴロ	ぱんだごろごろ	1285	1305	17	-13.1870
パネロ	撥ねろ	623		501	-18.4225
パ	ぱ	1285		437	-19.4167
パキャ	ぱきゃ	1281		501	-17.4704
パーキングエリア		1288		129	-11.6461
パンジー		1285		499	-13.9174
パケダイ	パケ代	1285		501	-18.0304
パートナーズ		1288		378	-13.1067
パトラッシュ		1289		415	-12.9550
パネルディスカッション		1288		224	-13.7442
パパット	パパッと	1281		501	-12.8229
パトロクロス		1289		222	-12.9067
パレル	ぱれる	619		501	-18.4303
パン	範	1288		501	
パチ	鉢	1285		4	-19.0802
パッパ	ぱっぱ	1281		501	-13.6970
パッソ		1288		105	-14.9417
パチプロ	ぱちプロ	1285		501	-18.9467
パキパキ		1281		501	-14.0214
パタケ	叩け	675		379	-17.6178
パターソン		1288		255	-13.6664
パン	幇	1285		346	-18.3181
パテート・ラーオ		1288		326	-14.8790
パトゥ		1289		501	-15.9891
パクパク	ぱくぱく	1281		501	-13.1736
パネ	撥ね	625		501	-18.5044
パルスレーザー		1288		501	-14.8615
パナソ	放そ	732		379	-17.6547
パーリテキストソサイエティ	pts	1288		241	-14.8647
パク	魄	1288		501	
パッセンジャー		1289		64	-13.4988
パル		1289		149	-16.7429
パッティング		1283		198	-14.8641
パターンノ	パターンの	1285	368	17	-11.4127
パチンコウチ	パチンコ打ち	1285		501	-18.0817
パーカッショニスト		1288		196	-14.6955
パーソナルコンピュータ		1285		431	-12.2757
パラ	para	1289		121	-11.6057
パガシャ	剥がしゃ	730		379	-17.6536
パトリシア	ぱとりしあ	1289		501	-17.9060
パンチパーマ		1288		295	-14.1352
パシパシ	ぱしぱし	1281		501	-15.7310
パオロ		1289		25	-13.3438
パツッ	ぱつっ	1281		501	-17.6734
パサツク	パサつく	695		501	-13.5784
パルスオキシメーター		1288		139	-14.9938
パラベラム		1288		264	-14.5027
パピ		1288		164	-17.6068
パシリ		1288		420	-14.0449
パサパサ	ぱさぱさ	1282		501	-13.8881
パンター		1288		264	-13.2482
パラッ	パラっ	1281		501	-16.9196
パパイヤ		1285		75	-13.8803
パールレディクラブ	PLC	1289		288	-12.7220
パロアルト		1289		138	-13.3049
パスツール	pasteur	1289		501	-16.8074
パンジャーブチホウ	パンジャーブ地方	1288		501	-14.7282
パナソニック		1292		378	-9.8151
パワハラ		1288		216	-11.3228
パーカー	Parker	1288		151	-14.6446
パイロット	pilot	1285		453	-17.8906
パキスタン		1294		240	-9.5865
パソスト		1285		501	-15.3569
パルテノン		1285		130	-14.8590
パドレス		1288		306	-13.4946
パクレ	パクれ	625		501	-15.9211
パヴィア		1285		34	-15.1984
パラパラ	ぱらぱら	1281		501	-12.9713
パネル		1285		284	-10.8072
パニクロ	パニクろ	778		501	-13.8946
パガセ	剥がせ	734		379	-17.6527
パリーグ		1292		310	-12.2666
パクッ	パクっ	786		479	-11.6413
パートツー	Part2	1288		302	-13.2881
パラメトリック		1288		45	-14.1152
パーカッション		1288		132	-12.6156
パナセ	放せ	729		379	-17.6467
パラマタ		1288		140	-14.3110
パッツン		1288		501	-14.6126
パクロミ	朴璐美	1289		122	-12.4000
パチクリ	ぱちくり	1281		501	-14.1463
パリ	張り	788		379	-18.5506
パラパラ		1281		412	-11.1204
パチ		1281		244	-16.9196
パタト	パタと	1281		501	-16.9196
パン		1283		75	-15.1936
パルズ	pals	1285		501	-17.8906
パ・ル・ル	ぱ・る・る	1288		118	-18.5231
パンプキン		1288		203	-13.3954
パスティーシュ		1288		393	-14.6441
パンセ		1288		157	-14.5815
パナマ		1294		272	-10.7002
パカラッ	ぱからっ	1281		501	-17.6734
パリ・コレクション		1288		324	-14.9258
パチンコダマ	ぱちんこ玉	1285		501	-19.2344
パワポケ		1288		283	-13.5742
パーミャチ・メルクーリヤ		1288		230	-13.8550
パルサー		1289		466	-12.4928
パラパラッ	パラパラっ	1281		501	-16.9196
パニーニ		1289		92	-13.8103
パスカル		1285		23	-13.4387
パワーアップキット		1288		296	-14.1364
パクツク	パクつく	695		501	-13.5784
パゴ	剥ご	724		379	-16.4092
パツキン	ぱつ金	1285		501	-18.9467
パーパス		1288		501	-12.5292
パスカル		1290		23	-12.6990
パンツ		1285		295	-10.7942
パラダイス	Paradise	1289		367	-12.5102
パレロ	張れろ	623		147	-18.4225
パロディ		1285		322	-11.2107
パース		1293		138	-12.2287
パジャマ		1285		295	-11.8778
パテ		1285		181	-13.1520
パシン	ぱしん	1281		501	-16.7875
パヨク		1288		501	-16.2736
パコッ	パコっ	1281		501	-16.9196
パチイン	ぱちいん	1281		501	-17.6734
パンティフェチ		1285		501	-14.6065
パワーケイ	パワー系	1285	1298	17	-13.3957
パターンガ	パターンが	1285	148	17	-11.0026
パツ	潑	1288		501	
パウエル		1290		255	-11.5003
パツ		1285		501	-16.4051
パコ	掃こ	681		29	-17.6140
パルル	ぱるる	1288		501	-15.1062
パルプ		1285		270	-12.5130
パナシ	放し	735		379	-17.7286
パチ	ぱち	1281		80	-17.8069
パトレイバー		1288		296	-14.0214
パント		1283		211	-14.3394
パタリ	ぱたり	1281		501	-17.6734
パウサニアス		1289		222	-13.6865
パラダイム		1288		65	-12.1831
パラレルカイテン	PS	1288		213	-10.4619
パラビ	Paravi	1288		501	-13.7898
パンスト		1288		256	-13.7541
パーキングブレーキ		1288		95	-13.9793
パルプショウセツ	パルプ小説	1285		17	-13.0661
パネルクイズアタックニジュウゴ	パネルクイズ アタック25	1288		205	-14.8988
パチンコキョウ	ぱちんこ狂	1285		501	-18.9467
パルフェ		1288		177	-14.5844
パシレ	走れ	784		471	-18.5465
パンタグラフ		1285		95	-11.4796
パソ		1285		409	-14.5846
パスカル	pa	1300		44	-16.5146
パクレリャ	パクれりゃ	618		501	-15.8204
パタト	ぱたと	1281		501	-17.6734
パラミツ	波羅蜜	1285		365	-17.9255
パーソンズ		1289		255	-12.5785
パッパ		1285		501	-15.1030
パン	犯	1288		501	
パディントン		1289		87	-13.2143
パカパカ		1288		227	-14.6587
パ	覇	1288		501	
パエリア		1288		75	-13.1606
パリサンジェルマンフットボールクラブ	パリ・サンジェルマンFC	1288		348	-14.1287
パシロ	走ろ	778		471	-18.5469
パープル		1289		64	-13.0299
パシリャ	走りゃ	770		471	-18.5465
パソコン		1285		363	-9.7042
パカ		1285		352	-17.2885
パンパース		1288		501	-14.9628
パチ	ⅷ	1295		501	-16.2407
パクリ		1285		420	-12.4706
パラグアイセン	パラグアイ戦	1288		428	-14.8481
パーライト		1288		405	-14.6746
パックリ	ぱっくり	1281		501	-14.0899
パシャ		1289		446	-12.4969
パラケルスス		1289		189	-12.8308
パス	path	1285		5	-17.9816
パチッ	ぱちッ	1281		501	-17.6734
パークアンドライド		1288		109	-13.3978
パートタイム		1285		42	-13.4102
パラオ	払お	820		438	-17.7738
パラメータ		1285		45	-11.6450
パ	羽	1285		333	-35.0194
パニクレ	パニクれ	784		501	-13.8942
パーツ		1285		95	-10.3029
パシフィコヨコハマ	パシフィコ横浜	1288		172	-13.9658
パイレーツ		1289		306	-11.8326
パレ・ロワイヤル		1288		130	-14.5341
パラシュートブタイ	パラシュート部隊	1289		122	-19.2810
パンツスーツ		1288		501	-14.8583
パ	播	1288		501	
パーロフォン		1288		353	-14.1164
パルス		1285		339	-12.3210
パンガシナン		1293		373	-15.9091
パイ	盃	1288		501	
パケカイ	パケ買い	1288		501	-14.9550
パクリモン	パクリもん	1285		501	-18.0817
パーティー		1285		451	-10.6827
パルティア		1288		359	-11.8359
パツパツ		1285		501	-15.2947
パブリシティケン	パブリシティ権	1288		456	-14.2083
パッケージソフト		1288		315	-14.1182
パレス		1285		347	-13.5502
パチッ	パチっ	1281		501	-16.9196
パマ	浜	1288		501	
パーシヴァル		1288		255	-14.1839
パーヴェル		1288		329	-13.6057
パー	ぱー	1281		80	-11.2683
パワーボム		1288		211	-14.1367
パン	幡	1288		501	
パス		1285		211	-17.3938
パツイチ	ぱついち	1285		501	-18.9467
パーセンタイル		1285		248	-15.7707
パパパーン	ぱぱぱーん	1281		501	-17.6734
パシッ	ぱしっ	1281		501	-17.6734
パワートレイン		1288		168	-13.6024
パットミ	ぱっと見	1282		501	-11.8021
パナソニックグループ		1288		374	-14.3487
パヤオ		1285		338	-15.0213
パラマウント		1288		179	-13.1112
パリテンモンダイ	パリ天文台	1288		210	-14.5913
パワーマッキントッシュ	Power Macintosh	1288		315	-14.9606
パニクリ	パニクり	788		501	-13.8983
パラエ	払え	826		438	-17.7719
パズサ	外さ	733		379	-17.6736
パンジイ	ぱんじい	1285		501	-18.5412
パネル	撥ねる	772		501	-16.8718
パンフレット		1285		445	-11.4453
パートツー	part2	1288		401	-13.7444
パパー		1281		501	-14.1195
パッチリ		1288		501	-14.0995
パタイ	叩い	687		379	-17.6713
パパ〜		1285		501	-17.8481
パーソナルトレーナー		1288		362	-13.0993
パイ	廃	1288		501	
パルム		1293		448	-13.8773
パリパリッ	ぱりぱりっ	1281		501	-17.5556
パオ	ぱお	1281		501	-13.6858
パピ		1289		164	-13.1421
パースニップ		1288		501	-14.9821
パフューム	perfume	1285		501	-17.9351
パラパラ	ぱらぱら	1287		501	-18.2300
パ	張	776		379	-18.5488
パロ		1288		459	-11.8626
パケ・ホーダイ		1288		118	-14.6837
パーサ		1285		45	-15.1913
パーカー	parker	1289		501	-16.8074
パイトーチ	PyTorch	1288		501	-14.1744
パサ		1285		501	-13.8765
パク	ぱく	1281		150	-17.6734
パワステ		1288		105	-14.7730
パクパ		1289		338	-14.1137
パチンコ		1285		442	-11.1301
パリ	張	1300		246	-17.6132
パーク	parc	1288		501	-17.6581
パティスリー		1288		391	-14.0846
パワーメタル		1288		412	-14.2879
パッ		1281		149	-16.9196
パア		1285		501	-18.1358
パンピー	PUNPEE	1289		122	-16.9850
パクタソ	ぱくたそ	1288		501	-14.3709
パラメタ		1285		45	-15.3137
パニル	パニる	772		501	-17.3250
パパゴ		1288		335	-14.8816
パークス		1289		255	-12.5627
パリ		1293		463	-8.0751
パッ	張っ	786		379	-18.5724
パク	掃く	679		29	-17.2778
パートサン	パートさん	1285	1302	17	-12.2840
パリコレ		1288		324	-14.2775
パッチリ	ぱっちり	1281		501	-12.5700
パピコ		1288		302	-13.5477
パンパラパン	ぱんぱらぱん	1281		501	-17.6734
パゾリーニ		1288		496	-14.6746
パームボール		1288		198	-14.9713
パリコウガイ	パリ郊外	1288		463	-13.5405
パウチ		1288		142	-13.9703
パナ		1285		92	-16.3130
パニックショウガイ	パニック障害	1288		192	-12.1154
パッツン	ぱっつん	1281		501	-14.1238
パレスティナ		1285		373	-14.9864
パナス	放す	731		379	-16.6861
パーティーチャン	ぱーてぃーちゃん	1289		122	-12.8210
パキャッ	ぱきゃっ	1281		501	-17.6734
パロキセチン		1288		257	-14.6950
パトナム		1285		291	-15.1126
パンチェン・ラマ		1288		199	-14.6016
パーセント		1285		221	-13.8991
パラ	原	1288		501	
パワーアンプ		1288		501	-14.7016
パワフル		1285		66	-12.8688
パーン	ぱーん	1281		501	-17.5556
パチ		1282		244	-10.8154
パブコメ		1288		501	-14.0305
パトリシア		1291		255	-12.3731
パシュッ	ぱしゅっ	1281		501	-17.6734
パイクスピーク		1289		421	-13.4629
パチヤ	ぱち屋	1285		501	-19.2344
パネレ	撥ねれ	617		501	-18.4235
パーティクル		1288		423	-14.6640
パルメザンチーズ		1288		391	-14.0214
パターン		1285		283	-9.5029
パチスロ	ぱちスロ	1285		501	-18.9467
パーラー	ぱーらー	1285		501	-18.5412
パンジャーブシュウ	パンジャーブ州	1288		501	-14.3304
パブリック	public	1287		15	-16.7040
パカット	パカッと	1281		501	-13.9333
パヤパヤ	ぱやぱや	1281		501	-14.9165
パラドゥ		1288		501	-14.9909
パツ	溌	1288		501	
パコ	hako	1285		501	-18.1929
パタパタ	ぱたぱた	1281		501	-13.6743
パケットツウシン	パケット通信	1288		20	-13.3229
パナシ	放し	735		155	-14.7646
パジャン		1289		501	-15.8885
パイ	牌	1285		137	-11.4519
パヤオ		1293		338	-15.7549
パイシート		1288		501	-13.5252
パナソニックカブシキガイシャ	パナソニック株式会社	1292		374	-13.4130
パイ	敗	1288		501	
パイ		1285		149	-11.4730
パーキング		1285		414	-13.3240
パソコンザッシ	パソコン雑誌	1288		136	-13.8528
パメン	嵌めん	620		256	-18.4227
パレストリーナ		1288		416	-14.1164
パラメーター		1285		45	-13.0897
パパノ	パパの	1285	368	17	-11.1961
パリパリ	ぱりぱり	1281		501	-14.5174
パワーウェイトレシオ		1288		31	-14.9543
パジャマノママ	パジャマのまま	1288		501	-14.7642
パチンコヤ	パチンコ屋	1285	1298	17	-12.1495
パガセ	剥がせ	729		379	-17.6467
パクヨンハ	パク・ヨンハ	1289		122	-16.8140
パス	Path	1288		453	-14.6282
パステルガ	パステル画	1288		84	-14.5108
パラレル	parallel	1289		5	-13.7188
パンヲ	パンを	1285	156	17	-10.8465
パルマ・デ・マヨルカ		1288		400	-14.8790
パトリック		1291		255	-11.2367
パケ		1285		24	-16.6121
パリダイガク	パリ大学	1288		314	-13.0353
パー	✋	5		501	-20.7878
パームアブラ	パーム油	1288		391	-14.0546
パオトウ	包頭	1293		501	-17.7008
パワーポイント	PowerPoint	1288		77	-13.4667
パークウェイ		1293		347	-13.5157
パフォーマンス		1285		451	-10.1539
パッチリメ	ぱっちり目	1285		501	-19.2344
パニ		1285		501	-15.0168
パム	pam	1285		501	-17.9351
パッ	ⅷ	1295		501	-16.5090
パラマリボ		1293		400	-14.3335
パンダ	ぱんだ	1291		293	-17.8847
パスタソース		1285		17	-12.8764
パフィー		1288		67	-15.7458
パララ	ぱらら	1281		501	-16.1975
パルティータ		1285		458	-15.0442
パウル・フォン・ヒンデンブルク		1289		68	-13.4657
パピー		1289		51	-12.8276
パラノイア		1285		393	-14.3571
パリット	パリッと	1281		501	-12.6394
パスポート		1285		445	-11.6885
パニエ		1288		295	-14.7187
パーキンソンショウコウグン	パーキンソン症候群	1288		457	-14.6011
パフ		1288		149	-17.3067
パロット		1289		264	-13.6777
パブ	ぱぶ	1285		501	-14.9816
パリティビット		1285		197	-14.9444
パチ	8	1295		361	-16.1836
パク	ぱく	1285		150	-20.3330
パズル		1285		283	-11.4488
パンパン		1285		420	-12.0825
パタコ	叩こ	681		379	-17.6140
パルコ	PARCO	1292		40	-12.7234
パークシティ		1288		140	-14.9982
パラグラフ		1285		45	-14.4530
パラ	ぱら	1281		437	-12.6062
パメラ		1289		25	-13.2929
パサデナ		1285		138	-14.6666
パリダイショウテン	パリ大賞典	1288		245	-14.4041
パウロショカン	パウロ書簡	1288		501	-14.4502
パーネル		1288		470	-14.8348
パミール		1293		160	-13.5802
パクット	パクッと	1281		501	-10.2269
パネル	ぱねる	619		501	-18.4303
パッ	8	1295		361	-16.4349
パ	叭	1288		501	
パーミッション		1288		45	-14.2499
パソコンヲ	パソコンを	1285	156	17	-11.4202
パパ	ぱぱ	1285		80	-13.1099
パンプローナ		1288		463	-13.6462
パリ・サンジェルマン		1288		348	-14.1524
パイン		1285		347	-13.1694
パラオ		1294		410	-14.9176
パリャ	張りゃ	770		379	-18.5465
パワースポット		1289		228	-11.7100
パラアスリート		1285		501	-14.9628
パッケージ		1285		24	-10.2348
パラレル		1285		431	-12.5911
パグ	剥ぐ	723		379	-16.4215
パフ	ぱふ	1285		396	-14.8379
パーセンテージ		1285		45	-13.8873
パパット	ぱぱっと	1281		501	-13.5699
パコーン	ぱこーん	1281		501	-17.4704
パガ	剥が	725		379	-16.4190
パラメトロン		1285		384	-14.8399
パレ	張れ	622		147	-18.4370
パリセイジガクイン	パリ政治学院	1292		314	-13.4296
パーセク		1288		466	-13.8136
パン	ぱん	1289		437	-10.6604
パベル		1289		1	-14.6206
パロディー		1285		322	-13.5800
パリパリッ	パリパリっ	1281		501	-16.9196
パリ・コミューン		1288		446	-13.5483
パキン	ぱきん	1281		501	-17.4704
パレレ	張れれ	617		147	-18.4235
パクラ	パクら	780		501	-11.7259
パコ	函	1285		447	-18.7236
パラエ	払え	625		474	-18.5044
パニック	ぱにっく	1285		302	-18.5412
パラレルカイテン	ps	1288		221	-11.7312
パッシブ		1287		384	-13.5887
パンノミミ	パンの耳	1288		501	-13.4553
パドヴァダイガク	パドヴァ大学	1288		314	-14.4371
パンチャー		1285		211	-15.9141
パワープレイ		1288		40	-14.2796
パイプ	ぱいぷ	1285		501	-18.6282
パリティ		1285		339	-13.7323
パブリックビューイング		1288		224	-14.2190
パキ	掃き	689		29	-17.6327
パガシ	剥がし	735		379	-17.7286
パーソナライズ		1283		139	-13.7123
パゴダ		1285		130	-15.1535
パソコンノ	パソコンの	1285	368	17	-11.0956
パンヤキ	パン焼き	1285		4	-14.6794
パンティー		1285		295	-13.7985
パリッ		1282		501	-13.1641
パイロット		1285		413	-10.3949
パルミチンサン	パルミチン酸	1288		83	-14.2999
パタカ	叩か	683		379	-17.6295
パインズ	pine's	1285		501	-17.9351
パオピークー	報屁股	1285		501	-18.3181
パイモン		1288		501	-14.3445
パーコ	パー子	1288		420	-14.6597
パレスチナジチク	パレスチナ自治区	1288		19	-14.6783
パ		1292		149	-9.1759
パウリー		1289		501	-15.5527
パイプオルガン		1285		84	-13.6154
パンドル	ぱんどる	1288		501	-18.5231
パンチング		1288		64	-14.6116
パオ	ぱお	1289		501	-13.3649
パカ	掃か	683		29	-17.6295
パ─ミリアド	‱	1288		501	-20.0000
パーパー		1289		122	-14.3560
パトリキ		1288		446	-14.1348
パー	🖐🏻	1285		501	-25.2793
パル	PAL	1288		20	-13.3265
パイ	配	1288		501	
パンダサン	パンダさん	1285	1302	17	-12.8627
パラマウント・ピクチャーズ		1288		179	-14.8660
パルム	Palm	1288		315	-13.7476
パートスリー	Part3	1288		415	-14.1200
パフューム	Perfume	1289		67	-11.8834
パジャマスガタ	パジャマ姿	1288		501	-14.5383
パズセ	外せ	729		379	-17.6467
パートワン	part1	1288		241	-13.6598
パラ		1285		226	-15.0392
パイナゲ	パイ投げ	1288		113	-14.8065
パーラメント		1289		412	-13.0565
パケ	掃け	675		29	-17.6178
パンサン	パンさん	1285	1302	17	-13.3395
パライソ		1289		501	-13.6288
パッツィ		1289		329	-13.8532
パー		1285		149	-11.8201
パラ	p‐	1285		501	-17.9351
パイ	拝	1288		501	
パズルゲーム		1288		296	-12.9749
パスケース		1283	1285	17	-13.1669
パクレ	パクれ	784		501	-11.7416
パクシフ	パク・シフ	1289		122	-20.0360
パコ	筥	1285		4	-18.8289
パピルス		1285		189	-13.1389
パニックエイガ	パニック映画	1288		179	-13.8122
パリン	ぱりん	1281		501	-14.2092
パワーリフティング		1288		158	-14.9599
パク	伯	1288		501	
パターンカ	パターン化	1285	1297	17	-12.8681
パーマストン		1288		38	-14.0575
パージ		1285		459	-14.6897
パーセル		1288		416	-14.3944
パークゴルフ		1288		228	-14.4696
パシレ	走れ	768		471	-18.5466
パワーワード		1288		501	-12.5691
パネラー		1288		451	-13.2492
パリバンコクハクランカイ	パリ万国博覧会	1288		84	-13.5244
パティ		1289		25	-12.4821
パシュトゥーンジン	パシュトゥーン人	1288		160	-13.5568
パム		1289		46	-13.5270
パラス	張らす	731		501	-17.6572
パルボウイルス		1288		100	-14.9909
パワーダウン		1285		182	-14.6690
パコ		1288		462	-14.8108
パッション		1285		203	-13.0627
パクレヨ	パクれよ	624		501	-15.8390
パチンコホール		1285		35	-15.2503
パンチ		1283		211	-10.8135
パデレフスキ		1289		416	-13.8757
パチモン		1288		501	-13.8080
パンダ		1285		499	-11.5463
パスポート	PASSPORT	1292		501	-12.5759
パッキリ	ぱっきり	1281		501	-15.5908
パンショクニン	パン職人	1288		501	-14.2316
パキ	ぱき	1281		501	-14.5100
パラシュート		1285		320	-12.6104
パンノキ		1285		116	-15.1235
パルパティーン		1289		459	-12.2425
パンサラッサ		1285		381	-15.0193
パラリンピック		1285		362	-12.1421
パイロウ	牌楼	1285		501	-18.3181
パウンドケーキ		1288		93	-13.0955
パンミミ	パン耳	1288		501	-14.3654
パンパ		1285		432	-14.4483
パ	羽	1293		333	-35.0194
パーマネント		1285		448	-14.3473
パリ	Paris	1288		107	-13.1175
パチパチ		1281		302	-11.8538
パンジャーブ		1293		373	-12.8865
パクロ	パクろ	778		501	-11.7420
パット・メセニー		1289		196	-13.6760
パンダチャン	パンダちゃん	1285	1302	17	-13.5469
パパット	パパっと	1281		501	-13.4587
パクパク		1281		113	-12.0722
パピヨン		1289		170	-13.1611
パギ	剥ぎ	728		379	-16.4209
パーソン		1288		448	-13.6498
パルム・ドール		1288		313	-13.7847
パブロフ		1290		210	-13.6148
パァ		1285		501	-15.3439
パフ		1285		149	-13.8401
パワーマック	Power Mac	1288		115	-14.9258
パシッ	走っ	786		471	-18.5724
パラ	張ら	780		379	-18.5517
パブロン		1288		501	-14.6374
パンチリョク	パンチ力	1288		198	-13.8857
パルジファル		1288		416	-14.0081
パト		1285		418	-17.1932
パット	ぱっと	1281		247	-11.3302
パンプ	PUMP	1291		122	-13.8850
パアーッ	ぱあーっ	1281		501	-17.6734
パンヤ	パン屋	1288		290	-11.2590
パラティヌス		1285		130	-15.2641
パック		1283		64	-13.5971
パク	舶	1288		501	
パーク	park	1285		107	-17.8906
パレン	張れん	620		147	-18.4227
パルプ・マガジン		1288		393	-14.5300
パーティ		1283		451	-10.7101
パン		1285		75	-9.5378
パック		1285		64	-10.7616
パパパッ	ぱぱぱっ	1281		501	-17.6734
パンケース		1285		17	-13.2823
パキスタングン	パキスタン軍	1288		326	-14.5341
パーット	パーっと	1281		501	-14.0517
パダカ	裸	1288		501	
パメロ	嵌めろ	623		256	-18.4225
パッキング		1285		64	-13.8314
パチパチ	ぱちぱち	1281		501	-13.1005
パイ	Π	4		336	-11.4632
パットン		1288		417	-13.5116
パラエリャ	払えりゃ	618		474	-18.4036
パートナーシップ		1285		378	-12.0095
パクレル	パクれる	619		501	-15.8471
パン	pan	1285		5	-18.1929
パン		1289		75	-17.2129
パルテノンシンデン	パルテノン神殿	1293		130	-12.8364
パネヨ	撥ねよ	624		501	-18.4223
パーン		1289		222	-11.4297
パズス	外す	731		379	-17.6572
パウリノハイタゲンリ	パウリの排他原理	1288		336	-14.9190
パテント		1285		168	-14.9513
パレスチナジチセイフ	パレスチナ自治政府	1288		19	-14.0297
パゲ	剥げ	721		379	-16.3772
パトロールカー		1285		319	-14.6918
パレオロゴス		1285		273	-14.1718
パス		1290		211	-12.7684
パ	派	1298		388	-18.5163
パツキン	パツ金	1285		501	-18.0304
パー		1289		149	-18.1292
パサパサ	ぱさぱさ	1281		501	-17.6734
パルテナ		1288		26	-14.8928
パチッ	ぱちっ	1281		501	-17.6734
パラレルワーカー		1285		501	-15.0965
パネ	撥ね	622		501	-18.4370
パコパコ	ぱこぱこ	1281		501	-15.9285
パサツキ	パサつき	1285		501	-18.0817
パウルス		1288		329	-13.2178
パイプヤク	パイプ役	1285		215	-15.0110
パーソナルカラー		1288		242	-13.0579
パース		1285		138	-12.5487
パシャシャシャシャ	ぱしゃしゃしゃしゃ	1281		501	-17.6734
パリ	ぱり	1300		501	-18.1241
パウ		1289		391	-16.7429
パグ		1285		499	-16.4892
パンチラ		1288		451	-13.5417
パラライ		1285		501	-15.1501
パイルドライバー		1288		211	-14.2180
パツ	ぱツ	1281		501	-17.6734
パステルナーク		1288		434	-14.8163
パーク		1285		347	-11.1316
パオパオ	ぱおぱお	1281		501	-16.3253
パッションフルーツ		1288		391	-14.4545
パッサカリア		1288		458	-14.5927
パク	駁	1288		501	
パイズリ		1288		256	-14.1868
パルコ	parco	1288		501	-17.6581
パシーッ	ぱしーっ	1281		501	-17.6734
パンクバンド		1285		196	-14.5079
パキ		1281		501	-16.9196
パットナム		1288		138	-14.7338
パッカード		1292		168	-12.6242
パカーッ	ぱかーっ	1281		501	-17.6734
パクチョンヒ	朴正熙	1288		68	-14.9340
パワーアップ		1283		283	-11.2636
パートナー		1285		334	-9.9777
パメヨ	嵌めよ	624		256	-18.4223
パクダイトウリョウ	朴大統領	1288		278	-14.8035
パウル・クレー		1289		90	-13.8184
パリ	paris	1293		501	-16.7845
パワーズ		1293		203	-12.9175
パシフィック	pacific	1285		376	-17.8906
パレスチナカイホウジンミンセンセン	パレスチナ解放人民戦線	1292		326	-13.4549
パクヘジン	パク・ヘジン	1289		122	-20.5090
パヴァーヌ		1288		416	-14.7282
パク	泊	1300		109	-17.8364
パブリッシャー		1288		296	-13.7753
パラス		1285		429	-14.3301
パパパ	ぱぱぱ	1281		501	-15.7788
パートナーデジモン		1285		26	-15.2313
パシャッ	ぱしゃっ	1281		501	-12.7400
パシフィックコーストリーグ		1288		501	-14.7164
パパイア		1285		75	-15.2331
パタキャ	叩きゃ	677		379	-17.6110
パク		776		501	-11.7439
パッチン	ぱっちん	1281		501	-15.5971
パガン		1288		359	-14.2167
パクル	パクる	772		501	-11.6187
パーク	ぱーく	1285		501	-18.5412
パズ		1289		501	-16.7429
パディング		1288		45	-14.5374
パーフェクトグレード	pg	1288		23	-14.4640
パートフ	パート譜	1288		416	-14.2471
パイプライン		1285		20	-12.3494
パールヴァティー		1288		429	-14.9916
パルマ		1293		463	-15.3337
パタリ		1282		501	-13.5880
パタッ	ぱたっ	1281		501	-17.6734
パーンッ	ぱーんっ	1281		501	-17.5556
パンチサトウ	パンチ佐藤	1289		122	-17.1310
パツ	撥	1288		501	
パネン	撥ねん	620		501	-18.4227
パラパラッ	ぱらぱらっ	1281		501	-17.6734
パイ	廢	1288		501	
パチ	捌	1295		501	-17.2822
パリコクリツコウトウオンガクイン	パリ国立高等音楽院	1288		314	-14.9272
パニック		1285		282	-11.4083
パケット	packet	1300		501	-16.5146
パッション	passion	1285		376	-17.9351
パウル		1289		329	-12.8698
パワード		1285		26	-15.5480
パニクレ	パニクれ	768		501	-13.8943
パブリック		1285		347	-13.0211
パナセ	放せ	734		379	-17.6527
パソコンバン	パソコン版	1285	1298	17	-13.5598
パリ		1281		463	-17.5556
パルス	ぱるす	1285		501	-18.6282
パズシ	外し	735		379	-17.7286
パーサー		1285		470	-15.0907
パタニ		1293		373	-15.9091
パラレル		1287		431	-13.9131
パラフレーズ		1283		0	-15.2787
パキッ	パキっ	1281		501	-16.9196
パクツイ		1288		501	-13.2299
パーフェクトグレード	PG	1288		9	-12.4771
パッパ		1281		501	-13.7841
パッチリメ	パッチリ目	1285		501	-18.0817
パツパツ		1281		501	-13.9739
パズセ	外せ	734		379	-17.6527
パープル		1287		64	-13.3995
パカラ	ぱから	1281		501	-16.2324
パタン		1285		359	-14.2129
パフ	ぱふ	1281		396	-17.6734
パシフィック・リーグ		1288		310	-12.6668
パイ	拜	1288		501	
パクリネタ	ぱくりねた	1285		501	-19.2344
パートスリー	part3	1288		501	-14.8968
パターゴルフ		1288		228	-14.5874
パサツキ	ぱさつき	1285		501	-19.2344
パープル	purple	1289		44	-13.5391
パナマチキョウ	パナマ地峡	1288		410	-14.4413
パブリックイメージ		1288		152	-14.8790
パリピ		1283		501	-13.2326
パー	✋🏻	5		501	-23.7841
パンデミック		1289		192	-10.4548
パーニニ		1288		189	-14.8035
パクレヨ	パクれよ	621		501	-15.8423
パラウ	払う	817		438	-13.2030
パリッ	ぱりっ	1281		501	-17.9611
パフパフ	ぱふぱふ	1285		501	-19.2344
パス		1283		211	-10.0837
パコ	筐	1285		139	-18.8289
パレオ		1288		256	-14.4579
パイル		1285		64	-13.8975
パコ	筺	1285		139	-18.8289
パーミル		1300		221	-12.1144
パン		1290		75	-17.1477
パリ	PARIS	1288		40	-14.5208
パーソナルコンピューター		1288		315	-14.2725
パスカル	㎩	1288		501	-20.0000
パク	ぱく	776		150	-13.0630
パンパンヤ	panpanya	1289		501	-13.5017
パープル	purple	1285		44	-17.8906
パドル		1285		95	-13.3307
パオ		1285		149	-14.0307
パス	PAS	1288		9	-14.4995
パンパンパン	ぱんぱんぱん	1281		501	-17.0315
パタキ	叩き	689		379	-17.6327
パンツスタイル		1285		17	-13.2161
パチンコ	ぱちんこ	1285		415	-14.6120
パイプイス	パイプ椅子	1288		211	-13.5276
パシリ	ぱしり	1281		501	-17.6734
パンパン	ぱんぱん	1285		501	-14.1396
パウダー		1285		64	-12.3094
パワー	power	1285		5	-17.8906
パンチ		1285		211	-15.9905
パク	白	1288		501	
パナソニック	panasonic	1288		501	-17.6581
パーフェクティービー	パーフェクtv	1288		501	-17.6068
パギャ	剥ぎゃ	722		379	-16.3772
パールシー		1288		408	-14.8988
パーリゴ	パーリ語	1288		340	-13.4720
パッド		1285		64	-12.2085
パーキンソンビョウ	パーキンソン病	1288		192	-12.7731
パチヤ	パチ屋	1285		501	-18.0817
パチャクテク		1288		273	-15.0041
パー	✋🏻	1285		501	-24.9911
パクッ	ぱくっ	1281		501	-17.6734
パイレックス		1288		270	-15.5656
パンッ	ぱんっ	1281		501	-17.6734
パウラ		1288		329	-14.9473
パッケージガオチテ	パッケージが落ちて	1285	307	17	-11.3260
パラソル		1285		264	-14.2535
パラワントウ	パラワン島	1288		410	-14.9129
パワーウィンドウ		1288		95	-14.6582
パール	Perl	1288		77	-13.0972
パナマシティ		1288		272	-14.6216
パイノミ	パイの実	1288		501	-14.7503
パラムシルトウ	幌筵島	1288		37	-14.5341
パキラ		1288		501	-14.9055
パンケーキ	🥞	5		501	-22.3932
パリパリパリ	ぱりぱりぱり	1281		501	-16.8624
パタク	ぱたく	695		501	-14.4539
パインズ		1288		448	-15.6753
パシイン	ぱしいん	1281		501	-17.6734
パッケージング		1288		139	-13.3441
パネルバン		1288		501	-14.9466
パプア		1285		272	-14.6939
パンダ	🐼	5		501	-21.1747
パンハ	パン派	1285	1298	17	-13.1130
パーマカルチャー		1288		291	-14.7226
パーリテキストソサイエティ	PTS	1288		206	-14.7648
パケットテイガクセイ	パケット定額制	1288		118	-14.7054
パブメド	PubMed	1288		363	-12.3920
パラッ	払っ	829		438	-17.8070
パレード	Parade	1289		367	-13.7109
パーティシペーション	pt	1288		221	-11.9099
パパガ	パパが	1285	148	17	-11.3268
パンケ	班渓	1293		501	-15.9662
パラドックス		1285		65	-12.5868
パネルデポン	パネルでポン	1288		484	-14.9217
パタク	撲く	695		501	-14.4539
パワ〜		1285		501	-17.8073
パンハ	パンは	1285	261	17	-11.4311
パチスロ		1288		296	-11.6307
パワフル		1287		66	-11.5690
パックマン		1288		283	-13.4935
パンダゴロ	ぱんだごろ	1285	1305	17	-13.1870
パケ	掃け	685		29	-17.6166
パワーレンジャー		1288		179	-13.7550
パワー	POWER	1288		40	-12.3986
パンキジ	パン生地	1285		75	-13.4854
パートワン	Part1	1288		302	-13.2979
パシリ	ぱしり	1285		501	-19.2344
パッケージバン	パッケージ版	1288		24	-13.4790
パターンモ	パターンも	1285	262	17	-11.4144
パサー		1285		198	-15.7258
パンケーキ		1285		75	-11.9730
パー	Per	1288		5	-14.2661
パンパン	ぱんぱん	1281		501	-16.0344
パエリア	🥘	5		501	-24.1327
パニクン	パニクん	774		501	-13.8943
パッパッ	ぱっぱっ	1281		501	-16.1918
パナサ	放さ	733		379	-17.6736
パラエヨ	払えよ	621		474	-18.4255
パーソナリティショウガイ	パーソナリティ障害	1288		192	-13.3228
パカパカ	ぱかぱか	1281		501	-15.5877
パッパッパッ	ぱっぱっぱっ	1281		501	-17.3018
パスカル	Pascal	1288		77	-12.8032
パーンッ	パーンっ	1281		501	-16.8624
パチャパチャ	ぱちゃぱちゃ	1281		501	-16.2324
パッチ	ぱっち	1285		501	-15.3039
パンチ	👊🏻	5		501	-21.7417
パーシー		1289		25	-12.0513
パンドラノハコ	パンドラの箱	1288		89	-13.7603
パジェロ		1288		168	-13.8095
パチパチッ	ぱちぱちっ	1281		501	-17.5556
パーソナリティ		1285		409	-10.7209
パ	羽	1300		333	-17.6132
パゲ	剥げ	726		379	-16.3772
パート		1285		283	-10.1237
パッチワーク		1285		256	-14.0842
パチンカス		1288		501	-17.3361
パキスタンジン	パキスタン人	1288		501	-14.6247
パラ	腹	1288		501	
パンマツリ	パン祭り	1288		501	-14.3221
パソコンツウシン	パソコン通信	1288		363	-12.5253
パクタソ	pakutaso	1288		501	-14.7446
パワプロ		1288		454	-12.9410
パメ	嵌め	622		256	-18.4370
パシ	ぱし	1281		150	-13.5048
パンパン	ぱんぱん	1287		501	-17.8935
パシフィック	ぱしふぃっく	1285		501	-18.5412
パタ		1281		398	-16.9802
パステルカラー		1285		242	-13.7928
パシ	走	776		471	-18.5488
パーティシペーション	PT	1288		9	-11.5106
パラワン		1293		410	-13.9616
パーセンテージ	percentage	1285		501	-17.8906
パコ	ぱこ	1289		501	-12.4983
パーソナルジム		1285		17	-13.0317
パン	販	1288		501	
パックスリー	PAC-3	1288		413	-14.4946
パンティ		1285		295	-13.6479
パイズリ	ぱいずり	1285		501	-19.2344
パレスチナモンダイ	パレスチナ問題	1288		216	-13.9001
パーフェクト		1287		283	-13.0084
パチン	ぱちん	1281		501	-14.1302
パルメイラス		1288		348	-14.2026
パネリスト		1285		409	-13.6671
パク		1289		301	-12.2865
パラーッ	ぱらーっ	1281		501	-17.6734
パイオニア		1285		168	-12.6750
パッ	ぱっ	1281		80	-12.1784
パフッ	ぱふっ	1281		501	-17.6734
パンピー		1288		501	-14.8292
パナ		1288		92	-17.4413
パンテーン		1288		92	-13.9510
パカン	ぱかん	1281		501	-16.9928
パウ		1288		391	-14.3792
パターンニンシキ	パターン認識	1288		294	-13.9214
パータリプトラ		1285		359	-15.2392
パンアメリカン		1288		7	-14.4670
パンゲア		1285		381	-15.2844
パーム		1289		75	-12.7923
パタ	PATA	1289		122	-18.3560
パペッティア		1288		164	-14.5883
パンツァーグルッペ	装甲集団	1288		53	-14.8035
パニポニ	ぱにぽに	1288		241	-14.9068
パイナップル	🍍	1285		501	-24.4397
パユ		1289		501	-16.4521
パクチョンヒ	朴正煕	1289		215	-11.5607
パンテーラ		1289		168	-13.8339
パイオニア		1292		168	-11.2891
パリオペラザ	パリ・オペラ座	1288		98	-14.1937
パク	朴	1290		122	-12.4000
パデ	ぱで	1285		501	-14.3923
パンフォーカス		1288		227	-14.7538
パイピング		1288		242	-14.8711
パトリックハーラン	パトリック・ハーラン	1289		122	-16.3990
パ	霸	1288		501	
パーシング		1288		413	-14.3576
パスト		1293		203	-13.7051
パパパパパパーン	ぱぱぱぱぱぱーん	1281		501	-17.6734
パソツウ	パソ通	1285		501	-18.0304
パチパチパチ	ぱちぱちぱち	1281		501	-14.1202
パワーガ	パワーが	1285	148	17	-11.3623
パッカーズ		1288		62	-14.7998
パソコンホンタイ	パソコン本体	1288		139	-14.9785
パタゴニア		1293		272	-12.2651
パワーストーン		1288		212	-13.5460
パスカグーラ		1288		138	-14.5623
パイロットバン	パイロット版	1288		424	-12.6222
パーソナル		1285		64	-11.9934
パッケージツアー		1288		442	-13.4713
パン	張ん	782		379	-18.5466
パーセプトロン		1285		65	-15.2090
パトロール		1283		320	-11.9004
パート	part	1285		121	-17.8481
パーマ		1285		295	-12.4247
パラチフス		1285		100	-15.4896
パンフ		1285		223	-13.1204
パクソジュン	パク・ソジュン	1289		122	-12.1970
パラレルワールド		1288		322	-12.2575
パクン	ぱくん	1281		501	-17.6734
パシフィコ		1285		501	-15.7918
パリコウワカイギ	パリ講和会議	1288		209	-13.4951
パチ	ぱち	1285		80	-19.2344
パパンドレウ		1288		68	-14.6364
パク	迫	1288		501	
パンジャブ		1293		373	-13.6015
パーンダヴァ		1288		222	-14.2548
パリオリンピック		1288		7	-14.7801
パリ	ぱり	1281		501	-17.9611
パトリス	patolis	1288		501	-17.6581
パンプ		1289		448	-12.9382
パーッ	ぱーっ	1281		501	-17.6734
パーマー		1290		255	-11.6040
パルクール		1288		152	-14.0426
パリジョウヤク	パリ条約	1288		446	-12.8532
パノラマ		1285		414	-12.9828
パネリャ	撥ねりゃ	618		501	-18.4036
パドック		1285		63	-12.8769
パシュトーゴ	パシュトー語	1288		340	-14.7625
パ	歯	1288		501	
パッキャオ		1288		211	-13.1485
パカ	ぱか	1281		501	-13.5168
パネヨ	撥ねよ	621		501	-18.4255
パンヤ		1285		24	-15.5581
パワーバランス		1288		388	-13.4456
パニス		1288		225	-14.9068
パール	Pearl	1289		107	-13.7372
パートタイマー		1285		42	-14.6735
パツ	發	1288		501	
パパ	爸爸	1285		501	-18.3181
パビリオン		1285		414	-13.1541
パル		1292		149	-11.4770
パイキジ	パイ生地	1288		75	-13.4367
パリ	張り	1300		284	-17.1432
パチカブリ	ぱちかぶり	1288		501	-18.5231
パリッ	ぱりッ	1281		501	-17.9611
パールハーバー		1288		37	-14.9196
パシリ	走り	788		471	-18.5506
パラボラアンテナ		1285		384	-14.2392
パップ		1285		407	-15.4578
パ	ぱ	1281		437	-17.8069
パレスチナカイコウキコウ	パレスチナ解放機構	1288		326	-14.5575
パリジェンヌ		1285		90	-15.0085
パーセント		1300		221	-11.3067
パンチカード		1288		431	-13.1938
パネトーネ		1288		501	-14.5355
パ	波	1288		501	
パワー		1285		351	-9.9771
パモ		1285		501	-15.2252
パステル		1285		242	-13.2772
パッチ		1285		431	-12.2870
パララックス		1285		289	-15.4540
パドメ		1285		11	-14.3093
パイ	π	4		447	-8.4291
パリパリ		1281		391	-12.7250
パプア		1293		272	-15.5846
パタタ	ぱたた	1281		501	-17.1576
パワープレイ		1289		40	-13.9163
パンイチ		1285		17	-12.7096
パチパチ	👏🏻	5		501	-21.7614
パーット	パーッと	1281		501	-13.6458
パカッ	パカっ	1281		501	-16.9196
パラ		1289		226	-11.0725
パパッ	ぱぱっ	1281		501	-17.6734
パイク		1289		417	-12.5805
パンノニア		1285		359	-14.1783
パックスシ	パック寿司	1285		17	-13.1911
パス		1289		211	-16.8764
パン	般	1288		501	
パククネ	朴槿恵	1289		278	-12.5369
パレ	張れ	625		147	-18.5044
パール		1285		149	-12.3419
パタニ		1285		373	-14.3217
パンクラス		1292		141	-11.4847
パサリ	ぱさり	1281		501	-16.6001
パブロ・ピカソ		1289		84	-12.7726
パオ	pao	1285		501	-17.8906
パニックジョウタイ	パニック状態	1285		17	-13.1056
パクリャ	パクりゃ	770		501	-11.7416
パンチョ		1288		448	-14.8583
パウンド		1289		250	-11.5070
パンサー		1292		203	-12.1428
パッタイ		1288		501	-14.0911
パワ		1285		476	-14.9398
パンニ	パンに	1285	151	17	-11.2837
パワードスーツ		1288		190	-13.5298
パタン	ぱたん	1281		501	-16.1258
パキッ	ぱきっ	1281		501	-17.6734
パスコード	PassCode	1289		122	-19.7780
パアッ	ぱあっ	1281		501	-17.6734
パレット	Palette	1289		115	-13.8672
パツ		1298		501	-18.1108
パーンドゥ		1288		222	-14.9606
パイスラ	π/	1288		454	-14.3323
パヴィーア		1285		34	-14.8777
パーマン		1288		415	-13.3509
パサツキ	パサつき	1285	1298	17	-13.3345
パーネル	波寧流	1289		501	-17.9060
パガサ	剥がさ	733		379	-17.6736
パラレルキャリア		1288		501	-13.2637
パイ	輩	1288		501	
パ	端	1288		501	
パルメニデス		1288		88	-14.1606
パキャ	掃きゃ	677		29	-17.6110
パラツク	パラつく	695		501	-13.5784
パコ		1289		462	-13.9932
パサイ		1288		400	-15.4644
パシャパシャ	ぱしゃぱしゃ	1281		501	-15.5815
パレヨ	張れよ	621		147	-18.4255
パイント		1288		221	-14.4951
パアン	ぱあん	1281		501	-17.5556
パレヨ	張れよ	624		147	-18.4223
パパゲーノ		1292		11	-13.3176
パーフェク		1285		27	-15.3224
パッセージ	passage	1285		121	-17.8906
パマ	濱	1288		501	
パクパ	八思巴	1289		501	-17.7237
パワーピーシー	PowerPC	1288		315	-12.8970
パイソンズ		1285		496	-15.2909
パーソナルトレーニング		1288		501	-13.1975
パッ	八	1295		395	-17.4645
パタケ	叩け	685		379	-17.6166
パトカー	🚓	1285		501	-24.7000
パクレロ	パクれろ	623		501	-15.8392
パー	🖐	1285		501	-23.7171
パシン	走ん	782		471	-18.5466
パソコンデ	パソコンで	1285	149	17	-11.3986
パワーヲ	パワーを	1285	156	17	-11.1248
パタク	叩く	695		379	-14.4539
パレ	張れ	784		379	-18.5465
パチンコグルイ	ぱちんこ狂い	1285		501	-19.2344
パクリ	ぱくり	1281		501	-14.9737
パプ		1293		368	-16.6022
パーソナルスペース		1288		501	-13.6827
パトロン		1285		84	-12.6898
パソコンサギョウ	パソコン作業	1288		501	-14.4126
パソコンゲーム		1288		296	-13.0759
パーソン	person	1285		121	-17.8906
パブリカ		1288		168	-14.1046
パルナッソス		1293		429	-14.3030
パクレ	パクれ	768		501	-11.7417
パタンッ	ぱたんっ	1281		501	-17.6734
パクチー		1288		391	-12.2819
パチュリー		1288		501	-14.9055
パワーステアリング		1288		95	-13.7014
パイナップル		1285		75	-12.4734
パワートレーン		1288		501	-14.9699
パソナ		1292		374	-12.4784
パブロフノイヌ	パブロフの犬	1288		501	-14.7435
パラエル	払える	619		474	-13.9072
パラオ		1293		410	-11.2723
パズシャ	外しゃ	730		379	-17.6536
パラー	ぱらー	1281		501	-16.4278
パクハ		1285		501	-15.2234
パクリ	ぱくり	1285		501	-16.2882
パスピー	PASPY	1288		118	-14.3796
パリシ	パリ市	1288		463	-13.7224
パク	博	1288		501	
パンディット		1288		501	-14.8673
パル	巴留	1291		122	-19.9900
パレスチナジン	パレスチナ人	1288		326	-12.6834
パット	Pat	1288		151	-14.3537
パリーン	ぱりーん	1281		501	-16.9196
パルチザン		1285		326	-12.6093
パクレン	パクれん	620		501	-15.8394
パワーユニット		1288		168	-13.4982
パン	麪包	1285		501	-18.1929
パシラ	走ら	780		471	-18.5517
パドモア		1289		501	-15.4447
パイ	佩	1288		501	
パンク	PUNK	1288		40	-14.9438
パフェ		1285		75	-11.9165
パクホニョン	朴憲永	1289		326	-13.4752
パレ	張れ	768		379	-18.5466
パメヨ	嵌めよ	621		256	-18.4255
パルマフットボールクラブ	パルマFC	1288		348	-14.7332
パン	版	1300		24	-16.3991
パドヴァ		1289		463	-12.1742
パル	張る	772		379	-18.4236
パーッ	パーっ	1281		501	-16.9196
パクリ	丸パクリ	1283		501	-14.1433
パガソ	剥がそ	732		379	-17.6547
パメレ	嵌めれ	617		256	-18.4235
パイチュウカンシ	パイ中間子	1288		339	-14.8218
パチーン	ぱちーん	1281		501	-17.0315
パン	板	1288		501	
パッツン	ぱっつん	1288		501	-14.3300
パフォーミックス	performix	1288		501	-17.7693
パンヅクリ	パン作り	1285	1298	17	-12.7776
パッケージガ	パッケージが	1285	148	17	-11.1070
パラサイト		1288		212	-13.3684
パオペイ	宝貝	1285		89	-18.3181
パンズ	pans	1285		501	-17.8906
パスカ		1288		227	-14.5144
パラオショトウ	パラオ諸島	1288		37	-14.7389
パナマウンガ	パナマ運河	1288		37	-12.8031
パンプス		1285		295	-13.4334
パクン	パクん	782		501	-11.7417
パッシング		1288		64	-14.2559
パクッ	パクっ	1281		479	-16.9196
パシフィック		1285		347	-12.7263
パリキョウテイ	パリ協定	1288		209	-14.2354
パツ	ぱつ	1281		150	-17.6734
パイ	剥い	727		379	-16.4462
パカ		1288		352	-13.4781
パルティアゴ	パルティア語	1288		189	-14.7854
パイ	俳	1288		501	
パルマ		1285		463	-13.0542
パーマネント	permanent	1285		461	-17.9351
パイロットスーツ		1288		501	-14.8666
パタリロ		1289		459	-12.3131
パチリ		1288		501	-14.5647
パケ		1283		24	-17.4563
パクン	パクん	774		501	-11.7417
パラエ	払え	622		474	-18.4370
パパカツ	パパ活	1288		501	-12.4591
パルティ		1288		227	-15.8858
パチンコウチ	ぱちんこ打ち	1285		501	-19.2344
パソ		1289		409	-16.8764
パラマウントエイガ	パラマウント映画	1288		179	-13.8115
パフィー	PUFFY	1289		67	-13.5225
パチ	八	1295		395	-16.8767
パツパツ	ぱつぱつ	1281		501	-14.5869
パイロン		1285		95	-15.7022
パメ	嵌め	625		256	-18.5044
パイ	杯	1300		491	-17.0255
パシグ		1293		501	-15.9091
パターナリズム		1288		186	-14.2013
パニックホッサ	パニック発作	1288		192	-13.8722
パロ		1289		459	-16.7429
パターンダイヤ		1288		162	-14.4528
パワーブック	PowerBook	1288		315	-14.4102
パッケージガオチ	パッケージが落ち	1285	625	17	-11.3209
パラエル	ぱらえる	619		501	-18.4303
パコ		1285		462	-17.6051
パフォ		1285		501	-13.6831
パスカル		1300		23	-14.2882
パッシブ		1288		384	-13.2738
パチパチパチッ	ぱちぱちぱちっ	1281		501	-17.6734
パスツール		1289		210	-12.9954
パタヤ		1293		272	-13.2900
パベ	パべ	1285		501	-19.4167
パン	帆	1288		501	
パレット	ぱれっと	1285		136	-18.5412
パク	帛	1288		501	
パド	ぱど	1288		501	-18.5231
パスファインダー		1289		413	-12.8701
パワーフォワード		1288		62	-14.3297
パンテラ		1289		196	-13.8305
パラエヨ	払えよ	624		474	-18.4223
パウロ		1291		199	-10.6524
パー	🖐	5		501	-23.6351
パシーン	ぱしーん	1281		501	-17.6734
パツ	髮	1288		501	
パパサン	ぱぱさん	1285	1302	17	-12.8681
パニクッ	パニクっ	786		501	-13.6678
パンク・ロック		1288		412	-12.9500
パームビーチ		1293		140	-13.6137
パントリー		1288		39	-14.7458
パーミル	‰	1300		221	-16.3895
パウダー	ぱうだー	1285		501	-18.5412
パフラヴィーチョウ	パフラヴィー朝	1288		298	-14.3760
パン	飯	1288		501	
パーセント	%	1300		248	-15.9646
パーフォレーション		1285		454	-15.8671
パラグアイ		1294		272	-10.8246
パカッ	ぱかっ	1281		501	-17.6734
パーフェクト		1285		283	-12.4088
パフラヴィーゴ	パフラヴィー語	1288		501	-14.5767
パトカー		1285		490	-12.2484
パチンコギョウカイ	パチンコ業界	1288		501	-14.5661
パナマ		1293		272	-13.8029
パイナップル	pineapple	1285		501	-17.9351
パツ	発	1288		501	
パン	ぱん	1285		437	-19.9275
パンナム		1292		181	-12.7994
パン	麵麭	1285		501	-18.1929
パロ		1285		459	-15.2793
パンッ	パンっ	1281		501	-16.9802
パブリック		1287		347	-13.8601
パタリ	ぱたり	1282		501	-13.9432
パッヘルベル		1288		416	-14.9231
パトス		1285		186	-15.0478
パラボラ		1285		384	-14.6679
パニクン	パニクん	782		501	-13.8943
パパサン	パパさん	1285	1302	17	-11.2852
パカー	ぱかー	1281		501	-16.8190
パー		1288		149	-13.6799
パナス	ぱなす	731		501	-17.6572
パジ		1285		501	-17.5116
パリッシュ		1288		138	-14.2538
パーソナリティー		1285		409	-12.3504
パ	羽	1298		333	-35.0194
パンタ		1289		426	-13.2132
パラダイス		1285		244	-12.6082
パン	藩	1288		501	
パワーハラスメント		1292		216	-12.7409
パブサ		1285		501	-14.9209
パチ	ぱち	1295		80	-17.9753
パイソン		1289		168	-13.0672
パトリック	patrick	1289		501	-16.8074
パパン	ぱぱん	1281		501	-14.8807
パパ		1285		51	-9.9817
パチパチ	👏	5		501	-19.6113
パパラッチ		1289		161	-12.9595
パラコート		1288		100	-14.6950
パン	判	1288		501	
パシャ	ぱしゃ	1281		501	-12.0250
パタニオウコク	パタニ王国	1288		359	-14.6676
パン	繁	1288		501	
パズス	ぱずす	731		501	-17.6572
パームレスト		1288		289	-14.6343
パスコード		1288		445	-14.7446
パリポテ	ぱりポテ	1285		501	-18.9467
パッケージカンリシステム	パッケージ管理システム	1288		501	-14.8224
パークタウン		1288		231	-14.6955
パートナーサン	パートナーさん	1285	1302	17	-12.9458
パズドラ		1288		244	-12.5128
パンジャーブゴ	パンジャーブ語	1288		340	-14.7276
パレルモ		1290		463	-11.5436
パンノ	パンの	1285	368	17	-11.3470
パウリ		1290		210	-12.7532
パメリャ	嵌めりゃ	618		256	-18.4036
パーダーボルン		1288		349	-13.1618
パンツァー		1288		89	-14.7120
パーフューム	Perfume	1288		67	-13.5522
パールズ		1289		501	-14.9937
パシャパシャ		1281		501	-13.2446
パチ		1285		244	-17.4098
パップ	PAP	1288		288	-14.9075
パケット		1285		431	-12.1336
パンゲアタイリク	パンゲア大陸	1288		381	-14.3300
パンスキ	パン好き	1285	1299	17	-13.4794
パンコ	パン粉	1285		75	-12.7148
パコッ	ぱこっ	1281		501	-17.6734
パイプ		1285		284	-11.5573
パタパタ		1282		462	-11.9910
パラッ	ぱらっ	1281		501	-13.8723
パン	班	1285		123	-17.0824
パーティーゲーム		1288		283	-14.5397
パトランプ	🚨	5		501	-22.2060
パックン		1288		244	-13.4861
パチンコグルイ	パチンコ狂い	1285		501	-18.0817
パ	破	1288		501	
パラダイムシフト		1289		186	-12.2738
パラリ	ぱらり	1281		501	-14.8992
パカーン	ぱかーん	1281		501	-16.9196
パッケージデザイン		1288		274	-12.7898
パチン		1281		501	-13.8312
パスタ		1285		75	-10.5798
パッ		1282		149	-11.0254
パケ		1288		24	-13.5939
パパママ		1285		17	-12.3912
パリジャン		1285		347	-15.2572
パクリ	パクり	788		501	-11.7457
パコ	ぱこ	1281		501	-17.6734
パクリモノ	ぱくり物	1285		501	-19.2344
パソコン	💻	5		501	-22.0961
パネル	撥ねる	619		501	-16.8718
パレット		1285		139	-12.2419
パレル	張れる	619		147	-18.4303
パンクブーブー		1288		409	-14.9713
パシャリ		1289		501	-12.3919
パンツイッチョウ	パンツ一丁	1288		501	-14.6671
パトローネ		1285		270	-15.7655
パン	半	1288		501	
パティオ		1288		414	-14.8126
パワーチャン	パワーちゃん	1285	1302	17	-13.1669
パチプロ		1288		296	-14.7896
パイオニアエルディーシー	パイオニアLDC	1288		353	-13.8620
パパパパパーン	ぱぱぱぱぱーん	1281		501	-17.6734
パワポ		1288		501	-12.8517
パーペン		1285		215	-13.8037
パリー	ぱりー	1293		501	-18.1063
パク	箔	1288		501	
パク	掃く	695		29	-14.4539
パレ		1293		149	-12.2080
パガス	ぱがす	731		501	-17.6572
パスカル	pascal	1300		501	-16.1316
パラワ	払わ	823		438	-17.7823
パンデクテン		1285		291	-15.8112
パスカル	pa	1285		44	-19.0146
パダ		1285		501	-17.3781
パチ	8	1285		361	-38.3551
パン	PAN	1289		453	-12.8603
パーンディヤチョウ	パーンディヤ朝	1288		359	-14.4584
パ	齒	1288		501	
パイソン	Python	1288		77	-11.3522
パルミラ		1293		359	-12.6807
パブロ		1289		25	-12.6293
パット	パッと	1281		247	-10.0666
パク		1290		301	-16.5723
パブリッシング	publishing	1285		232	-17.9351
パラグライダー		1288		362	-13.9567
パラエレ	払えれ	617		474	-18.4235
パラディン		1289		459	-12.8769
パロパロ	ぱろぱろ	1285		501	-18.5412
パルコ		1288		35	-13.1181
パー		1300		149	-16.7378
パメル	嵌める	619		256	-16.0201
パクレレ	パクれれ	617		501	-15.8402
パクリ	パクり	1285		501	-14.6386
パイパン		1285		56	-14.5550
パシー	ぱしー	1281		501	-17.4704
パリッ	パリっ	1281		501	-17.0448
パニクラ	パニクら	780		501	-13.8994
パラダイス	paradise	1285		367	-17.8906
パイポ		1288		93	-15.5249
パーキンソン		1288		470	-14.8255
パソコンヨウ	パソコン用	1285	1298	17	-13.2419
パルデア		1285		501	-14.6893
パフパフ	ぱふぱふ	1281		501	-17.6734
パヨ		1288		501	-14.5094
パティシエ		1288		324	-12.7198
パサート		1288		168	-15.4355
パプアニューギニア		1294		272	-11.4040
パペーテ		1288		373	-14.6788
パライ	払い	832		438	-17.7798
パト		1288		418	-13.9142
パン	張ん	774		379	-18.5466
パブリシティ		1288		152	-14.4722
パリス		1285		25	-13.6514
パラナシュウ	パラナ州	1288		272	-14.3338
パーテーション		1288		289	-14.0435
パ・リーグ		1292		310	-10.0789
パイレーツ・オブ・カリビアン		1288		401	-14.7890
パワー	ぱわー	1285		501	-14.8607
パスネット		1292		118	-12.2548
パル	春	1288		501	
パンドラ		1289		212	-12.1908
パートナーシップセイド	パートナーシップ制度	1285		17	-13.1789
パイパー		1285		413	-14.0652
パメル	ぱめる	619		501	-18.4303
パノラマカー		1288		426	-13.9471
パープル		1288		64	-13.1626
パトラ		1289		373	-12.8197
パースペクティブ		1285		157	-15.3744
パンナコッタ		1288		501	-14.2323
パワーズ	Powers	1288		15	-14.8163
パッド	pad	1285		5	-17.8906
パンチェッタ		1288		501	-14.4704
パナソニック	Panasonic	1292		274	-11.5486