ビーカップ	Bカップ	1288		158	-14.9142
ビーン		1288		255	-14.2836
ビョウ	俵	1300		275	-17.1432
ビルゴ		1288		190	-14.9061
ビジュツキョウイク	美術教育	1288		239	-14.1219
ビッグス		1289		470	-14.7397
ビサイ	美彩	1285		80	-18.6282
ビ	狒	1288		501	
ビューティー	beauty	1285		121	-17.8906
ビブレ		1288		35	-13.8703
ビーエイチシー	bhc	1285		501	-17.9351
ビシビシ	びしびし	1281		501	-15.7275
ビフォー		1285		501	-14.4122
ビャクショウ	百しょう	1285		501	-18.7236
ビジュッ	びじゅっ	1281		501	-17.6734
ビカリ	光	1288		501	
ビョウホウ	兵法	1285		251	-15.7274
ビー		1285		203	-15.3039
ビビシケレ	美美しけれ	40		501	-17.1216
ビーディーアール	BD-R	1288		139	-14.8071
ビシュウ	微臭	1285		501	-18.6282
ビシャモン	ビシャ門	1288		501	-17.6068
ビビン	びびん	774		501	-11.6328
ビョウキ	病気	1283		46	-8.9308
ビビ		1289		462	-16.7429
ビ	濔	1288		501	
ビルス		1289		26	-13.2008
ビーエルエス	BLS	1288		87	-14.3229
ビヨルン		1289		462	-15.0179
ビョウ	平	1288		501	
ビジー		1285		197	-15.8101
ビョンス	片水	1285		501	-18.3181
ビミョウ	びみょう	1287		501	-17.6422
ビーエムジェイ	BMJ	1288		201	-14.2406
ビブンキカガク	微分幾何学	1288		65	-14.4635
ビング		1292		255	-13.4647
ビアンキ		1289		421	-14.8984
ビハイ	鼻背	1285		501	-18.6282
ビョウ	苹	1288		501	
ビタミンビーツー	ビタミンB2	1288		100	-13.9494
ビッチュウマツヤマジョウ	備中松山城	1288		394	-14.6650
ビクトリー		1285		26	-13.7364
ビラボン		1288		501	-15.7365
ビッグボス		1288		501	-14.8243
ビーキュウエイガ	B級映画	1288		179	-13.4354
ビッグ・ショー		1288		141	-14.1380
ビバク	美瀑	1285		501	-18.6282
ビ	鼻	560		333	-11.4584
ビデオメッセージ		1288		436	-13.8962
ビク	びく	1285		437	-19.2344
ビックリ		1283		420	-10.2419
ビャクダン	白檀	1285		75	-14.0550
ビーエスエヌ	BSN	1288		305	-13.6077
ビビシカレ	美美しかれ	48		501	-17.0678
ビデオテックス	videotex	1285		501	-17.9351
ビワタ	枇杷田	1290		501	-17.7354
ビョウ	票	1300		125	-17.0255
ビーオーエーシー	boac	1288		501	-17.6581
ビーアールオー	bro	1285		501	-17.9351
ビ		1285		297	-13.2713
ビサイ	尾西	1290		81	-13.8609
ビュウロン	謬論	1285		501	-18.6282
ビシリ	びしり	1281		501	-17.4704
ビビルオオキ	ビビる大木	1289		409	-13.6989
ビョウデ	秒で	1285	149	17	-11.1995
ビショビショ		1287		501	-13.7236
ビョウイン	びょういん	1285		501	-18.7236
ビハン	美飯	1285		501	-18.6282
ビクト	ビクと	1281		501	-13.5845
ビラメ	びらめ	1285		501	-19.9275
ビーケイトウ	B系統	1288		501	-14.8988
ビナンビジョ	美男美女	1285		17	-12.2145
ビョウサイ	病災	1285		501	-18.6282
ビガー	vigor	1285		501	-17.8906
ビビン	びびん	782		501	-11.6328
ビビロ	びびろ	778		501	-11.6331
ビョウフ	病夫	1285		501	-18.6282
ビヨンド		1289		448	-12.8636
ビン		1288		149	-17.5115
ビテイコツ	尾てい骨	1285		501	-15.1995
ビンヅメ	壜詰	1285		501	-18.6282
ビラ	びら	1285		80	-13.9089
ビーバー		1285		149	-13.7246
ビリングズ	billings	1289		501	-16.8074
ビョウシ	びょうし	1285		501	-19.4167
ビスケットブラザーズ		1289		122	-13.8920
ビセキ	美績	1285		501	-18.6282
ビッグマウス		1288		175	-14.7920
ビルディング	building	1285		107	-17.9351
ビタリャ	浸りゃ	770		460	-18.5465
ビジュツケンキュウジョ	美術研究所	1288		406	-14.6011
ビリーブ	Believe	1288		367	-14.8126
ビーチサッカー		1288		362	-14.6603
ビシュウ	尾州	1293		148	-17.7008
ビッグスリー		1285		168	-14.3453
ビュウビュウ	びゅうびゅう	1281		501	-15.2310
ビジュツショウ	美術賞	1288		313	-14.6161
ビスカヤ		1289		400	-13.1219
ビンアライ	瓶洗い	1285		501	-18.6282
ビョウガ	病が	1283		46	-14.2796
ビザイ	微罪	1285		243	-14.5763
ビン		1292		149	-11.0583
ビシ	微視	1285		501	-18.6282
ビンゴ		1288		283	-12.5703
ビーダブリューアール	bwr	1285		501	-17.9351
ビシイッ	びしいっ	1281		501	-17.6734
ビケ	引け	622		379	-18.4370
ビル・マーレイ		1289		496	-13.7880
ビードル		1289		470	-15.8885
ビエ	稗	1285		93	-18.9467
ビテイ	尾底	1285		501	-18.6282
ビン	甁	1288		501	
ビソ		1285		501	-18.1929
ビロビロ	びろびろ	1281		501	-16.3650
ビトー		1289		175	-14.6403
ビニク	美肉	1285		501	-18.6282
ビラクバリ	びら配り	1285		501	-19.2344
ビッグサイズ		1288		501	-14.7573
ビミョウサイ	美妙斎	1291		501	-18.1724
ビョウショ	病処	1285		501	-18.6282
ビョウインノ	病院の	1285	368	17	-10.6654
ビュー		1285		431	-14.3915
ビヨウシサン	美容師さん	1285	1302	17	-11.4788
ビョウジン	廟仁	1291		501	-18.1724
ビバイシ	美唄市	1293		82	-13.5280
ビミョウダ	微妙だ	1287	453	17	-11.2053
ビビシイ	美びしい	19		501	-18.0407
ビンボー		1288		244	-13.6768
ビデオエイゾウ	ビデオ映像	1288		363	-13.9981
ビアンカ		1289		25	-12.3849
ビタ	鐚	1285		221	-18.7236
ビョウノウ	病悩	1293		501	-20.7008
ビデオシーディー	ビデオCD	1288		139	-14.6364
ビダイ	美大	1288		364	-12.1611
ビンボウ	貧乏	1283		66	-13.0956
ビンショウ	敏燮	1291		501	-18.1724
ビジネステキ	ビジネス的	1285	1299	17	-12.9017
ビーフン		1288		93	-13.7933
ビットレツ	ビット列	1285		45	-14.2085
ビーキュウ	B級	1288		334	-11.8577
ビジュウ	鼻汁	1285		457	-18.6282
ビケイ	美形	1285		127	-12.7560
ビンラン	紊乱	1283		275	-17.3214
ビマンセイ	びまん性	1288		501	-14.7683
ビジュツコウゲイヒン	美術工芸品	1288		84	-14.0266
ビン	瓶	1300		487	-12.5013
ビトウ	備藤	1290		501	-17.7354
ビビ	微々	1285		501	-16.8185
ビョウドク	病毒	1285		457	-15.6752
ビシ	美詞	1285		501	-18.6282
ビンホク	閩北	1293		104	-17.7008
ビエイチョウ	美瑛町	1293		82	-13.0887
ビジュツ	媚術	1285		501	-18.6282
ビケ	引け	625		379	-18.5044
ビソウ	美相	1285		501	-18.6282
ビギ	美技	1285		501	-15.7791
ビビシ	美びし	39		501	-17.1718
ビッ	ビっ	1281		501	-14.0517
ビヨウ	美容	1285		402	-10.2742
ビンショウ	敏捷	1285		127	-15.1688
ビソウ	美装	1285		501	-18.6282
ビビシカッ	びびしかっ	50		501	-17.1259
ビッグスワン		1288		316	-14.9785
ビンタ		1285		161	-12.9614
ビ	媚	1288		501	
ビミョ〜		1287		501	-16.8950
ビョウキノ	病気の	1283	368	17	-10.8449
ビエン	鼻炎	1285		100	-13.3849
ビバ		1285		40	-17.0826
ビャクゼン	白善	1293		346	-17.7008
ビイ	微意	1285		501	-18.6282
ビングキ	鬢茎	1285		501	-18.6282
ビサン	備讃	1285		501	-18.6282
ビッグニュース		1288		501	-14.8348
ビスタカー		1288		426	-14.3342
ビジネスマン		1285		42	-12.2927
ビョウソク	病側	1285		501	-18.6282
ビーピーオー	BPO	1288		214	-12.7722
ビダクオン	鼻濁音	1285		327	-14.4317
ビンボウユスリ	貧乏ゆすり	1285		501	-14.9421
ビョウ	秒	1285		317	-11.2896
ビット		1285		45	-11.4752
ビヨリ	びより	1285		150	-19.9275
ビーズ	B’z	1289		501	-12.7182
ビギナーズラック		1288		501	-14.3980
ビカラ	毘羯羅	1288		501	-18.5231
ビシツ	微質	1285		501	-18.6282
ビニールシート		1285		17	-13.5155
ビボウ	備忘	1285		501	-14.6993
ビヨーンズ	BEYOOOOONDS	1288		501	-14.9571
ビーゴ		1288		400	-14.4519
ビームサーベル		1288		190	-13.1880
ビョウガイ	病害	1285		116	-14.2387
ビ	豼	1288		501	
ビーエスアイ	BS-i	1288		305	-13.6928
ビンボウショウ	貧乏性	1285		501	-14.1311
ビト	他人	1285		252	-18.3362
ビッグネーム		1288		334	-14.2163
ビジュアルスタジオ	Visual Studio	1288		77	-13.1947
ビョウゴウ	廟号	1288		246	-13.3742
ビム	BIM	1288		294	-13.8737
ビボウ	備亡	1285		501	-18.6282
ビメ	比咩	1285		501	-19.2344
ビイシキ	美意識	1285		307	-12.3455
ビタミンケー	ビタミンK	1288		100	-13.6051
ビキ	弾き	1285		132	-13.2477
ビングシ	鬢櫛	1285		501	-18.6282
ビジュツヒョウロンカ	美術評論家	1288		323	-13.6715
ビホン	美本	1285		501	-18.6282
ビョウギ	病義	1285		501	-18.6282
ビビシケリャ	美々しけりゃ	41		501	-17.0678
ビーサク	B作	1291		122	-16.6430
ビーユー	BU	1288		213	-13.7036
ビックリ	❕	1318		501	-15.9454
ビャクヤショボウ	白夜書房	1292		136	-12.8781
ビダンシ	美男子	1288		127	-12.9267
ビューラー		1288		151	-14.2937
ビンセン	便船	1285		366	-16.3348
ビョウボツ	病歿	1283		501	-18.0694
ビーアールエム	BRM	1288		421	-14.8849
ビョウシャ	描写	1283		322	-9.2590
ビジュツサクヒン	美術作品	1285		17	-13.3296
ビオレ		1288		302	-14.2678
ビンチュウ	敏中	1291		501	-18.1724
ビッグラブ	BIG LOVE	1288		501	-14.7237
ビョウフ	病婦	1285		501	-18.6282
ビホロ	美幌	1293		321	-12.8566
ビルケナウ		1292		349	-13.5631
ビビリャ	びびりゃ	770		501	-11.6327
ビーエスニッテレ	BS日テレ	1289		305	-13.8588
ビリケン		1285		389	-14.6436
ビジュツテンランカイ	美術展覧会	1288		501	-14.5350
ビッグイシュー		1288		201	-14.8718
ビシュウ	美醜	1285		186	-14.2211
ビジターゲーム		1285		316	-14.3933
ビックス		1289		444	-15.0942
ビブ	尾部	1285		95	-18.6282
ビンガタゾメ	紅型染め	1285		501	-18.7236
ビジネスライク		1287		169	-13.6791
ビーピーエム	BPM	1288		221	-13.1496
ビョウタイ	病態	1285		192	-12.7124
ビン	便	1298		109	-9.1433
ビャクロク	白緑	1285		256	-18.6282
ビッグバンド		1289		412	-12.0806
ビラ	枚	1300		454	-17.7563
ビブツ	美物	1285		501	-18.6282
ビジュアルベーシック	Visual Basic	1288		77	-13.4675
ビリーヴ	Believe	1289		367	-13.3484
ビビシカラ	美美しから	47		501	-17.0678
ビビシケレ	美びしけれ	40		501	-17.1216
ビートン		1289		11	-14.9163
ビョウ	鮃	1288		501	
ビントロ	びんとろ	1285		501	-18.9467
ビロウド	天鵞絨	1285		501	-18.3181
ビン	備	1288		501	
ビュッ	びゅっ	1281		501	-15.5541
ビャクホウ	白法	1285		501	-18.6282
ビリヤニ		1288		391	-13.3256
ビザンティンケンチク	ビザンティン建築	1293		94	-12.9913
ビハチ		1293		483	-15.9091
ビヨンセ		1289		196	-12.3493
ビジュツガッコウ	美術学校	1285		17	-13.0385
ビンヅメ	瓶詰め	1285		75	-13.8131
ビビシ	美々し	45		501	-17.0910
ビョウ	皰	1288		501	
ビジネスクラス		1288		319	-12.8349
ビオラ		1290		132	-13.4671
ビアン	⚢	1288		501	-20.0000
ビジョン	幻界	1285		501	-18.3181
ビレン	尾連	1285		501	-18.6282
ビッキー		1288		462	-14.9592
ビル		1289		414	-16.8074
ビョウホウ	描法	1285		312	-18.6282
ビサシ	廂	1285		3	-17.8412
ビーエスエス	BSS	1288		305	-13.9580
ビチュウ	微衷	1285		501	-17.1343
ビョウスウ	秒数	1285	1298	17	-12.9734
ビロ	広	1288		501	
ビダツテンノウ	敏達天皇	1289		263	-12.6510
ビンヅメ	瓶詰	1285		75	-14.0173
ビビーッ	びびーっ	1281		501	-17.6734
ビュンビュン		1282		501	-13.4555
ビニク	媚肉	1285		501	-18.6282
ビョウイン	病院	1285		402	-8.9358
ビクロ	美黒	1285		501	-18.6282
ビンナン	閩南	1293		340	-17.7008
ビョウスウ	秒数	1285		501	-18.6282
ビーガン		1288		501	-14.0693
ビスタビジョン		1288		139	-14.7854
ビーニジュウク	B-29	1288		320	-11.7014
ビブロ	bibro	1288		501	-17.6581
ビケイ	美景	1285		200	-16.5906
ビネツ	微熱	1285		389	-12.7722
ビョウサ	錨鎖	1285		320	-15.3358
ビンビン		1282		420	-12.4809
ビジネスホテル		1288		35	-12.7534
ビーレフェルト		1288		349	-13.3218
ビニ	日に	1298	151	17	-10.8120
ビバーチェ	vivace	1285		217	-17.9351
ビョウインガヨイ	病院通い	1285	1298	17	-13.2552
ビルマ	緬甸	1294		501	-17.0867
ビラクバリ	ビラ配り	1285		501	-18.0817
ビセイブツソウ	微生物叢	1288		501	-14.9685
ビ	斐	1288		501	
ビラーゴ		1285		105	-15.7562
ビーケーピー	bkp	1285		501	-17.9351
ビシビシ		1282		501	-13.4667
ビルディング		1285		347	-13.2945
ビザ	visa	1285		501	-18.0817
ビンセン	便せん	1285		501	-18.6282
ビーエスデジタル	BSデジタル	1288		20	-13.5998
ビダイ	尾大	1285		176	-16.3934
ビバップ		1289		412	-12.6253
ビュフェ		1288		426	-14.0068
ビーエイチピー	bhp	1288		221	-17.6581
ビル	蒜	1285		75	-19.0802
ビキ		1300		501	-17.0255
ビナ		1289		501	-17.9060
ビョウジャク	病弱	1287		97	-11.0358
ビバリーヒルズ		1293		138	-12.4015
ビブリオバトル		1288		501	-13.8055
ビク	魚籠	1285		501	-18.7236
ビンズイ	便追	1285		501	-18.6282
ビ	日	1314		380	-15.8059
ビスマス		1285		405	-13.8062
ビヨウイリョウ	美容医療	1285		17	-13.4620
ビン	泯	1288		501	
ビビシカレ	美々しかれ	48		501	-17.0678
ビーケービー	BKB	1288		501	-14.7648
ビー	びー	1281		80	-11.5314
ビビシュウ	美びしゅう	49		501	-17.0678
ビーピーエス	bps	1300		31	-16.4501
ビゼン	美髯	1285		501	-18.1929
ビョウ	鞄	1288		501	
ビクトリーガンダム	Vガンダム	1288		190	-13.7392
ビーエヌ	bn	1285		501	-17.9351
ビックス	VICS	1288		20	-14.7938
ビニホン	ビニ本	1285		393	-18.0304
ビモク	眉目	1285		127	-15.4094
ビンボウクジ	貧乏くじ	1285		501	-15.4159
ビルボード	Billboard	1288		318	-12.4778
ビッグローブ	BIGLOBE	1288		363	-14.4640
ビャクエンプ	白焰斧	1289		501	-17.9060
ビカツ	美活	1298	1285	17	-13.0874
ビオン	微温	1285		227	-16.4957
ビーエムエックス	BMX	1288		362	-13.9489
ビキョ	美挙	1285		501	-17.3126
ビビシキ	びびしき	44		501	-17.0679
ビョウ	殍	1288		501	
ビン	紊	1288		501	
ビロウ	蒲葵	1285		501	-18.6282
ビッグコミック		1288		136	-13.4808
ビ	麋	1288		501	
ビギン	微吟	1283		501	-17.3459
ビジンガ	美人画	1288		312	-13.5768
ビタン	浸ん	774		460	-18.5466
ビコ	引こ	681		438	-17.6140
ビデオカイギ	ビデオ会議	1285	1283	17	-12.8736
ビデオ		1285		24	-10.1698
ビーストウォーズ		1288		190	-13.9777
ビカビカ	びかびか	1281		501	-16.3924
ビンカイ	閩海	1293		501	-17.7008
ビタ		1288		283	-14.0395
ビブン	美文	1285		342	-14.7506
ビンショウ	憫笑	1283		501	-17.0620
ビーエックス	BX	1288		213	-14.0252
ビサウ		1293		272	-14.3698
ビモウ	尾毛	1285		29	-18.6282
ビーシーシー	bcc	1285		501	-17.9351
ビデオチャット		1288		363	-14.4696
ビサ	微差	1285		501	-18.6282
ビジター		1288		316	-12.1156
ビョウジョク	病褥	1285		501	-18.6282
ビツ	櫁	1288		501	
ビィフラット	B♭	1288		458	-13.5421
ビビッ		1281		501	-13.3881
ビイク	美育	1285		501	-16.9831
ビョウゴウ	秒毫	1285		501	-18.6282
ビエイ	美英	1291		501	-19.0208
ビルディング	Building	1288		107	-13.7099
ビジュツテン	美術展	1285	1298	17	-12.5529
ビキッ	びきっ	1281		501	-17.8069
ビバーク		1283		320	-15.4032
ビジホ		1285		501	-14.8330
ビビ	びび	1281		501	-17.6734
ビュルビュル	びゅるびゅる	1281		501	-16.3650
ビヒャア	びひゃあ	1281		501	-17.6734
ビリン	弥綸	1283		501	-18.0694
ビキャ	引きゃ	677		438	-17.6110
ビンカケ	瓶掛	1285		501	-18.6282
ビキャク	びきゃく	1285		501	-18.9467
ビュート		1285		138	-14.3455
ビーエスイーモンダイ	BSE問題	1288		422	-14.3879
ビーディー	BD	1288		24	-11.3679
ビッコ	びっこ	1288		398	-14.8941
ビーケーシー	BKC	1288		187	-14.2829
ビーファースト	BE:FIRST	1289		122	-12.1810
ビロ	廣	1288		501	
ビーエム	bm	1285		501	-17.9351
ビンショウ	びんしょう	1287		501	-18.0477
ビジュツダイガク	美術大学	1288		314	-13.2014
ビン	岷	1288		501	
ビルマゴ	ビルマ語	1288		340	-13.9913
ビン	瓶	1285		487	-11.1451
ビョウハク	錨泊	1283		501	-18.0694
ビショヌレ	びしょ濡れ	1287		418	-18.0477
ビーエス	B/S	1288		206	-14.7498
ビクビク	びくびく	1281		501	-14.3683
ビシバシ	びしばし	1281		501	-15.3173
ビールス		1285		355	-15.7318
ビッケブランカ		1289		122	-18.6820
ビシャッ	びしゃっ	1281		501	-17.6734
ビッグスリー	BIG3	1288		409	-14.0353
ビョウキ	病期	1285		501	-18.6282
ビキニ		1293		295	-13.4223
ビショビショ	びしょびしょ	1287		501	-13.3846
ビタ	浸	776		460	-18.5488
ビョウイ	病衣	1285		501	-18.6282
ビワホウシ	琵琶法師	1288		312	-14.4443
ビラマキ	ビラまき	1285		501	-18.0817
ビーエー	ba	1288		5	-12.9565
ビァ		1285		501	-17.7303
ビータイプ	Bタイプ	1288		139	-14.0543
ビニールハウス		1293		55	-12.4273
ビュッフェ		1285		442	-12.9429
ビニュウ	微乳	1285		501	-18.6282
ビテキセンス	美的センス	1285		17	-13.2915
ビケン	引けん	620		379	-18.4227
ビョウソウ	病相	1285		501	-18.6282
ビーゴサイズ	B5サイズ	1288		136	-14.4929
ビク	魚籃	1285		501	-18.7236
ビーダブリュー	bw	1285		501	-17.9351
ビロウ	尾篭	1287		501	-17.5369
ビセン	びせん	1287		293	-18.0477
ビクッ		1281		501	-13.8852
ビビン	ビビん	774		113	-10.4400
ビリーバー	believer	1285		501	-17.9351
ビークン	Bくん	1289		501	-13.3610
ビセイネン	美青年	1288		51	-13.9608
ビリッ	びりっ	1281		501	-17.6734
ビハダコウカ	美肌効果	1285		17	-13.0151
ビヨウギョウカイ	美容業界	1288		501	-14.4176
ビラメ	鮃	1285		501	-19.0802
ビルバイン		1288		89	-14.6624
ビジネスパーソン		1288		324	-12.0009
ビョウカザリ	鋲飾り	1285		501	-18.6282
ビョウイン	病因	1285		355	-14.0231
ビックス	vics	1285		501	-17.9351
ビジネスヲ	ビジネスを	1285	156	17	-10.8454
ビスイ	微酔	1285		501	-17.9171
ビジュツ	美術	1285		84	-9.9759
ビジネスモデル		1288		79	-11.0391
ビットリー	bit.ly	1288		501	-13.3274
ビッチ		1288		462	-13.0556
ビッ	びっ	1281		80	-11.7653
ビフォー	before	1285		121	-17.9351
ビックデータ		1288		501	-14.4700
ビエラ		1289		288	-12.8207
ビョウドウシュギ	平等主義	1288		388	-13.6717
ビーエスシー	bsc	1285		501	-17.9351
ビーイーシー	BEC	1288		288	-14.4906
ビンパツ	鬢髪	1285		501	-18.6282
ビザン	眉山	1291		385	-14.2577
ビシュケク		1293		272	-13.6584
ビックリ	❗	5		501	-18.1432
ビック	bick	1285		501	-17.9351
ビーティーオー	BTO	1288		315	-14.2785
ビョウタンイ	秒単位	1285		17	-13.4064
ビーコン		1285		20	-13.8970
ビジュツカン	びじゅつかん	1285		99	-13.9148
ビダン	美談	1285		312	-13.4087
ビデリン	ビデ倫	1288		274	-14.8156
ビートレ	Bトレ	1288		501	-14.6001
ビビシキ	美美しき	44		501	-17.0679
ビボ	vivo	1285		100	-17.8906
ビーフストロガノフ		1288		501	-14.8305
ビゼン	美善	1291		501	-18.1724
ビャクシ	白紫	1285		501	-18.6282
ビ	微	560		174	-9.7417
ビコ	媚蠱	1285		501	-18.6282
ビギン	begin	1285		226	-17.9351
ビャク	百	1288		501	
ビーシージー	bcg	1285		501	-17.9351
ビン	顰	1288		501	
ビンス・マクマホン		1289		141	-12.5180
ビャクジュツ	白朮	1285		93	-15.1825
ビシオ	醢	1285		395	-19.0802
ビ	紕	1288		501	
ビア	via	1288		121	-12.8761
ビン	愍	1288		501	
ビョウチュウガイ	病虫害	1285		142	-14.7754
ビサイ	びさい	1287		241	-18.0477
ビビシカロ	びびしかろ	46		501	-17.0678
ビラン	糜爛	1283		183	-16.1524
ビンセイ	敏成	1291		501	-18.1724
ビョウジ	秒時	1285		501	-18.6282
ビギョ	備禦	1285		501	-18.6282
ビイキ	びいき	1283		56	-19.5357
ビビシュウ	美美しゅう	49		501	-17.0678
ビジョナリー		1288		501	-14.1790
ビンカキ	鬢掻き	1285		501	-18.6282
ビダイ	美大	1285		364	-18.6282
ビージーエム	bgm	1288		501	-14.0778
ビラキ	びらき	1285		114	-19.9275
ビーエムビーダブリュー	bmbw	1285		501	-17.9351
ビン		1285		149	-12.9977
ビーデル		1289		26	-12.9075
ビョウタン	瓢箪	1285		4	-16.4589
ビア	VIA	1288		315	-14.4631
ビレ	びれ	1285		333	-19.6398
ビト		1285		401	-18.3181
ビンバシャラ	頻婆裟羅	1289		501	-17.9060
ビーチ・ボーイズ		1288		196	-13.9551
ビジ	美事	1285		501	-16.8518
ビーダマ	ビー玉	1285		60	-13.5569
ビョウインショク	病院食	1288		55	-13.9627
ビヒン	美品	1285		501	-18.6282
ビオ	郿塢	1293		501	-17.7008
ビンフウ	敏風	1288		501	-18.5231
ビンチョウタン	備長炭	1289		75	-13.8707
ビンツケ	びんつけ	1285		501	-18.9467
ビョウニン	🤒	5		501	-23.8882
ビンゴゲーム		1285		152	-15.4211
ビョウソク	㎧	1288		501	-20.0000
ビュー	vue	1285		501	-17.9351
ビデオツウワ	ビデオ通話	1288		501	-12.7522
ビョウギョ	病魚	1285		501	-18.6282
ビーフシチュー		1288		93	-13.1820
ビコ	毘古	1285		128	-19.2344
ビジネスシーン		1288		501	-13.5491
ビアガーデン		1293		228	-12.2394
ビラトリ	平取	1293		371	-14.2487
ビッグコミックスペリオール		1288		396	-14.7914
ビビリオン	ビビリ音	1285		501	-18.0304
ビドウ	美童	1285		49	-16.6669
ビョウサク	錨索	1285		501	-18.6282
ビーチ	びーち	1285		501	-18.5412
ビョウリガク	病理学	1288		239	-12.5525
ビジョウ	尾錠	1285		501	-16.7719
ビレ		1298		295	-14.0412
ビシャク	杓	1285		392	-18.8391
ビイキ	贔屓	1283		161	-17.4227
ビゼン	びぜん	1293		501	-18.3940
ビョオーッ	びょおーッ	1281		501	-17.6734
ビーン	びーん	1281		501	-15.1046
ビョウショウ	病牀	1285		501	-18.6282
ビタミンビーグン	ビタミンB群	1288		100	-13.4185
ビョウキニ	病気に	1283	151	17	-10.6917
ビロク	鼻勒	1285		501	-18.6282
ビビシ	美美し	39		501	-17.1718
ビョウビョウ	渺渺	1281		501	-17.3549
ビバ		1288		40	-13.6470
ビオン	微音	1285		501	-18.6282
ビデオテープ		1285		445	-13.1404
ビキ	疋	1288		501	
ビジネスパートナー		1285		17	-12.8681
ビンセン	緡銭	1285		501	-18.6282
ビバシャ	毘婆沙	1285		501	-18.3181
ビワオ	枇杷男	1291		501	-18.1724
ビョウタイ	病体	1285		501	-16.6618
ビキュウ	備給	1285		501	-18.6282
ビョウハン	病斑	1285		501	-18.6282
ビーイング		1292		353	-11.7131
ビニ		1285		501	-14.6515
ビーシーアールディー	bcrd	1285		501	-17.9351
ビクン	びくん	1285		501	-15.1137
ビョウインセンキョ	病院占拠	1285	1283	17	-13.3800
ビーマニシリーズ	BEMANIシリーズ	1288		296	-14.0084
ビノ		1285		501	-17.4261
ビノ	日の	1298	368	17	-10.8517
ビーエムシー	BMC	1288		181	-13.9290
ビートロン	BTRON	1288		77	-13.4313
ビビシケリャ	びびしけりゃ	41		501	-17.0678
ビ	妃	1288		501	
ビショップ		1285		255	-13.6821
ビサーチ		1285		501	-13.9361
ビビシ	びびし	45		501	-17.0910
ビャクシン	びゃくしん	1285		501	-18.9467
ビョウキ	びょうき	1283		501	-18.8426
ビール		1285		75	-9.8071
ビオ		1285		65	-17.3473
ビハク	美白	1288		142	-12.7818
ビョウブガウラ	屏風ケ浦	1293		501	-17.7008
ビクター	Victor	1288		151	-13.8006
ビーシーエル	bcl	1285		501	-17.9351
ビヨウ	びよう	1285		501	-19.0802
ビキッ	ビキっ	1281		501	-16.9802
ビンゴノクニ	備後国	1288		464	-12.9838
ビーピーオー	bpo	1288		501	-17.6581
ビョウソウ	病巣	1285		183	-14.1124
ビフン	微粉	1285		405	-14.9254
ビタビタ	びたびた	1281		501	-15.3884
ビジョン	Vision	1288		453	-12.9899
ビンガタ	紅型	1285		312	-15.5063
ビョウセイ	病性	1285		501	-19.4167
ビショク	微食	1285		501	-18.6282
ビリョウ	鼻梁	1285		29	-15.9154
ビセイブツ	微生物	1285		355	-11.5655
ビョウ	驃	1288		501	
ビンショウ	愍笑	1283		501	-18.0694
ビゴ		1289		366	-16.7429
ビンショウ	敏しょう	1287		501	-17.4416
ビミョウニ	微妙に	1287	329	17	-10.7140
ビョー	びょー	1281		501	-14.2491
ビビリ	ビビり	788		418	-10.4221
ビジネスウィーク		1288		201	-14.9606
ビショ		1288		501	-14.8187
ビコウ	微光	1285		466	-16.3238
ビッド		1288		283	-14.5140
ビーティービー	btb	1285		501	-17.9351
ビーメロ	Bメロ	1288		478	-13.2979
ビーピー	bp	1292		221	-12.2551
ビビロ	ビビろ	778		113	-10.4403
ビーシー	bc	1285		226	-18.1929
ビョウリシンダン	病理診断	1288		402	-13.3942
ビンタロウ	敏太郎	1291		501	-18.1724
ビョウク	病躯	1285		501	-16.6073
ビケレ	引けれ	617		379	-18.4235
ビビッ	ビビっ	786		113	-10.3543
ビタレ	浸れ	784		460	-18.5465
ビマン	弥漫	1283		501	-18.0694
ビ	孫	1288		501	
ビビシ	美美し	45		501	-17.0910
ビョウキン	病菌	1285		116	-15.1711
ビーム	Beam	1289		453	-13.9156
ビックリシ	びっくりし	1283	610	17	-9.3789
ビセイブツガク	微生物学	1288		239	-13.5856
ビス	びす	1285		437	-14.0315
ビリギャル		1288		501	-14.4827
ビリョク	微力	1285		495	-15.2216
ビーティーエス	bts	1289		501	-13.6777
ビーワイ	BY	1288		40	-13.2207
ビリー・プレストン		1289		196	-13.8463
ビーエイチ	bh	1285		501	-17.9351
ビカン	微寒	1285		501	-18.6282
ビタミンビージュウニ	ビタミンB12	1288		100	-13.6974
ビューティー	Beauty	1289		367	-12.2963
ビッグ	BIG	1288		40	-12.2062
ビゼン	備前	1293		464	-11.0000
ビグロ		1288		190	-14.9843
ビビ		776		113	-10.4422
ビームシールド		1288		190	-14.7452
ビーエヌエフエル	bnfl	1285		501	-17.9351
ビョウサイ	病妻	1285		501	-18.6282
ビ	寐	1288		501	
ビスキュイ		1285		501	-15.8636
ビッグ・ボス		1289		459	-12.8313
ビーイーティー	BET	1288		283	-13.8136
ビンテイ	愍帝	1288		246	-14.6364
ビリルビン		1288		83	-13.4749
ビオチン		1288		100	-14.2800
ビコ	彦	1289		128	-18.5011
ビョウレキ	病歴	1285		192	-14.0809
ビン		1289		149	-16.8074
ビメ		1285		501	-18.2535
ビーチサンダル		1288		256	-14.4176
ビョウ	屏	1288		501	
ビョウ	蚫	1288		501	
ビョウイン	🏥	5		501	-22.2397
ビル・ゲイツ		1289		181	-11.9435
ビアリッツ		1293		400	-14.5653
ビョウク	病軀	1285		501	-18.6282
ビックリスル	びっくりする	1283	599	17	-10.5743
ビビシイ	美々しい	19		501	-18.0407
ビーワン	b1	1288		501	-13.3328
ビジュク	糜粥	1285		501	-18.6282
ビョウトウ	猫頭	1285		501	-18.6282
ビショウ	微笑	1285		389	-18.7236
ビジャープル		1285		359	-14.8399
ビーワイ	by	1288		367	-9.3402
ビラメ	比目魚	1285		501	-19.0802
ビ	瀰	1288		501	
ビッグビート		1288		501	-14.5027
ビスカス		1288		95	-14.7825
ビャクサン	白散	1285		501	-18.6282
ビワコソスイ	琵琶湖疏水	1293		102	-12.8897
ビタミンザイ	ビタミン剤	1288		257	-13.6936
ビョウカン	秒間	1300		317	-11.7229
ビシャク	びしゃく	1285		501	-19.9275
ビーツ		1289		398	-12.1521
ビョウテキ	病的	1287		192	-12.2843
ビーエル	bl	1288		226	-14.5103
ビビシイ	美美しい	19		501	-18.0407
ビョオッ	びょおっ	1281		501	-17.6734
ビン	蘋	1288		501	
ビルダー		1288		203	-13.6284
ビンガ	頻伽	1285		501	-18.3181
ビテイ	尾てい	1285		501	-18.6282
ビョウブガウラ	屏風が浦	1293		501	-17.7008
ビミスギ	美味すぎ	1287	1305	17	-12.2840
ビリー・ホリデイ		1289		196	-13.8672
ビョウ	靤	1288		501	
ビホウ	麋芳	1289		501	-17.9060
ビシエド		1288		501	-14.5796
ビサイ	微細	1285		169	-13.8379
ビンジョウ	便乗	1283		271	-11.3066
ビデオチップ		1288		501	-14.9606
ビュー	views	1285		461	-17.9351
ビフィズスキン	ビフィズス菌	1288		100	-13.8204
ビンダイ	瓶代	1285		501	-18.6282
ビセイ	美声	1285		127	-13.3081
ビーエムエス	BMS	1288		168	-14.3491
ビク	引く	695		438	-10.4483
ビセ		1289		501	-17.9060
ビヨウモニター	美容モニター	1285		17	-13.0250
ビテイ	尾骶	1285		501	-18.6282
ビ	縻	1288		501	
ビンセン	びんせん	1285		501	-18.9467
ビセキ	微積	1288		501	-14.1690
ビビリ		1285		56	-13.9481
ビーゼットピー	bzp	1285		501	-17.9351
ビン	憫	1288		501	
ビ	枇	1288		501	
ビーシージー	BCG	1288		100	-13.7509
ビイ	びい	1285		437	-14.5156
ビィ		1285		501	-13.7207
ビジ	美辞	1285		501	-16.7357
ビスケット	biscuit	1285		501	-17.8906
ビシ	媄子	1289		501	-17.9060
ビョウビョウ	渺々	1281		501	-17.3549
ビョウショウ	病症	1285		355	-16.5648
ビョウ	秒	1300		317	-9.3032
ビジョトヤジュウ	美女と野獣	1288		496	-13.1882
ビサイ	尾西	1293		81	-15.5148
ビブリオ		1288		218	-13.2379
ビッグボーナス		1288		283	-13.6377
ビックリデス	びっくりです	1283	460	17	-11.3847
ビク	比丘	1285		365	-14.0669
ビジュ		1288		501	-11.1306
ビケイ	美京	1291		501	-18.1724
ビョウジョウ	病状	1285		46	-12.0498
ビゼン	美禅	1291		501	-18.1724
ビョウゴ	病後	1314		457	-14.3035
ビジュアルテキ	ビジュアル的	1287	1299	17	-13.1911
ビデオカセット		1285		139	-15.1884
ビュウ	繆	1288		501	
ビル・ロビンソン		1289		141	-13.6530
ビリッチ		1289		178	-15.4550
ビャクショウ	百姓	1285		275	-18.7236
ビーティー	B-T	1288		20	-14.6837
ビンセン	便箋	1285		445	-13.3758
ビクリ	びくり	1281		501	-14.3619
ビギナー		1288		40	-13.0146
ビビッドガーデン		1292		501	-13.3887
ビーユー	bu	1285		226	-17.9351
ビントロ	鬢とろ	1285		501	-18.6282
ビャッコ	白虎	1285		3	-13.7771
ビル	bill	1285		461	-17.9351
ビョウゲンセイ	病原性	1288		355	-12.8364
ビートン	beeton	1289		501	-16.8074
ビブンオン	微分音	1288		458	-14.5552
ビスケー		1293		166	-15.3982
ビーエスハイビジョン	BShi	1288		305	-14.0317
ビースケ	びー助	1288		501	-18.5231
ビルダー	Builder	1288		77	-13.8361
ビイン	鼻音	1285		327	-16.7265
ビルボ		1288		222	-13.5706
ビュー	View	1289		453	-10.7278
ビーアンドビー	B&B	1289		409	-12.2923
ビョウホ	苗圃	1285		501	-17.8906
ビスウ	尾数	1285		501	-18.6282
ビシン	美身	1285		501	-18.6282
ビクット	ビクッと	1281		501	-13.1153
ビンバシャラ	頻婆沙羅	1289		501	-17.9060
ビジュアライズ		1285		501	-15.2001
ビザカード	VISAカード	1288		118	-14.2803
ビラン	びらん	1283		29	-14.8623
ビュイック		1288		168	-14.3453
ビワコ	琵琶湖	1293		385	-10.2358
ビショウ	美松	1288		76	-18.5231
ビジュウ	尾獣	1288		26	-14.7573
ビメ	媛	1285		128	-19.2344
ビュー		1289		431	-11.5796
ビーム		1285		190	-11.1387
ビスカヤケン	ビスカヤ県	1288		400	-14.2782
ビラ	平	1288		501	
ビーピーエス	bps	1288		31	-12.5038
ビーオーエス	BeOS	1288		77	-14.2464
ビビッタ	ビビった	786	435	17	-11.1957
ビードロ		1285		256	-15.7090
ビデオサツエイ	ビデオ撮影	1288		501	-14.0711
ビービーエス	bbs	1285		501	-17.9351
ビロウ	檳榔	1285		4	-16.0222
ビ	琵	1288		501	
ビソク	鼻息	1285		155	-16.7621
ビフカ	美深	1293		110	-13.9159
ビジュツガクブ	美術学部	1292		187	-12.0922
ビーファイター		1288		164	-14.9169
ビューン	びゅーん	1281		501	-14.5823
ビラン	び爛	1283		501	-18.8426
ビヤク	媚薬	1285		51	-13.7100
ビジネスコンティニュイティプラン	BCP	1288		294	-14.3595
ビンラン	便覧	1285		342	-16.9119
ビーフ		1285		75	-13.2918
ビン	便	1300		109	-9.4153
ビョウニン	病人	1285		290	-12.5220
ビンカツ	敏活	1287		501	-16.5436
ビショウ	美粧	1285		501	-17.6588
ビ	樋	1288		501	
ビセン	微賎	1287		501	-17.4416
ビワセ	琵琶瀬	1293		501	-15.6727
ビキャク	美脚	1288		127	-13.3422
ビニボン	ビニ本	1288		393	-14.1552
ビアク		1285		308	-15.3026
ビデオソフト		1285		17	-12.9488
ビキ	美姫	1285		74	-15.5347
ビス	BIS	1288		294	-13.7101
ビッチリ	びっちり	1281		501	-17.6734
ビル		1291		414	-11.3204
ビテキ	美的	1285		307	-13.1549
ビッコ	跛	1285		392	-18.7236
ビザ		1285		455	-12.0431
ビショク	美食	1283		442	-12.5916
ビート		1300		412	-12.7145
ビビシカラ	美々しから	47		501	-17.0678
ビロク	微禄	1285		501	-18.6282
ビージェィ	bj	1289		372	-13.7079
ビージュウナナ	B-17	1288		413	-12.9677
ビョウチュウジュウガイ	病虫獣害	1285		501	-18.6282
ビッチョリ	びっちょり	1281		501	-15.9824
ビカンドウ	美観堂	1285	1298	17	-12.5888
ビョウチ	錨地	1285		410	-16.2829
ビビラ	びびら	780		501	-11.6379
ビョウソク	秒速	1285		259	-13.1667
ビデオ	video	1285		232	-17.8906
ビン	罎	1288		501	
ビョウキヲ	病気を	1283	156	17	-11.2036
ビンカン	敏感	1285		169	-13.8482
ビール	🍻	5		501	-21.5064
ビート	beat	1288		367	-13.6838
ビクビク		1281		501	-11.6555
ビュー		1281		431	-13.2219
ビネガー		1289		391	-13.3496
ビョウゲンキン	病原菌	1285		355	-13.3211
ビョウゲン	びょうげん	1285		501	-18.9467
ビバイ	美唄	1293		280	-12.8698
ビコツ	尾骨	1285		183	-15.1241
ビスダイン	visudyne	1285		501	-17.8906
ビル・エヴァンス		1289		196	-13.5960
ビチャビチャ	びちゃびちゃ	1281		501	-13.5094
ビンツリ	ビンつり	1285		501	-18.0304
ビンデン	便殿	1285		501	-18.6282
ビー		1281		203	-12.7333
ビリー		1291		25	-10.6884
ビルマ		1294		240	-10.0612
ビミソウ	美味そう	1287	1301	17	-11.8300
ビショウ	美称	1285		32	-14.3513
ビンワン	敏腕	1287		324	-14.9372
ビチッ	びちっ	1281		501	-17.6734
ビョウヘン	病変	1285		183	-12.3209
ビョウ	描	1288		501	
ビアクトウ	ビアク島	1288		53	-14.1568
ビユ	媚諛	1285		501	-18.6282
ビビリ	びびり	1285		501	-19.2344
ビリ	びり	1285		437	-14.2939
ビデオハンテイ	ビデオ判定	1288		211	-14.3725
ビックリバコ	びっくり箱	1288		54	-14.6086
ビーワン	B-1	1288		213	-13.0818
ビメ	姫	1285		74	-18.9467
ビレイ	美麗	1287		66	-12.4212
ビービーシー	bbc	1288		501	-17.5115
ビ	火	1285		60	-15.8607
ビキ	びき	1281		437	-17.9611
ビビシカッ	美びしかっ	50		501	-17.1259
ビービーエム	bbm	1285		501	-17.9351
ビツ	樒	1288		501	
ビーンズ		1289		274	-13.0599
ビョウ	兵	1288		501	
ビヲ	日を	1298	156	17	-11.2632
ビリー・ジョエル		1289		196	-13.2198
ビサイ	微細	1287		169	-11.4595
ビンス		1288		141	-13.9292
ビビー	びびー	1281		501	-17.0315
ビョウソウ	病竈	1285		501	-18.6282
ビービーシーニュース	BBCニュース	1288		27	-13.5910
ビタミンエー	ビタミンA	1288		100	-12.7596
ビエイ	美瑛	1293		385	-13.0542
ビガ	尾芽	1285		501	-18.6282
ビャクヤ	白夜	1285		112	-13.6054
ビーエスワン	BS1	1288		305	-12.9872
ビーシーエル	BCL	1288		27	-13.6006
ビグ・ザム		1288		190	-14.4644
ビロード		1285		242	-14.3764
ビャクシ	白芷	1285		501	-18.6282
ビョウドウインホウオウドウ	平等院鳳凰堂	1288		435	-14.6874
ビーエスディー	bsd	1285		501	-17.9351
ビッグデータ		1288		294	-13.0513
ビーツービー	B2B	1288		294	-13.7440
ビーオーディー	BOD	1288		23	-13.9492
ビキ	びき	1300		437	-11.8062
ビクロイ		1285		501	-14.0435
ビッグコミックオリジナル		1288		396	-14.3184
ビーシーリーグ	BCリーグ	1288		306	-13.5989
ビデオクリップ		1288		478	-13.6746
ビム		1289		501	-16.7429
ビョウキ	病木	1283		501	-18.0694
ビャクレン	白蓮	1291		128	-15.8115
ビョウショ	廟所	1285		404	-14.5236
ビニュウ	美乳	1288		22	-14.7304
ビジュアルイメージ		1285		152	-15.0755
ビショヌレ	びしょぬれ	1287		501	-18.0477
ビビ	ViVi	1289		324	-13.4766
ビクニ	比丘尼	1285		365	-14.4200
ビゲン	微減	1285		248	-14.3222
ビーエルケー	blk	1285		501	-17.9351
ビホウ	彌縫	1283		501	-18.0694
ビジネスプロセス		1288		294	-14.6066
ビュー	Vue	1288		77	-14.2760
ビョウク	病苦	1285		46	-15.5794
ビケロ	引けろ	623		379	-18.4225
ビタロ	浸ろ	778		460	-18.5469
ビヒン	備品	1285		414	-12.8024
ビョウサツ	秒殺	1283		501	-18.0694
ビマユ	美眉	1285		501	-18.6282
ビノム	vinum	1285		501	-17.8906
ビーエーエヌ	ban	1285		207	-17.9351
ビル	びる	1289		80	-12.9969
ビビエ	vivier	1289		501	-16.5710
ビーエススカパー	BSスカパー!	1288		305	-14.6472
ビオランテ		1288		415	-14.5108
ビーフレッツ	Bフレッツ	1288		118	-14.2894
ビン	鬢	1285		4	-15.0693
ビナ		1285		501	-18.1929
ビニ	毘尼	1285		501	-18.3181
ビン・ラーディン		1285		444	-14.4222
ビコウ	微行	1283		501	-16.3439
ビャクショウ	びゃくしょう	1285		501	-19.4167
ビャクダン	檀木	1285		501	-18.6282
ビーアール	BR	1288		226	-12.3542
ビハク	美白	1285		142	-18.6282
ビヨウケイ	美容系	1285	1298	17	-12.7727
ビーピーエス	BPS	1288		288	-14.7498
ビジネスエイゴ	ビジネス英語	1285		17	-12.7232
ビーエルイー	ble	1285		501	-17.9351
ビューロー	bureau	1285		501	-17.9351
ビフカチョウ	美深町	1293		309	-13.5275
ビキ	弾	1288		501	
ビーガタカンエン	B型肝炎	1288		192	-13.9229
ビーマニ	BEMANI	1288		24	-14.7215
ビョウウ	廟宇	1285		501	-18.4767
ビーサク	b作	1291		501	-16.5629
ビメ	比賣	1285		501	-19.2344
ビセン	鼻尖	1285		501	-18.6282
ビレイ	美齢	1291		501	-18.1724
ビクニハラ	比久尼原	1293		501	-17.7008
ビョウゴ	病後	1285		457	-18.6282
ビショヌレ	ビショ濡れ	1287		501	-16.8950
ビリュウ	微粒	1287		111	-17.5369
ビンゴ	備後	1293		464	-11.2966
ビールーニー		1289		352	-14.4403
ビワ	びわ	1293		93	-13.8979
ビビタル	微々たる	1315		43	-11.9593
ビーシーアール	bcr	1285		501	-17.9351
ビシャビシャ	びしゃびしゃ	1281		501	-14.1152
ビシ	菱	1285		4	-15.5875
ビーユーエヌ	bun	1285		501	-17.9351
ビートキヨシ	ビートきよし	1289		122	-16.3790
ビョウチュウ	病中	1314		501	-17.2034
ビセイ	備西	1293		501	-17.7008
ビエン	鼻煙	1285		501	-18.6282
ビーズ	bz	1288		461	-17.7693
ビ	備	1288		501	
ビスコース		1285		142	-15.7199
ビサイセン	尾西線	1288		162	-13.9341
ビクト	びくと	1281		247	-13.0125
ビーエムジー	bmg	1288		501	-17.6581
ビンヅメ	壜詰め	1285		501	-18.6282
ビンゼン	愍然	1285		501	-18.8289
ビーシーディー	BCD	1288		45	-13.5576
ビジネスジェット		1288		413	-14.0059
ビソウ	美想	1285		501	-18.6282
ビビリ	びびり	788		501	-11.6368
ビームライフル		1288		190	-13.1185
ビジョ	美女	1285		51	-11.3331
ビョウジョク	病蓐	1285		501	-18.1929
ビブン	∇	1288		501	-20.1667
ビョウボ	廟墓	1285		501	-18.6282
ビンツリ	瓶釣り	1285		501	-18.6282
ビクビクン	びくびくん	1281		501	-17.6734
ビンザサラマイ	びんざさら舞	1285		501	-19.2344
ビルバオ		1285		463	-13.5912
ビコツ	鼻骨	1285		337	-14.6447
ビコ	日子	1285		128	-19.2344
ビザンツテイコク	ビザンツ帝国	1288		359	-12.9536
ビャクレン	白僉	1285		501	-18.6282
ビ	比	1288		501	
ビッグスリー	ビッグ3	1289		334	-13.5422
ビタキ	びたき	1285		501	-19.6398
ビビアン		1291		25	-12.9647
ビカ	美化	1283		154	-12.1012
ビョウウチ	びょう打ち	1285		501	-18.9467
ビッ	備	1288		501	
ビドウ	鼻道	1285		501	-18.6282
ビマン	彌漫	1283		501	-18.0694
ビタ	びた	1281		501	-17.8069
ビンゴノ	備後	1293		464	-13.7966
ビシッ	びしっ	1281		501	-17.6734
ビ	靡	1288		501	
ビーナス	venus	1289		501	-16.6822
ビンソク	敏速	1287		211	-14.6224
ビーエムアイ	bmi	1285		92	-17.9351
ビーユー	Bu	1288		367	-14.8862
ビリン	彌綸	1283		501	-18.0694
ビキ		1285		501	-18.2535
ビョウヨミ	秒読み	1285		317	-14.2599
ビヨウ	微恙	1285		501	-18.6282
ビンカキ	鬢掻	1285		501	-18.6282
ビイ	びい	1281		437	-17.6734
ビビレ	びびれ	768		501	-11.6328
ビームス	BEAMS	1288		274	-14.5762
ビーシーエヌ	BCN	1288		232	-14.7730
ビョウ	錨	1288		501	
ビシャモンテン	毘沙門天	1285		32	-13.5997
ビテュニア		1285		273	-15.2641
ビルガイ	ビル街	1293		480	-13.0903
ビルト		1290		470	-13.6398
ビョウゾウ	病像	1285		501	-18.6282
ビッチュウノクニ	備中国	1288		464	-13.6928
ビンジョウシ	便乗し	1283	610	17	-11.3749
ビブラート		1288		132	-13.1188
ビーグルゴウ	ビーグル号	1288		210	-14.6999
ビョウ	藐	1288		501	
ビックリドンキー	びっくりドンキー	1288		92	-14.1176
ビッグイベント		1285		141	-14.5180
ビリー・ワイルダー		1289		179	-13.3847
ビギョク	美玉	1285		501	-17.7406
ビナヤ	毘奈耶	1285		501	-18.3181
ビー	bee	1285		352	-17.9351
ビュウケン	謬見	1285		501	-17.2195
ビョウシャ	病者	1285		243	-14.3465
ビマン	び漫	1283		501	-18.8426
ビサシ	庇	1285		284	-19.4167
ビミョウ	美妙	1287		57	-17.5369
ビリーヴ	believe	1289		121	-13.8050
ビルドアップ		1288		198	-13.4294
ビヨウ	備要	1285		501	-18.6282
ビースト		1289		26	-11.7774
ビョウ	緲	1288		501	
ビッグ		1287		203	-13.3874
ビザンティン		1288		359	-13.9112
ビー	🅱	1285		501	-24.7409
ビット	bit	1300		431	-10.3650
ビゼ		1285		501	-17.4594
ビヨンド	BEYOND	1289		302	-12.9137
ビビシカッ	美美しかっ	50		501	-17.1259
ビョウオウ	病翁	1291		501	-18.1724
ビチク	備蓄	1283		55	-11.7405
ビショウ	微少	1287		339	-17.5369
ビスタ		1285		203	-14.0342
ビッグマン		1288		198	-14.3132
ビーアイエス	bis	1288		213	-17.6581
ビカン	美観	1285		102	-12.9400
ビコウ	美校	1285		501	-18.6282
ビツ	びつ	1285		150	-19.9275
ビャクシ	辟支	1285		501	-18.3181
ビル・ラッセル		1289		62	-13.6983
ビワハヤヒデ		1288		245	-13.4813
ビックサイト		1288		501	-14.6869
ビスタサイズ		1288		139	-14.4592
ビリャ		1285		146	-15.0447
ビビシケレ	美々しけれ	40		501	-17.1216
ビーアイティー	bit	1285		431	-17.9351
ビョウリツケン	苗栗県	1288		117	-14.6890
ビリー・ジーン・キング		1289		7	-13.8470
ビーツ	Beats	1288		232	-14.2499
ビブンセキブン	微分積分	1288		501	-14.0810
ビイ	贔	1288		501	
ビンネン	愍念	1285		501	-18.6282
ビズ		1288		206	-13.6750
ビジネスヨウゴ	ビジネス用語	1288		501	-14.7515
ビッグマック		1288		163	-14.2093
ビーキャス	B-CAS	1288		118	-13.3060
ビオフェルミン		1288		501	-14.8028
ビルバオ		1293		463	-14.9282
ビラキ	開き	1285		258	-9.4501
ビウ	爲	1288		501	
ビコ		1289		460	-12.1858
ビーシー	BC	1288		9	-11.8569
ビーエスエーティー	bsat	1285		501	-17.9351
ビッチュウ	備中	1293		464	-11.1206
ビン	旻	1288		501	
ビリー	Billy	1289		151	-13.2838
ビョウ	猫	1288		501	
ビヨウセイケイ	美容整形	1288		192	-13.5922
ビン	緡	1288		501	
ビスマーク		1293		140	-13.5737
ビジネスジョウホウ	ビジネス情報	1285		17	-12.8412
ビャク	佰	1288		501	
ビューゲル		1285		426	-14.4894
ビャクライ	白癩	1285		501	-18.6282
ビエ	冷え	1285		155	-12.1033
ビケヨ	引けよ	624		379	-18.4223
ビヨンド	Beyond	1289		367	-12.5050
ビリアラソイ	びり争い	1285		501	-19.2344
ビーサン		1288		501	-14.4884
ビカン	微甘	1285		501	-18.6282
ビョウリカイボウ	病理解剖	1288		402	-14.3623
ビロウ	びろう	1285		501	-18.9467
ビス	bis	1289		213	-12.7177
ビックリシタ	びっくりした	1283	435	17	-9.9211
ビジュツカン	美術館	1285		229	-10.3017
ビュー	view	1289		5	-12.4090
ビジネスシ	ビジネス誌	1288		501	-14.5235
ビョウインデ	病院で	1285	149	17	-10.4127
ビジネス	business	1285		453	-17.9351
ビールカケ	ビールかけ	1288		316	-14.6303
ビュッビュッ	びゅっびゅっ	1281		501	-17.0315
ビクター		1292		353	-10.6102
ビジャレアル		1285		348	-13.7020
ビビシカッ	美々しかっ	50		501	-17.1259
ビャクゴウ	白毫	1285		297	-16.0128
ビーエムジージャパン	BMG JAPAN	1288		353	-14.6676
ビョウシ	拍子	1285		458	-13.3007
ビーエスアサヒ	BS朝日	1288		305	-13.0134
ビキ	曳	1288		501	
ビハインド		1288		211	-12.6135
ビロク	美禄	1285		501	-18.6282
ビーエーイー	bae	1285		501	-17.9351
ビシ		1285		501	-18.2535
ビョウブガウラ	屏風ヶ浦	1293		120	-17.7008
ビン	敏	1287		128	-17.5369
ビオン	鼻音	1285		327	-13.3932
ビバシャナ	毘婆舎那	1285		501	-18.3181
ビレン		1285		501	-15.4277
ビンテツ	敏哲	1291		501	-18.1724
ビーチバレー		1285		362	-14.2987
ビビット	ビビッと	1281		501	-13.0642
ビビシキ	美々しき	44		501	-17.0679
ビキニ		1285		295	-13.3355
ビコウ	微香	1285		501	-16.7329
ビチュウ	尾虫	1285		501	-18.6282
ビョウケイ	病型	1285		501	-18.6282
ビョウテキナ	病的な	1288		192	-13.1951
ビナ	びな	1285		437	-19.4167
ビタイ	額	1285		286	-19.4167
ビト	1	1295		361	-17.4645
ビョウブ	屛風	1285		501	-18.6282
ビハ	日は	1298	261	17	-11.3766
ビ	殍	1288		501	
ビューレン	buren	1289		501	-16.8074
ビョウキ	病氣	1283		501	-18.0694
ビンザサラマイ	編木舞	1285		501	-18.7236
ビンシュ	敏朱	1289		501	-17.9060
ビキ	引	1288		501	
ビリアラソイ	ビリ争い	1285		501	-18.0817
ビョウドウイン	平等院	1292		404	-12.2577
ビーエスニッテレ	BS日テレ	1288		305	-14.4397
ビーエスホウソウ	BS放送	1288		501	-13.5259
ビキ	挽き	1285		487	-15.2398
ビシーッ	びしーっ	1281		501	-17.6734
ビヤ		1285		448	-14.8721
ビショウジョ	美少女	1285		51	-11.3809
ビョウマ	病魔	1285		46	-14.2156
ビホロチョウ	美幌町	1293		82	-13.7032
ビョウ	鋲	1285		284	-13.8743
ビエンチャン		1293		400	-13.9791
ビトゥウィン	between	1288		121	-13.2733
ビックマック		1288		501	-14.6514
ビショウ	微小	1287		169	-11.9405
ビリッカス	びりっかす	1285		501	-19.2344
ビンウ	敏雨	1291		501	-18.1724
ビミ	美味	1287		75	-10.3027
ビジネス		1285		378	-9.0326
ビンセント		1290		149	-13.7391
ビダン	尾断	1285		501	-18.6282
ビニールブクロ	ビニール袋	1288		270	-11.9554
ビョウゴ	秒後	1300	1305	17	-12.4959
ビトウ	尾藤	1290		439	-14.1508
ビウ	眉宇	1285		501	-17.9816
ビーチパラソル	🏖	1285		501	-24.5522
ビョーク		1289		196	-13.2172
ビジュアルデザイン		1288		96	-14.7361
ビメイ	美名	1285		495	-15.2246
ビザ	VISA	1288		118	-12.6419
ビョウア	病痾	1285		501	-18.6282
ビッシリ		1281		501	-13.7644
ビンリョウ	敏両	1291		501	-18.1724
ビワクセイ	微惑星	1288		466	-14.4090
ビジコン		1288		139	-14.4588
ビュクン	びゅくん	1281		501	-17.4704
ビミー		1289		501	-15.3411
ビンチョウ	備長	1285		501	-18.6282
ビーツー	B-2	1288		501	-12.3387
ビートマニア		1288		177	-14.9224
ビューティフル	beautiful	1287		367	-16.7040
ビルド		1285		431	-14.1021
ビーチ		1285		347	-11.7040
ビービーダン	BB弾	1289		95	-12.8719
ビトク	美徳	1285		252	-12.5575
ビミョウナ	微妙な	1287	454	17	-10.2725
ビラメ	平目	1285		29	-19.0802
ビューア		1285		77	-14.9462
ビーアール	br	1288		226	-13.8575
ビリン	美林	1285		385	-18.6282
ビ	眉	1288		501	
ビルナイ	ビル内	1285	1298	17	-13.2552
ビーダマ	ビーだま	1285		501	-18.0304
ビックリマンチョコ		1288		501	-14.9692
ビスカスカップリング		1288		95	-14.8988
ビーワン	B1	1288		501	-11.5112
ビメ	日女	1285		392	-19.2344
ビタミンビー	ビタミンB	1288		100	-13.3646
ビショウカン	微小管	1288		355	-13.0416
ビホウ	弥縫	1283		501	-18.0694
ビシャ		1289		501	-15.1161
ビャクレン	白蘞	1285		501	-18.6282
ビースト	Beast	1289		367	-13.3756
ビンラディン		1288		216	-14.9997
ビショウ	微傷	1285		501	-17.5057
ビュウ	びゅう	1288		118	-18.2046
ビビ	びび	776		501	-11.6350
ビスタ	Vista	1289		77	-12.8769
ビョウチク	病畜	1285		501	-18.6282
ビラキ	開き	1298		258	-9.4501
ビョウチョウ	病鳥	1285		501	-18.6282
ビシャモン	毘沙門	1288		404	-18.5231
ビーオー	BO	1288		9	-13.1373
ビ	肥	1288		501	
ビービーエイチツー	BBH2	1288		283	-14.9821
ビョウセイ	病勢	1285		192	-15.9336
ビックリシマシ	びっくりしまし	1283	501	17	-10.8662
ビョーキ		1288		501	-14.9557
ビタミンイー	ビタミンE	1288		100	-13.2437
ビョウボ	病母	1285		501	-18.6282
ビビシュウ	美々しゅう	49		501	-17.0678
ビョウインニ	病院に	1285	151	17	-10.2053
ビリビリ		1281		244	-12.2496
ビルシャナ	毘盧遮那	1288		501	-18.5231
ビープ	Beep	1288		396	-14.8849
ビシッ		1281		501	-14.0843
ビューティ		1288		203	-13.8512
ビョウシ	廟祀	1285		501	-18.6282
ビカン	微官	1285		501	-18.6282
ビートゥーシー	B2C	1288		501	-14.4605
ビカンチク	美観地区	1288		18	-13.3990
ビョウカン	病間	1285		501	-18.6282
ビジク	糜竺	1289		440	-14.4303
ビビラ	ビビら	780		113	-10.4451
ビックバン		1288		501	-14.8317
ビョウギ	廟議	1285		501	-16.7635
ビーディー	B.D.	1289		21	-13.7731
ビートマニア	beatmania	1288		24	-13.6912
ビタオシ	びた押し	1285		501	-19.2344
ビケシ	火消し	1285		74	-16.7980
ビートルズ	Beatles	1289		367	-12.9990
ビュウ	びゅう	1285		118	-14.6711
ビーセグメント	Bセグメント	1288		501	-14.8035
ビシオ	醬	1288		501	
ビクツク	ビクつく	695		501	-13.5784
ビオトープ		1289		102	-12.5341
ビシリッ	びしりっ	1281		501	-17.6734
ビキニカンショウ	ビキニ環礁	1288		173	-14.2650
ビサイコウゾウ	微細構造	1288		339	-14.1296
ビ	傍	1288		501	
ビタル	びたる	772		501	-18.4236
ビカエ	控	1285		395	-19.4167
ビレ	びれ	1298		333	-12.4912
ビョウインイッ	病院行っ	1285	704	17	-11.1503
ビンサツ	憫察	1283		501	-18.0694
ビスケーワン	ビスケー湾	1288		432	-14.1505
ビ	桧	1288		501	
ビージーエム	bgm	1285		501	-17.9351
ビンタ	びんた	1285		80	-15.8101
ビケリャ	引けりゃ	618		379	-18.4036
ビジョギ	美女木	1293		450	-14.0424
ビーピーアール	BPR	1288		115	-14.7349
ビル	毘盧	1289		114	-17.9060
ビョウブ	屏風	1285		312	-12.7863
ビジュアルノベル		1288		296	-14.0624
ビタン	びたん	1285		501	-15.2362
ビンヅメ	罎詰め	1285		501	-18.6282
ビ	郿	1293		501	-17.7008
ビューヒナー		1288		210	-14.6676
ビュウセツ	謬説	1285		501	-18.6282
ビョウシュツ	描出	1283		183	-14.4936
ビザンツ		1288		359	-13.3354
ビジュツカ	美術科	1288		187	-13.7852
ビョルクマン		1289		501	-15.1847
ビテン	美典	1291		501	-18.1724
ビャクジュツ	白朮	1288		93	-15.1825
ビジュ	びじゅ	1281		331	-14.7775
ビービーシーコウキョウガクダン	BBC交響楽団	1288		98	-14.8538
ビックスモールン		1289		122	-20.1230
ビジリ	美尻	1285		501	-18.6282
ビタミン		1285		257	-11.8520
ビビシク	美美しく	51		501	-17.2313
ビーエステレトウ	BSテレ東	1288		501	-13.2660
ビージェイ	BJ	1288		203	-14.6441
ビョウエイ	苗裔	1285		10	-15.5581
ビーエムブイジー	bmvg	1285		501	-17.9351
ビツ		1285		501	-18.2535
ビビシカロ	美びしかろ	46		501	-17.0678
ビリケツ	びりけつ	1285		501	-19.2344
ビッグウェーブ		1288		205	-14.1722
ビミョー	ビミョ~	1287		501	-16.8950
ビンスウ	便数	1285		109	-13.2261
ビイ		1285		501	-17.8481
ビンヅメ	びんづめ	1285		501	-18.9467
ビーエフ	BF	1288		9	-12.4072
ビーエスディーライセンス	BSDライセンス	1288		77	-14.1894
ビニュウ	美乳	1285		22	-18.6282
ビージーエム	BGM	1288		478	-9.8919
ビジュツテチョウ	美術手帖	1288		396	-14.8602
ビサイコウゾウテイスウ	微細構造定数	1288		447	-14.8595
ビャッコ	白狐	1285		74	-15.1395
ビョウボ	廟謨	1285		501	-18.6282
ビン	便	1285		109	-10.7803
ビトリ	美トリ	1288		501	-14.4498
ビリオネアボーイズクラブ	BBC	1288		27	-11.2851
ビロウド	びろうど	1285		501	-18.5412
ビシン	鼻唇	1285		501	-18.6282
ビョウキ	びょう気	1283		501	-18.8426
ビキ	びき	1285		437	-19.9275
ビスケット		1285		75	-12.3941
ビクッ	びくっ	1281		501	-17.6734
ビタリ	浸り	788		460	-18.5506
ビタラ	浸ら	780		460	-18.5517
ビールヲ	ビールを	1285	156	17	-11.0198
ビン	秤	1288		501	
ビク	魚篭	1285		501	-18.7236
ビンナガ	びんなが	1285		501	-18.9467
ビリュウシ	微粒子	1285		339	-12.9802
ビエイ	美英	1288		501	-18.5231
ビョウレイ	病例	1285		501	-18.6282
ビョウソウ	病僧	1285		501	-18.6282
ビーアールティー	BRT	1288		280	-12.9833
ビデオドウガ	ビデオ動画	1285		17	-12.9017
ビーフステーキ		1285		93	-15.4639
ビン	貧	1288		501	
ビクリッ	びくりっ	1281		501	-17.6734
ビイケイ	B系	1288		426	-14.9334
ビトリア		1288		34	-14.1103
ビジンサン	美人さん	1285	1302	17	-11.3758
ビョウドウ	廟堂	1285		238	-15.0272
ビ	陽	1314		58	-17.6089
ビッグコミックス		1288		136	-13.0669
ビケル	引ける	619		379	-14.1272
ビタリ	びたり	1281		501	-17.6734
ビーイングケイ	ビーイング系	1288		353	-14.6106
ビュ		1285		501	-16.8579
ビブン	∂	1288		501	-19.6667
ビックラ	びっくら	1283		501	-18.6884
ビーフォー	B4	1288		213	-12.7989
ビジターセンター		1293		480	-12.5075
ビヨウクリニック	美容クリニック	1285		17	-13.0910
ビコウラン	備考欄	1285		17	-13.2289
ビール	麦酒	1285		281	-13.7707
ビョウシャ	病舎	1285		402	-16.6366
ビョウカン	病患	1285		501	-19.2344
ビーチャム		1289		255	-13.2969
ビブンケイスウ	微分係数	1288		447	-14.4300
ビデオリサーチシャ	ビデオリサーチ社	1288		248	-14.2361
ビーオーディー	bod	1285		352	-17.9351
ビビ	bebe	1289		501	-13.1347
ビーアイエヌエーピー	binap	1285		501	-17.9351
ビートタケシ	ビートたけし	1289		409	-11.0857
ビームス		1292		274	-13.4284
ビミョー	びみょ~	1287		501	-17.6422
ビクトリヤ	びくとりや	1289		501	-17.7237
ビメ	毘売	1285		128	-19.2344
ビータン	ビー誕	1285		501	-18.0304
ビラ		1289		490	-16.6822
ビビシ	美々し	39		501	-17.1718
ビョウザ	並座	1283		501	-18.0694
ビョウチキュウ	秒地球	1300	1285	17	-12.9308
ビボウ	美貌	1285		127	-12.5246
ビデオ・オン・デマンド		1288		363	-14.7854
ビカ	鼻下	1285		501	-18.6282
ビッグサイト		1288		39	-14.1426
ビルトイン		1288		139	-14.3236
ビジュツカ	美術家	1285		84	-13.0320
ビミョウ	美妙	1291		57	-17.0738
ビハインド	behind	1285		461	-17.9351
ビンメイ	便名	1288		118	-14.0506
ビテン	美点	1285		307	-13.8743
ビゲン	美言	1285		501	-18.6282
ビビ		1285		462	-14.1276
ビュクンッ	びゅくんっ	1281		501	-17.6734
ビタ	びた	1285		501	-19.2344
ビンロウ	檳榔	1285		4	-18.5222
ビッキッパ	びっきっぱ	1285		501	-19.2344
ビシャク	柄杓	1285		4	-16.8784
ビラーン	びらーん	1281		501	-17.6734
ビヒャアッ	びひゃあっ	1281		501	-17.6734
ビ	鞴	1288		501	
ビリビリッ	びりびりっ	1281		501	-17.6734
ビニールテープ		1288		256	-14.5566
ビーダブリュアール	BWR	1288		384	-14.5957
ビーエムジーファンハウス	BMGファンハウス	1288		353	-14.8790
ビスコ		1292		105	-12.6882
ビキ	彈	1288		501	
ビーイーティーエイチエスワイ	bethsy	1285		501	-17.9351
ビクターオンガクサンギョウ	ビクター音楽産業	1288		353	-13.6143
ビデオデッキ		1285		139	-13.5319
ビョウショウスウ	病床数	1285	1298	17	-13.5469
ビショウジョズカン	美少女図鑑	1288		409	-14.8411
ビョウ	廟	1285		435	-12.2375
ビナ	毘那	1285		501	-18.3181
ビンズイ	びんずい	1285		501	-18.9467
ビシ	びし	1285		99	-13.5728
ビョウカ	病家	1285		501	-18.6282
ビーダブリューシー	bwc	1285		501	-17.9351
ビーオーピー	bop	1285		501	-17.9351
ビーピーエー	BPA	1288		107	-14.7187
ビヨウブイン	美容部員	1288		501	-13.9859
ビソク	尾側	1285		501	-18.6282
ビツクリ	びつくり	1283		501	-18.6884
ビカエ	扣	1285		501	-19.2344
ビョウケツ	病欠	1283		46	-14.0753
ビヨク	鼻翼	1285		501	-16.2010
ビョウショウ	病象	1285		501	-18.6282
ビーエス	bs	1285		221	-17.7303
ビビシカラ	びびしから	47		501	-17.0678
ビコウ	媚香	1285		501	-18.6282
ビガンキ	美顔器	1288		501	-14.5208
ビットコイン	₿	1288		501	-20.0000
ビョウノウ	病惱	1285		501	-18.6282
ビルモア	billmore	1288		501	-17.6581
ビジネスショ	ビジネス書	1288		393	-11.5309
ビッカース		1285		413	-14.7765
ビクウ	鼻腔	1285		183	-16.5437
ビョウキザミ	秒刻み	1285		501	-18.6282
ビンボウニン	貧乏人	1285		17	-12.7743
ビケン	美研	1288		501	-18.1515
ビコウ	鼻腔	1285		183	-13.2104
ビクトリーズ		1285		141	-15.1602
ビエン	美演	1285		501	-18.6282
ビックリミズ	びっくり水	1285		501	-19.2344
ビタ		1285		283	-18.0304
ビヨウイン	美容院	1288		290	-11.3756
ビーエス	Bs	1288		113	-14.9916
ビキ	引き	1285		60	-11.7275
ビアンカ	美@nca	1288		501	-18.5231
ビクトリア		1289		347	-12.2586
ビンベン	黽勉	1285		501	-18.6282
ビーエスエー	BSA	1288		181	-14.4313
ビジネスデ	ビジネスで	1285	149	17	-11.3903
ビールジョッキ		1288		256	-14.5791
ビデオカメラ		1285		139	-12.9212
ビョウセン	描線	1285		307	-18.6282
ビコ	彦	1290		128	-18.5011
ビデオリサーチ		1292		248	-11.1141
ビイドロ	びいどろ	1285		501	-18.5412
ビクトリア		1293		347	-13.2982
ビルシャナ	毘盧舎那	1288		501	-18.5231
ビアッジ		1285		225	-15.1518
ビキョウ	美境	1285		501	-18.6282
ビギン	BEGIN	1289		67	-13.4183
ビミョ〜	びみょ〜	1287		501	-17.6422
ビ	弭	1288		501	
ビリビリ	びりびり	1281		501	-13.8995
ビンツケ	鬢つけ	1285		501	-18.6282
ビバリ	美波里	1291		122	-14.7630
ビッシュ	BiSH	1289		22	-12.5008
ビョウブ	びょうぶ	1285		256	-18.9467
ビセ	備瀬	1293		501	-15.5926
ビサク	備作	1293		501	-17.7008
ビサシ	裳層	1285		501	-19.4167
ビーン	bean	1285		207	-17.8481
ビソ	鼻疽	1285		501	-18.6282
ビョウエン	病猿	1285		501	-18.6282
ビックリシマシタ	びっくりしました	1283	435	17	-10.8741
ビ	美	1285		307	-10.4713
ビケシ	火消	1285		108	-17.8968
ビヤ	火矢	1285		60	-19.0802
ビハダ	美肌	1285		460	-12.5660
ビギョ	備御	1285		501	-18.6282
ビンヅメ	びん詰	1285		501	-18.9467
ビジャク	微弱	1287		169	-12.5336
ビリョウゲンソ	微量元素	1288		501	-14.4765
ビーティー		1289		230	-13.0549
ビバエ	美映え	1283		501	-18.0694
ビアンキ		1292		421	-13.3996
ビンビン	びんびん	1287		501	-18.0477
ビンジョウ	便乘	1283		501	-18.0694
ビージェィ	BJ	1289		203	-12.7641
ビジュツイン	美術院	1288		406	-13.9257
ビーナス		1285		203	-14.0444
ビサイカ	微細化	1288		501	-14.0133
ビメ	比売	1285		501	-19.2344
ビーピー	bp	1285		221	-17.7680
ビジネス	びじねす	1285		501	-18.5412
ビャッキュウ	白芨	1285		501	-18.6282
ビッグバン	BIGBANG	1289		67	-13.6592
ビビシキャ	美びしきゃ	42		501	-17.0678
ビートルズ		1292		196	-9.3843
ビン	閔	1290		58	-17.7354
ビリョウ	鼻療	1288		501	-18.5231
ビョウウチ	鋲打ち	1285		501	-18.6282
ビキン	備金	1285		501	-18.6282
ビワコ	びわ湖	1293		81	-12.9327
ビイキ	びいき	1298		56	-13.1104
ビョウシキ	病識	1285		247	-18.6282
ビョウヘキ	病癖	1285		501	-17.8906
ビーオー	bo	1288		493	-13.7637
ビョウインガワ	病院側	1285	1298	17	-13.0284
ビッチュウマツヤマハン	備中松山藩	1288		108	-14.1380
ビックリダ	びっくりだ	1283	453	17	-11.1826
ビールカタテ	ビール片手	1285		17	-13.3494
ビジネススクール		1288		314	-12.4186
ビウエラ		1288		0	-14.7503
ビター		1287		203	-12.1982
ビョウタン	瓢簞	1285		501	-18.9467
ビビシカラ	美びしから	47		501	-17.0678
ビッツ		1288		448	-14.8305
ビヤ	びや	1285		437	-13.4040
ビコウ	「微」香	1285		501	-18.3181
ビョウゾウ	描像	1285		65	-18.6282
ビックカメラ		1292		35	-11.4518
ビャクレン	白蓮	1285		128	-14.7731
ビソウ	美僧	1285		501	-18.6282
ビョウ	杪	1288		501	
ビミョウ	微妙	1287		169	-8.9004
ビリ		1288		149	-12.6743
ビイビイ	びいびい	1281		501	-17.4704
ビオ		1288		65	-14.6462
ビョウリ	病理	1285		239	-12.0535
ビーメン	B面	1288		478	-11.7547
ビュート		1293		138	-15.7549
ビージェーリーグ	bjリーグ	1288		372	-12.8270
ビロードカクメイ	ビロード革命	1288		298	-14.7914
ビホク	備北	1293		82	-13.7592
ビックリガオ	びっくり顔	1285		501	-19.2344
ビョウ	苗	1288		501	
ビリョク	微力	1287		495	-11.6349
ビッショリ	びっしょり	1281		501	-13.2830
ビンディング		1285		64	-14.1871
ビィキュウグルメ	B級グルメ	1288		228	-13.3205
ビチョビチョ	びちょびちょ	1281		501	-14.0085
ビーピーエム	bpm	1288		221	-14.6252
ビビンバ		1285		75	-13.6367
ビルボード		1288		318	-11.8312
ビー	be	1285		121	-17.8073
ビワシマ	琵琶島	1290		501	-17.7354
ビシュウ	備州	1293		501	-17.7008
ビジネスガイ	ビジネス街	1288		480	-13.5339
ビレイ	美麗	1285		66	-14.2563
ビャク	擘	1288		501	
ビワ	琵琶	1285		312	-12.9323
ビーハイブ	BEE-HIVE	1288		501	-14.8921
ビ	披	1288		501	
ビイナス	びいなす	1289		501	-17.9060
ビセツ	尾節	1288		501	-14.1194
ビョウビョウ	びょうびょう	1281		501	-17.6734
ビッケ		1289		501	-13.4978
ビジネスマナー		1288		419	-13.9989
ビキ	引き	1298		60	-10.2919
ビトウ	微糖	1285		501	-18.6282
ビシャ	飛車	1285		137	-14.7612
ビナン	美男	1285		127	-13.1118
ビョウショウ	病床	1285		46	-12.1204
ビーエスエス	bss	1285		501	-17.9351
ビギン	begin	1289		226	-11.7350
ビミスギ	美味すぎ	1287	1298	17	-13.3009
ビョウギュウ	病牛	1285		501	-18.6282
ビーエムビー	BMB	1288		374	-14.5337
ビッシリ	びっしり	1281		60	-11.7984
ビラ		1285		490	-12.3774
ビターチョコレート		1288		501	-14.7344
ビョウフ	病父	1285		501	-18.6282
ビスイ	美水	1285		501	-18.6282
ビシャリ	毘舎離	1293		501	-17.7008
ビボウ	美ぼう	1285		501	-18.6282
ビョウシ	病死	1283		46	-11.1265
ビンカン	敏感	1287		169	-10.0002
ビョウデ	秒で	1288		501	-12.5370
ビジネスジョウ	ビジネス上	1285	1305	17	-13.4505
ビンゼン	憫然	1285		501	-18.3181
ビガク	美学	1285		88	-11.9366
ビホウ	美鳳	1290		501	-17.7354
ビーエスイー	BSE	1288		257	-13.7427
ビク	びく	1282		437	-11.4748
ビスマルク		1290		446	-10.1290
ビタイ	びたい	1285		501	-15.1389
ビタッ	びたっ	1281		501	-17.6734
ビデオテックス		1288		20	-14.8595
ビータン	B反	1288		501	-14.1327
ビシュウ	湄州	1293		501	-17.7008
ビ	魚	1288		501	
ビョウキデ	病気で	1283	149	17	-11.1766
ビコ	彦	1285		128	-18.5011
ビレン	尾聯	1285		501	-18.6282
ビハールシュウ	ビハール州	1288		400	-14.5580
ビジュツショウ	美術商	1288		84	-14.2402
ビヒン	美品	1285	1298	17	-13.3151
ビョウチク	猫竹	1285		501	-18.6282
ビョウ	弸	1288		501	
ビショウ	微笑	1283		389	-12.5539
ビセイ	美星	1293		489	-14.0999
ビ	日	1298		380	-7.8834
ビマン	瀰漫	1283		501	-16.3887
ビンビール	瓶ビール	1285		501	-14.4087
ビールコウボ	ビール酵母	1288		391	-14.5212
ビカツブ	美活部	1298		17	-13.1019
ビークル		1285		64	-13.7922
ビーズ	B'z	1289		478	-10.5883
ビジク	麋竺	1289		501	-17.9060
ビョウドウニ	平等に	1287	329	17	-11.3161
ビニル		1288		405	-14.2221
ビ	貔	1288		501	
ビソ	鼻祖	1285		307	-16.7635
ビーエスプレミアム	BSプレミアム	1288		305	-13.5357
ビエ	びえ	1285		501	-18.9467
ビキ	碾き	1285		75	-19.0802
ビビレ	ビビれ	768		113	-10.4400
ビビビ	びびび	1281		501	-15.0433
ビョウシン	秒針	1285		95	-13.9877
ビワコオオハシ	琵琶湖大橋	1288		450	-14.9865
ビョウウチ	鋲打	1285		501	-18.6282
ビンボウガミ	貧乏神	1285		389	-14.4708
ビッコ	びっこ	1285		398	-19.2344
ビキャク	美脚	1285		127	-18.6282
ビオン	美音	1285		223	-15.7041
ビゼンノクニ	備前国	1288		464	-12.9016
ビュザンティオン		1285		359	-15.0755
ビョウミン	苗民	1285		501	-18.6282
ビーチボーイズ		1288		196	-14.9501
ビジャレアルクルブデフトボル	ビジャレアルCF	1288		348	-14.0746
ビックリ	吃驚	1283		418	-13.8447
ビジョン		1285		363	-10.6986
ビチョヌレ	びちょ濡れ	1287		501	-18.0477
ビョウリイ	病理医	1285	1298	17	-12.5850
ビョウシン	病身	1285		369	-14.1625
ビフテキ		1285		93	-15.3660
ビョウショウ	病証	1285		501	-18.6282
ビョウボウ	眇茫	1285		501	-18.8289
ビョウガ	病臥	1283		46	-14.5874
ビシヨヌレ	びしよ濡れ	1287		501	-18.0477
ビブン	微分	1283		447	-11.6432
ビコウ	美猴	1289		501	-17.9060
ビンショウセイ	敏捷性	1288		351	-14.3479
ビーエル	BL	1288		296	-10.8560
ビビッ	ビビっ	1281		501	-16.9196
ビーグル		1292		230	-12.9077
ビュウッ	びゅうっ	1281		501	-17.6734
ビジネスニ	ビジネスに	1285	151	17	-11.1910
ビョウ	病	1298		46	-9.6225
ビーエスジャパン	BSジャパン	1288		305	-13.1565
ビジネスチャンス		1285		79	-13.2147
ビチョヌレ	びちょぬれ	1287		501	-18.0477
ビーエイチシーエヌ	bhcn	1285		501	-17.9351
ビカラ		1285		501	-14.5606
ビルワ	美留和	1293		501	-15.7549
ビビッ	びびっ	786		501	-11.5033
ビコウ	鼻孔	1285		333	-13.8709
ビダツ	敏達	1289		501	-17.9060
ビューティフル		1288		203	-13.9369
ビジネスジャンプ		1288		396	-14.6111
ビメ	毘賣	1285		501	-19.2344
ビギニング	Beginning	1288		302	-14.9821
ビッグマッチ		1288		141	-13.7034
ビュウプラザ	びゅうプラザ	1288		414	-14.6364
ビービー	bb	1288		493	-14.6509
ビダ	日だ	1298	453	17	-11.0796
ビショウネン	美少年	1285		51	-12.6399
ビーペル	BPEL	1288		77	-14.5913
ビ	檜	1288		501	
ビュー	VIEW	1289		40	-13.5939
ビ	糒	1288		501	
ビシーッ	ビシーっ	1281		501	-16.9196
ビョウシツ	病室	1285		290	-12.1854
ビンヅメ	ビン詰め	1285		501	-18.0304
ビセツ	尾節	1285		501	-18.6282
ビーダブリューブイ	bwv	1285		501	-17.9351
ビキャク	飛脚	1285		311	-18.9467
ビブンカノウ	微分可能	1288		447	-14.5942
ビヨウ	薇陽	1291		501	-17.0738
ビル	🏢	5		501	-22.5129
ビビル	びびる	772		501	-11.5098
ビチ	びち	1281		501	-18.1434
ビーエスニッテレ	BS日テレ	1292		305	-12.0781
ビャクドウ	白道	1289		342	-17.9060
ビゼンシ	備前市	1293		82	-13.2319
ビス		1289		83	-17.9060
ビタミンシー	ビタミンC	1288		405	-11.7411
ビミョウソウ	微妙そう	1287	1301	17	-13.2915
ビリーフ	belief	1285		461	-17.9351
ビュットショーモン	ビュット=ショーモン	1293		501	-16.6022
ビーイング	being	1288		121	-12.4522
ビ	糜	1290		128	-17.7354
ビーエムピー	bmp	1285		501	-17.9351
ビーエスイー	bse	1285		501	-17.9351
ビョウセン	描線	1288		307	-13.9102
ビョウタン	瓠子	1285		501	-18.9467
ビックリシタ	ビックリした	1283	435	17	-10.9255
ビョウメイ	病名	1285		192	-12.5540
ビギナーズ		1288		302	-14.4906
ビジュツブ	美術部	1285	1298	17	-12.3748
ビ	碑	1288		501	
ビート		1285		412	-12.0424
ビンリン	旼林	1289		501	-17.9060
ビャクイ	白衣	1285		295	-18.9467
ビーシー	b.c.	1285		501	-17.9816
ビビリャ	ビビりゃ	770		113	-10.4399
ビコウ	備荒	1285		275	-16.2987
ビョウ	眇	1287		501	-21.3330
ビーエムダブリューザウバー	BMWザウバー	1288		421	-14.7332
ビンビサーラ		1288		222	-14.7332
ビデ		1288		270	-14.3545
ビビシク	美びしく	51		501	-17.2313
ビンブ	抃舞	1285		501	-18.6282
ビーコ	B子	1289		49	-12.8811
ビフウ	微風	1285		112	-14.7863
ビョウインセン	病院船	1288		343	-13.7734
ビーシーキュウセンパン	BC級戦犯	1288		444	-14.4250
ビキ	愎	1288		501	
ビコウ	備考	1285		59	-11.6812
ビコ	びこ	1285		501	-19.9275
ビュー	view	1285		5	-17.9351
ビトウ	尾灯	1285		284	-13.1071
ビフウ	美風	1285		186	-15.2851
ビョウチョウ	病徴	1285		501	-18.6282
ビョウネツ	病熱	1285		501	-18.6282
ビレゾン	微レ存	1288		501	-14.7237
ビーチボール		1288		256	-14.6472
ビリ		1285		149	-18.0817
ビワコマイニチマラソン	びわ湖毎日マラソン	1288		7	-14.9901
ビザスク		1285		501	-15.3104
ビャクエ	白衣	1285		295	-16.9748
ビビル	ビビる	772		113	-10.3171
ビーエル	bl	1285		226	-17.9351
ビックリシテ	びっくりして	1283	307	17	-10.7761
ビセイ	微誠	1285		501	-18.6282
ビセン	微賤	1287		501	-17.4416
ビンメイ	便名	1285		118	-18.6282
ビゼンノカミ	備前守	1289		148	-12.8795
ビーダマ	ビー球	1285		501	-18.0304
ビブンケイシキ	微分形式	1288		447	-13.9412
ビショヌレ	びしょ濡れ	1285		418	-13.8641
ビタル	浸る	772		460	-13.8367
ビバルディ		1289		501	-15.3319
ビョウリケンサ	病理検査	1288		257	-14.6842
ビイン	鼻咽	1285		501	-18.6282
ビジネスホン	ビジネス本	1285		17	-13.3199
ビシ	微志	1285		501	-18.6282
ビャク	甓	1288		501	
ビッグローブ	biglobe	1288		501	-17.6581
ビツシヨリ	びつしより	1281		501	-17.6734
ビーガタ	B型	1289		14	-9.9452
ビタキ	鶲	1285		501	-19.0802
ビヨウイン	美容院	1285	1298	17	-13.3104
ビジュツヒン	美術品	1285	1298	17	-12.0935
ビタン	尾端	1285		333	-15.1003
ビリヤード		1285		362	-12.9513
ビリョウ	微量	1287		405	-17.3546
ビージーピー	BGP	1288		77	-14.4313
ビルグン	ビル群	1285	1298	17	-13.1911
ビケヨ	引けよ	621		379	-18.4255
ビョウショウ	屏障	1285		501	-18.6282
ビーアールアイ	bri	1285		501	-17.9351
ビュンビュン	びゅんびゅん	1281		501	-14.6336
ビーディー	bd	1285		501	-17.9351
ビョウ	渺	1285		501	-18.8289
ビア		1285		203	-17.4371
ビットコイン		1288		431	-11.7307
ビョウ	鰾	1288		501	
ビッグ	big	1287		121	-16.7040
ビジョウ	眉娘	1289		501	-17.9060
ビナ	雛	1285		499	-18.9467
ビューロー		1285		98	-13.9595
ビデン	美田	1285		114	-15.7950
ビジュアルアーツ		1292		274	-12.8398
ビコウ	尾行	1283		161	-12.9608
ビガン	美顔	1285		460	-14.8309
ビフクモンイン	美福門院	1289		369	-12.7276
ビョウ	びょう	1298		99	-18.5163
ビガッ	美学	1285		88	-15.2700
ビジュアルスタジオコード	Visual Studio Code	1288		501	-14.7293
ビシィッ	ビシィっ	1281		501	-16.9196
ビジュツカントク	美術監督	1289		179	-12.4115
ビーフォー	b4	1288		226	-13.5373
ビイッ	びいっ	1281		501	-17.6734
ビソ	檜曽	1285		501	-18.2535
ビョウガ	描画	1283		431	-11.5980
ビョウ	瓢	1288		501	
ビンショウ	敏捷	1287		127	-13.4706
ビ	微	1285		174	-10.0738
ビンコウ	閩江	1293		410	-17.7008
ビンボウ	びんぼう	1283		501	-18.2364
ビクトリア	Victoria	1289		107	-13.0484
ビトク	美德	1285		501	-18.6282
ビヨウヒフカ	美容皮膚科	1288		501	-14.4644
ビーシー	bc	1288		226	-14.5932
ビービ	びーび	1281		501	-15.7939
ビワコホウソウ	びわ湖放送	1292		305	-12.7994
ビミョー		1288		501	-13.5777
ビョウインナイ	病院内	1285	1298	17	-13.0118
ビシュ	美酒	1285		74	-14.5315
ビ	毘	1288		501	
ビョウジホイク	病児保育	1288		402	-14.8367
ビョウマエ	秒前	1300	1314	17	-13.3296
ビト	一	1295		134	-17.1280
ビカン	美感	1285		501	-16.4597
ビョウタン	びょうたん	1285		501	-19.4167
ビーチク	B地区	1288		349	-14.9048
ビクッッ	ビクッっ	1281		501	-16.9196
ビビッ	びびっ	1281		501	-17.8069
ビ	鞁	1288		501	
ビタイ	媚態	1285		501	-15.8025
ビレ	鰭	1285		333	-15.2692
ビジネスケイ	ビジネス系	1285	1298	17	-12.6224
ビビバス		1285		501	-14.7929
ビエ		1285		501	-18.1929
ビル・クリントン		1289		38	-12.2154
ビカツ	尾括	1285		501	-18.6282
ビョウエン	猫苑	1285		501	-18.6282
ビートル		1289		168	-12.8853
ビエン	美援	1285		501	-18.6282
ビデオテープレコーダ		1288		139	-14.9396
ビーエムピー	BMP	1288		9	-13.6990
ビス	BiS	1289		67	-13.6524
ビョウシン	病診	1285		501	-18.6282
ビビシケリャ	美びしけりゃ	41		501	-17.0678
ビショビショ	びしょびしょ	1281		501	-13.6970
ビーフ	びーふ	1285		501	-18.5412
ビキ	挽	1298		4	-18.1413
ビーコース	Bコース	1289		473	-13.6106
ビョーッ	びょーっ	1281		501	-17.6734
ビターチョコ		1288		501	-14.7926
ビッチュウノ	備中	1293		464	-12.7873
ビシン	美神	1285		389	-14.8760
ビニロン		1285		142	-15.9423
ビリョウ	微量	1285		405	-12.5053
ビリングス		1288		138	-14.9061
ビョウシツ	病質	1285		501	-18.6282
ビショウ	微小	1285		169	-12.8687
ビハダ	美ハダ	1285		501	-18.6282
ビール	麥酒	1285		501	-18.1358
ビコウ	びこう	1285		501	-18.9467
ビシャモンドウ	毘沙門堂	1293		404	-13.5872
ビセン	尾栓	1288		95	-14.9396
ビロウ	尾籠	1287		501	-17.5369
ビサヤショトウ	ビサヤ諸島	1288		410	-14.5341
ビシー		1293		501	-15.9091
ビル		1285		414	-9.7782
ビー	be.	1289		121	-13.8477
ビヨク	尾翼	1285		95	-12.9522
ビン	檳	1288		501	
ビビシカロ	美々しかろ	46		501	-17.0678
ビーエーアール	BAR	1288		203	-11.8226
ビョウゲンタイ	病原体	1288		355	-11.8284
ビゾク	美俗	1285		501	-18.1929
ビビシイ	びびしい	19		501	-18.0407
ビンボウ	貧乏	1287		66	-10.2524
ビン	壜	1285		93	-14.7957
ビマン	びまん	1283		183	-18.8426
ビューティー		1285		203	-13.1828
ビラビラ	びらびら	1314		501	-17.6089
ビーイー	be	1285		121	-18.1358
ビナ	びな	1298		437	-13.3956
ビービービー	BBB	1288		493	-13.8792
ビゲン	薇元	1291		501	-18.1724
ビーエー	BA	1288		9	-12.4012
ビジュアルケイ	ビジュアル系	1288		324	-14.1907
ビシオ	びしお	1285		501	-19.9275
ビビシケレ	びびしけれ	40		501	-17.1216
ビメ	姫	1290		74	-22.9516
ビュー		1288		431	-11.5594
ビジネススキル		1288		294	-13.0198
ビーナナナナナナ	B777	1288		254	-14.6556
ビン	罠	1288		501	
ビョウ	廟	1298		435	-18.1108
ビシー	びしー	1281		501	-16.7275
ビクーニャ		1289		116	-13.6587
ビンヅメ	びん詰め	1285		501	-18.9467
ビクビクッ	びくびくっ	1281		501	-17.6734
ビョウキリョウヨウ	病気療養	1283		17	-13.0838
ビリ	びり	1281		437	-17.6734
ビザンティンテイコク	ビザンティン帝国	1288		359	-14.5162
ビンヒ	閔妃	1289		246	-17.9060
ビームキャノン		1285		264	-15.1636
ビビシカレ	びびしかれ	48		501	-17.0678
ビューポイント		1288		39	-14.3384
ビンシ	閔氏	1291		246	-12.7372
ビョウ	凭	1288		501	
ビシッ	ビシっ	1281		501	-16.9196
ビセイ	美精	1288		501	-18.5231
ビヨウシ	美容師	1285	1298	17	-10.8164
ビーダマン		1288		296	-13.9684
ビーフカレー		1285		501	-15.0636
ビョウ	泙	1288		501	
ビセン	美洗	1285		501	-18.6282
ビックバイパー		1288		190	-14.9088
ビックリマン		1288		415	-13.8780
ビロウド	天鷲絨	1285		501	-18.3181
ビョウサツ	秒殺	1288		501	-14.3725
ビス		1285		83	-13.1692
ビラ	比良	1293		3	-13.5737
ビョウガク	猫額	1285		501	-18.4767
ビーバー		1290		149	-12.5548
ビビット		1289		501	-12.9799
ビチュウ	日中	1298	1305	17	-12.1286
ビロン	びろん	1281		501	-15.9285
ビンルイ	瓶類	1285		501	-18.6282
ビトン	美豚	1288		501	-18.5231
ビョウヘイ	病弊	1285		501	-18.0008
ビーピー	BP	1292		9	-11.0647
ビーピー	bp	1288		221	-17.6068
ビッグコミックスピリッツ		1288		136	-13.5738
ビアン		1288		11	-14.8175
ビッタレ	びったれ	1285		501	-19.2344
ビルノ	ビルの	1285	368	17	-11.1820
ビデオグラム		1288		24	-14.7503
ビシャ	びしゃ	1281		150	-13.9555
ビヘイ	鼻閉	1283		501	-18.0694
ビシツ	美質	1285		501	-15.4647
ビーエスツー	BS2	1288		305	-13.0760
ビリニュス		1293		463	-14.9303
ビストロ		1288		462	-13.7810
ビ	尾	1300		333	-10.9025
ビショウジョゲーム	美少女ゲーム	1288		296	-13.0062
ビタオシ	ビタ押し	1285		501	-18.0817
ビジネスプラン		1285		17	-13.3104
ビコン	鼻根	1285		501	-18.6282
ビガ		1300		501	-16.2782
ビルズ		1288		62	-14.7440
ビホウ	備砲	1285		264	-14.2706
ビブン	美文	1291		342	-18.0840
ビエンナーレ		1285		224	-14.1355
ビビシケリャ	美美しけりゃ	41		501	-17.0678
ビフォーアフター		1288		476	-13.3461
ビーリーグ	B.LEAGUE	1288		372	-13.5767
ビジュツシ	美術史	1288		84	-12.3701
ビャクシン	柏槙	1285		501	-18.6282
ビア		1288		203	-14.2629
ビョウジャクジ	病弱児	1288		253	-14.8988
ビトタケシ		1289		122	-17.9930
ビブ		1289		1	-13.1500
ビレ		1285		295	-18.2535
ビワ	琵琶	1293		312	-15.6859
ビオラ		1285		132	-14.5495
ビマジョ	美魔女	1288		501	-14.3879
ビョウインオクリ	病院送り	1288		337	-14.2268
ビレイ	びれい	1287		501	-18.0477
ビー	B・N・F	1289		122	-21.3430
ビデオゲーム		1288		296	-12.4809
ビーエムエフティー	bmft	1285		501	-17.9351
ビービー	BB	1288		9	-11.8507
ビゴー		1290		204	-12.8070
ビ	痞	1288		501	
ビーエムジー	BMG	1288		353	-13.1577
ビコーズ	because	1285		121	-17.9351
ビツ	櫃	1285		4	-19.0802
ビーワイディー	BYD	1288		105	-14.6934
ビュウシ	繆刺	1285		501	-18.6282
ビーエーアール	B・A・R	1288		421	-14.1287
ビョウ	屛	1288		501	
ビワ	びわ	1285		93	-14.4047
ビイビイエス	BBS	1288		363	-12.9601
ビタッ	浸っ	786		460	-18.5724
ビゼー		1288		416	-14.0466
ビウ	為	1288		501	
ビタミンビーロク	ビタミンB6	1288		100	-14.0244
ビーカー		1285		270	-14.0304
ビンカンハダ	敏感肌	1288		501	-13.4122
ビネ		1289		501	-16.7429
ビデオシンゴウ	ビデオ信号	1288		139	-14.5254
ビルド		1289		431	-11.2492
ビ	び	1281		437	-17.8069
ビセキブン	微積分	1285		65	-14.2968
ビョウ	眇	1285		501	-18.8289
ビミ	媚味	1285		501	-18.6282
ビデオカード		1288		431	-13.1219
ビップ	VIP	1288		118	-11.7683
ビネコ	美猫	1285		501	-18.6282
ビング・クロスビー		1289		179	-13.6650
ビーンク		1285		501	-14.8524
ビング	Bing	1292		232	-12.3185
ビト		1289		401	-14.8005
ビジュ		1285		501	-14.8387
ビーエムエックス	bmx	1285		501	-17.8906
ビョウトウ	苗頭	1285		501	-18.6282
ビリー	Billy	1288		151	-14.9382
ビーフジャーキー		1285		391	-14.9931
ビックリシ	ビックリし	1283	610	17	-10.2834
ビデオレター		1285		17	-13.3009
ビーエー	ba	1285		5	-17.6939
ビョウマ	病間	1285		501	-18.6282
ビッグホーン		1289		347	-13.3816
ビットレート		1288		351	-13.5568
ビヨリ	日和	1285		420	-19.0802
ビビビッ	びびびっ	1281		501	-17.6734
ビンナガ	鬢長	1285		501	-18.6282
ビタセン	びた銭	1285		501	-18.9467
ビッグバン		1285		466	-12.6163
ビワ	枇杷	1285		3	-14.2458
ビショク	美色	1285		501	-18.6282
ビキ	挽き	1298		487	-15.2398
ビールビン	ビール瓶	1285		60	-14.2616
ビョウブエ	屏風絵	1288		312	-14.6858
ビキニ	👙	1285		501	-25.0144
ビバ		1289		40	-17.9060
ビトウイサオ	尾藤イサオ	1289		122	-18.8960
ビヒャーッ	びひゃーっ	1281		501	-17.6734
ビジュツケイ	美術系	1285	1298	17	-13.4010
ビビシキャ	びびしきゃ	42		501	-17.0678
ビーエムディー	BMD	1288		413	-13.8937
ビンザサラ	びんざさら	1285		501	-19.2344
ビクトル		1291		470	-13.2514
ビッチリ	びっちり	1282		501	-13.8101
ビョウアナ	鋲穴	1285		501	-18.6282
ビリオン		1289		83	-13.8929
ビート	BEAT	1288		40	-13.1736
ビーファ		1285		501	-14.5977
ビューティー	beauty	1289		121	-12.7655
ビョウインキンム	病院勤務	1288		187	-14.6237
ビービー	bb	1285		493	-17.9816
ビケ	引け	675		438	-17.6178
ビジレイク	美辞麗句	1285		186	-14.9689
ビャク	闢	1288		501	
ビッグバン	Big Bang	1288		232	-14.6869
ビーエイチ	BH	1288		83	-13.7620
ビーシーシー	BCC	1288		184	-14.6746
ビロウ	鼻漏	1285		501	-18.6282
ビン	梹	1288		501	
ビタミンビーイチ	ビタミンB1	1288		100	-13.0924
ビシオ	醤	1285		75	-19.6398
ビビシク	美々しく	51		501	-17.2313
ビトゥウィン	Between	1288		367	-14.7878
ビーエスティービーエス	BS-TBS	1289		305	-11.9173
ビービーシーワールド	BBCワールド	1288		27	-14.8041
ビゼンヤキ	備前焼	1285		4	-14.2077
ビセン	美専	1285		501	-18.6282
ビン	びん	1285		331	-12.6827
ビジモ		1285		501	-14.2127
ビョウキザミ	秒きざみ	1285		501	-18.6282
ビボウロク	備忘録	1285		59	-12.3060
ビョウトウ	病棟	1285		402	-12.1809
ビクン	微醺	1285		501	-18.6282
ビヨク	美欲	1285		501	-18.6282
ビキ	曵	1288		501	
ビョウ	拍	1288		501	
ビジュアル		1287		322	-10.0150
ビスタ	vista	1285		501	-17.8906
ビョウバ	病馬	1285		501	-18.6282
ビビシカレ	美びしかれ	48		501	-17.0678
ビルメンテナンス		1285		35	-15.2729
ビケン	眉県	1293		501	-17.7008
ビョウガイチュウ	病害虫	1285		257	-14.4725
ビンザサラ	拍板	1285		501	-18.7236
ビョウ	びょう	1285		99	-13.6047
ビックラ	びっくら	1281		501	-13.3612
ビジュアル	visual	1287		5	-16.7949
ビビシキ	美びしき	44		501	-17.0679
ビデオディスク		1288		501	-14.7332
ビケ	引け	685		438	-17.6166
ビンワン	敏腕	1285		324	-13.6329
ビビシキャ	美美しきゃ	42		501	-17.0678
ビリッケツ	びりっけつ	1285		501	-19.2344
ビンビン	びんびん	1281		501	-14.0625
ビーサイボウ	B細胞	1288		501	-12.9543
ビシテキ	微視的	1287		169	-12.9319
ビビシキャ	美々しきゃ	42		501	-17.0678
ビザンチン		1293		359	-12.8653
ビッグクラブ		1292		348	-12.4539
ビーエスイレブン	BS11	1288		305	-13.3048
ビジュツ	びじゅつ	1285		331	-15.3304
ビンビ	閔妃	1289		246	-12.3397
ビズ		1285		206	-17.7083
ビッグ		1285		203	-11.6664
ビークラス	Bクラス	1288		62	-13.0928
ビュー	びゅー	1281		293	-14.0954
ビジネスノ	ビジネスの	1285	368	17	-10.7249
ビビビ		1285		501	-15.4116
ビラマキ	びら撒き	1285		501	-19.2344
ビーオーティー	bot	1285		501	-18.0304
ビヨウゲカ	美容外科	1288		402	-13.4454
ビッグ	big	1288		121	-13.3941
ビョウシ	表紙	1285		136	-15.7105
ビービーキュー	bbq	1285		501	-17.9351
ビョウゲン	病原	1285		355	-14.0203
ビョウシ	病豕	1285		501	-18.6282
ビョウタク	びょうたく	1289		501	-18.1292
ビビシュウ	びびしゅう	49		501	-17.0678
ビズリーチ		1292		501	-12.4260
ビタイ	顱	1285		501	-19.2344
ビョウゼン	病前	1285		501	-18.6282
ビンガ	頻迦	1285		501	-18.3181
ビンカン	びんかん	1287		501	-18.0477
ビンゴ	びんご	1285		501	-18.5412
ビーエスフジ	BSフジ	1288		305	-12.6538
ビョウリツ	病率	1298		17	-13.4677
ビーエムダブリュー	bmw	1285		501	-17.8906
ビジャク	微弱	1285		169	-14.8820
ビザン	眉山	1293		385	-13.5646
ビナン	備南	1293		280	-17.7008
ビュウ	びゅう	1281		118	-17.6734
ビミョ	びみょ	1288		501	-14.4130
ビクターエンタテインメント		1292		353	-11.3682
ビブンホウテイシキ	微分方程式	1288		447	-12.4376
ビグ		1289		501	-16.7429
ビーオーピー	BOP	1288		277	-14.9048
ビックリミズ	ビックリ水	1285		501	-18.0817
ビンコウ	湣公	1291		501	-18.1724
ビンキ	敏琪	1291		501	-18.1724
ビジモズカイ	ビジモ図解	1285	1283	17	-13.2915
ビョウノウ	病悩	1285		501	-18.6282
ビ	美	1298		307	-10.3812
ビンツケ	鬢付け	1285		501	-18.6282
ビール	🍺	5		501	-20.5794
ビューカード		1288		118	-14.2992
ビクン	びくん	1281		501	-17.6734
ビーオーアール	bor	1285		501	-17.9351
ビーチクラフト		1292		413	-13.3440
ビジン	美人	1285		127	-10.5430
ビハツ	美髪	1285		501	-18.6282
ビョオビョオ	びょおびょお	1281		501	-17.6734
ビルダーズ		1285		501	-15.7460
ビイ	美衣	1285		170	-18.8289
ビカム	become	1285		121	-17.9351
ビタン	浸ん	782		460	-18.5466
ビオンカ	鼻音化	1288		327	-14.8888
ビビシク	びびしく	51		501	-17.2313
ビーズ		1285		270	-12.6078
ビボ	vivo	1288		100	-14.3203
ビョウハ	描破	1283		501	-18.0694
ビョウドウ	平等	1287		456	-9.3538
ビョウシツ	病疾	1285		501	-18.6282
ビンブ	抃舞	1283		501	-21.4027
ビホウ	糜芳	1289		440	-13.9456
ビューグル		1289		132	-13.5457
ビッ		1281		501	-14.0625
ビーエーイーシステムズ	BAEシステムズ	1288		181	-14.6121
ビビッド		1287		412	-13.3135
ビンザサラ	編木	1285		501	-17.7835
ビギョ	美魚	1291		501	-18.1724
ビビシ	びびし	39		501	-17.1718
ビアホール		1285		2	-15.0008
ビョウコン	病根	1285		501	-16.5286
ビレッジ		1285		347	-14.3574
ビック		1292		347	-11.8147
ビックリ	びっくり	1283		17	-9.1525
ビブツ	微物	1285		501	-18.6282
ビーゴジュウニ	B-52	1288		413	-13.5414
ビテキ	びてき	1287		501	-17.6422
ビサイ	尾刺	1285		501	-18.6282
ビビン	ビビん	782		113	-10.4400
ビニール		1285		270	-12.2139
ビギ	美妓	1285		501	-17.6588
ビワジマブンキテン	枇杷島分岐点	1288		267	-14.9396
ビニールガサ	ビニール傘	1288		152	-13.6367
ビャクドウ	白道	1285		342	-18.6282
ビシット	ビシッと	1281		501	-12.5467
ビン	敏	1288		501	
ビーアール	br	1285		226	-17.9351
ビンテージ		1288		168	-13.5946
ビョウタク	苗沢	1289		501	-17.9060
ビョウ	匏	1288		501	
ビィーエムアイ	BMI	1288		248	-12.4586
ビナー		1289		501	-13.1514
ビンサイ	閩西	1293		352	-17.7008
ビーナス・ウィリアムズ		1289		101	-13.7200
ビット		1300		45	-8.9322
ビヨ		1289		501	-17.9060
ビヨク	鼻欲	1285		501	-18.6282
ビショウジョセンシセーラームーン	美少女戦士セーラームーン	1288		415	-13.2976
ビューアー		1285		77	-15.0569
ビーエスデジタルホウソウ	BSデジタル放送	1288		305	-12.7841
ビシバシ		1281		501	-13.8469
ビカ	美果	1285		501	-17.3126
ビカエ	控え	1285		306	-19.7018
ビルゲイツ		1288		501	-14.5957
ビギ		1288		501	-17.2775
ビットトレント	BitTorrent	1288		77	-14.9340
ビョウサイ	描彩	1285		501	-18.6282
ビ	嵋	1288		501	
ビヤ	火箭	1285		144	-19.0802
ビクトリアシュウ	ビクトリア州	1288		272	-13.6813
ビキ	引き	689		438	-11.7275
ビーチパラソル	🏖	5		501	-23.9659
ビョウボウ	渺茫	1285		501	-16.6849
ビャクヤ	びゃくや	1285		484	-14.2680
ビャッコタイ	白虎隊	1292		74	-12.8747
ビョウラ	鋲螺	1285		501	-18.6282
ビーエヌピー	bnp	1285		501	-17.9351
ビョウシン	びょう針	1285		501	-18.9467
ビョウショク	病蝕	1285		501	-18.6282
ビクトリア		1291		347	-12.9456
ビク		1285		147	-18.0817
ビソク	微速	1285		320	-15.8123
ビョウシン	描針	1285		501	-18.6282
ビアフラ		1293		326	-13.3990
ビコウ	美工	1288		501	-18.5231
ビキ	曳き	1285		228	-16.3851
ビジュツ	美じゅつ	1285		501	-18.6282
ビタミンディー	ビタミンD	1288		100	-12.4117
ビヨウシン	美容鍼	1288		501	-14.7938
ビートタケシノオールナイトニッポン	ビートたけしのオールナイトニッポン	1288		476	-14.8928
ビショフ		1289		141	-13.9703
ビップ	びっぷ	1285		501	-18.6282
ビオコトウ	ビオコ島	1288		272	-14.4986
ビヨウエキ	美容液	1288		391	-12.6608
ビリーブ	believe	1288		121	-14.3300
ビャクヤコウ	白夜行	1288		103	-14.5332
ビーティーエス	BTS	1289		87	-10.6488
ビヨウセイブン	美容成分	1285		17	-13.5405
ビョウボツ	病没	1283		46	-12.3482
ビビレ	ビビれ	784		113	-10.4400
ビタ		1289		283	-16.8764
ビブンセキブンガク	微分積分学	1288		65	-13.9865
ビード		1290		284	-12.7409
ビュウ	謬	1288		501	
ビン	賓	1288		501	
ビョウドウ	びょうどう	1287		331	-17.7600
ビケン	美犬	1285		501	-18.6282
ビーエイチエヌ	bhn	1285		501	-17.9351
ビョウサツ	秒札	1285		501	-18.6282
ビーエムダブリューアイ	bmwi	1288		501	-17.6581
ビャッ	白	1288		501	
ビーイング	Being	1292		367	-11.8845
ビアス		1289		204	-13.0893
ビタセン	鐚銭	1285		142	-18.6282
ビョウ	飃	1288		501	
ビービービービー	bbbb	1285		501	-17.9351
ビカ	引か	683		438	-17.6295
ビヨウシツ	美容室	1288		442	-11.5914
ビーエフエイチ	bfh	1285		501	-17.8906
ビャク	白	1288		501	
ビデ		1285		270	-17.7083
ビクンッ	びくんっ	1281		501	-17.6734
ビビシ	美びし	45		501	-17.0910
ビウ	微雨	1285		501	-17.3781
ビテキ	美的	1287		307	-13.2339
ビギョク	美玉	1290		501	-17.7406
ビタレ	浸れ	768		460	-18.5466
ビーズ	b'z	1289		501	-16.5710
ビゾウ	微増	1283		248	-13.3669
ビビシカロ	美美しかろ	46		501	-17.0678
ビワコ	びわこ	1288		2	-13.2326
ビテキカンカク	美的感覚	1288		186	-14.2807
ビル	蛭	1285		499	-19.4167
ビシン	微震	1285		484	-17.1022
ビドウ	微動	1283		60	-13.1057
ビショクカ	美食家	1288		391	-14.3173
ビョウシャガ	描写が	1283	148	17	-10.8546
ビワ		1285		75	-14.0135
ビト	人	1285		408	-19.0802
ビーム	beam	1285		384	-17.8481
ビビレ	びびれ	784		501	-11.6327
ビンバシャラ	頻婆娑羅	1289		501	-17.9060
ビョオ	びょお	1281		501	-16.6709
ビットマップ		1288		431	-13.2855
ビイ	引い	687		438	-17.6713
ビフク	美服	1285		501	-18.6282
ビキュウ	眉弓	1285		501	-18.6282
ビビ	微微	1285		501	-18.8289
ビエン	美艶	1285		501	-18.6282