ピカーッ	ぴかーっ	1281		501	-17.6734
ピョートルイッセイ	ピョートル1世	1288		446	-13.1689
ピーエイチワイ	phy	1285		501	-17.9351
ピンナップ		1288		24	-14.3304
ピルマ	ぴる間	1314		501	-17.7143
ピョウ	拍	1288		501	
ピノコ		1288		51	-14.3289
ピンチ		1285		211	-11.4590
ピーシードス	PC DOS	1288		315	-14.6211
ピーマンズスタンダード		1289		122	-15.7450
ピーエフアイ	pfi	1285		501	-17.9351
ピップス	pips	1288		501	-13.1673
ピクニックシート		1285		17	-13.1093
ピルグリム・ファーザーズ		1288		373	-14.8855
ピローニ		1285		63	-15.2831
ピピピピピ	ぴぴぴぴぴ	1281		501	-16.3650
ピアノエンソウ	ピアノ演奏	1285	1283	17	-12.8519
ピーアールタイムス	PR TIMES	1288		501	-12.4930
ピーエーアールシー	PARC	1288		294	-14.5388
ピーシーカード	PCカード	1288		315	-13.6952
ピレスロイド		1288		405	-14.4541
ピカ		1288		462	-12.1373
ピンポン		1285		60	-12.9999
ピーピピ	ぴーぴぴ	1281		501	-17.4704
ピン	ping	1288		45	-13.7862
ピュン	ぴゅん	1281		501	-15.3733
ピョン		1285		177	-14.3146
ピーシーアール	PCR	1288		100	-12.2797
ピエン	🥺	5		501	-17.5633
ピコン	ぴこん	1281		501	-15.1239
ピン	萍	1288		501	
ピザトースト		1288		501	-14.2569
ピーイーティー	PET	1288		139	-13.0753
ピーピー	pp	1288		493	-12.4678
ピ		1285		277	-12.3099
ピアノキョウソウキョク	ピアノ協奏曲	1288		416	-12.0013
ピシャピシャ	ぴしゃぴしゃ	1281		501	-16.5260
ピア	ぴあ	1288		244	-18.3000
ピボット		1288		95	-13.2253
ピーエム	p.m.	1285		501	-17.9816
ピーオー	PO	1288		83	-13.5050
ピーシーエーティー	PC/AT	1288		315	-14.1103
ピーシーゲーム	PCゲーム	1288		296	-12.8079
ピーダン	皮蛋	1285		501	-18.3181
ピグ		1285		113	-17.8481
ピョンピョン		1281		501	-13.2518
ピアノ		1285		132	-9.7419
ピーマン		1285		75	-10.9665
ピースメーカー		1288		407	-14.7043
ピーナッツ		1285		75	-12.6068
ピーエスシー	psc	1285		501	-17.9351
ピーダブリューシー	pwc	1285		501	-17.9351
ピンズ		1288		177	-14.8777
ピョコリッ	ぴょこりっ	1281		501	-17.6734
ピーディービー	PDB	1288		197	-14.9129
ピ	飛	1288		501	
ピーイーアール	per	1285		226	-17.9351
ピーダブリュー	pw	1285		501	-17.9351
ピッチジョウ	ピッチ上	1288		211	-13.8561
ピリピリッ	ぴりぴりっ	1281		501	-17.6734
ピーディーエー	pda	1285		501	-17.9351
ピーエーティーエー	pata	1288		501	-17.6581
ピイエス	P.S.	1288		302	-12.8259
ピーエフ	pf	1285		398	-17.6939
ピーエヌシー	pnc	1285		501	-17.9351
ピアノシジュウソウキョク	ピアノ四重奏曲	1288		416	-14.8790
ピーボ		1289		501	-15.0870
ピアノキョウシツ	ピアノ教室	1288		501	-13.7207
ピキピキ		1285		501	-15.9905
ピッペン		1288		62	-14.3697
ピーブイシー	pvc	1285		501	-17.9351
ピイ	ぴい	1281		80	-13.8296
ピカ	引か	683		438	-17.6295
ピラケ	開け	675		471	-17.6178
ピロピロ		1288		147	-14.8286
ピンサツ	ピン札	1285		501	-18.0304
ピーティーエー	pta	1285		501	-17.8906
ピーティーエヌ	ptn	1285		501	-17.9351
ピンピン		1281		501	-13.2820
ピク		1288		501	-14.5523
ピルスナー		1288		391	-14.5167
ピンクエイガ	ピンク映画	1288		449	-13.1261
ピット		1285		63	-11.7993
ピアッツァ		1288		168	-14.5609
ピーチヒメ	ピーチ姫	1288		26	-13.8566
ピッチャー		1285		198	-12.1487
ピラー		1292		95	-11.3690
ピクチャー		1285		24	-15.2909
ピポ		1281		501	-16.9196
ピーエイチ	ph	1285		259	-17.8906
ピクピク		1281		501	-13.3244
ピィーティーエー	PTA	1288		253	-11.6984
ピチピチ	ぴちぴち	1281		501	-13.2384
ピロリキン	ピロリ菌	1288		100	-14.0214
ピーダブリューシー	PWC	1288		175	-14.3289
ピノ・ノワール		1288		391	-13.4943
ピリ		1289		93	-11.7901
ピーエフアイ	PFI	1288		486	-14.0769
ピシット	ピシッと	1281		501	-13.4418
ピアフ		1290		11	-13.5847
ピッカリング		1288		70	-14.9821
ピーエッチディー	Ph.D	1288		314	-14.7842
ピーン		1288		501	-14.6545
ピテ		1289		501	-16.7429
ピーキュー	pq	1288		336	-13.8324
ピチュー	ピチュ−	1288		501	-17.6068
ピーター	peter	1289		501	-16.8074
ピナトゥボ		1293		381	-13.6935
ピー		1281		80	-11.9734
ピッツィカート		1288		458	-14.4384
ピョコン	ぴょこん	1281		501	-15.6855
ピーター・ドラッカー		1289		291	-13.5401
ピストンリング		1285		384	-15.2460
ピョンキチ	ぴょんきち	1288		501	-18.5231
ピーンポーン	ぴーんぽーん	1281		501	-16.8190
ピーエスブイ	psv	1285		501	-17.9351
ピチ	ぴち	1281		501	-18.1434
ピィ		1289		501	-13.7397
ピーピーエム	ppm	1300		221	-16.4501
ピカリ	ぴかり	1281		501	-15.4762
ピタゴラスノテイリ	ピタゴラスの定理	1288		65	-14.4053
ピーコック		1292		149	-13.0437
ピクセル	Pixel	1288		197	-13.7067
ピッグ	PYG	1289		67	-13.4757
ピーユーピー	pup	1285		501	-17.9351
ピグマリオン		1289		204	-15.8885
ピーエススリー	PS3	1288		24	-12.5082
ピン	PIN	1288		45	-14.4192
ピーキュー	PQ	1288		213	-14.1986
ピータン		1288		501	-14.8750
ピーエイチダブリュー	phw	1285		501	-17.9351
ピクリ	ぴくり	1282		501	-13.5392
ピ	妃	1288		501	
ピリカラ	ぴり辛	1287		501	-18.0477
ピラキャ	開きゃ	677		471	-17.6110
ピ	比	1288		501	
ピュ		1281		501	-16.9196
ピロティ		1288		414	-14.8430
ピョン	平	1288		501	
ピリッ		1282		501	-13.7677
ピンクイロ	ピンク色	1285		242	-11.9522
ピース	piece	1289		121	-12.8110
ピレウス		1285		373	-14.7917
ピットリ	ぴっとり	1281		501	-16.3060
ピアノキョウソウキョクダイニバン	ピアノ協奏曲第2番	1288		501	-14.2083
ピンチヒッター		1288		409	-13.4659
ピラミッドガタ	ピラミッド型	1285	1298	17	-13.3296
ピーダブリュージー	pwg	1285		501	-17.9351
ピタゴラスイッチミニ		1288		501	-14.0404
ピラト		1289		199	-13.1242
ピエール	pierre	1289		501	-16.8074
ピシャリッ	ぴしゃりっ	1281		501	-17.6734
ピカード		1289		459	-12.5610
ピュー		1288		160	-14.5733
ピョコッ	ぴょこっ	1281		501	-17.6734
ピーポー		1288		501	-14.5509
ピイビイエム	PBM	1288		294	-14.9807
ピストンニシザワ	ピストン西沢	1289		122	-20.3850
ピッコロサン	ピッコロさん	1289		501	-13.6211
ピーエイチ	㏗	1288		501	-20.0000
ピクリンサン	ピクリン酸	1288		405	-14.4350
ピーシーズ	Pieces	1288		367	-14.6061
ピカッ	ぴかっ	1281		501	-17.6734
ピンボール		1288		296	-13.4987
ピカティニー・レール		1288		95	-14.8163
ピ	肥	1288		501	
ピーエスアイ	psi	1285		221	-17.9351
ピンヒール		1288		501	-14.3445
ピーオージー	pog	1285		501	-17.9351
ピーシーエル	PCL	1288		449	-14.8424
ピッタ		1288		484	-14.5063
ピーティーエスディー	PTSD	1288		192	-12.7105
ピーピーピー	ぴーぴーぴー	1281		501	-17.6734
ピンポンダッシュ		1288		501	-14.7115
ピロゲレ	広げれ	617		481	-18.4235
ピュトン		1288		501	-15.1732
ピヨコ	ピヨ子	1291		501	-16.6319
ピービー	pb	1285		501	-17.8906
ピ	非	1288		501	
ピーナツ		1288		391	-14.2573
ピックアップ	PU	1288		9	-12.2905
ピーエイチディー	phd	1288		501	-17.6581
ピーハ	P波	1288		339	-13.4454
ピーブイピー	PvP	1288		283	-13.3750
ピ	扉	1288		501	
ピクピク	ぴくぴく	1281		501	-14.1906
ピイン	ぴいん	1281		501	-17.6734
ピンク・フロイド		1289		196	-11.7989
ピスケス	pisces	1288		501	-17.6581
ピン		1282		64	-9.5945
ピーシーハチマルマルイチ	PC-8001	1288		315	-14.1757
ピリピリ	ぴりぴり	1282		501	-13.7318
ピギャ	ぴぎゃ	3		501	-16.9819
ピョウ	憑	1288		501	
ピーシーシー	PCC	1288		168	-13.4917
ピコ		1300		203	-14.3027
ピーダブリューエム	pwm	1285		501	-17.9351
ピュンピュン	ぴゅんぴゅん	1281		501	-16.6173
ピ	卑	1288		501	
ピーエムシー	PMC	1288		453	-13.9621
ピ	樋	1288		501	
ピカイチ	ピカ一	1289		501	-16.7429
ピーシーティー	PCT	1288		345	-13.8959
ピヨリン	ぴよりん	1288		501	-14.0280
ピックガード		1288		242	-14.6571
ピッタシ	ぴったし	1281		448	-13.3322
ピーシーエムオンゲン	PCM音源	1288		139	-13.6145
ピギーバック		1288		319	-14.6272
ピーシー	pc	1285		226	-17.7303
ピーシーエンジン	PC Engine	1288		318	-14.5341
ピーエスフォー	ps4	1288		501	-12.8600
ピロゲル	広げる	619		481	-11.4357
ピリオド		1285		63	-12.8545
ピザン	皮山	1293		501	-17.7008
ピコン		1288		501	-14.7076
ピカピカー	ぴかぴかー	1281		501	-17.0315
ピーディーダブリュー	PDW	1288		413	-14.9231
ピーエイチピー	php	1285		493	-17.9351
ピョーン	ぴょーん	1281		501	-13.8875
ピープル	People	1289		367	-11.6961
ピ	庇	1288		501	
ピャク	百	1288		501	
ピルマ	昼ま	1314		501	-17.7143
ピッタリ		1285		451	-15.0533
ピンサロ		1288		501	-14.9975
ピシャリ	ぴしゃり	1281		501	-17.6734
ピタン	ぴたん	1281		501	-14.0961
ピョートル・チャイコフスキー		1289		416	-13.8117
ピーエーアイジーシー	paigc	1285		501	-17.9351
ピュア	pure	1287		121	-16.7949
ピーマンヲクワエ	ピーマンをくわえ	1285	625	17	-11.3017
ピージージュウニ	PG12	1288		475	-14.9990
ピップ	比布	1293		450	-17.7008
ピーシーナド	PC等	1288		206	-14.8583
ピヨ	ぴよ	1289		501	-11.1473
ピント	ぴんと	1281		147	-12.9589
ピカリピカリ	ぴかりぴかり	1281		501	-17.6734
ピョンピョン	ぴょんぴょん	1281		113	-11.9103
ピーエイチエス	PHS	1288		20	-11.9819
ピーエム	pm	1285		221	-17.9816
ピーオーエス	POS	1288		118	-12.5167
ピーシーディー	PCD	1288		277	-14.4592
ピーマンヲクワエテ	ピーマンをくわえて	1285	307	17	-11.3032
ピュタゴラス		1288		189	-14.5820
ピアノ	ぴあの	1288		401	-14.1839
ピーエルガクエン	PL学園	1288		491	-13.4984
ピイトロ	ぴいとろ	1285		501	-18.9467
ピッピッ	ピッピっ	1281		501	-16.9196
ピーマンヲクチ	ピーマンを口	1285		17	-11.2982
ピコワット	㎺	1288		501	-20.0000
ピーエルオー	plo	1288		501	-17.6068
ピーピーエムシー	ppmc	1300		501	-16.4501
ピエロ	PIERROT	1289		67	-13.4577
ピア		1285		347	-18.3871
ピョートルタイテイ	ピョートル大帝	1288		446	-13.7973
ピーアールアイ	PRI	1288		453	-14.0825
ピノ		1289		203	-11.8873
ピーター・アーツ		1289		250	-13.2184
ピースケ	ピー助	1289		164	-13.4174
ピルマ	ぴるま	1314		501	-17.7143
ピキ	ぴき	1300		297	-12.5968
ピイエス	p.s.	1288		501	-13.3689
ピリピリ	ぴりぴり	1281		501	-17.6734
ピロゲ	広げ	622		481	-18.4370
ピンクチャン	ピンクちゃん	1285	1302	17	-13.2823
ピュウッ	ぴゅうっ	1281		501	-17.6734
ピョウ	俵	1300		275	-17.8364
ピリカ	美利河	1293		501	-17.7008
ピースオブケイク		1288		501	-11.8575
ピリリッ	ぴりりっ	1281		501	-17.6734
ピレネーサンミャク	ピレネー山脈	1293		432	-12.1955
ピッカピカコミックス	ぴっかぴかコミックス	1288		54	-14.5623
ピカ	ぴか	1288		54	-13.8115
ピーシービー	PCB	1288		257	-13.0833
ピーター		1291		255	-10.3436
ピーゼッドティー	pzt	1285		501	-17.9351
ピン	稟	1288		501	
ピペット		1285		270	-14.9425
ピカピカーッ	ぴかぴかーっ	1281		501	-17.6734
ピン	ぴん	1281		437	-11.9759
ピーアール	pr	1283		277	-17.4988
ピザ		1285		442	-11.1572
ピッチリ	ぴっちり	1281		501	-13.6494
ピーアイエスシー	pisc	1285		501	-17.9351
ピターッ	ピターっ	1281		501	-16.9196
ピンク	pink	1289		277	-13.1765
ピカピカ		1281		295	-11.4703
ピーディー	pd	1285		501	-17.9351
ピエール・ブーレーズ		1289		98	-13.2464
ピグレット		1288		462	-14.6292
ピーシーエフジー	pcfg	1285		501	-17.9351
ピターッ	ぴたーっ	1281		501	-17.6734
ピコ	彦	1288		501	
ピュッ	ぴゅっ	1281		501	-14.8041
ピレネー		1293		400	-12.3707
ピッ	ぴっ	1281		80	-11.8078
ピストル	🔫	5		501	-22.3117
ピニンファリーナ		1288		168	-14.1367
ピーイージー	peg	1285		501	-17.9351
ピータン	皮蛋	1285		501	-18.3181
ピッケル		1285		60	-14.5967
ピアゴ		1288		35	-14.4575
ピーエフエルピー	pflp	1285		501	-17.9351
ピーシーシーダブリュー	pccw	1285		501	-17.9351
ピョコリ	ぴょこり	1281		501	-17.3018
ピーター・セラーズ		1289		496	-13.8387
ピエモンテシュウ	ピエモンテ州	1288		33	-12.5305
ピッピッ		1281		501	-14.0836
ピコッ	ぴこっ	1281		501	-17.6734
ピンコ	ピン子	1291		501	-16.6319
ピープル	people	1285		121	-17.8906
ピーシーピー	pcp	1285		501	-17.9351
ピケ	引け	685		438	-17.6166
ピュア	ぴゅあ	1288		113	-14.6977
ピザーラ		1292		92	-13.5049
ピシ	ぴし	1281		501	-13.6588
ピーシーエーエスティー	pcast	1285		501	-17.9351
ピタ		1281		391	-16.9196
ピージーエム	pgm	1285		501	-17.9351
ピッチ		1285		95	-11.3684
ピーマン	ぴーまん	1285		501	-18.5412
ピタッ	ピタっ	1281		501	-16.9196
ピーエイチピーブンコ	PHP文庫	1288		396	-14.9480
ピーキー		1288		169	-13.8606
ピアノドクソウキョク	ピアノ独奏曲	1288		416	-14.4889
ピッチ	pitch	1285		5	-17.8906
ピット	ピッと	1281		501	-13.4557
ピーアイ	pi	1288		226	-13.1404
ピロクテーテース		1289		222	-13.4896
ピンクノ	ピンクの	1285	368	17	-10.7296
ピーナッツクン	ピーナッツくん	1289		122	-20.7730
ピース	ぴーす	1285		501	-14.2083
ピケ		1285		63	-13.5022
ピューピュー	ぴゅーぴゅー	1281		501	-17.6734
ピッコロダイマオウ	ピッコロ大魔王	1289		26	-12.8758
ピポ		1293		501	-16.6022
ピコビョウ	㎰	1288		501	-20.0000
ピサロ		1289		329	-11.9663
ピアッサー		1285		501	-15.2647
ピ	日	1314		380	-17.5136
ピッタシ	ぴったし	1287		448	-17.8935
ピネン		1288		111	-14.6853
ピク	引く	695		438	-14.4539
ピーイーエックス	pex	1285		501	-17.9351
ピークジ	ピーク時	1288		387	-12.2460
ピーケー	pk	1285		501	-17.8906
ピグモン		1288		26	-14.3117
ピキ		1300		501	-17.6132
ピンタレスト		1292		501	-12.8544
ピラミッド		1285		130	-11.5927
ピーエーアール	PAR	1288		415	-13.0541
ピューディパイ		1289		122	-16.4150
ピーエスイー	PSE	1288		288	-14.2285
ピョコ	ぴょこ	1281		501	-14.6065
ピースサイン		1288		295	-14.2587
ピーブイ	pv	1285		501	-17.9351
ピシーッ	ぴしーっ	1281		501	-17.6734
ピネヲ	ピ子ヲ	1289		501	-16.7429
ピシッ	ぴしっ	1281		501	-17.6734
ピノ	ぴの	1289		501	-11.2358
ピーダブルエー	PWA	1288		234	-14.1861
ピクシブ	pixiv	1288		363	-11.6313
ピーター・ジャクソン		1289		179	-13.4214
ピコファラド	㎊	1288		501	-20.0000
ピアノロール		1288		132	-14.7412
ピグミー		1288		408	-14.0740
ピーエフエルピー	PFLP	1288		326	-14.2647
ピシディア		1293		501	-15.7549
ピーエイチイービーユーエス	phebus	1285		501	-17.9351
ピタ		1288		391	-14.5103
ピサヌローク		1293		501	-15.7549
ピタピタ	ぴたぴた	1281		501	-16.4947
ピックアップガチャ		1285		501	-15.3899
ピンシャン	ぴんしゃん	1281		501	-17.0315
ピーケーエフ	pkf	1288		501	-17.5115
ピーアンドジー	P&G	1288		274	-12.6446
ピイ		1285		167	-17.8481
ピーアイシー	pic	1285		45	-17.9351
ピコピコ	ぴこぴこ	1281		501	-14.7761
ピール		1288		38	-12.6750
ピーアールシ	PR誌	1288		136	-14.9061
ピクッ	ぴくっ	1281		501	-17.6734
ピア	PIA	1289		294	-13.9038
ピリリ	ぴりり	1281		501	-14.9309
ピッツァ		1285		75	-13.7046
ピーアイエーエフエス	piafs	1285		501	-17.9351
ピラカ	開か	683		471	-17.6295
ピカー	ぴかー	1281		501	-16.6438
ピンスケ	ピン助	1289		501	-16.7429
ピンポンパン		1288		501	-14.7666
ピッピッピッ	ぴっぴっぴっ	1281		501	-17.0315
ピージェイ	pj	1288		501	-14.5425
ピ	祕	1288		501	
ピーエーピーアイ	papi	1285		501	-17.9351
ピットロード		1292		64	-13.4349
ピーアイケー	pik	1285		501	-17.9351
ピーエスエイチ	psh	1300		501	-16.4501
ピクチャ		1285		206	-15.2616
ピアノキョク	ピアノ曲	1288		416	-12.2421
ピクンッ	ぴくんっ	1281		501	-17.6734
ピッ		1281		64	-16.9196
ピンサツ	ぴん札	1285		501	-18.9467
ピーゴジュウ	P50	1288		318	-14.2106
ピーシーエー	pca	1285		501	-17.9351
ピラティス		1288		362	-13.4206
ピョン	ぴょん	1281		80	-11.2384
ピル		1285		255	-12.2524
ピパ		1289		218	-16.7429
ピーエスピー	psp	1288		501	-17.7693
ピュレ		1285		391	-14.6879
ピージェーエム	pjm	1288		501	-17.6581
ピラミッド	ぴらみっど	1285		501	-18.5412
ピーロク	p6	1288		454	-14.1645
ピアス		1285		295	-11.3880
ピアノ	piano	1288		121	-13.9867
ピーエイチディー	Ph.D.	1288		314	-12.7050
ピーエーディ	PAD	1288		288	-13.7928
ピケ	引け	675		438	-17.6178
ピタッ	ぴたッ	1281		501	-17.6734
ピンピン	ぴんぴん	1281		501	-14.7914
ピコグラム	pg	1300		23	-16.5146
ピピッ	ピピっ	1281		501	-16.9196
ピリッ	ぴりっ	1281		501	-17.6734
ピソ		1289		273	-16.7429
ピャスト		1289		273	-13.5806
ピン		1285		64	-11.3193
ピク	引く	679		438	-14.9302
ピタゴラ		1288		501	-15.1918
ピンポイント		1289		320	-10.9063
ピューレ		1285		391	-14.8008
ピーオーピー	POP	1288		40	-13.5067
ピザヨウチーズ	ピザ用チーズ	1288		501	-13.9758
ピング	PNG	1288		431	-13.0927
ピーコ		1289		122	-13.2740
ピューッ	ぴゅーっ	1281		501	-17.6734
ピカピカッ	ぴかぴかっ	1281		501	-17.6734
ピエ		1288		241	-14.4401
ピエモンテ		1293		34	-12.5969
ピッ		1282		64	-11.5097
ピコグラム	pg	1285		23	-18.5146
ピデ		1285		501	-17.3938
ピーエス	Ps	1288		9	-13.7680
ピーシーアールホウ	PCR法	1288		100	-14.7836
ピンッ	ぴんっ	1281		501	-17.6734
ピービー	PB	1288		9	-12.4129
ピチュッ	ぴちゅっ	1281		501	-17.6734
ピンセット		1285		60	-13.8935
ピースフル		1288		501	-14.9735
ピーディーエフ	pdf	1285		493	-17.9351
ピッチング		1283		198	-12.6201
ピノノワール		1288		501	-14.5671
ピアニカ		1288		132	-14.4844
ピクル		1285		479	-15.5564
ピゲ		1289		501	-16.7429
ピギャッ	ぴぎゃっ	3		501	-16.9819
ピヨヒコ	ピヨ彦	1291		501	-16.6319
ピリット	ピリッと	1281		147	-12.5332
ピーエスピー	PSP	1289		296	-10.8160
ピーターポールエンドメアリー	PPM	1288		40	-14.7254
ピーエーシー	pac	1285		501	-17.9351
ピン	Ping	1288		453	-14.7153
ピヨ		1289		244	-12.8470
ピーシーハチハチマルイチ	PC-8801	1288		296	-13.3908
ピクン	ぴくん	1281		501	-13.7509
ピロゲル	ぴろげる	619		501	-18.4303
ピーシー	PC	1288		431	-9.1409
ピープル		1292		203	-11.7052
ピアサル	pearsall	1289		501	-16.8074
ピラ	ぴら	1281		437	-12.9403
ピルグリム		1288		417	-14.5140
ピアノトリオ		1288		223	-14.6815
ピーオト	ピー音	1288		451	-14.6661
ピーディーディー	pdd	1285		501	-17.9351
ピックアップトラック		1288		168	-13.1809
ピーアンドオーシーエル	p&ocl	1288		501	-17.6581
ピックアップシ	ピックアップし	1283	610	17	-11.3185
ピョイ	ぴょい	1281		501	-13.5757
ピカール		1288		210	-15.0380
ピーシーエフエックス	PC-FX	1288		296	-14.0746
ピーディーシー	PDC	1288		428	-13.1271
ピクニック		1285		228	-12.1943
ピーシーエム	PCM	1288		139	-12.8723
ピーエーピー	pap	1285		501	-18.8289
ピンスネ	賓順愛	1285		501	-18.3181
ピケット		1285		417	-14.3205
ピーアイエー	pia	1288		501	-17.6068
ピーケーケー	PKK	1288		326	-14.6842
ピーアールエスシー	prsc	1285		501	-17.9351
ピコボルト	㎴	1288		501	-20.0000
ピシャッ	ぴしゃっ	1281		501	-17.6734
ピーター・パン		1288		25	-13.8787
ピョコピョコ	ぴょこぴょこ	1281		501	-13.6277
ピル	昼	1288		501	
ピーアール	PR	1288		363	-9.7469
ピヨピヨ	ぴよぴよ	1281		501	-14.1145
ピンクリボン		1292		419	-13.5011
ピチッ	ピチっ	1281		501	-16.9196
ピーシーアール	pcr	1285		501	-17.9351
ピーアールシー	PRC	1288		20	-14.3117
ピープル		1289		203	-13.7725
ピエロ	ぴえろ	1285		96	-15.1919
ピリオド	.	1288		501	-20.0000
ピウス		1288		199	-12.6595
ピカドン	ぴかどん	1285		501	-19.2344
ピーエムエフ	pmf	1285		501	-17.9351
ピンク	Pink	1289		367	-12.8636
ピピピピ	ぴぴぴぴ	1281		501	-16.9196
ピカーン	ぴかーん	1281		501	-16.4570
ピーエックス	px	1288		221	-12.2593
ピアノ	PIANO	1288		302	-14.6277
ピーケーオー	pko	1285		501	-17.9351
ピンポーンッ	ぴんぽーんっ	1281		501	-17.6734
ピアニッシモ		1288		458	-13.7306
ピク	ぴく	695		501	-14.4539
ピラピラ	ぴらぴら	1281		501	-14.9309
ピラキ	開き	689		471	-17.6327
ピロゲリャ	広げりゃ	618		481	-18.4036
ピーエスファイブ	ps5	1288		501	-13.5643
ピエ		1300		241	-16.2782
ピーエルオー	PLO	1288		326	-13.1036
ピーディーエス	PDS	1288		430	-14.1389
ピーピー		1281		54	-13.1122
ピークアウト		1288		501	-14.4558
ピリッ	ピリっ	1281		501	-16.9196
ピーピーピー	ppp	1285		501	-17.9351
ピーディーティー	pdt	1285		501	-17.9351
ピーアイ	PI	1288		9	-13.2790
ピニオン		1289		95	-13.7997
ピピピ	ぴぴぴ	1281		501	-14.8112
ピポッ	ぴぽっ	1281		501	-17.6734
ピーチ	Peach	1289		40	-13.4397
ピーシーエーティーゴカンキ	PC/AT互換機	1288		315	-12.6064
ピタゴラスイッチ		1288		205	-14.1280
ピナ		1289		6	-16.7429
ピツ	筆	1300		312	-11.9678
ピンク		1285		242	-10.2387
ピジョン		1292		203	-12.7161
ピリカラ	ピリ辛	1288		501	-12.9071
ピーエスファイブ	PS5	1288		501	-11.7370
ピチャン	ぴちゃん	1281		501	-11.9048
ピアチェンツァ		1288		463	-14.0986
ピアース		1288		255	-13.6817
ピュロス		1289		146	-13.2624
ピーエスオーツー	PSO2	1288		415	-13.8677
ピーエルディー	pld	1285		501	-17.9351
ピクトグラム		1293		242	-11.7053
ピム		1288		25	-14.7860
ピイピイ	ぴいぴい	1281		501	-16.3924
ピラフ		1285		75	-13.4469
ピタリ	ぴたり	1282		418	-12.4576
ピッツバーグ		1293		138	-11.5381
ピーピービー	ppb	1300		221	-16.4501
ピリカグランプリ		1285		501	-15.0347
ピエールタキ	ピエール瀧	1289		67	-13.0685
ピョウ	彪	1291		128	-13.1819
ピンクレディー		1288		67	-14.8928
ピーエイチピー	php	1288		493	-14.6379
ピ	秘	1288		501	
ピーシーディーエフ	pcdf	1285		501	-17.9351
ピンキリ		1288		501	-13.7197
ピッチピチ	ぴっちぴち	1281		501	-15.5971
ピーカン		1288		113	-14.9431
ピーディーシー	pdc	1285		501	-17.9351
ピーブイエー	pva	1285		501	-17.9351
ピーエイチブイ	PHV	1288		105	-14.7701
ピン		1281		64	-16.9196
ピンク	pink	1285		277	-17.8906
ピーピーシー	PPC	1288		288	-14.6257
ピョンチャン	並唱	1285		501	-18.3181
ピイマルサマ	P丸様。	1289		122	-14.8500
ピーリング		1288		501	-14.7962
ピンク	ぴんく	1285		80	-14.1600
ピエン	ぴえん	1288		501	-11.8592
ピーツーブイ	P2V	1288		413	-14.7503
ピアキャロットヘヨウコソ	Pia♥キャロットへようこそ!!	1288		177	-24.8660
ピーエヌ	PN	1288		9	-13.8167
ピーアールイーエフ	pref	1285		501	-17.9351
ピノキオ		1289		51	-12.3398
ピロゲ	広げ	625		481	-18.5044
ピーエスエー	PSA	1288		181	-13.6354
ピコ	引こ	681		438	-17.6140
ピッツ		1289		448	-14.8352
ピース	Piece	1288		376	-14.8500
ピービーショウヒン	PB商品	1288		206	-14.3891
ピューマ		1285		499	-14.7521
ピースキーパー		1288		413	-14.8777
ピープル	people	1289		121	-10.8243
ピサ		1293		463	-11.5922
ピッツバーグ・スティーラーズ		1288		62	-14.1103
ピンポーン	ぴんぽーん	1281		501	-15.8328
ピーチャン	Pちゃん	1289		443	-13.1904
ピッタリ		1281		451	-10.0670
ピルキントン		1288		470	-15.8663
ピゲ		1288		501	-17.5206
ピーアイダブリュー	piw	1285		501	-17.9351
ピーナッツバター		1288		75	-13.6892
ピブーン		1285		68	-15.3494
ピーブイ	PV	1288		478	-9.3800
ピーオー	po	1288		44	-14.4020
ピーシーロクセンイチ	PC-6001	1288		315	-14.3776
ピー	🅿	1285		501	-24.1929
ピチピチピッチ	ぴちぴちピッチ	1288		177	-14.9459
ピ	ぴ	1281		80	-17.6734
ピヨピヨ		1281		418	-13.7780
ピーエヌピー	pnp	1285		501	-17.9351
ピアー	peer	1285		5	-18.0304
ピライ	開い	687		471	-17.6713
ピーエッチピーケンキュウジョ	PHP研究所	1288		136	-13.8634
ピ	皮	1288		501	
ピーゴー	P5	1288		213	-12.5884
ピピ		1288		164	-12.8432
ピウン	ぴうん	1281		501	-17.4704
ピチャピチャ	ぴちゃぴちゃ	1281		501	-15.1357
ピンクケイ	ピンク系	1285	1298	17	-12.8438
ピーエムエス	PMS	1288		100	-12.7155
ピーエーエスシー	pasc	1285		501	-17.9351
ピレ		1289		501	-16.7429
ピーマンヲ	ピーマンを	1285	156	17	-10.6400
ピル	ぴる	1285		80	-14.7290
ピトケアン		1288		222	-14.0807
ピロ		1288		83	-13.6414
ピーゼットティー	pzt	1285		501	-17.9351
ピョウ	平	1288		501	
ピョッコンコン	ぴょっこんこん	1281		501	-17.6734
ピクミン		1288		26	-13.1829
ピーツー	P2	1288		213	-11.4772
ピイピイピイ	ぴいぴいぴい	1281		501	-16.7571
ピリミジン		1288		83	-14.6837
ピーシーエム	pcm	1285		501	-17.9351
ピョウ	瓢	1288		501	
ピーシーキューハチ	PC-98	1288		315	-12.0081
ピラッ	ぴらっ	1281		501	-17.6734
ピピピッ	ぴぴぴっ	1281		501	-17.6734
ピレリ		1292		421	-12.5330
ピーイーシー	pec	1285		501	-17.9351
ピアース・ブロスナン		1289		496	-13.8477
ピンカートン		1289		11	-13.7540
ピンズ	筒子	1285		137	-18.2834
ピープロ		1288		96	-14.4126
ピュウ	ぴゅう	1281		501	-15.7168
ピーシーアイ	pci	1285		501	-17.8906
ピーエムディーディー	PMDD	1288		501	-14.1855
ピクチャー	picture	1285		376	-17.9351
ピクニック	picnic	1288		501	-17.5115
ピザヤ	ピザ屋	1285	1298	17	-12.8229
ピーシーアイ	PCI	1288		315	-13.0986
ピピピピッ	ぴぴぴぴっ	1281		501	-17.6734
ピピ		1281		164	-16.9196
ピカデリーサーカス		1288		347	-14.9001
ピッカピカ	ぴっかぴか	1281		501	-14.6517
ピーエル	P/L	1288		501	-14.0261
ピーターパン		1288		113	-13.8414
ピオーネ		1288		391	-14.7683
ピーエーエイチオー	paho	1285		501	-17.9351
ピーチャン	ピーちゃん	1288		501	-13.5908
ピーター・フォーク		1289		496	-13.7860
ピチッ	ぴちっ	1281		501	-17.6734
ピーキドウ	p軌道	1288		447	-13.9510
ピタリ		1282		137	-12.1753
ピーアールエス	prs	1285		501	-17.9351
ピシリ	ぴしり	1281		501	-17.6734
ピポピポ	ぴぽぴぽ	1281		501	-17.2191
ピクチャー	pictures	1285		367	-17.9351
ピー	ぴー	1281		80	-10.4868
ピーアールティーアール	prtr	1285		501	-17.9351
ピーターラビット		1288		393	-14.5962
ピーピー		1288		54	-14.3835
ピノス		1293		501	-15.6214
ピシピシッ	ぴしぴしっ	1281		501	-17.6734
ピリ	ぴり	1281		501	-12.8957
ピーエックス	PX	1288		315	-13.2715
ピレイ	比例	1283		182	-13.9958
ピーク		1285		143	-10.8568
ピタリ	ぴたり	1281		418	-17.6734
ピーシービーエス	pcbs	1285		501	-17.9351
ピース	piece	1285		121	-17.8906
ピング		1285		203	-14.5522
ピンバッジ		1288		445	-14.2664
ピポ	ぴぽ	1281		501	-14.5058
ピーエム	PM	1288		9	-11.2731
ピツ	泌	1288		501	
ピッカピカ		1282		184	-13.0703
ピア	ぴあ	1292		244	-10.9349
ピットイン		1288		63	-13.7071
ピザ	🍕	5		501	-23.2954
ピーエフ	PF	1288		9	-12.5112
ピックアップ		1283		64	-10.5263
ピリリー	ぴりりー	1281		501	-17.6734
ピルビンサン	ピルビン酸	1288		83	-13.7469
ピスタチオ		1289		391	-11.3264
ピント	ピンと	1282	328	17	-10.7917
ピーエイチピーシンショ	PHP新書	1288		419	-14.9543
ピーク	Peak	1288		107	-14.2981
ピーエムシー	pmc	1288		501	-17.5115
ピューン	ぴゅーん	1281		501	-15.7788
ピクリ	ぴくり	1281		501	-17.6734
ピジン		1288		340	-14.6477
ピリピリッ	ピリピリっ	1281		501	-16.9196
ピーケーオー	PKO	1288		53	-13.2724
ピング	png	1288		493	-13.4966
ピーイチキュー	p19	1289		501	-13.8743
ピーブイシー	PVC	1288		270	-14.1799
ピック		1285		64	-12.0442
ピーティービー	ptb	1285		501	-17.9351
ピョコタン	ぴょこたん	1281		501	-16.7671
ピーブイピー	pvp	1288		501	-14.6746
ピーエスワン	PS one	1288		24	-14.8532
ピアノサンジュウソウキョク	ピアノ三重奏曲	1288		416	-13.9908
ピーエスアイ	PSI	1288		294	-13.8550
ピストル		1285		320	-12.4208
ピース	Peace	1288		15	-12.1574
ピリピリ		1282		418	-11.4497
ピアーヴェ		1285		146	-14.9169
ピエタ		1288		130	-14.3293
ピーピー	PP	1288		9	-12.2608
ピク	ぴく	1281		501	-12.4881
ピアソン		1288		255	-13.9008
ピストルズ		1288		196	-14.1149
ピックアップ	pu	1288		207	-14.6514
ピョートル		1288		329	-13.2105
ピシッ	ピシっ	1281		501	-16.9196
ピザマン	ピザまん	1288		501	-14.7724
ピーチ	peach	1289		501	-13.7037
ピョンヤンチョッカツシ	平壌直轄市	1288		117	-14.9606
ピーシーディーディー	pcdd	1285		501	-17.9351
ピンタレスト	pinterest	1288		501	-14.8634
ピービーエックス	pbx	1285		501	-17.9351
ピーツー	p2	1288		454	-12.8569
ピト		1285		501	-16.3684
ピーティーピーエス	ptps	1285		501	-17.9351
ピカ	ぴか	1281		54	-12.9765
ピアノゴジュウソウキョク	ピアノ五重奏曲	1288		416	-14.4678
ピーディーエフファイル	PDFファイル	1288		363	-13.0393
ピカ		1281		462	-16.8624
ピョンヤン	平壌	1293		117	-10.6885
ピロール		1288		83	-14.6379
ピック	PIC	1288		45	-13.7535
ピーアイオー	pio	1285		501	-17.9351
ピーエスツー	PS2	1288		296	-11.7028
ピンカス		1289		448	-15.4550
ピカソ		1290		84	-10.7140
ピースフル		1287		501	-14.1661
ピンヨロウ	ぴんよろう	1281		501	-17.6734
ピーオーピーエス	pops	1285		501	-17.9351
ピョウ	票	1300		125	-17.6132
ピタード	pittards	1288		501	-17.6581
ピーチ	ぴーち	1285		501	-14.6186
ピーアイピー	pip	1285		501	-17.9351
ピョウ	表	1288		501	
ピンボケ		1283		501	-14.5304
ピーシーエーティー	pc−at	1285		501	-17.9351
ピシャッ	ピシャっ	1281		501	-16.9196
ピープル	People	1292		367	-13.4060
ピョウ	氷	1288		501	
ピーアイエスエー	pisa	1285		501	-17.9351
ピター	ぴたー	1281		501	-17.4704
ピアノ	ぴあの	1285		401	-18.4612
ピーモデル	P-MODEL	1289		196	-12.8652
ピチュ	ぴちゅ	1281		501	-15.2245
ピーエフピー	pfp	1285		501	-17.9351
ピーエスツー	PS/2	1288		315	-14.0051
ピアフ	PIAFS	1288		20	-14.8595
ピービーエス	PBS	1288		27	-13.6238
ピンク	PINK	1289		40	-13.2272
ピーエイチピー	PHP	1288		77	-12.2811
ピーキュウジュウ	P90	1288		213	-14.5704
ピアノノ	ピアノの	1285	368	17	-11.1516
ピエトロ		1292		329	-12.7805
ピーアールエスピー	prsp	1285		501	-17.9351
ピシピシ	ぴしぴし	1281		501	-16.2443
ピョンヤン		1293		117	-13.9897
ピンイン	拼音	1285		331	-13.6323
ピピ		1293		164	-16.4481
ピンカー	pinker	1289		501	-16.8074
ピッキング		1288		64	-13.4819
ピージーアンドイー	pg&e	1288		501	-17.6581
ピシャン	ぴしゃん	1281		501	-15.3783
ピチュー	ピチュ-	1288		501	-17.6068
ピンイン		1288		340	-12.8278
ピョンピョコ	ぴょんぴょこ	1281		501	-15.5971
ピーチ		1285		203	-12.8723
ピンクレディー	ピンク・レディー	1289		122	-13.9620
ピオ	ぴお	1288		501	-18.5231
ピーピーピーオーイー	pppoe	1285		501	-17.9351
ピーマンヲクチニ	ピーマンを口に	1285	151	17	-11.2982
ピーアールディー	prd	1285		501	-17.9351
ピション		1289		501	-15.5642
ピーダブルエフ	PWF	1288		141	-14.2611
ピノ		1285		203	-15.7308
ピクピクッ	ぴくぴくっ	1281		501	-17.6734
ピラニア		1285		499	-14.4394
ピーティーシー	PTC	1288		9	-14.6545
ピュウピュウ	ぴゅうぴゅう	1281		501	-17.1138
ピチュー		1288		484	-15.2254
ピレトリン		1285		111	-15.2774
ピーエヌジー	png	1285		493	-17.9351
ピーエフアール	pfr	1285		501	-17.9351
ピンク・レディー		1288		67	-14.0128
ピッコロ		1285		132	-12.5792
ピーピー	ぴーぴー	1281		501	-17.6734
ピス		1285		462	-15.4277
ピーエムテン	PM10	1288		23	-14.4648
ピュア	PURE	1288		40	-14.6410
ピーディーピー	PDP	1288		315	-12.3238
ピーティックス	peatix	1288		501	-14.8286
ピージーピー	PGP	1288		453	-14.7866
ピーエイチエス	phs	1285		501	-17.9351
ピーエスアイ	psi	1288		221	-17.6068
ピ	鄙	1288		501	
ピーシーエイト	PC-8	1289		315	-12.2071
ピアノソナタ		1288		416	-12.5105
ピキ	引き	689		438	-17.6327
ピチピチ		1281		54	-12.4532
ピネヲ	ヒ子ヲ	1289		501	-16.7429
ピリッ	ぴりッ	1281		501	-17.6734
ピタッ	ぴたっ	1281		501	-17.6734
ピーエル	pl	1285		493	-17.8906
ピーエッチイーブイ	PHEV	1288		501	-14.7836
ピービーエフ	pbf	1285		501	-17.9351
ピア	ぴあ	1291		244	-12.5309
ピット	PIT	1289		40	-13.3568
ピーエスフォー	PS4	1288		296	-11.6791
ピョンコラ	ぴょんこら	1281		501	-17.6734
ピョウ	評	1288		501	
ピーン	ぴーん	1281		501	-14.9406
ピザソース		1288		501	-14.6369
ピイ	ぴい	1289		80	-13.2302
ピザポテト		1288		501	-14.2601
ピープルカブシキガイシャ	ピープル株式会社	1292		501	-13.2754
ピーエムニーテンゴ	PM2.5	1288		23	-13.6762
ピーキュウジュウ	P-90	1288		213	-14.7187
ピョント	ぴょんと	1281		501	-14.1067
ピアノヲ	ピアノを	1285	156	17	-11.2871
ピーティオー	PTO	1288		288	-14.3165
ピキ	匹	1288		501	
ピーディーシーエーサイクル	PDCAサイクル	1288		294	-13.6590
ピーイーエーティー	peat	1285		501	-17.9351
ピーエー	pa	1300		44	-19.0146
ピクセル	pixel	1288		31	-14.5637
ピクサー		1292		179	-11.8692
ピーアールアイ	pri	1288		44	-17.6068
ピクシー		1289		89	-12.9058
ピアニスト		1285		98	-11.2479
ピージェービーディー	pjbd	1285		501	-17.9351
ピーエイチディー	ph.d.	1285		501	-17.9351
ピヨコ	ぴよこ	1289		501	-13.4447
ピラミッドコウゾウ	ピラミッド構造	1288		186	-14.6671
ピンボケ	ピンぼけ	1285		501	-18.0304
ピーエー	pa	1285		44	-17.9351
ピーイーアール	per	1288		226	-12.1481
ピーケー	PK	1288		211	-11.4053
ピピッ	ぴぴっ	1281		501	-17.6734
ピーダブリュアール	PWR	1288		213	-14.8557
ピーディーエー	PDA	1288		431	-12.8154
ピーカンナッツ		1288		501	-14.0872
ピョウ	標	1288		501	
ピタゴラスオンリツ	ピタゴラス音律	1288		458	-14.4375
ピッタリ	ぴったり	1287		48	-10.7913
ピラク	開く	695		471	-14.4539
ピン	嬪	1288		501	
ピル	晝	1288		501	
ピート・サンプラス		1289		7	-13.6128
ピョンッ	ぴょんっ	1281		501	-17.6734
ピラケ	開け	685		471	-17.6166
ピーエスヴィータ	PS Vita	1288		24	-14.8053
ピーシーエヌ	pcn	1285		501	-17.9351
ピービーエス	pbs	1285		501	-17.9351
ピリジン		1288		83	-14.0300
ピンハネ	ピンはね	1283		501	-16.4630
ピーエヌエス	pns	1285		501	-17.9351
ピージェイ	PJ	1288		105	-12.2047
ピーオージー	POG	1288		152	-14.6671
ピイ	引い	687		438	-17.6713
ピニア		1285		501	-15.2392
ピンフォール		1288		141	-13.0865
ピターン	ぴたーん	1285		501	-19.2344
ピュア	pure	1288		121	-14.2771
ピーエフシー	PFC	1288		348	-13.8575
ピーエー	PA	1288		20	-11.0712
ピカッ	ピカっ	1281		501	-16.9196
ピージー	pg	1300		23	-19.0146
ピージー	pg	1285		23	-17.9351
ピートラ		1288		501	-14.8035
ピカレスク		1288		393	-14.9075
ピート・タウンゼント		1289		196	-13.4667
ピクシブ		1288		396	-13.0237
ピーティーエム	ptm	1285		501	-17.7303
ピーフォーティセブン	P-47	1288		413	-13.3744
ピリカラ	ピリ辛	1287		501	-17.0669
ピロゲロ	広げろ	623		481	-18.4225
ピーシーピー	PCP	1288		83	-14.6966
ピーティー	pt	1285		221	-17.9351
ピューロ		1285		501	-14.7036
ピーエスエー	psa	1285		501	-17.9351
ピカピカ	ぴかぴか	1281		501	-12.8245
ピラク	ぴらく	695		501	-14.4539
ピーターポールエンドメアリー	ppm	1288		221	-12.8657
ピンクカミ	ピンク髪	1285		17	-12.5927
ピオ		1288		199	-15.0190
ピヤ		1289		501	-16.7429
ピーアールティー	prt	1285		501	-17.9351
ピノチェト		1288		68	-13.6588
ピーエーエスオーケー	pasok	1285		501	-17.9351
ピクリ		1281		501	-13.7357
ピストル	ぴすとる	1285		501	-18.5412
ピードモント		1285		432	-15.1568
ピーシーキュウハチマルイチ	PC-9801	1288		315	-12.6512
ピーシーアールケンサ	PCR検査	1288		501	-11.3919
ピーエスイー	pse	1285		501	-17.9351
ピーエスジー	PSG	1289		315	-12.6448
ピングレ		1288		501	-15.8805
ピロゲヨ	広げよ	624		481	-18.4223
ピンタレスト	Pinterest	1288		363	-13.2907
ピーエルシー	plc	1285		181	-17.9351
ピーシーバン	PC-VAN	1288		363	-14.3449
ピチカート・ファイヴ		1288		67	-14.4477
ピム		1289		25	-16.7429
ピュア		1287		66	-10.9113
ピ	碑	1288		501	
ピーエーディー	pad	1285		5	-17.9351
ピブーンソンクラーム		1285		215	-14.6805
ピーエスオー	PSO	1288		415	-14.1395
ピンストライプ		1288		242	-14.9108
ピューリッツァーショウ	ピューリッツァー賞	1288		313	-13.3613
ピッチクロック		1288		501	-14.2604
ピース	peace	1285		121	-17.8906
ピーピービー	ppb	1288		221	-14.9692
ピュージェット・サウンド		1288		37	-14.6837
ピーケーアイ	PKI	1288		15	-14.8218
ピンキー		1289		203	-12.8652
ピコピコ		1281		501	-13.7445
ピボ		1288		501	-18.6856
ピンポーン		1281		501	-13.0154
ピーエスピーエス	psps	1285		501	-17.9351
ピタゴラス		1285		88	-13.4967
ピ	否	1288		501	
ピーエスシー	PSC	1288		430	-14.7509
ピコ		1288		203	-12.6909
ピカ		1285		462	-18.4612
ピシー	ぴしー	1281		501	-16.3650
ピュッピュッ	ぴゅっぴゅっ	1281		501	-16.5665
ピューリタン		1288		446	-13.4226
ピルマ	昼間	1314		380	-17.2034
ピタット	ぴたっと	1281		476	-13.4932
ピカイチ		1285		56	-14.1925
ピルクル		1288		501	-14.8551
ピロロロロ	ぴろろろろ	1281		501	-17.6734
ピーゴー	p5	1288		454	-13.8059
ピ	臂	1288		501	
ピー		1285		80	-14.0535
ピーシーエス	pcs	1285		501	-17.9351
ピコ	ぴこ	1281		80	-12.3897
ピーダヴリュエム	PWM	1288		384	-14.0194
ピロゲヨ	広げよ	621		481	-18.4255
ピーティーエス	pts	1288		241	-17.5115
ピーエフシー	pfc	1285		501	-17.9351
ピ	費	1288		501	
ピピン		1289		273	-11.8055
ピンホール		1288		501	-14.6624
ピクルス		1285		75	-13.1256
ピザキジ	ピザ生地	1288		501	-14.3372
ピロゲン	広げん	620		481	-18.4227
ピタ	ぴた	1281		205	-13.3802
ピーター・ガブリエル		1288		196	-14.8101
ピカイチ	ぴか一	1285		501	-18.0609
ピィチャン	ぴぃちゃん	1289		501	-13.4102
ピーエス	ps	1285		221	-18.0304
ピーシーアイエクスプレス	PCI Express	1288		315	-13.8055
ピーエーリスク	PA-RISC	1288		315	-14.5067
ピストン		1285		95	-11.9844
ピアーズ		1290		255	-13.3008
ピタット	ピタッと	1281		501	-12.3548
ピチカート		1285		458	-15.1056
ピエゾ		1288		384	-14.9354
ピョ〜ン	ぴょ〜ん	1281		501	-17.6734
ピアノズ	pianos	1285		501	-17.8481
ピロシキ		1289		391	-13.2893
ピーティーエスディー	ptsd	1285		501	-17.9351
ピービーアール	PBR	1288		9	-13.7402
ピエロ		1285		51	-12.6152
ピアソラ		1288		223	-14.9361
ピエール		1289		329	-10.8785
ピピ	ぴぴ	1281		501	-12.5490
ピラコ	開こ	681		471	-17.6140
ピーアール	pr	1288		277	-13.3023
ピーイーティー	pet	1285		5	-17.9351
ピジョン	pigeon	1285		501	-17.9351
ピッグ		1288		149	-15.1575
ピーシーエンジン	PCエンジン	1288		296	-12.2482
ピ	被	1288		501	
ピンゲイニン	ピン芸人	1289		324	-12.2868
ピューロランド		1288		2	-14.1845
ピュア	ぴゅあ	1287		113	-17.3546
ピース		1285		64	-11.3724
ピ	陽	1314		58	-18.1197
ピッシャリ	ぴっしゃり	1281		501	-17.1138
ピニン	ぴにん	1285		501	-19.2344
ピージーエー	PGA	1288		7	-12.9927
ピクトジン	ピクト人	1288		359	-14.8790
ピストンズ		1288		62	-13.5910
ピーダブリューエフヘビーキュウオウザ	PWFヘビー級王座	1288		250	-15.0041
ピキャ	引きゃ	677		438	-17.6110
ピッグスワンジケン	ピッグス湾事件	1288		298	-14.7332
ピュ	ぴゅ	1281		501	-13.4952
ピーピーエムブイ	ppmv	1300		501	-16.4501
ピクセル		1285		45	-12.5115
ピッコマ		1288		501	-13.3212
ピ〜	ぴ〜	1281		501	-13.3659
ピシャリ		1282		501	-13.5574
ピタパ	PiTaPa	1292		118	-10.7242
ピウスツキ		1288		434	-14.3380
ピーピーブイ	PPV	1288		141	-12.6293
ピアノソロ		1285		17	-13.5598
ピン	品	1298		270	-18.5163
ピーロク	P6	1288		213	-13.1818
ピーピーアイ	PPI	1288		288	-14.8468
ピレン		1288		100	-14.9713
ピョンアン	平安	1293		312	-17.7008
ピーシーティー	pct	1285		501	-17.9351
ピーピー	pp	1285		493	-17.9351
ピイナ		1285		501	-14.2863
ピーピーエーピー	PPAP	1288		197	-14.1158
ピッピ		1289		51	-12.6244
ピュー	ぴゅー	1281		501	-17.6734
ピッタリ	ぴったり	1281		48	-9.8568
ピイサンシイ	P-3C	1288		413	-13.5559
ピッピッ	ぴっぴっ	1281		501	-15.9686
ピーイーアール	PER	1288		31	-13.5070
ピーッ	ぴーっ	1281		501	-17.6734
ピョッコリ	ぴょっこり	1281		501	-16.3318
ピョンアンナムド	平安南道	1288		117	-14.7332
ピーディーエフ	PDF	1288		431	-11.2009
ピクチャーズ		1285		203	-14.4753
ピシャ	ぴしゃ	1281		501	-15.5072
ピ〜ン	ぴ〜ん	1281		501	-17.6734
ピエロ	🤡	5		501	-22.0650
ピチレモン		1288		136	-14.4490
ピロ	ぴろ	1288		80	-13.2749
ピー・プロダクション		1288		96	-14.8595
ピウ		1285		501	-17.5667
ピーシーエス	PCS	1288		9	-14.5036
ピーエイチディー	phd	1285		501	-17.9351
ピーラー		1288		501	-13.4290
ピカルディ		1285		34	-15.3304
ピースケ	ピー助	1288		164	-17.6068
ピーディー	PD	1288		9	-12.3818
ピラ	平	1288		501	
ピコッ	ピコっ	1281		501	-16.9196
ピーケーセン	PK戦	1288		178	-11.9450
ピーエイチシー	phc	1288		501	-17.5115
ピーディーシーエー	PDCA	1288		501	-12.7682
ピーエムエフ	PMF	1288		419	-13.3457
ピザ	ぴざ	1285		501	-15.2362
ピアノトリオ		1289		223	-13.8050
ピクト		1292		340	-13.2627
ピニン	非人	1285		275	-20.0120
ピーシービー	pcb	1285		501	-17.9351
ピート		1291		25	-11.5295
ピーシー	pc	1288		226	-12.3458
ピッツバーグ・パイレーツ		1288		306	-13.6013
ピカチュウ		1289		26	-10.7981
ピョンチャンオリンピック	平昌オリンピック	1288		224	-14.8822
ピラリ	ぴらり	1281		501	-16.9196
ピーターソン		1289		255	-12.8269
ピコアンペア	㎀	1288		501	-20.0000
ピサ	PISA	1288		85	-14.1920
ピント		1285		64	-12.3016
ピ	毘	1288		501	
ピーダブリューアール	pwr	1285		501	-17.9351
ピカー		1288		501	-14.8563
ピンズ	筒子	1288		137	-14.9501
ピリッポス		1288		273	-13.8341
ピーエー	P-A	1288		9	-14.9642
ピアツーピア	P2P	1288		431	-13.1298
ピリカ		1289		184	-11.6941
ピンクムーン		1285		17	-13.3904
ピアノセン	ピアノ線	1288		284	-14.2116
ピカーンッ	ぴかーんっ	1281		501	-17.6734
ピア		1292		347	-11.5733