ブショウ	撫松	1293		501	-17.5467
ブシュウ	武周	1288		246	-18.5231
ブラウザー		1285		431	-15.1170
ブルガリアセイキョウカイ	ブルガリア正教会	1288		325	-14.7854
ブンチ	分知	1285		108	-18.6282
ブタキムチ	豚キムチ	1288		501	-14.0469
ブユウデン	武勇伝	1288		74	-12.8938
ブワイフ		1285		359	-14.7101
ブラサガリ	ぶら下がり	788		379	-12.1969
ブルース		1291		196	-10.5676
ブットバス	ぶっ殺す	731		501	-12.1427
ブンガ	分が	1298	148	17	-11.4008
ブリッジ	Bridge	1289		107	-12.1883
ブドウカンライブ	武道館ライブ	1288		172	-14.2167
ブリョウ	武陵	1290		58	-13.0911
ブエノスアイレスシュウ	ブエノスアイレス州	1288		272	-14.2782
ブックカフェ		1288		501	-14.1398
ブルドッグ		1285		149	-14.0840
ブイ	武夷	1293		501	-17.7008
ブクレル	脹れる	619		501	-18.4303
ブツリエンザン	物理演算	1288		501	-14.8563
ブッ	ぶっ	559		420	-6.3696
ブレツ	武烈	1285		440	-18.6282
ブンゲイシュンジュウ	文藝春秋	1292		136	-9.1805
ブデ	部で	1298	149	17	-11.1580
ブリュワリー		1285		501	-15.3487
ブンアン	文案	1285		106	-14.9979
ブロ	ぶろ	1298		78	-12.6394
ブタモモ	豚もも	1285		501	-18.7236
ブ	葡	1288		501	
ブシ		1285		462	-15.0287
ブログネタ		1285		501	-15.2277
ブラニフ		1288		87	-15.0652
ブガリ	歩刈	1285		501	-18.6282
ブテイ	武帝	1289		246	-10.7268
ブンキョウ	文京	1291		81	-15.4082
ブネン	不念	1285		501	-18.7236
ブイアール	vr	1285		501	-17.9351
ブラジリア		1293		272	-12.5876
ブンシュンブンコ	文春文庫	1288		136	-12.8621
ブラウンシュヴァイク		1285		34	-13.5465
ブ	部	1298		304	-6.9646
ブリッジ	bridge	1283		5	-17.5433
ブロウ	蕪陋	1287		501	-17.4416
ブリアンツァ		1293		483	-14.1275
ブトコロ	懷	1288		501	
ブルーリボン		1288		168	-13.0463
ブクレロ	脹れろ	623		501	-18.4225
ブラウザバン	ブラウザ版	1288		501	-14.1993
ブス	ぶす	1285		437	-18.9467
ブンテン	聞天	1291		76	-18.1724
ブイエフエス	vfs	1285		501	-17.9351
ブタサラ	豚皿	1285		501	-18.7236
ブッコウ	物交	1285		501	-18.6282
ブレスラウ		1285		463	-14.1561
ブングメーカー	文具メーカー	1288		274	-13.9320
ブロックショット		1288		377	-14.8538
ブンナゲレ	ぶん投げれ	617		501	-12.6381
ブンカガ	文化が	1285	148	17	-10.8447
ブンゲツ	文月	1291		343	-14.9535
ブバッ	武ばっ	786		501	-18.2359
ブチ	緣	1288		501	
ブルッ	ぶるッ	1281		501	-17.6734
ブモンベツ	部門別	1288		318	-13.9474
ブランドイメージ		1288		79	-12.9871
ブルジョア		1285		388	-13.7073
ブタイ	ぶたい	1285		501	-18.9467
ブラックモンブラン		1288		501	-14.2832
ブンカ	文華	1285		392	-18.6282
ブンセン	文選	1283		342	-13.7328
ブゥ	ぶぅ	1288		501	-13.8343
ブ	蜉	1288		501	
ブンシンロボット	分身ロボット	1285		17	-13.0661
ブンタイ	文泰	1291		128	-18.1724
ブンカチョウゲイジュツサイ	文化庁芸術祭	1288		313	-14.1664
ブラジルリョウリ	ブラジル料理	1288		501	-14.6503
ブッキョウガクシャ	仏教学者	1288		323	-13.8364
ブレ	振れ	768		379	-18.5466
ブットバス	ブッ飛ばす	731		501	-16.6276
ブソウ	奉奏	1283		501	-18.0694
ブンシリョウ	分子量	1288		23	-12.0860
ブンカサイ	文化祭	1288		224	-11.0933
ブアツク	ぶ厚く	35		501	-14.6731
ブサイク	不細工	1285		56	-14.5628
ブジキタク	無事帰宅	1287	1283	17	-12.7347
ブラサガル	ぶら下がる	772		379	-12.0699
ブ	侮	1288		501	
ブッタ		1285		501	-15.2102
ブタゲ	ブタ毛	1285		501	-18.0817
ブチギレラ	ブチギレら	780		501	-13.2594
ブラサガッ	ぶらさがっ	786		155	-14.4160
ブーツ	Boot	1289		232	-12.9652
ブライアン・ウィルソン		1289		196	-13.2929
ブンリシュギ	分離主義	1288		326	-13.3509
ブッカジョウショウ	物価上昇	1283		422	-13.0959
ブアチケリャ	ぶ厚けりゃ	15		501	-14.2147
ブジュン	撫順	1289		501	-12.9362
ブニン	無人	1287		320	-12.9105
ブハラ		1293		359	-12.1021
ブライ		1285		417	-13.7829
ブルトン		1289		408	-11.9672
ブッパナス	打っ放す	731		501	-17.4749
ブリティッシュ		1288		347	-12.6916
ブックレビュー		1285		201	-14.8923
ブイエイチエス	VHS	1288		24	-11.2415
ブログ	blog	1285		363	-17.8906
ブンカケイ	文化系	1288		253	-12.9924
ブンリョウ	分領	1290		464	-13.1223
ブタシナミ	不嗜	1287		501	-17.2745
ブ	浮	1288		501	
ブラジルダイヒョウ	ブラジル代表	1288		428	-12.3975
ブリング	Bring	1289		376	-12.9765
ブックエンド		1285		90	-15.3277
ブカッコウ	不恰好	1287		169	-13.5144
ブシン	武臣	1285		246	-14.8107
ブンサン	ぶんさん	1283		331	-14.6795
ブンシイデンガク	分子遺伝学	1288		239	-14.4541
ブアチケレ	ぶ厚けれ	13		501	-14.2147
ブッタマゲル	打っ魂消る	619		501	-18.4303
ブッテキ	仏的	1287		501	-17.4416
ブロイラー		1285		55	-14.2685
ブーレーズ		1290		416	-13.0423
ブンシ	分詞	1285		327	-13.3631
ブアツウ	部厚う	31		501	-16.5546
ブル	振る	886		379	-13.9567
ブンカフクソウガクイン	文化服装学院	1292		187	-13.2841
ブタ	🐖	5		501	-23.3409
ブンヨ	文誉	1290		501	-17.7354
ブンピツ	文筆	1285		323	-12.1019
ブンゲツ	分蘖	1283		501	-18.0694
ブイビーエル	vbl	1285		501	-17.9351
ブレンダン		1289		25	-13.9586
ブリ	振	1298		395	-18.1108
ブンセキシ	分析し	1283	610	17	-10.5050
ブンノシン	文之進	1291		501	-18.1724
ブリタニカ		1285		59	-14.1478
ブバッ	武張っ	786		501	-18.2359
ブランドスローガン		1288		40	-14.9258
ブタイデ	舞台で	1285	149	17	-11.2170
ブネン	無念	1285		161	-15.9070
ブト	蚋	1285		501	-18.7236
ブンヤベツ	分野別	1288		501	-13.4950
ブリテントウ	ブリテン島	1288		359	-13.4289
ブルック		1289		255	-12.5818
ブソウ	武相	1293		501	-17.7008
ブッキラボウ	ぶっきらぼう	1287		66	-13.2420
ブラインドタッチ		1288		501	-14.4787
ブン	分	1298		163	-7.3744
ブキン	ぶきん	1285		501	-18.9467
ブンキメイレイ	分岐命令	1288		45	-13.9666
ブエナビスタ		1288		245	-14.7503
ブセ	布施	1285		238	-18.1624
ブバレ	武ばれ	768		501	-18.2101
ブブンノ	部分の	1285	368	17	-10.5468
ブコツ	無骨	1287		66	-12.5901
ブッツヅケ	打っ続け	1285		501	-18.7236
ブリタニア		1285		359	-14.2711
ブリカエシ	振り返し	1285		501	-18.7236
ブッテキ	物的	1287		287	-11.8444
ブタバラ	ぶたばら	1285		501	-19.2344
ブルート		1289		89	-13.8271
ブネ	槽	1288		501	
ブンガ	文我	1291		501	-18.1724
ブレーキソウチ	ブレーキ装置	1285	1283	17	-13.0767
ブレイコウ	無礼講	1285		482	-14.8670
ブトキ	太き	21		333	-18.4977
ブタ		1285		499	-12.2589
ブチコマ	ぶち込ま	764		501	-10.4159
ブンロク	文祿	1285		501	-18.7236
ブレイク		1289		478	-10.3729
ブッツブレル	打っ潰れる	619		501	-18.9412
ブンナゲリャ	ぶん投げりゃ	618		501	-12.6183
ブツダ	佛陀	1285		501	-18.3181
ブルーバック		1288		139	-13.7806
ブンノウ	分納	1283		465	-16.0035
ブラッ	ぶらっ	1281		113	-17.6734
ブルックリン・ドジャース		1288		348	-14.9190
ブイジカイフク	V字回復	1288		318	-13.7516
ブットバス	打っ飛ばす	731		501	-17.4749
ブッフェ		1288		228	-14.5874
ブンエン	文苑	1285		396	-16.5695
ブンシャカ	分社化	1288		378	-12.6856
ブリ	ぶり	1285		143	-13.3136
ブンナゲ	ぶん投げ	622		501	-12.6517
ブチ	淵	1285		3	-14.6141
ブアチカレ	部厚かれ	29		501	-16.5452
ブッショク	物色	1283		290	-12.8713
ブツマ	仏間	1285		435	-14.6269
ブラジルテイコク	ブラジル帝国	1288		446	-14.8595
ブンショウガ	文章が	1285	148	17	-10.6278
ブツドウ	仏堂	1285		435	-14.0399
ブレシル		1285		501	-15.2454
ブンゲイジヒョウ	文芸時評	1288		201	-14.8348
ブイエイチエス	vhs	1285		501	-17.9351
ブロス	Bros	1289		493	-12.9094
ブル	ぶる	772		437	-9.9858
ブカツチュウ	部活中	1285	1305	17	-13.5342
ブタイウラ	舞台裏	1285		451	-12.5422
ブッセイ	物性	1285		339	-12.9445
ブンゴ	文吾	1291		285	-13.5299
ブドマリ	歩留	1285		194	-18.6282
ブアツキャ	ぶあつきゃ	17		501	-15.2066
ブタメシ	豚飯	1285		501	-18.7236
ブキョウ	武侠	1288		393	-14.3615
ブタアワビ	豚あわび	1285		501	-18.6282
ブベツ	侮蔑	1283		252	-12.6200
ブンコウ	分校	1285		253	-11.9035
ブッシ	仏歯	1285		501	-18.6282
ブタイショウジョ	舞台少女	1285		17	-13.2376
ブッショ	仏所	1285		501	-18.6282
ブンコウ	分光	1283		339	-12.4917
ブンプク	ぶんぷく	1281		501	-17.6734
ブッソン	物損	1285		501	-18.6282
ブラジル	伯西爾	1294		501	-17.0867
ブンコ	ぶんこ	1285		331	-14.2657
ブツエン	仏縁	1285		501	-16.7439
ブンマツ	文末	1285		327	-12.8620
ブンナグン	ぶん殴ん	782		501	-12.2518
ブ	穗	1288		501	
ブッコワス	打壊す	731		501	-17.4749
ブンノ	文の	1285	368	17	-11.4127
ブタイアイサツ	舞台挨拶	1288		172	-12.0993
ブタマメ	豚マメ	1285		501	-18.7236
ブンジロウ	文治郎	1291		497	-14.8051
ブンコウキ	分光器	1288		339	-14.5027
ブジン	舞人	1285		74	-18.6282
ブートストラップ		1288		45	-14.6441
ブルルル	ぶるるる	1281		501	-17.6734
ブンガッ	文學	1285		57	-18.8289
ブンカイシャ	分解者	1288		355	-14.6650
ブブンモアル	部分もある	1285	772	17	-11.1964
ブルトゥス		1288		273	-14.4371
ブンショウ	文樵	1291		501	-17.8847
ブブンシュウゴウ	部分集合	1288		447	-12.1264
ブンカジン	文化人	1288		323	-11.8451
ブラッシュ		1285		64	-14.8645
ブロンソン	武論尊	1289		96	-13.6598
ブレイザーズ		1288		62	-14.5108
ブアン	扶安	1293		501	-17.7008
ブルースマン		1288		196	-14.9865
ブッキョウヨウゴ	仏教用語	1288		365	-13.3804
ブタイチョウ	部隊長	1285	1298	17	-13.5033
ブブンシュウゴウ	⊃	1288		501	-19.1250
ブマ	ぶま	1287		36	-14.7960
ブバリャ	武張りゃ	770		501	-18.2100
ブクン	ぶくん	1285		501	-14.5814
ブンカイ	文海	1291		501	-15.6709
ブリカエサ	ぶり返さ	733		501	-12.4655
ブンキン	文欽	1289		8	-12.7075
ブンリン	文鱗	1291		501	-18.1724
ブリトー		1288		347	-14.4205
ブンセイシ	分生子	1288		333	-13.0445
ブックオフ		1288		35	-12.6941
ブッカ	物化	1285		501	-16.3722
ブンゴタカダ	豊後高田	1293		473	-14.8386
ブエルタ・ア・エスパーニャ		1288		7	-14.7573
ブセ	ぶせ	729		437	-11.1347
ブイオーユー	vou	1288		501	-17.6581
ブバライ	賦払い	1285		501	-18.1929
ブンレイ	文禮	1285		501	-18.6282
ブングン	蚊軍	1285		501	-18.6282
ブレン	ぶれん	620		471	-11.7866
ブンゴウ	文豪	1285		84	-12.7177
ブイビー	VB	1288		213	-13.3339
ブンゲイサークル	文芸サークル	1285		17	-12.6918
ブンリガッ	文理学	1285		383	-18.9467
ブンショク	分植	1291		501	-18.1724
ブンゴオオノ	豊後大野	1293		501	-17.7008
ブンゼン		1289		210	-14.0687
ブッパナス	打っぱなす	731		501	-17.4749
ブロックバスター		1292		378	-13.6219
ブンセイ	文政	1288		21	-18.5231
ブログアフィリエイト		1285		501	-15.1820
ブルゴス		1289		34	-13.2147
ブレードランナー		1288		496	-13.7148
ブコツ	武骨	1287		501	-17.5369
ブンイジョウ	分以上	1298	1313	17	-13.2289
ブシュウ	撫州	1293		104	-17.7008
ブツジ	仏事	1285		32	-14.1325
ブイオーワイ	VOY	1288		415	-14.5913
ブケテンソウ	武家伝奏	1288		108	-14.1299
ブルゾン		1285		256	-14.7287
ブンダン	文壇	1285		323	-12.6001
ブルルルルッ	ぶるるるるっ	1281		501	-17.6734
ブンカ	分課	1285		227	-16.3385
ブロー		1285		64	-13.2666
ブキヨウサ	不器用さ	1287	1304	17	-12.9132
ブッツヅケ	ぶっ続け	1285		501	-14.7072
ブンショウ	分省	1285		501	-18.6282
ブンシュンシンショ	文春新書	1288		136	-14.0438
ブアイソウ	無愛想	1285		127	-15.0549
ブルーフォード		1288		501	-14.8218
ブン	分	560		163	-8.9784
ブンサン	文山	1293		117	-17.7008
ブツケリャ	ぶつけりゃ	618		379	-10.0588
ブンショウトクホン	文章読本	1288		501	-14.8862
ブッサン	仏参	1283		501	-17.4154
ブンカゲイジュツ	文化芸術	1285		17	-13.1395
ブットウ	仏頭	1285		501	-18.6282
ブンチ	分地	1283		275	-15.4107
ブナ	桕	1288		501	
ブタイバン	舞台版	1288		179	-13.2740
ブッチョク	仏勅	1285		501	-18.6282
ブラジル	伯刺西爾	1294		501	-17.0867
ブンカンナイ	分かんない	1285	20	17	-10.5133
ブッポウソウ		1285		218	-14.3373
ブリル		1292		426	-12.3453
ブンカコウロウシャ	文化功労者	1288		313	-12.6474
ブシュ	部首	1285		327	-13.1024
ブルル	ぶるる	1281		501	-15.4901
ブタイカ	舞台化	1288		179	-13.0755
ブンリカ	文理科	1285		406	-18.6282
ブンコウ	文耕	1291		501	-18.1724
ブガク	舞楽	1285		312	-14.3589
ブ	麩	1285		75	-18.9467
ブンイ	分位	1285		501	-19.0802
ブイエム	VM	1288		315	-12.9623
ブッ		1281		244	-11.8117
ブトウカイ	舞踏会	1288		290	-12.8475
ブラザビル		1293		501	-15.1359
ブッテキ	ぶってき	1287		501	-17.6422
ブンガッ	文学	1285		323	-18.6282
ブ	嘸	1288		501	
ブツリテキ	物理的	1288		287	-10.5436
ブロ	ぶろ	1285		78	-14.4447
ブキ	ぶき	1285		437	-13.3045
ブルターニュ		1293		446	-11.0328
ブンメイノショウトツ	文明の衝突	1288		291	-14.9265
ブンカク	文革	1291		298	-16.5629
ブレマートン		1288		230	-14.3495
ブンナグン	ぶん殴ん	774		501	-12.2518
ブンカホウソウ	文化放送	1285	1283	17	-13.1205
ブリッジ		1283		64	-14.5462
ブルーレイディスク		1288		24	-14.6106
ブンルイ	分類	1283		501	-17.9953
ブダテ	部立	1285		403	-18.6282
ブタイショウメイ	舞台照明	1288		84	-14.6939
ブラックアフリカ		1288		240	-14.6842
ブス	ぶす	731		437	-11.1452
ブラウ		1289		149	-14.4720
ブル	ブる	772		501	-17.7305
ブルジョワ		1288		388	-12.2963
ブバイ	浮盃津	1293		501	-17.7008
ブカン	武鑑	1285		108	-13.9576
ブンゲイブ	文芸部	1288		449	-12.7768
ブコバル		1293		501	-15.7549
ブリ	鰤	1285		93	-13.9736
ブアチキ	分厚き	21		60	-10.4390
ブレヨ	ぶれよ	624		471	-11.7862
ブカブカ	ぶかぶか	1281		501	-14.0156
ブタノール		1285		405	-14.8611
ブッタイ	物躰	1285		501	-18.6282
ブツゴ	仏語	1285		340	-16.5070
ブンコクホウ	分国法	1288		275	-14.4477
ブイエフアール	VFR	1288		213	-14.1757
ブック	book	1285		121	-17.9351
ブチコム	ブチこむ	762		501	-16.4973
ブットオシ	ぶっ通し	1285		501	-19.2344
ブクレ	膨れ	625		471	-18.5044
ブクガ		1285		501	-15.1814
ブーバー		1289		90	-13.2008
ブルーバード		1288		168	-13.3740
ブラスター	blaster	1285		501	-17.9351
ブルマイ	振る舞い	1285		252	-12.4567
ブンロクケイチョウノエキ	文禄・慶長の役	1288		498	-13.1245
ブンシュウ	文集	1285		342	-13.1191
ブアチ	分厚	11		60	-10.6009
ブオ〜ン	ぶお〜ん	1281		501	-17.6734
ブタサン	豚さん	1285	1302	17	-12.7630
ブラブラ		1282		418	-12.1015
ブシン	普請	1283		108	-17.7933
ブンポウ	分封	1283		135	-18.0694
ブレイザー		1289		421	-13.1614
ブンリ	文理	1285		253	-13.1415
ブリン	🍮	5		501	-21.7511
ブリーダーズカップ・クラシック		1288		245	-14.8790
ブンカカイ	文化会	1288		300	-14.6282
ブンタン	文旦	1285		501	-14.7804
ブッタオレル	打っ倒れる	619		501	-18.9412
ブレグジット		1288		501	-14.6462
ブロードアピール		1288		501	-15.8769
ブリニ	ぶりに	1298	151	17	-10.2650
ブレ	ぶれ	1285		60	-19.2344
ブネ	船	1285		230	-18.8289
ブットバス	ブっとばす	731		501	-16.6276
ブショウヒゲ	無精髭	1285		147	-15.1290
ブラー		1289		196	-12.8764
ブリカエシ	ぶり返し	735		101	-12.3200
ブンベツ	分べつ	1283		501	-17.9953
ブルマイ	振るまい	1285		460	-18.9467
ブレル	ブレる	619		501	-17.7372
ブンカン	文官	1285		123	-12.8099
ブソウセイリョク	武装勢力	1288		326	-12.5224
ブンルイサ	分類さ	1283	605	17	-10.3383
ブンカイ	文匯	1285		501	-18.6282
ブイトール	vtol	1285		501	-17.9351
ブロシキ	ブロ敷き	1285		501	-18.1358
ブブン	舞文	1283		501	-18.0694
ブライ	無頼	1287		74	-17.4416
ブリ	風	1298		307	-19.2094
ブラクモンダイ	部落問題	1288		154	-14.0872
ブリスベン		1293		272	-11.5619
ブルマー		1285		295	-14.5363
ブキ	吹き	1298		60	-14.0918
ブッポウ	佛法	1285		501	-18.5412
ブランブラン	ぶらんぶらん	1281		501	-16.3318
ブンヨ	分与	1283		375	-12.4152
ブンゲイガッカ	文芸学科	1288		14	-14.9749
ブクレ	脹れ	622		501	-18.4370
ブッシツテキ	物質的	1288		501	-12.7351
ブルン		1288		225	-14.9115
ブンスウ	分数	1285		447	-12.7171
ブコウセイ	部構成	1300	1283	17	-13.2246
ブイイーエヌエーユーエム	venaum	1285		501	-17.9351
ブツゼン	仏前	1285		32	-14.7750
ブルーノート		1293		196	-12.5332
ブツヤサイ	物野菜	1298	1285	17	-13.4620
ブラフマン	BRAHMAN	1289		22	-13.6428
ブッコク	仏国	1294		346	-20.6135
ブキョク	舞曲	1285		416	-13.1611
ブランシュ		1288		329	-14.3673
ブンサイ	文采	1285		501	-18.6282
ブチコメ	ぶちこめ	760		501	-12.0501
ブドウカン	武道館	1285	1298	17	-13.2161
ブツカレ	ぶつかれ	784		471	-10.1715
ブリーゼ	BRZ	1289		105	-13.3413
ブチカマサ	ぶちかまさ	733		501	-12.1346
ブリ	振り	1298		21	-10.0783
ブウッ	ぶうっ	1281		501	-17.5556
ブウン	武運	1285		32	-14.2349
ブチコロス	ブチ殺す	731		501	-16.7017
ブッタクル	打ったくる	772		501	-18.4236
ブソウカ	武装化	1288		501	-14.1878
ブンガイ	文凱	1291		501	-18.1724
ブ	歩	1288		501	
ブンケン	文検	1285		236	-18.6282
ブチコワシ	ぶち壊し	735		427	-11.3724
ブラジル	ぶらじる	1294		501	-17.3743
ブンシレベル	分子レベル	1288		501	-14.2464
ブタロース	豚ロース	1288		501	-14.6395
ブロコ		1285		227	-15.6453
ブンナゲン	ぶん投げん	620		501	-12.6373
ブチマケヨ	ぶちまけよ	621		161	-11.9385
ブラッター		1288		68	-14.1445
ブックカバー		1288		256	-13.0649
ブルーウォーターズ	Blue Waters	1288		501	-14.3642
ブカ		1288		37	-14.2006
ブンリカ	文理科	1288		406	-14.5767
ブットバシャ	ぶっとばしゃ	730		501	-12.4652
ブッパン	物販	1285		442	-11.6112
ブバレ	武張れ	768		501	-18.2101
ブンガクハカセ	文学博士	1285		17	-13.4281
ブアツカロ	ぶ厚かろ	25		501	-14.5899
ブセン	伏せん	774		438	-18.5466
ブンキ	文基	1291		501	-18.1724
ブルーベリージャム		1288		501	-14.3255
ブセリ	伏	1288		501	
ブンチ	分治	1285		501	-18.6282
ブコウ	武功	1285		498	-12.7767
ブッ	ぶっ	1281		420	-17.9611
ブクロ	ぶくろ	1300		501	-17.8364
ブンショウカ	文章化	1285	1297	17	-12.7558
ブンテン	分点	1285		466	-18.6282
ブチカマセ	ぶちかませ	734		501	-12.1137
ブンビ	文尾	1285		501	-18.6282
ブアツキャ	部厚きゃ	17		501	-16.5452
ブンジロウ	文次郎	1291		497	-13.2081
ブツリ	ぶつり	1285		331	-15.1523
ブー	ぶー	1281		80	-11.7698
ブイジャンプ	Vジャンプ	1288		136	-13.9399
ブ	附	1288		501	
ブニン	補任	1283		403	-15.8335
ブラジルゼンコクセンシュケン	ブラジル全国選手権	1288		348	-14.6629
ブンブリョウドウ	文武両道	1285		253	-13.4555
ブンリュウ	文竜	1291		501	-18.1724
ブイガタハチキトウ	V型8気筒	1292		168	-11.4761
ブトリ	太り	1285		48	-12.5734
ブチマケヨ	ぶちまけよ	624		161	-11.9353
ブンショウ	文昌	1291		104	-17.8847
ブセレ	伏せれ	784		438	-18.5465
ブノ	部の	1298	368	17	-10.1966
ブフォ	ぶふぉ	1281		501	-15.5015
ブラバント		1288		34	-14.8994
ブランズウィック		1288		138	-14.9410
ブンカジンルイガクシャ	文化人類学者	1288		501	-13.5639
ブッテン	ぶってん	1285		501	-14.9028
ブツカン	ぶつかん	782		471	-10.1716
ブンコク	分国	1288		464	-13.6833
ブリュウ	舞竜	1293		501	-17.7008
ブツリスウガク	物理数学	1288		236	-14.6692
ブリューニング		1285		434	-14.7917
ブイサイン	✌	1283		501	-19.8518
ブリカエス	振り返す	731		501	-17.3208
ブチギレレ	ブチギレれ	768		501	-13.2543
ブログキジ	ブログ記事	1288		363	-12.2141
ブレイディ		1290		62	-11.6422
ブツカリアイ	ぶつかりあい	1285		501	-19.2344
ブンパ	分派	1283		131	-12.0570
ブショウ	ぶしょう	1287		501	-18.0477
ブンガ	ぶんが	1287		501	-18.0477
ブシャ	ぶしゃ	730		437	-11.1416
ブレイ	無礼	1285		495	-13.8579
ブンピツ	分筆	1283		345	-15.8336
ブチマケ	ぶちまけ	622		161	-11.9500
ブンショウニ	文章に	1285	151	17	-10.5706
ブヨ	ぶよ	1285		501	-19.2344
ブンナイ	文内	1285		501	-18.4612
ブシュ	ぶしゅ	1281		78	-18.1434
ブスル	撫する	583		501	-15.9093
ブットバス	ぶっとばす	731		501	-12.4689
ブンイ	文意	1285		342	-14.8297
ブートキャンプ	Boot Camp	1288		197	-14.9299
ブセリ	伏せり	788		438	-18.5506
ブソクスン		1285		501	-14.7148
ブチコワス	打ち壊す	731		438	-15.3105
ブイブイ	ぶいぶい	1281		501	-14.4475
ブンシュク	文叔	1291		501	-18.1724
ブアツ	ぶあつ	11		501	-15.3688
ブチマケル	打ち撒ける	619		501	-18.6535
ブアチケリャ	部厚けりゃ	15		501	-16.5452
ブルイ	ぶるい	1285		501	-19.4167
ブロック		1290		283	-13.5397
ブーム	Boom	1289		367	-13.0422
ブキ		1285		501	-13.4037
ブイエーアール	var	1285		493	-17.9351
ブラザース		1288		203	-14.8449
ブンシン	文真	1288		501	-18.9931
ブイシネ	Vシネ	1288		501	-14.6624
ブンメイカイカ	文明開化	1285		356	-13.6543
ブドウ		1285		55	-11.7755
ブロス	BROS.	1288		461	-14.6676
ブイチューバー	vtuber	1289		501	-12.6161
ブンヤ	聞屋	1285		501	-18.9467
ブチマケル	打ちまける	619		501	-18.6535
ブンナグラ	ぶん殴ら	780		501	-12.2067
ブン		1285		462	-14.9679
ブゼンノクニ	豊前国	1288		464	-12.9968
ブンガクフリマ	文学フリマ	1288		419	-12.8449
ブ	賦	1288		501	
ブンナグル	ぶん殴る	772		501	-12.1288
ブアチク	部厚く	35		501	-16.6284
ブニュエル		1288		179	-14.3263
ブレーキパッド		1288		95	-14.6201
ブラ	ぶら	1285		437	-12.8998
ブンバイ	分売	1283		375	-15.6065
ブチコワサ	打ち壊さ	733		438	-17.4913
ブナン	武南	1293		145	-17.7008
ブレイカー		1288		89	-14.7383
ブリブリ	ぶりぶり	1281		501	-14.0477
ブループリント	blueprints	1285		501	-17.9351
ブラウン	brown	1289		277	-12.7027
ブチコメヨ	打ち込めよ	624		236	-18.6454
ブタバラニク	豚ばら肉	1288		501	-14.8994
ブザン	武山	1291		330	-15.9752
ブッチ		1285		25	-15.3257
ブリューゲル		1288		84	-14.9865
ブリスベーン		1293		272	-14.5653
ブットバセ	ぶっ飛ばせ	729		501	-11.5201
ブツゾウ	仏像	1285		435	-11.8146
ブラッド	BLOOD	1288		40	-14.8519
ブルース		1285		196	-12.0327
ブラク	部落	1285		131	-12.7529
ブチコム	ぶち込む	762		501	-10.4084
ブンジ	文事	1285		342	-16.8518
ブレイブ	Brave	1288		367	-13.3816
ブツガン	仏龕	1285		501	-18.6282
ブンコウ	文工	1285		501	-18.6282
ブアツカレ	ぶ厚かれ	29		501	-14.5899
ブカン	武寛	1291		501	-18.1724
ブイピーエヌ	vpn	1285		501	-17.9351
ブランコマツリ	ブランコ祭り	1285		501	-18.0817
ブモンチョウ	部門長	1285	1298	17	-13.5533
ブンコウ	文攻	1285		501	-18.6282
ブミン	部民	1285		135	-17.8368
ブンチセイジ	文治政治	1288		388	-14.9821
ブッキョウセツワ	仏教説話	1288		342	-14.7109
ブランチ	Branch	1288		453	-14.8237
ブブカ	BUBKA	1288		396	-14.4317
ブンパン	文範	1285		501	-18.6282
ブチギレリャ	ブチギレりゃ	770		501	-13.2542
ブリューゲル		1292		84	-13.4752
ブツデン	仏殿	1285		435	-14.0247
ブアツカレ	部厚かれ	29		501	-16.5452
ブルドック		1285		374	-15.3885
ブレンデル		1289		501	-15.0611
ブンカホウソウ	文化放送	1292		305	-9.8779
ブタアワビ	豚鮑	1285		501	-18.6282
ブイエーエヌ	van	1285		151	-17.9351
ブラサゲ	ぶらさげ	625		276	-14.2685
ブロードキャスト		1285		431	-14.0366
ブガ	部が	1298	148	17	-11.2032
ブアチカロ	部厚かろ	25		501	-16.5452
ブルーチーズ		1289		391	-12.8311
ブリーチ		1285		95	-15.0886
ブハブッキョウ	部派仏教	1288		365	-13.8482
ブフ	武府	1285		501	-18.6282
ブンド	分度	1285		501	-18.6282
ブイシー	vc	1288		501	-13.1660
ブキユシュツ	武器輸出	1288		209	-14.2416
ブツリュウ	物流	1285		79	-11.5444
ブブンシュウゴウ	⊂	1288		501	-18.6250
ブンキョウイン	文恭院	1289		501	-17.9060
ブルックス		1292		255	-12.5026
ブヅミ	歩積	1285		501	-18.6282
ブラックフット		1289		160	-13.6294
ブルーバックス		1288		501	-14.1082
ブラジルナンブ	ブラジル南部	1288		272	-14.9122
ブルースター		1288		288	-14.0409
ブロック	ぶろっく	1283		501	-18.2364
ブジ	無事	1287		282	-8.3328
ブロンソン		1289		179	-12.4023
ブソウ	武装	1283		53	-10.1377
ブウブウ	ぶうぶう	1281		501	-15.9641
ブッダ		1289		429	-11.1894
ブチコワシ	打ち壊し	735		438	-17.5462
ブロックシ	ブロックし	1285	610	17	-10.2943
ブリック		1289		347	-13.7019
ブアチカッ	部厚かっ	33		501	-16.5653
ブタイ	部隊	1285		53	-9.0372
ブブ		3		54	-16.4223
ブアツキ	部厚き	21		501	-16.5455
ブツゼイ	物税	1285		501	-17.6588
ブリョウ	無聊	1287		495	-14.9567
ブツギリ	ぶつ切り	1283		93	-13.4278
ブランドル		1289		225	-13.7409
ブチキレル	ブチ切れる	619		501	-17.6419
ブンカ	文化	1288		88	-18.4053
ブドウバタケ	葡萄畑	1289		6	-13.6667
ブレス		1289		64	-11.8235
ブンブ	分部	1285		150	-16.7828
ブブンシュウゴウ	⊆	1288		501	-20.6250
ブユウザン	武雄山	1289		501	-15.4379
ブンダケ	分だけ	1298	338	17	-11.0995
ブンミン	文民	1285		13	-13.0758
ブザンソン		1285		463	-15.2660
ブースターパック		1288		501	-14.7573
ブラック・ジャック		1288		51	-13.3528
ブンケン	文謙	1291		501	-18.1724
ブンキン	文金	1285		465	-16.2743
ブイオーエー	VOA	1288		234	-14.6467
ブンチ	聞知	1283		501	-17.0234
ブアツケレ	部厚けれ	13		501	-16.5452
ブネン	無念	1287		161	-15.9070
ブラックビスケッツ		1289		22	-13.7109
ブンジョウ	分譲	1283		480	-12.0480
ブンテイ	文帝	1289		246	-12.0306
ブラサゲレ	ぶら下げれ	617		379	-12.0419
ブタムシ	豚虫	1285		501	-18.7236
ブラフ		1288		149	-13.6422
ブレイ	ぶれい	1287		501	-17.8935
ブランドノ	ブランドの	1285	368	17	-10.7377
ブッカ	ぶっか	53		501	-9.0387
ブ	無	560		395	-10.8201
ブツリ	物理	1285		339	-10.4031
ブレティン	bulletin	1285		501	-17.9351
ブチ	縁	1285		333	-19.0802
ブランデンブルクシュウ	ブランデンブルク州	1288		400	-14.4713
ブン	聞	1285		342	-23.2931
ブンスイカイ	分水界	1288		432	-13.5997
ブゼンシ	豊前市	1293		82	-13.2235
ブッソウ	物騒	1287		66	-11.4454
ブッツケル	打っ付ける	619		501	-18.9412
ブシロード		1292		274	-13.3847
ブッチギリ	ぶっちぎり	1288		244	-12.9777
ブイエイト	V8	1288		168	-12.3331
ブルース・スプリングスティーン		1289		196	-13.3239
ブンエン	文淵	1291		128	-15.1279
ブゲイシャ	武芸者	1285		127	-14.5961
ブゼン	ぶぜん	1285		150	-18.6282
ブリカエス	ブリ返す	731		501	-16.6276
ブドウイロニゴウ	ぶどう色2号	1288		242	-14.8988
ブライハ	無頼派	1288		57	-14.5903
ブラペ		1285		17	-13.5033
ブラスタ		1285		501	-14.9988
ブログ	blog	1288		363	-12.2345
ブッピンゼイ	物品税	1288		286	-14.1103
ブンコボン	文庫本	1285		136	-12.1384
ブアツケリャ	ぶあつけりゃ	15		501	-15.2066
ブリカエシャ	ぶり返しゃ	730		501	-12.4455
ブタイニ	舞台に	1285	151	17	-10.3713
ブツザイ	物財	1285		501	-18.6282
ブブンイガイ	部分以外	1285	1313	17	-13.3248
ブンシュン	文雋	1289		501	-17.9060
ブイツーロケット	V2ロケット	1288		413	-14.3824
ブエイ	武衛	1289		58	-17.9060
ブンプ	分賦	1283		501	-18.0694
ブフォッ	ぶふぉっ	1281		501	-17.6734
ブルガリアゴ	ブルガリア語	1288		340	-13.7263
ブラサガッ	ぶら下がっ	786		155	-12.0839
ブルーリボンシティ		1288		105	-14.5176
ブンパイキン	分配金	1288		474	-13.9045
ブリョクコウゲキ	武力攻撃	1288		216	-13.4481
ブリテンショトウ	ブリテン諸島	1288		240	-13.9489
ブンプ	分布	1283		381	-9.4077
ブンカムラ	Bunkamura	1288		172	-13.8689
ブンケンシリョウ	文献資料	1288		59	-13.7575
ブローバック		1288		384	-13.5156
ブッキラボウ	ぶっきらぼう	1285		66	-14.4195
ブキニ	武器に	1285	151	17	-10.9078
ブショ	撫署	1285		501	-18.6282
ブンヤノ	分野の	1285	368	17	-10.7624
ブンパ	文波	1289		501	-17.9060
ブイキ	部域	1285		501	-18.6282
ブトウ	舞踏	1283		98	-12.5939
ブラックパンサー		1289		459	-13.1083
ブンカシンコウ	文化振興	1288		300	-13.4169
ブザマ	ぶざま	1287		501	-17.7600
ブリッグ	brigg	1289		501	-16.8074
ブンウン	文運	1285		501	-16.9218
ブンカショウ	文化省	1292		19	-13.0229
ブンケン	分権	1285		388	-14.0258
ブー	ぶー	3		80	-17.1154
ブッコシャ	物故者	1288		482	-14.7503
ブーマー		1289		310	-13.4196
ブンテイ	文定	1289		369	-17.9060
ブンチョウ	文晁	1291		251	-14.3222
ブロッサム		1289		203	-13.7496
ブンブツ	文物	1285		342	-13.2784
ブンペイ	文聘	1289		501	-17.9060
ブリョクフンソウ	武力紛争	1288		209	-13.5720
ブイブイブイエフ	VVVF	1288		384	-12.6423
ブルキナファソ		1294		272	-12.2526
ブアチカレ	分厚かれ	29		60	-10.4387
ブギウギ	ぶぎうぎ	1285		501	-18.5412
ブライ	無頼	1285		74	-14.1594
ブンショウ	ぶんしょう	1285		501	-18.8289
ブナン	無難	1285		66	-14.1699
ブルートレイン		1288		202	-13.4945
ブアク	武悪	1289		501	-17.9060
ブンシ	文思	1285		501	-18.6282
ブショウ	無精	1287		501	-15.4700
ブドウカ	武道家	1288		251	-13.5802
ブンセキテツガク	分析哲学	1288		291	-13.6277
ブ	鞴	1288		501	
ブツジョウ	物上	1285		407	-15.3772
ブハラハンコク	ブハラ・ハン国	1288		359	-14.8218
ブンチ	文痴	1285		501	-18.6282
ブンテン	文展	1285		313	-14.2033
ブラウニー		1289		448	-12.4461
ブブンガ	部分が	1285	148	17	-9.6785
ブチノメシ	ぶちのめし	735		501	-12.7441
ブロックス		1288		407	-14.6086
ブジョ	舞女	1285		501	-18.6282
ブルーウェーブ		1288		310	-14.3948
ブルリ	ぶるり	1281		501	-14.8946
ブンキ	文亀	1288		21	-18.5231
ブンガクセイネン	文学青年	1288		323	-14.2904
ブンッ	ぶんっ	1281		501	-17.6734
ブービー		1288		245	-14.8737
ブーチャン	ぶーちゃん	1288		501	-14.1664
ブラフマー		1288		429	-13.5118
ブンカヲ	文化を	1285	156	17	-10.8187
ブンキョウ	文京	1293		81	-13.2277
ブレダ		1285		230	-14.6742
ブイチューバー	Vチューバー	1288		501	-14.5714
ブクブク	ぶくぶく	1281		501	-13.1915
ブン	振ん	774		379	-18.5466
ブリ	降り	1285		155	-10.2010
ブオン	武音	1285		501	-18.6282
ブライト・ノア		1289		459	-13.2624
ブチギレッ	ブチギレっ	786		501	-13.2801
ブラックボックス		1285		173	-13.2953
ブトウハ	武闘派	1288		131	-13.6962
ブレゲ		1289		84	-14.8577
ブジ	無事	1314		282	-17.2724
ブドウ	葡萄	1285		75	-12.6886
ブンルイグン	分類群	1283	1298	17	-12.4236
ブンイン	分院	1285		501	-18.6282
ブンダン	分団	1285		171	-15.0317
ブドウカン	武道館	1288		172	-11.9371
ブツミョウ	佛名	1285		501	-18.6282
ブラザーコーン	ブラザー・コーン	1289		122	-21.7030
ブワット	ぶわっと	1281		501	-13.8307
ブシ	付子	1285		501	-18.9467
ブラックフライデー		1288		501	-14.1973
ブンガイ	分外	1287		501	-15.7687
ブランドモノ	ブランド物	1288		501	-13.5133
ブツブツコウカン	物々交換	1283		55	-13.0451
ブリコラージュ		1288		186	-14.7032
ブットバサ	ぶっとばさ	733		501	-12.4853
ブシツケ	ぶしつけ	1287		501	-17.7600
ブワン	ぶわん	1281		501	-16.3060
ブンゴロウ	豊五郎	1291		501	-18.1724
ブンピツヲヨクセイシ	分泌を抑制し	1283	610	17	-11.0291
ブプロン		1288		501	-14.6111
ブラウン		1290		255	-10.9687
ブリティッシュ・インヴェイジョン		1288		412	-14.5575
ブジニ	無事に	1287	329	17	-9.8674
ブンケツ	分蘖	1283		501	-16.2649
ブライアント		1290		255	-12.8328
ブウ	ぶう	3		501	-16.9819
ブントウ	分党	1285		125	-18.5412
ブンセキ	文雋	1289		501	-17.9060
ブルガリア		1294		19	-9.5125
ブイジェイ	VJ	1288		40	-13.7499
ブルーレイディスク	Blu-ray Disc	1288		24	-13.0168
ブアツク	分厚く	35		60	-10.5219
ブンドリャ	分捕りゃ	770		501	-16.5780
ブラム・ストーカー		1289		90	-13.7503
ブ〜	ぶ〜	1281		501	-12.3459
ブチノメセ	ぶちのめせ	734		501	-12.8053
ブンカメン	文化面	1285	1298	17	-13.5094
ブレン	部連	1293		10	-13.8592
ブロードキャスター		1288		305	-14.3839
ブッセイブツリガク	物性物理学	1288		239	-14.7338
ブラッドベリ		1289		90	-14.8925
ブンルイサレ	分類され	1283	876	17	-11.2236
ブショウ	不精	1287		56	-17.4416
ブバン	武張ん	774		501	-18.2101
ブレックファースト		1285		501	-15.9610
ブルーリボンショウ	ブルーリボン賞	1288		313	-13.2794
ブルーノ・サンマルチノ		1289		141	-13.8463
ブルージーンズ		1288		196	-14.6858
ブルーアーカイブ		1285		17	-13.0351
ブチコワス	打ち毀す	731		501	-17.4749
ブースト		1288		384	-12.1851
ブンナグレ	ぶん殴れ	784		501	-12.2517
ブチノメス	ぶちのめす	731		501	-12.8098
ブラウザゲーム		1288		296	-13.9593
ブラコン		1288		56	-13.9169
ブレーマーハーフェン		1285		87	-14.0639
ブブンテキ	部分的	1288		468	-11.2698
ブタイジョユウ	舞台女優	1288		324	-13.2487
ブルマイ	ぶる舞い	1285		501	-19.4167
ブツカ	ぶつか	776		471	-10.1738
ブメイ	武名	1285		498	-14.8815
ブンカク	文鶴	1293		501	-17.7008
ブラ	ぶら	1281		437	-17.6734
ブンガクケンキュウカ	文学研究科	1288		187	-13.3002
ブタクサ	豚草	1285		501	-18.7236
ブアツシ	分厚し	23		60	-10.4396
ブルイ	部類	1285		356	-11.7631
ブラリトチュウゲシャノタビ	ぶらり途中下車の旅	1288		398	-14.3831
ブンルイタイケイ	分類体系	1283	1285	17	-13.1319
ブッコ	物故	1283		59	-14.4469
ブンレツ	分裂	1283		182	-9.9426
ブラサガ	ぶら下が	776		379	-12.1951
ブルー	Blue	1289		367	-10.7749
ブットバセ	ぶっ殺せ	729		501	-12.1321
ブイン	部員	1285		364	-11.2312
ブリーフ		1285		295	-13.7601
ブンレイ	分霊	1285		404	-13.8459
ブト	ぶと	739		437	-9.3229
ブネ	舩	1285		392	-19.0802
ブブン	ぶぶん	1285		331	-18.5412
ブリザード		1285		112	-14.2005
ブセリャ	伏せりゃ	770		438	-18.5465
ブンバイ	分枝	1290		333	-11.3795
ブチノメシャ	ぶちのめしゃ	730		501	-12.8061
ブツリガッカイ	物理学会	1288		239	-14.6328
ブラックマヨネーズ		1288		409	-14.8621
ブランドコンサルティング		1285		17	-13.5155
ブットバセ	ぶっとばせ	734		501	-12.4644
ブッコワス	打っ壊す	731		501	-17.4749
ブッソ	仏祖	1285		342	-15.7338
ブチ	ぶち	1285		437	-18.8289
ブツギリ	ぶつ切り	1285		93	-19.0802
ブソ	撫そ	732		501	-16.2292
ブンヤニ	分野に	1285	151	17	-11.2046
ブゼンゴ	豊前後	1293		501	-17.7008
ブチコマ	打ち込ま	764		379	-17.8911
ブナ	ぶな	1285		501	-18.9467
ブモン	武門	1285		464	-14.7097
ブリム		1285		242	-15.7501
ブロス		1290		203	-11.4178
ブカブカ		1287		501	-14.0612
ブイーニジュウニ	V-22	1288		413	-14.5566
ブッタイ	佛体	1285		501	-18.6282
ブロンクス		1293		138	-12.1766
ブイシックス	v6	1289		77	-13.8346
ブンチョウ	分町	1285		501	-18.6282
ブンカ	文科	1285		406	-12.8698
ブル		1285		149	-12.1087
ブアツケレ	分厚けれ	13		60	-10.4387
ブックダケル	打っ砕ける	619		501	-18.6535
ブチマケル	ぶちまける	619		161	-11.9433
ブラカン		1293		335	-15.9781
ブンガク	文学	1285		323	-9.7754
ブキン	布巾	1285		256	-16.6371
ブクレリャ	脹れりゃ	618		501	-18.4036
ブラバム		1288		421	-13.3346
ブアツシ	ぶ厚し	23		501	-14.5908
ブランディング		1292		378	-9.4911
ブングンシュゴ	分郡守護	1292		464	-13.3606
ブヒントリ	部品取り	1288		319	-13.7573
ブンナゲル	打ん投げる	619		501	-18.4303
ブカ	深	53		220	-8.1758
ブカウ	深う	31		307	-17.8137
ブンジョウマンション	分譲マンション	1288		35	-13.1872
ブンデ	分で	1298	149	17	-11.3244
ブリアン		1289		1	-13.7978
ブンタン	ぶんたん	1285		501	-18.9467
ブタイノ	舞台の	1285	368	17	-11.1046
ブン	濆	1288		501	
ブイイーピー	vep	1285		501	-17.9351
ブチコワシャ	ぶち壊しゃ	730		54	-11.4382
ブレンダー		1288		391	-13.1829
ブカツノ	部活の	1285	368	17	-11.3577
ブンプク	分服	1285		501	-18.6282
ブタニク	ぶた肉	1285		501	-18.7236
ブセ	ぶせ	734		437	-11.1407
ブンショウ	文韶	1291		501	-17.8847
ブタバコ	豚箱	1285		501	-15.8810
ブンナゲ	ぶん投げ	625		501	-12.4867
ブンコカ	文庫化	1285	1297	17	-13.3444
ブットウ	佛頭	1285		501	-18.6282
ブーム		1285		356	-9.9888
ブンレツソシキ	分裂組織	1288		183	-14.7854
ブリョクショウトツ	武力衝突	1288		298	-12.9869
ブッカ	仏家	1285		501	-18.6282
ブンポウ	分封	1285		135	-14.8240
ブドウ	無道	1287		495	-17.4416
ブ	撫	1288		501	
ブツブツ		1281		418	-12.3833
ブチカマス	打ちかます	731		501	-17.4749
ブユ	ぶゆ	1285		501	-19.2344
ブトウ	太う	31		333	-18.5068
ブッサンテン	物産展	1288		228	-13.5306
ブザツ	ぶざつ	1287		501	-18.0477
ブジョウ	峰定	1288		501	-18.5231
ブアチカッ	ぶ厚かっ	33		501	-14.2348
ブイアプリ	Vアプリ	1288		501	-14.9967
ブットバシ	ぶっ飛ばし	735		501	-11.5139
ブンカク	文革	1285		298	-13.6461
ブンメイコク	文明国	1288		186	-14.4498
ブンカホウソウライオンズナイター	文化放送ライオンズナイター	1288		305	-14.6364
ブタイカ	舞台化	1285	1297	17	-13.1019
ブタシャブ	豚しゃぶ	1288		501	-14.4313
ブンヲ	分を	1298	156	17	-10.7993
ブレーブス		1292		306	-11.5134
ブッシツ	物質	1285		355	-9.7794
ブフ		1285		362	-17.8481
ブルペンホシュ	ブルペン捕手	1288		306	-14.1511
ブルグントオウコク	ブルグント王国	1288		359	-14.6890
ブルーベリー	ぶるーべりー	1285		501	-18.5412
ブランク		1285		143	-12.3127
ブリストル		1293		138	-11.5930
ブゾワジロン	ブゾワ=ジロン	1289		501	-16.7429
ブログ		1285		363	-13.5120
ブラトップ		1288		501	-14.9997
ブレ	触れ	1285		301	-14.9859
ブルームバーグ	Bloomberg	1288		92	-13.6803
ブンシ	文史	1291		383	-18.1724
ブリキ	錻力	1285		501	-18.3181
ブチヌカ	打ち抜か	683		379	-17.8526
ブチギレリ	ブチギレり	788		501	-13.2583
ブリーチ		1289		95	-11.6794
ブースト	Boost	1288		77	-14.4731
ブリギッテ		1289		501	-14.6968
ブルーリボンシティハイブリッド		1288		426	-14.6061
ブンショク	文飾	1283		227	-15.6304
ブックデザイナー		1288		57	-14.9606
ブッチョウ	仏頂	1285		501	-18.6282
ブ	錻	1288		501	
ブチ	ぶち	743		437	-9.2541
ブショウ	部将	1285		8	-13.4616
ブンガクサクヒン	文学作品	1288		59	-11.8794
ブンゴウストレイドッグス	文豪ストレイドッグス	1288		501	-14.0469
ブルゴーニュ		1293		446	-11.2530
ブルートゥース	bluetooth	1288		501	-14.7950
ブルージャイアント	BLUE GIANT	1288		501	-14.1667
ブンブ	分部	1293		150	-16.7828
ブクロ	袋	1300		487	-13.5877
ブチコム	ブチ込む	762		501	-16.4973
ブチアタル	打ち当たる	772		501	-18.4236
ブ	武	1291		128	-29.9216
ブットバソ	ぶっとばそ	732		501	-12.4663
ブコウ	武侯	1289		440	-14.2632
ブックマーク		1285	1283	17	-12.8438
ブ		560		149	-17.1142
ブタ	二	1295		134	-18.3808
ブヤク	夫役	1285		275	-14.6858
ブチギレ		776		501	-13.2565
ブンカン	文漢	1291		501	-18.1724
ブツガ	物が	1298	148	17	-10.9511
ブシツケ	不仕付け	1287		501	-17.2745
ブヘイ	武兵衛	1291		501	-18.1724
ブンリョウガイ	分量外	1285	1298	17	-11.6153
ブンドン	分捕ん	774		501	-16.5781
ブリッコ	ぶりっ子	1288		460	-13.3396
ブ	枹	1288		501	
ブケエ	深え	19		307	-18.3284
ブリキ	ぶりき	1285		501	-18.5412
ブキヲ	武器を	1285	156	17	-10.8841
ブネイ	武寧	1289		58	-14.6403
ブブアラレ	ぶぶあられ	1285		501	-19.2344
ブンポウ	分包	1285		501	-18.6282
ブン	ぶん	774		437	-10.1088
ブスーッ	ぶすーっ	1281		501	-17.6734
ブチッ	ブチっ	1281		501	-16.9196
ブラサゲヨ	ぶら下げよ	624		379	-12.0407
ブンボウ	文ぼう	1285		501	-18.6282
ブンセキカン	分析官	1288		265	-14.4805
ブラキア		1285		501	-15.2896
ブイツー	V2	1288		213	-12.2016
ブヒン	部品	1285		270	-10.2178
ブツオン	仏恩	1285		501	-18.1929
ブツカロ	ぶつかろ	778		471	-10.1719
ブラウンカン	ブラウン管	1285		139	-12.8155
ブン	ぶん	1297		331	-16.9130
ブンオウ	文王	1291		246	-12.4606
ブチコミ	ぶちこみ	767		501	-12.0650
ブンキ	文起	1291		501	-18.1724
ブンシンシュギテキ	分身主義的	1285	1299	17	-13.4337
ブンゴ	豊後	1290		464	-11.3516
ブンサンブンセキ	分散分析	1288		65	-14.8355
ブラッド	Blood	1289		367	-12.3230
ブイブイブイエフインバータセイギョ	VVVFインバータ制御	1288		426	-12.5884
ブンハイ	文牌	1285		501	-18.6282
ブツノウ	物納	1283		275	-14.7197
ブンケイガクブ	文系学部	1288		253	-14.5049
ブソウシンエイタイ	武装親衛隊	1288		188	-13.3260
ブンハ	分は	1298	261	17	-11.0435
ブ	部	1300		304	-8.6698
ブシュウ	部衆	1285		501	-18.6282
ブッコワシ	打壊し	735		501	-17.5462
ブツバチ	仏罰	1285		365	-18.6282
ブゥブゥ	ぶぅぶぅ	1281		501	-17.6734
ブンリガクブ	文理学部	1285		187	-14.5495
ブツ	物	1298		270	-7.6154
ブキョ	武挙	1285		501	-18.6282
ブツカリ	ぶつかり	788		91	-10.1392
ブンク	分区	1285		501	-18.6282
ブリドカットセーラエミ	ブリドカットセーラ恵美	1289		122	-21.3850
ブッコヌク	打っこ抜く	695		501	-14.6770
ブラサゲ	ぶら下げ	625		276	-11.8803
ブロックケイザイ	ブロック経済	1288		388	-14.2829
ブラブラ	ぶらぶら	1287		290	-18.2300
ブッコロシャ	ブッ殺しゃ	730		501	-16.6239
ブンセキタイショウ	分析対象	1283	1285	17	-12.8764
ブレヨ	ぶれよ	621		471	-11.7895
ブブンハ	部分は	1285	261	17	-9.9786
ブイビーエー	VBA	1288		77	-13.5680
ブンカウンドウ	文化運動	1288		388	-14.4631
ブコウ	武鉱	1291		501	-18.1724
ブシ	撫し	735		501	-16.3030
ブナバヤシ	ブナ林	1285		381	-18.0817
ブランコマツリ	ぶらんこ祭り	1285		501	-19.2344
ブザツ	蕪雑	1287		501	-17.0062
ブット	仏都	1285		501	-18.6282
ブソクテン	武則天	1289		246	-12.3463
ブアツケリャ	部厚けりゃ	15		501	-16.5452
ブイン		1285		37	-14.3313
ブタモモ	豚腿	1285		501	-18.7236
ブスマ	ぶすま	1285		501	-18.9467
ブッキョウト	仏教徒	1285		408	-12.9691
ブガイシャ	部外者	1288		468	-12.7012
ブッツヅケル	打っ続ける	619		501	-18.6535
ブベエ	武兵衛	1291		501	-18.1724
ブルボン		1292		329	-11.5876
ブレツテンノウ	武烈天皇	1288		369	-14.4853
ブショウ	不承	1283		501	-18.1494
ブラサゲロ	ぶら下げろ	623		379	-12.0409
ブットバソ	ぶっ飛ばそ	732		501	-11.5281
ブキ	武器	1285		190	-9.3123
ブチコワシャ	打ち壊しゃ	730		438	-17.4712
ブタイビジュツ	舞台美術	1288		98	-13.7624
ブライアン・メイ		1289		196	-13.3661
ブイシックス	V6	1289		213	-10.7112
ブンショウヲカク	文章を書く	1285	679	17	-10.7414
ブンシン	文進	1288		501	-18.5231
ブダン	武断	1285		388	-15.6307
ブチョウサン	部長さん	1285	1302	17	-13.2333
ブンショウデ	文章で	1285	149	17	-10.8892
ブイディーピー	VDP	1288		315	-14.2548
ブンセイ	文成	1289		392	-15.1448
ブイティーアール	vtr	1285		501	-17.9351
ブンコウガク	分光学	1288		239	-14.1225
ブリキ	錻	1288		501	
ブンダンコッカ	分断国家	1288		19	-14.4000
ブイサイン	✌🏻	1283		501	-22.8222
ブリッジ		1285		64	-11.8517
ブツガク	仏学	1285		406	-16.0425
ブタイセッテイ	舞台設定	1285	1283	17	-12.9397
ブンダイ	文台	1285		392	-16.4828
ブアチキ	部厚き	21		501	-16.5455
ブギ	武技	1285		251	-15.7278
ブアツカッ	ぶ厚かっ	33		501	-14.6100
ブミ	冊子	1285		59	-19.4167
ブレス		1285		64	-15.6271
ブツバツ	仏罰	1285		365	-16.1464
ブイ	武威	1285		58	-14.5381
ブツギ	物議	1285		216	-12.2167
ブルアカ		1285		17	-12.7164
ブンカダイカクメイ	文化大革命	1288		298	-12.3119
ブッチャケ	ぶっちゃけ	1288		244	-10.7982
ブチヌク	打ち抜く	695		379	-14.6770
ブローカー		1285		378	-13.3032
ブルーギル		1288		116	-14.0424
ブネイオウ	武寧王	1288		10	-14.6740
ブカケレ	深けれ	13		307	-17.8043
ブツカラ	ぶつから	780		471	-10.1767
ブブンモ	部分も	1285	262	17	-10.2748
ブラックアウト		1288		64	-13.5897
ブンヤデ	分野で	1285	149	17	-10.4471
ブンゴウ	分合	1283		395	-15.4303
ブカッコウ	不格好	1287		66	-13.0300
ブラサガレ	ぶら下がれ	768		379	-12.1929
ブランケット		1285		174	-13.1650
ブッコロス	ブッ殺す	731		501	-16.6276
ブンリツ	分立	1283		182	-12.2972
ブアツカレ	分厚かれ	29		60	-10.4387
ブタコマ	豚こま	1285		501	-18.7236
ブンシュク	分宿	1283		371	-15.6184
ブツジョウ	物情	1285		501	-17.2696
ブイン	無音	1285		458	-15.9168
ブルマ	ぶるま	1291		122	-15.6220
ブイティーアール	VTR	1288		451	-10.9568
ブンチン	文ちん	1285		501	-18.6282
ブタヒキニク	豚ひき肉	1288		501	-13.6625
ブラッドレー		1290		417	-12.5552
ブアツカレ	ぶあつかれ	29		501	-15.2066
ブンシュ	分取	1283		501	-18.0694
ブッキョウ	仏教	1285		365	-10.0179
ブチギレロ	ブチギレろ	778		501	-13.2546
ブンシュウ	分習	1285		501	-18.6282
ブバイ	分倍	1293		501	-17.7008
ブツケヨ	ぶつけよ	624		379	-10.0775
ブンリョウ	分量	1285		23	-11.1666
ブンチ	分知	1288		108	-13.2489
ブライド		1285		448	-15.6271
ブッカク	打っ欠く	695		501	-14.6770
ブイピー	VP	1288		9	-12.7302
ブンゲイシュンジュウ	文芸春秋	1292		136	-13.5914
ブイエスビー	vsb	1285		501	-17.9351
ブティック	boutique	1285		501	-17.8906
ブンマイ	分米	1285		501	-18.6282
ブレイ	武霊	1289		501	-17.9060
ブンゴ	文語	1285		340	-12.8477
ブローチ		1285		295	-13.4411
ブンザブロウ	文三郎	1291		159	-14.8765
ブンナ	文和	1288		21	-17.8098
ブ	苻	1288		501	
ブエキ	部益	1285		501	-18.6282
ブッシユソウ	物資輸送	1285	1283	17	-13.5279
ブンセイ	文清	1289		76	-17.9060
ブランドヒン	ブランド品	1285	1298	17	-12.5585
ブンゾウ	文三	1291		159	-14.2697
ブツブツ	ぶつぶつ	1285		121	-14.5619
ブブン	ぶ分	1285		501	-18.5412
ブッショウ	物象	1285		88	-14.6858
ブトウカ	舞踏家	1288		98	-14.1642
ブンエン	分煙	1283		414	-13.8767
ブンポウ	文保	1288		21	-18.5231
ブンソン	分村	1283		489	-13.8126
ブヲ	部を	1298	156	17	-11.0494
ブンシシキ	分子式	1288		83	-13.4555
ブッタオス	ブッ倒す	731		501	-16.7017
ブゼン	豊前	1293		464	-17.7008
ブンカカンコウブニセンネンシキ	文化観光部2000年式	1288		277	-14.7164
ブブヅケ	ぶぶ漬け	1285		241	-19.2344
ブブンシュウゴウ	⊅	1288		501	-20.1250
ブロードコム		1288		288	-14.9821
ブルームバーグ		1290		201	-12.5528
ブッキル	打っ切る	772		501	-18.4236
ブレナン		1288		470	-14.3780
ブレーキング		1288		63	-14.1616
ブライス		1288		255	-13.8026
ブロッケン		1289		26	-13.4724
ブイエス	vs.	1285		501	-17.7303
ブイエフエックス	VFX	1288		179	-13.2965
ブゲン	誣言	1285		501	-17.9816
ブワブワ	ぶわぶわ	1281		501	-15.3149
ブロ	風呂	1285		290	-12.2469
ブツイ	仏意	1285		501	-18.6282
ブンレツシ	分裂し	1283	610	17	-11.4229
ブリリアン		1289		122	-21.7230
ブルージーン	Blue Gene	1288		9	-14.7503
ブンタイ	文体	1285		307	-11.3338
ブンドリ	分捕り	1283		501	-18.0694
ブードゥーキョウ	ブードゥー教	1288		408	-14.9923
ブオトコ	不男	1285		501	-18.7236
ブレイ	無礼	1287		495	-12.0023
ブトク	武徳	1285		21	-13.8650
ブンタイ	分体	1285		501	-18.6282
ブチ	渕	1285		3	-14.6187
ブタコマ	豚こま	1288		501	-14.1143
ブラジリアンジュウジュツ	ブラジリアン柔術	1288		362	-13.3450
ブンリョウ	文量	1285	1298	17	-13.2507
ブヒンチョウタツ	部品調達	1288		109	-14.4090
ブツジャク	仏迹	1285		501	-18.6282
ブダン	武斷	1285		501	-18.6282
ブクレン	脹れん	620		501	-18.4227
ブミン	撫民	1285		501	-18.6282
ブヨウカ	舞踊家	1288		501	-14.3607
ブイジーアールエス	vgrs	1285		501	-17.9351
ブガリ	歩刈り	1285		501	-18.6282
ブックメーカー		1285		165	-14.4923
ブルネレスキ		1285		130	-14.4958
ブンセキスル	分析する	1283	599	17	-10.7905
ブリダロ	ぶりだろ	1298	455	17	-11.2442
ブラチスラヴァ		1293		463	-12.7206
ブショク	無職	1285		42	-14.1298
ブチコン	打ち込ん	766		379	-17.9295
ブンナゲル	ぶん投げる	619		501	-12.6450
ブルーザー・ブロディ		1289		141	-13.2521
ブチコメ	打ち込め	760		379	-17.8795
ブッシ	物資	1285		55	-10.7960
ブラウジング		1288		363	-14.5272
ブンケン	分遣	1283		53	-13.3395
ブンピツギョウ	文筆業	1285	1298	17	-13.0184
ブロンズゾウ	ブロンズ像	1288		130	-13.6504
ブンダイ	文題	1285		501	-18.6282
ブセ	撫せ	729		501	-16.2212
ブランチ		1285		255	-12.8824
ブチャラティ		1289		459	-12.8066
ブルース・ウィリス		1289		179	-13.5032
ブチコワシ	打ち壊し	735		490	-15.2997
ブラック・サバス		1289		196	-12.7616
ブイアールエス	vrs	1285		501	-17.9351
ブロシキ	風呂敷	1285		60	-15.7763
ブドウジョウ	武道場	1288		414	-14.1891
ブンセキシツ	分析室	1283	1298	17	-13.4913
ブンボウ	蚊虻	1285		501	-18.6282
ブーク		1293		335	-15.7549
ブラザー	brother	1285		367	-17.8906
ブンショウ	文祥	1289		440	-16.1143
ブタバラ	豚ばら	1285		501	-18.7236
ブシャー		1285		501	-15.3371
ブレストリトフスク	ブレスト=リトフスク	1293		501	-16.6022
ブンブン	ぶん文	1285		17	-13.2289
ブコウ	武庚	1289		440	-14.9616
ブツブツ		1285		418	-14.1796
ブーツ	boot	1289		277	-11.6579
ブサイク		1287		56	-11.9208
ブキッチョ	ぶきっちょ	1287		501	-15.4015
ブチヌコ	打ち抜こ	681		379	-17.8371
ブワ	ぶわ	1281		501	-13.0211
ブンキョウ	文鏡	1285		501	-18.6282
ブンソウ	文宗	1289		369	-13.6836
ブールダイスウ	ブール代数	1288		447	-14.5481
ブローニュ		1285		146	-14.4553
ブイエムウェア	VMware	1288		77	-14.2926
ブサオ	ブサ男	1285		501	-18.0304
ブイアールゴーグル	VRゴーグル	1288		501	-14.3654
ブ	畉	1288		501	
ブリュッセル		1293		463	-10.7845
ブシロウ	武嗣郎	1291		501	-18.1724
ブタイジョウ	舞台上	1288		451	-12.5538
ブッセキ	仏跡	1285		501	-18.6282
ブツ		738		420	-17.0770
ブキャナン		1290		38	-12.6151
ブイディー	VD	1288		9	-14.1225
ブサ	ぶさ	733		437	-11.1616
ブラッドリー		1289		255	-12.2544
ブンカカツドウ	文化活動	1288		501	-13.2953
ブッカキ	ぶっかき	1285		501	-19.2344
ブレン	部練	1285		501	-18.6282
ブカタチ	部下達	1285	1298	17	-13.3199
ブトウ	武闘	1285		26	-14.7195
ブタ	ぶた	740		437	-9.3508
ブンスイ	分水	1293		176	-17.7008
ブハ	部は	1298	261	17	-11.0522
ブチマケル	ブチまける	619		501	-17.6419
ブハイ	武牌	1285		501	-18.6282
ブルネイ		1294		272	-11.4218
ブシ	武士	1285		464	-10.6221
ブンセキリョク	分析力	1283	1298	17	-12.8333
ブツメン	仏面	1285		501	-18.6282
ブレーズ・パスカル		1289		189	-13.5806
ブレイコウ	無礼講	1287		482	-14.1410
ブジシボウ	無事死亡	1287	1283	17	-13.0661
ブスマ	衾	1285		3	-18.9467
ブルブルッ	ぶるぶるっ	1281		501	-17.6734
ブンショウヲカイ	文章を書い	1285	687	17	-11.3300
ブロロロ	ぶろろろ	1281		501	-16.8624
ブー		1289		149	-16.8074
ブンゾウ	文象	1291		501	-18.1724
ブナ	橅	1285		501	-18.6282
ブチギレ		1288		501	-12.5885
ブーディカ		1289		146	-14.8241
ブタイモ	豚芋	1285		501	-18.7236
ブッシ	仏氏	1285		501	-18.6282
ブンカショウ	文化賞	1288		501	-13.2921
ブク	福	1288		501	
ブンコク	分国	1285		464	-18.5412
ブイエルビーアイ	vlbi	1285		501	-17.9351
ブンゲイヒョウロンカ	文芸評論家	1288		323	-12.8559
ブチヌク	ブチ抜く	695		501	-13.5784
ブロアー		1285		501	-15.5640
ブアツイ	ぶ厚い	19		501	-15.1140
ブアチカロ	ぶ厚かろ	25		501	-14.2147
ブルーム		1289		25	-12.1421
ブンサツ	分冊	1283		59	-13.7612
ブンショウ	文昌	1288		104	-18.5231
ブチッ	ぶちっ	1281		501	-17.6734
ブリタニック		1288		230	-14.8218
ブツ	忽	1288		501	
ブルートゥース		1288		501	-14.6116
ブンサイ	文債	1285		501	-18.6282
ブツリュウジンザイ	物流人材	1285		17	-13.3645
ブロディ		1288		25	-13.4131
ブンエイ	文英	1288		392	-17.4735
ブッツケル	ブッつける	619		501	-17.6419
ブアツシ	部厚し	23		501	-16.5462
ブンショウヲ	文章を	1285	156	17	-9.6512
ブリット		1292		255	-12.7161
ブラザヴィル		1289		272	-13.5493
ブツリュウセンター	物流センター	1293		35	-12.8384
ブッシャリ	仏舎利	1285		238	-14.1894
ブッコワサ	打壊さ	733		501	-17.4913
ブラド		1289		501	-14.8711
ブンシキドウ	分子軌道	1288		447	-13.6184
ブルーカラー		1285		42	-13.8533
ブレーキキャリパー		1288		95	-14.7724
ブザエモン	武左衛門	1291		501	-18.1724
ブックマアク	ぶっくまあく	1283		501	-18.2364
ブチゲ	斑毛	1285		501	-18.7236
ブラ	ぶら	780		437	-10.1139
ブギ		1285		203	-14.6812
ブレレ	ぶれれ	617		471	-11.7874
ブレンボ		1292		105	-13.5489
ブッシャ	仏舎	1285		501	-18.7236
ブツオン	仏音	1285		501	-18.6282
ブンコウ	文稿	1285		501	-18.6282
ブサメン		1288		501	-14.4722
ブンチョウ	分庁	1285		501	-18.1358
ブンカシセツ	文化施設	1288		480	-12.6121
ブッパン	仏飯	1285		501	-18.6282
ブンカチョウチョウカン	文化庁長官	1288		214	-14.2268
ブクレヨ	膨れよ	621		471	-18.4255
ブキ	葺	1285		435	-18.9467
ブドウバタケ	ブドウ畑	1288		55	-13.5371
ブブンテキカクジッケンキンシジョウヤク	部分的核実験禁止条約	1288		209	-14.8921
ブライト	Bright	1289		367	-12.1869
ブンショウ	文正	1291		21	-14.9448
ブンレイ	文礼	1285		501	-18.6282
ブブン	部分	1285		284	-7.9190
ブンショウサクセイ	文章作成	1285	1283	17	-13.4337
ブッケン	物権	1285		456	-13.4596
ブンチュウ	分駐	1285		501	-18.6282
ブイエス	vs	1285		250	-17.7303
ブアツウ	ぶ厚う	31		501	-14.5993
ブタイハ	舞台は	1285	261	17	-11.2610
ブンエイ	分営	1285		501	-18.6282
ブラザーズ		1289		203	-11.7337
ブオ〜		1281		501	-16.9196
ブ	廡	1288		501	
ブルドーザー		1285		319	-13.6381
ブレーキ		1285		95	-10.3928
ブルーリボンツー	ブルーリボンII	1288		168	-14.3599
ブンシカンリョク	分子間力	1288		339	-13.9753
ブッタイ	物体	1285		339	-10.7782
ブクレ	膨れ	622		471	-18.4370
ブルーハーツ		1289		67	-12.1123
ブラサゲル	ブラ下げる	619		501	-17.4748
ブックマーク		1289		431	-11.6122
ブッソク	仏足	1285		501	-18.6282
ブランディス		1289		1	-14.3005
ブンテン	文典	1285		342	-15.3814
ブキショウニン	武器商人	1288		501	-13.9908
ブル	Bull	1289		107	-12.9598
ブロスタ		1288		501	-14.6714
ブスイ	不粋	1287		501	-17.4416
ブラックコウソク	ブラック校則	1288		501	-14.1943
ブルルッ	ぶるるっ	1281		501	-17.6734
ブンポウガク	文法学	1288		189	-14.4818
ブルーコスモス		1288		326	-14.8108
ブトカラ	太から	27		333	-18.4983
ブラッシー		1289		448	-14.4863
ブヒ	部費	1285		42	-14.8958
ブキキョウカ	武器強化	1285	1283	17	-13.4677
ブリテン		1289		416	-11.7820
ブイシー	vc	1285		501	-17.9816
ブンヤ	文彌	1291		501	-18.1724
ブレイクダウン		1288		412	-14.7521
ブメン	部面	1285		501	-16.1120
ブレーク	break	1283		121	-17.5433
ブンシュンホウ	文春砲	1288		501	-14.9543
ブキミ	不気味	1287		66	-10.6589
ブジシュウイ	無事志有意	1288		501	-18.5231
ブ	咐	1288		501	
ブイエルシー	VLC	1288		197	-14.9887
ブシュ	仏手	1285		501	-18.6282
ブラッシュアップ		1288		501	-12.0473
ブーン		1288		255	-13.4159
ブツリョウ	物療	1285		501	-17.3126
ブルガリアテイコク	ブルガリア帝国	1288		359	-13.3151
ブスジマ	毒島	1290		392	-13.3425
ブレイモノ	無礼者	1288		501	-14.9678
ブンカイ	文会	1285		501	-18.6282
ブシン	武神	1285		32	-14.0949
ブンツウ	文通	1283		97	-12.2207
ブラーフミーモジ	ブラーフミー文字	1288		340	-14.5767
ブタサン	ブタさん	1285	1302	17	-13.3904
ブサ	撫さ	733		501	-16.2481
ブギョウショ	奉行所	1288		108	-13.0354
ブーゲンビル		1293		373	-14.3335
ブリオッシュ		1288		391	-14.1894
ブツガ	仏画	1285		312	-14.3674
ブイ		1285		20	-13.4599
ブンコカ	文庫化	1288		136	-13.5090
ブガイ	部外	1285		265	-14.0890
ブレイクファスト	Breakfast	1289		376	-12.7120
ブンゴ	ぶんご	1288		99	-14.8299
ブツガッ	仏学	1285		406	-18.5425
ブツリガク	物理学	1288		239	-10.8209
ブンメイ	ぶんめい	1287		331	-17.6422
ブンジョウ	分場	1285		501	-18.6282
ブショ	部署	1285		265	-10.6324
ブドマリ	歩留まり	1285		351	-14.3151
ブンテイ	文帝	1288		246	-13.7550
ブジデ	無事で	1287	458	17	-11.1622
ブツハ	物は	1298	261	17	-11.2747
ブンシン	分身	1285		26	-11.0656
ブンペイ	文平	1291		497	-13.9578
ブッコワレル	打っ壊れる	619		501	-18.9412
ブキ	噴	1288		501	
ブルックリン・ネッツ		1288		62	-14.8988
ブンチョウ	文鳥	1285		418	-13.5592
ブンケツ	分けつ	1283		501	-18.0694
ブイスリー	V3	1288		213	-12.3815
ブクレル	膨れる	619		471	-13.9804
ブッセキ	仏蹟	1285		501	-18.6282
ブラックジョーク		1288		460	-14.0010
ブチコメロ	打ち込めろ	623		236	-18.6456
ブラム		1288		149	-14.6853
ブンケ	分家	1283		464	-11.1970
ブリブリ	振振	1285		501	-18.7236
ブッショウ	物証	1285		243	-14.1140
ブンショウハ	文章は	1285	261	17	-10.8038
ブセル	ぶせる	619		501	-18.4303
ブドウ	萄	1288		501	
ブッパ		1288		501	-14.4106
ブッシツリョウ	物質量	1288		339	-13.2258
ブツケロ	ぶつけろ	623		379	-10.0777
ブリス		1289		470	-14.9103
ブナン	無難	1287		501	-17.5369
ブレイクダンス		1288		362	-13.4721
ブンモウ	文盲	1285		408	-17.2457
ブレニム		1288		230	-15.0041
ブンセツ	分節	1283		183	-13.0284
ブンブン	ぶんぶん	1285		113	-13.7618
ブトカレ	太かれ	29		333	-18.4975
ブクレヨ	膨れよ	624		471	-18.4223
ブレイクアウト		1288		177	-13.5450
ブトイ	ぶとい	19		501	-19.0215
ブホ	武甫	1291		501	-18.1724
ブルブル		1281		389	-12.8577
ブリティッシュ・コロンビア		1288		272	-14.7282
ブケノトウリョウ	武家の棟梁	1288		464	-14.3499
ブンゾウ	文蔵	1291		497	-18.1724
ブーメラン		1285		64	-12.5192
ブイジュウ	v10	1288		77	-13.2520
ブンルイサレル	分類される	1283	870	17	-10.6808
ブングイ	分杭	1293		501	-17.7008
ブル	ぶる	886		437	-14.7902
ブト	太	11		333	-18.6597
ブッシン	仏身	1285		352	-16.2320
ブンジンガ	文人画	1288		312	-14.0515
ブラウザ		1288		431	-11.1276
ブンゴノクニ	豊後国	1288		464	-12.5155
ブイオーアールティーエーシー	vortac	1285		501	-17.9351
ブソク	不足	1283		182	-12.5359
ブッコミ	打っ込み	1285		501	-18.7236
ブンジャク	文雀	1291		122	-15.9880
ブアチシ	ぶ厚し	23		501	-14.2156
ブカイ	部会	1285		214	-12.2222
ブイリーグ	Vリーグ	1288		372	-12.9457
ブンザエモン	文左衛門	1291		311	-13.8929
ブンペイ	ぶんぺい	1289		501	-18.1292
ブコク	誣告	1283		246	-14.2225
ブチャ	ぶちゃ	737		331	-9.3308
ブク	茯	1288		501	
ブリックス	BRICs	1288		240	-14.5844
ブルネット		1285		295	-15.7823
ブイトール	VTOL	1288		413	-14.2033
ブンカクンショウ	文化勲章	1288		313	-12.6174
ブブンダケ	部分だけ	1285	338	17	-11.2475
ブランダイス		1285		383	-15.4130
ブンタン	分たん	1283		501	-18.0694
ブレ	ぶれ	622		60	-11.7212
ブンカツバライ	分割払い	1285		474	-13.8743
ブンプズ	分布図	1288		501	-14.4468
ブルバキ		1288		65	-14.2760
ブチコミャ	打ち込みゃ	761		379	-17.8795
ブナン	ぶなん	1287		501	-17.6422
ブールカンスウ	ブール関数	1288		336	-14.5067
ブンドラ	分捕ら	780		501	-16.5832
ブツリキ	仏力	1285		501	-18.0923
ブアチカラ	ぶ厚から	27		501	-14.2155
ブスッ	ブスっ	1281		501	-16.9802
ブクログ		1288		241	-14.6724
ブーケ		1285		256	-13.3666
ブレーキローター		1288		95	-14.9713
ブルータス		1289		11	-13.0416
ブンチョウ	文調	1291		312	-14.3717
ブシ	節	1298		327	-9.9447
ブタイエンシュツ	舞台演出	1288		501	-13.6598
ブンメイ	文名	1285		346	-14.9416
ブルーイング		1285		501	-15.3864
ブンイ	文為	1285		501	-18.6282
ブカキャ	深きゃ	17		307	-17.8043
ブラギ		1288		222	-14.9800
ブツヤ	仏耶	1285		501	-18.6282
ブオー	ぶおー	1281		501	-16.1693
ブキミサ	不気味さ	1287	1304	17	-12.8960
ブンガクカイ	文學界	1288		136	-13.6254
ブタバナ	豚鼻	1285		501	-18.7236
ブンヤ	文弥	1291		368	-15.1471
ブツドウ	仏道	1285		365	-13.8030
ブンショウ	文正	1288		21	-14.9448
ブンキョウ	分享	1288		501	-14.3128
ブンロクノエキ	文禄の役	1288		498	-13.1409
ブテン		1288		83	-14.8035
ブラク	豊楽	1285		233	-18.6282
ブ	風	1288		501	
ブンショウダイ	文章題	1288		85	-14.4081
ブルーザキヤマ		1285		501	-15.1972
ブッコロソ	ブッ殺そ	732		501	-16.6251
ブンゲイシ	文芸誌	1288		323	-12.7629
ブラッシング		1283		487	-13.2636
ブランメル		1288		368	-14.6634
ブンサントウシ	分散投資	1288		345	-14.3312
ブツ	打	738		211	-17.0770
ブットバセ	ぶっ殺せ	734		501	-12.1382
ブレンターノ		1288		204	-14.0953
ブンキヨソク	分岐予測	1288		431	-13.7893
ブンカイサン	文化遺産	1288		475	-12.0502
ブキョウ	武俠	1285		501	-18.6282
ブルーシート		1288		60	-13.9562
ブコ	蕪湖	1293		501	-17.7008
ブチカマス	ブチかます	731		501	-16.7017
ブログランキング		1288		501	-13.5004
ブーシュ		1285		483	-15.3632
ブンシュウ	文醜	1289		308	-14.0315
ブレード		1288		95	-12.3966
ブチコワソ	ぶち壊そ	732		54	-11.4393
ブイテック	VTEC	1292		9	-12.0974
ブラン	ぶらん	1281		450	-13.8174
ブーブー		1281		462	-13.1680
ブルジョアカイキュウ	ブルジョア階級	1288		1	-14.9403
ブンメイドウ	文明堂	1292		274	-12.9263
ブートキャンプ		1288		85	-14.1658
ブタマメ	豚豆	1285		501	-18.7236
ブレ	ぶれ	768		437	-10.1088
ブラックライト		1288		242	-14.8361
ブレツ	武烈	1289		440	-14.6728
ブイトールキ	VTOL機	1288		413	-14.8108
ブチカマシ	ぶちかまし	735		211	-11.9854
ブッキ	服忌	1285		501	-18.6282
ブチアテル	打ち当てる	619		501	-18.6535
ブックス		1285		136	-12.6969
ブガカリ	歩掛かり	1285		501	-18.6282
ブラックマンデー		1285		422	-15.3618
ブツヤ	佛耶	1285		501	-18.6282
ブランドメイ	ブランド名	1288		274	-11.4155
ブアツシ	ぶあつし	23		501	-15.2075
ブチコメレ	打ち込めれ	617		236	-18.6466
ブンチン	文珍	1291		49	-12.8445
ブス		1285		149	-11.2221
ブルーザー		1285		141	-15.8915
ブンタイシエンカキ	分隊支援火器	1288		501	-14.9375
ブンブカン	文武官	1285		501	-18.6282
ブンナゲロ	ぶん投げろ	623		501	-12.6371
ブ	部	1285		304	-10.7644
ブンロク	文禄	1285		21	-12.0996
ブレル	ぶれる	619		471	-11.7943
ブンチュウ	分注	1285		501	-18.6282
ブランニュー	Brand New	1288		367	-14.8954
ブッコワレ	ぶっ壊れ	559	625	17	-11.3925
ブナン	無難	1287		66	-10.4528
ブローク		1289		483	-15.2670
ブドウ	武道	1285		362	-11.8412
ブッカ	仏果	1285		297	-16.7384
ブブンニ	部分に	1285	151	17	-10.2700
ブルースロック		1288		412	-14.8928
ブラクカイホウドウメイ	部落解放同盟	1292		131	-11.6555
ブック	book	1288		121	-12.8992
ブイシー	VC	1288		9	-11.5265
ブイエスシー	vsc	1285		501	-17.9351
ブイガタジュウニキトウ	V型12気筒	1288		213	-13.7482
ブブングン	部分群	1285	1298	17	-13.2119
ブンユウ	分有	1283		186	-15.2200
ブコウ	武后	1289		246	-17.9060
ブッショウ	佛性	1285		501	-18.6282
ブンキョウ	文強	1291		501	-18.1724
ブソウカイジョ	武装解除	1288		53	-12.7817
ブッチギリ	ぶっちぎり	1285		244	-19.2344
ブットバセ	ぶっとばせ	729		501	-12.4583
ブイク	撫育	1283		219	-14.7510
ブ	憮	1288		501	
ブリュール		1289		34	-15.9891
ブルーインパルス		1288		413	-13.0680
ブンサンワオン	分散和音	1288		458	-14.5346
ブラスター		1289		64	-12.3023
ブンカノ	文化の	1285	368	17	-10.8116
ブイシーワン	VC-1	1288		213	-14.7521
ブックスタンド		1285		17	-12.2243
ブンソウ	分相	1285		501	-18.6282
ブチカマス	打ち噛ます	731		501	-17.4749
ブンリン	文麟	1291		501	-18.1724
ブンゾク	分属	1283		501	-18.0694
ブラジルワールドカップ		1288		428	-14.8921
ブンカツ	分轄	1283		309	-16.4296
ブウ	ぶう	1281		501	-17.5556
ブッチギリ	ぶっち切り	1285		501	-19.2344
ブシ	節	1285		327	-18.7854
ブッカーティー	ブッカー・T	1289		175	-13.6294
ブバラ	武張ら	780		501	-18.2152
ブセッ	伏せっ	786		438	-18.5724
ブタコマ	豚コマ	1285		501	-18.7236
ブルース・リー		1289		179	-11.7614
ブローアップ		1288		424	-15.0041
ブヨン	ぶよん	1281		501	-16.0996
ブカツ	部活	1285		364	-10.5645
ブチマケン	ぶちまけん	620		161	-11.9357
ブゾーニ		1289		416	-13.5300
ブンシュウ	分周	1283		501	-18.0694
ブセラ	伏せら	780		438	-18.5517
ブリュレ		1288		501	-14.5231
ブックファースト		1292		92	-13.4928
ブセ	撫せ	734		501	-16.2272
ブンコウ	聞香	1285		501	-15.9853
ブンショ	文書	1285		59	-9.7689
ブダペスト		1293		463	-11.0226
ブツカル	打つかる	772		501	-18.2413
ブリーフィング		1285		20	-14.3385
ブツネン	仏念	1291		501	-18.1724
ブラックシャイン	ブラック社員	1288		501	-14.7748
ブアチ	部厚	11		501	-16.7074
ブン	振ん	782		379	-18.5466
ブンミントウセイ	文民統制	1288		456	-13.8872
ブンギ	文義	1291		501	-18.1724
ブンゲイ	文芸	1285		323	-11.3316
ブブンデ	部分で	1285	149	17	-10.6917
ブブンクウカン	部分空間	1288		447	-13.5953
ブロッコリーノクキ	ブロッコリーの茎	1288		501	-14.9656
ブツリテイスウ	物理定数	1288		65	-14.1109
ブイエーエヌ	van	1289		151	-18.4741
ブオンナ	不女	1285		501	-18.8289
ブツリョク	物力	1285		501	-18.6282
ブチコン	ぶちこん	766		501	-11.9533
ブヨ	蚋	1285		501	-17.2980
ブリーダー		1288		499	-13.3813
ブイオーディー	vod	1285		501	-17.9351
ブチ		1285		60	-12.0140
ブタゲ	豚毛	1285		55	-18.7236
ブチコマ	ぶちこま	764		501	-12.0617
ブッカケ	ぶっかけ	1288		93	-13.3196
ブットオシ	打っ通し	1285		501	-18.7236
ブツ		1285		420	-18.1358
ブバラ	武ばら	780		501	-18.2152
ブチギレレ	ブチギレれ	784		501	-13.2542
ブチコメ	ぶちこめ	765		501	-12.0502
ブンショウ	文祥	1288		440	-18.5231
ブツクサ	ぶつくさ	1314		501	-17.6089
ブルボンケ	ブルボン家	1288		446	-13.0041
ブンギ	文宜	1291		501	-17.0738
ブリッジ		1288		64	-14.5561
ブラクリ	ぶらくり	1285		501	-19.2344
ブンゲイ	文藝	1285		323	-13.4095
ブチギレ	ぶち切れ	1285		501	-19.2344
ブ	夫	1288		501	
ブルルルル	ぶるるるる	1281		501	-17.3018
ブンナグル	打ん擲る	772		501	-18.4236
ブンケツ	分ケツ	1283		501	-18.0694
ブクラー	ぶくらー	1285		501	-18.9467
ブツケン	ぶつけん	620		379	-10.0779
ブル		772		149	-18.4236
ブンガクテキ	文学的	1288		88	-12.2242
ブアチク	ぶ厚く	35		501	-14.2979
ブクロ	袋	1298		487	-10.2369
ブンフソウオウ	分不相応	1288		501	-14.8711
ブランチ	branch	1285		5	-17.9351
ブツケル	ぶつける	619		379	-10.0855
ブンカカイカン	文化会館	1288		224	-13.0476
ブキョク	武曲	1288		501	-18.5231
ブハ	部派	1285		501	-18.6282
ブラックタイガー		1288		89	-13.8925
ブツカリャ	ぶつかりゃ	770		471	-10.1715
ブリャ	振りゃ	770		379	-18.5465
ブナヤシキ	ぶな屋敷	1285		501	-19.2344
ブ	布	1288		501	
ブレーメン		1293		463	-11.0254
ブンゲイサクヒン	文芸作品	1288		393	-13.4107
ブッシャ	佛舎	1285		501	-18.6282
ブンドレル	分捕れる	619		501	-18.4303
ブラシ	刷子	1285		501	-18.3181
ブラジルジン	ブラジル人	1288		334	-12.5988
ブアチイ	ぶあちい	19		501	-15.7307
ブンドレ	分捕れ	768		501	-16.5781
ブラックサンダー		1288		93	-13.0227
ブッチガイ	ぶっ違い	1285		501	-18.5412
ブイエルシーシー	vlcc	1285		501	-17.9351
ブンセイ	文勢	1285		501	-18.6282
ブックエース		1292		501	-13.5928
ブタ	🐖	1285		501	-24.2233
ブッタタク	打っ叩く	695		501	-14.6770
ブンガクザ	文学座	1292		449	-11.3299
ブツ	打つ	738		379	-11.9522
ブルーオーシャン		1288		501	-13.8594
ブレインストーミング		1288		157	-13.5445
ブル		1290		149	-10.0866
ブルン	ぶるん	1281		501	-14.0240
ブンポウテキ	文法的	1288		327	-12.9755
ブンアン	文安	1288		21	-18.5231
ブニチ	侮日	1285		501	-18.6282
ブンカノチガイ	文化の違い	1288		501	-13.0307
ブキ	吹	1298		4	-15.3127
ブアチイ	ぶ厚い	19		501	-14.7387
ブラザー	brother	1289		367	-13.5376
ブンシヒョウテキヤク	分子標的薬	1288		100	-14.9807
ブキハ	武器は	1285	261	17	-11.2515
ブーフ		1289		6	-15.5265
ブトウカ	武闘家	1288		89	-14.7092
ブンシロウ	文四郎	1291		439	-14.2059
ブログ	ぶろぐ	1285		501	-18.5412
ブレンディ		1288		501	-15.6538
ブンナグル	ブン殴る	772		501	-17.4681
ブンゲン	分限	1285		108	-17.1088
ブ	佛	1288		501	
ブイブイ		1288		501	-14.9706
ブラックジャック		1289		203	-12.2788
ブヘイ	部兵	1285		501	-18.6282
ブタ	ぶた	1285		437	-13.0778
ブンダン	分断	1283		375	-10.6346
ブンポウハンチュウ	文法範疇	1288		327	-14.9543
ブビキ	歩引き	1283		501	-18.0694
ブチコワセ	打ち壊せ	729		438	-17.4644
ブルー	ぶるー	1287		80	-14.1029
ブラウ・ブロ		1288		190	-14.9997
ブワケ	部分け	1285		501	-17.8906
ブインタチ	部員たち	1285	1298	17	-13.2869
ブンガクシャ	文学者	1289		323	-10.9054
ブロックシテ	ブロックして	1285	307	17	-10.8579
ブンガクカイ	文学界	1288		323	-13.7704
ブアツウ	分厚う	31		60	-10.4481
ブヒン	ぶひん	1285		331	-18.8289
ブ	穂	1288		501	
ブラスト	BLAST	1289		232	-13.1165
ブラスバンドブ	ブラスバンド部	1288		364	-14.6999
ブラサゲリャ	ぶら下げりゃ	618		379	-12.0220
ブルサ		1288		373	-14.5913
ブイスポバーチャルイースポーツプロジェクト	ぶいすぽっ！VirtualeSportsProject	1289		122	-20.0430
ブナ		1285		116	-12.7384
ブラス		1289		132	-12.3818
ブタムシ	ブタ虫	1285		501	-18.0817
ブナシメジ	橅占地	1285		501	-18.7236
ブブアラレ	ぶぶ霰	1285		501	-19.2344
ブラッディ		1288		149	-14.5680
ブシン	ぶしん	1283		501	-19.0249
ブンカイ	分解	1283		174	-9.8404
ブルゴーニュコウ	ブルゴーニュ公	1288		273	-13.1991
ブンコン	分根	1285		501	-18.6282
ブアツケリャ	分厚けりゃ	15		60	-10.4387
ブッコウ	仏光	1285		28	-18.6282
ブラサゲ	ぶら下げ	622		379	-12.0554
ブントンチ	分屯地	1288		171	-14.5825
ブルーズ		1285		196	-14.9755
ブカシ	深し	23		307	-10.7867
ブルルルッ	ぶるるるっ	1281		501	-17.6734
ブンテン	分店	1285		501	-18.6282
ブチコワセ	ぶち壊せ	729		54	-11.4313
ブツリ	ぶつり	1281		331	-17.6734
ブンコバン	文庫版	1285	1298	17	-12.0003
ブンレツ	分列	1283		458	-14.9036
ブーゲンビリア		1285		382	-15.3935
ブンゲイガクブ	文芸学部	1288		187	-14.6535
ブアチカッ	分厚かっ	33		60	-10.4588
ブジュツカ	武術家	1288		251	-13.2999
ブラックパール		1289		459	-13.6918
ブックレット		1288		24	-12.5958
ブロッククズシ	ブロック崩し	1288		115	-14.7423
ブラジル		1294		240	-8.2856
ブレイズ		1289		203	-12.8806
ブンカイ	分会	1285		131	-14.3850
ブラウサクセン	ブラウ作戦	1288		53	-14.9821
ブンタ	文太	1291		370	-13.1729
ブンジ	文司	1291		501	-15.1374
ブダンハ	武断派	1288		498	-14.8405
ブラサゲン	ぶら下げん	620		379	-12.0411
ブンカ	文嘉	1291		501	-15.9106
ブバリ	武張り	788		501	-18.2141
ブンセツ	分設	1283		501	-18.0694
ブリッツ		1289		190	-12.9881
ブンオウ	文応	1288		501	-18.5231
ブラジルセン	ブラジル戦	1288		178	-13.8590
ブライアン・エプスタイン		1289		25	-13.8251
ブンキュウ	分球	1283		501	-18.0694
ブアチク	分厚く	35		60	-10.5219
ブンセン	分繊	1285		501	-18.6282
ブンリン	文林	1291		28	-18.1724
ブンシュン	文春	1288		201	-12.3103
ブンセキケッカ	分析結果	1283	1314	17	-13.0838
ブンダン	分段	1285		501	-17.8906
ブゼン	奉膳	1285		501	-18.6282
ブッコワセ	打壊せ	734		501	-17.4704
ブランデンブルクヘンキョウハク	ブランデンブルク辺境伯	1288		273	-14.2999
ブンギョウ	分業	1283		79	-12.0241
ブート		1288		431	-13.3901
ブッサツ	仏刹	1285		501	-17.5296
ブタイカントク	舞台監督	1289		98	-12.0336
ブケ	武家	1285		464	-11.6259
ブンカセイサク	文化政策	1288		388	-14.2934
ブンマワシ	ぶんまわし	1285		501	-16.6025
ブリーフケース	💼	1285		501	-24.5363
ブイジュウニ	V12	1288		168	-13.4406
ブタニク	豚肉	1285		75	-10.9227
ブラインド		1285		64	-12.9283
ブグ		1285		146	-15.3758
ブッセツ	仏説	1285		342	-15.0615
ブツ	ぶつ	738		331	-9.2915
ブンセンメイ	文鮮明	1289		325	-12.4500
ブッケン	物件	1285		455	-10.9052
ブセ	伏	1300		395	-18.5295
ブマル	夫丸	1285		501	-18.6282
ブク	伏	1288		501	
ブツ	佛	1298		128	-18.1108
ブルーシール		1288		398	-14.8921
ブレイオウ	武霊王	1289		246	-13.8184
ブンシュク	文淑	1291		501	-18.1724
ブルーベリー		1285		75	-12.6425
ブクレロ	膨れろ	623		471	-18.4225
ブンセキテキ	分析的	1283	1299	17	-13.1749
ブンプク	文福	1285		241	-18.6282
ブキノ	武器の	1285	368	17	-11.2913
ブカク	深く	35		307	-17.8875
ブグ	武具	1285		4	-12.8298
ブジョク	侮辱	1283		133	-11.5959
ブーランジェ		1288		326	-14.4342
ブリティッシュコロンビアシュウ	ブリティッシュコロンビア州	1288		272	-13.1436
ブセ	伏せ	776		438	-13.0740
ブレイクスルー		1288		65	-13.5953
ブッコロセ	ブッ殺せ	729		501	-16.6171
ブラサガレ	ぶら下がれ	784		379	-12.1928
ブリリアント		1288		203	-14.2482
ブラサガリャ	ぶら下がりゃ	770		379	-12.1928
ブナバヤシ	橅林	1285		501	-18.7236
ブスブス	ぶすぶす	1281		501	-14.7120
ブンシコウブン	分詞構文	1288		327	-14.8901
ブリュッヘル		1288		146	-14.2966
ブランドカチ	ブランド価値	1285		17	-13.3056
ブドマリ	歩止まり	1285		501	-18.6282
ブッソウ	仏僧	1285		501	-18.6282
ブツグ	仏具	1285		4	-14.0875
ブツダ	仏陀	1285		365	-13.2781
ブ	艀	1288		501	
ブンキョウダイガク	文教大学	1292		187	-12.9081
ブンシャカ	分社化	1285	1297	17	-13.0184
ブシツケ	不躾	1287		501	-13.0853
ブス	毒	1288		501	
ブツリホウソク	物理法則	1288		287	-13.0261
ブジ	ぶじ	1314		99	-17.4266
ブライアン		1291		255	-10.0689
ブレ	ぶれ	625		60	-11.6597
ブンエン	文遠	1291		501	-18.1724
ブシ	BUSHI	1289		141	-13.6377
ブソウケイサツ	武装警察	1288		53	-14.6426
ブタコマニク	豚こま肉	1288		501	-14.5337
ブタドン	豚丼	1285		93	-18.7236
ブンメン	文面	1285		59	-11.9901
ブラウンズ		1288		62	-13.9182
ブク	箙	1288		501	
ブンサイ	文彩	1285		501	-18.6282
ブシツ	部室	1285		414	-12.7638
ブヨッ	ぶよっ	1281		501	-17.6734
ブンシ	分祀	1288		404	-14.2861
ブジュツ	武術	1285		251	-11.8013
ブランクス	Blanks	1289		501	-12.8167
ブンカン	文間	1285		501	-18.6282
ブンエイ	文永	1288		21	-18.5231
ブラックロック		1292		432	-13.5476
ブイジーエー	VGA	1288		315	-13.1528
ブランデンブルク		1293		446	-11.3514
ブクミ	含み	1285		258	-9.2920
ブツモ	仏母	1285		501	-18.6282
ブラウス		1285		295	-12.9028
ブ	峯	1288		501	
ブラック	black	1285		121	-17.8906
ブルベ		1288		227	-13.1865
ブクン	武勲	1285		411	-14.0254
ブスイ	無粋	1287		66	-12.7757
ブラッド・ピット		1289		179	-12.9274
ブランドサイト		1285		17	-12.1417
ブリョクコウシ	武力行使	1288		209	-12.8419
ブンエン	分煙	1285		414	-18.6282
ブイピーエス	VPS	1288		288	-14.4875
ブリ		1285		149	-12.3046
ブンチ	文治	1285		21	-19.0802
ブラサガン	ぶら下がん	774		379	-12.1929
ブンコレーベル	文庫レーベル	1288		136	-14.4674
ブチコミ	打ち込み	767		379	-17.8945
ブンレツ	ぶんれつ	1283		501	-18.8426
ブイエイチエフ	vhf	1285		501	-17.9351
ブイオーアイピー	voip	1285		501	-17.9351
ブヒ		1285		501	-15.0508
ブンカ	文化	1285		88	-8.6718
ブンピツ	分泌	1283		355	-10.4141
ブンカケイ	文科系	1288		253	-14.3029
ブマツ	部末	1285		501	-18.6282
ブカ	鱶	1285		297	-18.9467
ブンジ	文治	1288		21	-14.0433
ブシ	附子	1285		382	-15.2723
ブンシツ	分室	1285		414	-13.3153
ブンリュウ	分留	1283		405	-14.6504
ブルックナー		1289		416	-11.2743
ブロッケンサン	ブロッケン山	1293		167	-13.4813
ブントウ	分島	1285		163	-18.6282
ブツヨク	物欲	1285		56	-12.8223
ブクレン	膨れん	620		471	-18.4227
ブンジャク	文弱	1287		501	-15.4015
ブンド	分捕	776		501	-16.5803
ブトウ	舞刀	1285		501	-18.6282
ブッケンヘンドウ	物権変動	1288		456	-14.4426
ブンドリ	分捕り	788		501	-16.5821
ブッテン	仏典	1285		342	-12.5667
ブクマ		1288		501	-12.9825
ブリブリ		1288		462	-14.1524
ブッキョウダイガク	佛教大学	1288		187	-14.4541
ブンプカンスウ	分布関数	1288		501	-14.5927
ブトカロ	太かろ	25		333	-18.4975
ブンシロウ	文史朗	1291		501	-18.1724
ブンセキ	分籍	1283		501	-18.0694
ブンロク	文禄	1288		21	-18.2046
ブザー		1285		109	-13.0970
ブラサガル	ブラ下がる	772		501	-17.4681
ブロックキノウ	ブロック機能	1285	1283	17	-13.5155
ブチマケレ	ぶちまけれ	617		161	-11.9365
ブンソウ	文草	1285		501	-18.6282
ブキッチョ	ぶきッちょ	1287		501	-18.0477
ブタノカクニ	豚の角煮	1288		501	-14.0743
ブランデー		1285		75	-12.9904
ブン	汾	1288		501	
ブアツカラ	分厚から	27		60	-10.4396
ブンミャク	文脈	1285		287	-10.9250
ブニ	部に	1298	151	17	-10.3722
ブッパ	ぶっぱ	1288		501	-14.2245
ブブ	ぶぶ	3		501	-17.4519
ブリ	ぶり	788		437	-10.1128
ブルボンヌ		1289		501	-13.3223
ブルージー		1285		66	-15.4270
ブラックペッパー		1289		501	-11.7507
ブクレリャ	膨れりゃ	618		471	-18.4036
ブベツテキ	侮蔑的	1288		340	-14.8901
ブルブルッ	ブルブルっ	1281		501	-16.9196
ブンピ	分泌	1283		355	-13.7474
ブリアナ		1289		501	-14.1741
ブッカケ	ぶっかけ	1285		93	-19.2344
ブコウ	武甲	1293		501	-17.7008
ブーシェ		1288		329	-14.5637
ブチカマソ	ぶちかまそ	732		501	-12.1157
ブキ	蕗	1285		3	-18.8289
ブ	罘	1288		501	
ブスマ	襖	1285		4	-18.7236
ブレーカー		1288		384	-13.2343
ブンシャ	ぶんしゃ	1285		331	-15.3065
ブトカブシキガイシャ	ぶと株式会社	1285		17	-13.0521
ブンキョウジョウ	分教場	1285		406	-14.4200
ブンメイ	分明	1287		495	-17.5369
ブッコ	ぶっこ	1283		501	-13.2088
ブアツイ	分厚い	19		60	-10.9628
ブンキテン	分岐点	1288		469	-11.7602
ブルーライン		1288		162	-13.2148
ブラウブリッツアキタ	ブラウブリッツ秋田	1292		41	-13.3656
ブワッ	ぶわっ	1281		501	-17.6734
ブレスト		1285		373	-12.7760
ブンミツ	分みつ	1285		501	-18.6282
ブンガ	文雅	1287		251	-16.2841
ブンデン	分電	1283		501	-18.0694
ブクサ	袱紗	1285		256	-18.7236
ブセ	臥	1288		501	
ブリカエシ	ぶり返し	1285		101	-19.2344
ブジシュウリョウ	無事終了	1287	1283	17	-12.2920
ブリッグス		1289		38	-13.5555
ブローニング		1285		264	-14.0004
ブンゴ	文護	1291		501	-18.1724
ブンセン	文選	1288		342	-16.2328
ブッシン	仏神	1285		501	-18.6282
ブラウンウンドウ	ブラウン運動	1288		65	-14.3646
ブンケイ	文系	1285		253	-11.5606
ブアツカッ	ぶあつかっ	33		501	-15.2267
ブルイ	震い	1285		501	-18.9467
ブ	普	1288		501	
ブッダガヤ		1293		199	-13.8443
ブサ	ぶさ	1285		150	-19.9275
ブリ	ぶり	1300		143	-17.4309
ブソウトウソウ	武装闘争	1288		326	-12.9245
ブソン	蕪村	1291		312	-13.1094
ブカブカ	ぶかぶか	1287		501	-14.1231
ブチヌイ	打ち抜い	687		379	-17.8945
ブチマケ	ぶちまけ	625		301	-11.8257
ブティック		1285		442	-13.3772
ブクロ		1288		501	-14.3956
ブンテン	文典	1291		342	-17.8814
ブイアイピー	vip	1285		501	-17.9351
ブンテイ	文帝	1291		246	-12.4063
ブウン	ぶうん	1281		501	-17.6734
ブツリゲンショウ	物理現象	1288		501	-13.2577
ブテエ	太え	19		333	-19.0215
ブッシュダイトウリョウ	ブッシュ大統領	1288		38	-13.4894
ブカカラ	深から	27		307	-17.8052
ブンユウ	文雄	1291		344	-18.1724
ブンシ	文詩	1285		501	-18.6282
ブンザイ	分際	1285		495	-13.6813
ブッツケホンバン	ぶっつけ本番	1285		17	-12.8572
ブッソウ	ぶっそう	1287		501	-17.6422
ブケヤシキ	武家屋敷	1293		435	-11.9220
ブンスイレイ	分水嶺	1285		176	-13.1880
ブブチョウ	部部長	1298	1285	17	-13.0802
ブラックホール		1285		466	-12.2477
ブッケ	仏家	1285		501	-16.4130
ブアチカロ	分厚かろ	25		60	-10.4387
ブッコワセ	打壊せ	729		501	-17.4644
ブリカエソ	ぶり返そ	732		501	-12.4466
ブリンソン		1285		501	-15.3365
ブッシン	物心	1285		364	-12.4051
ブジカンソウ	無事完走	1287	1283	17	-13.5533
ブラント		1291		417	-11.6203
ブンピツカ	文筆家	1285	1298	17	-12.4283
ブ	奉	1288		501	
ブルース・ウェイン		1289		25	-13.7206
ブントウ	分党	1288		125	-14.0498
ブタ	蓋	1285		284	-18.5412
ブアチカラ	分厚から	27		60	-10.4396
ブン	ぶん	1281		331	-17.6734
ブロガー		1288		324	-11.5724
ブクブク		1288		93	-14.6592
ブンカツセンリョウ	分割占領	1288		209	-14.7974
ブレシアケン	ブレシア県	1288		33	-14.7854
ブス	撫す	731		501	-16.2317
ブンピツリョウ	分泌量	1283	1298	17	-13.2376
ブンカシホン	文化資本	1288		186	-14.6061
ブラック		1285		203	-10.5312
ブンゲン	文言	1285		456	-13.9875
ブツブツ	ぶつぶつ	1314		121	-17.7143
ブンシン	文眞	1288		501	-18.5231
ブアツキャ	分厚きゃ	17		60	-10.4387
ブンルイシ	分類し	1283	610	17	-11.3973
ブラウン		1285		255	-11.9233
ブランク		1287		143	-15.4279
ブンカ	分科	1285		85	-14.0335
ブンキョウチク	文教地区	1288		480	-13.7577
ブンガクショウジョ	文学少女	1288		364	-14.3376
ブリテン	Britain	1288		367	-14.9473
ブンノスケ	文之介	1291		501	-18.1724
ブマサ	昌	1288		501	
ブンタイチョウ	分隊長	1288		343	-13.2527
ブアツカッ	分厚かっ	33		60	-10.4588
ブンガクショウ	文学賞	1288		313	-12.1039
ブトトウ	武都頭	1289		501	-17.9060
ブーゲンビルトウ	ブーゲンビル島	1288		37	-13.4927
ブ	賻	1288		501	
ブンレツビョウ	分裂病	1288		501	-14.6708
ブラマンテ		1285		130	-14.9577
ブチコン	ぶち込ん	766		501	-10.2965
ブント		1288		131	-13.5398
ブッチョウ	佛彫	1285		501	-18.6282
ブンカイシ	分解し	1283	610	17	-11.1910
ブアチシ	分厚し	23		60	-10.4396
ブレ		1285		48	-12.5862
ブイイージーエフ	vegf	1285		501	-17.9351
ブン		1289		462	-11.8750
ブッテキショウコ	物的証拠	1288		501	-14.2170
ブラタモリ		1288		476	-13.9940
ブンキチ	文吉	1291		497	-13.5712
ブンサイ	分載	1283		501	-18.0694
ブルマ		1289		51	-11.7124
ブアチ	ぶ厚	11		501	-14.3769
ブキシュ	武器種	1285	1298	17	-12.9892
ブンポ	文甫	1291		501	-18.1724
ブドウガオカ	ぶどうヶ丘	1293		501	-18.3940
ブンガクカン	文学館	1288		229	-13.6320
ブシダン	武士団	1288		464	-13.1116
ブ	婦	1288		501	
ブスザワ	不須沢	1293		501	-17.7008
ブンカツ	分割	1283		375	-9.4879
ブンシンノジュツ	分身の術	1288		501	-14.6041
ブアチイ	部厚い	19		501	-17.0693
ブンベン	分べん	1283		501	-18.0694
ブチコモ	ぶちこも	763		501	-12.0538
ブヒ	ぶひ	1285		36	-14.0090
ブイチューバー	VTuber	1289		501	-10.6800
ブイネック	Vネック	1288		147	-14.5185
ブカ	部下	1285		490	-10.2764
ブツブツ	ぶつぶつ	1281		121	-12.7267
ブバ	武張	776		501	-18.2123
ブ	鵐	1288		501	
ブウ	封	1288		501	
ブイオーディー	VOD	1288		363	-13.9492
ブテ	打て	736		268	-11.1379
ブヨブヨ	ぶよぶよ	1287		379	-18.0477
ブクサ	帛紗	1285		256	-18.7236
ブンシンサン	分身さん	1285	1302	17	-12.2840
ブンショ	分署	1285		171	-14.4935
ブドウキュウキン	ブドウ球菌	1288		100	-14.3607
ブンセキ	文責	1285		96	-14.6508
ブルージェイズ		1288		306	-13.6037
ブンメイ	文明	1288		94	-19.2162
ブチコメン	打ち込めん	620		236	-18.6458
ブモンノ	部門の	1285	368	17	-11.2643
ブアツ	ぶ厚	11		501	-14.7521
ブー	Boo	1288		493	-14.2930
ブレンドコーヒー		1288		501	-14.0535
ブン	氛	1288		501	
ブツカッ	ぶつかっ	786		155	-10.1062
ブイアール	VR	1288		9	-10.8619
ブビ	武備	1285		346	-15.1506
ブン	賁	1288		501	
ブタニク	ぶたにく	1285		501	-18.7236
ブロ	ぶろ	778		437	-10.1091
ブライト		1287		255	-11.9046
ブルーブラック		1288		501	-14.8053
ブスイ	武遂	1293		501	-17.7008
ブラクサベツ	部落差別	1288		216	-13.9727
ブルマイ	振舞い	1285		252	-13.3951
ブイオーアール	vor	1285		461	-17.9351
ブンキゲーム	分岐ゲーム	1283	1285	17	-13.0731
ブク	鞴	1288		501	
ブイブイブイエフ	vvvf	1285		501	-17.9351
ブケカンイ	武家官位	1288		403	-14.6999
ブランドヲ	ブランドを	1285	156	17	-11.2932
ブカン	武官	1285		123	-12.4108
ブルーノ		1289		329	-11.5329
ブイゴール	Vゴール	1288		178	-14.0275
ブロッカー		1288		100	-13.8766
ブカ	部課	1285		265	-15.2679
ブラサゲヨ	ぶら下げよ	621		379	-12.0439
ブリヅリ	鰤釣	1285		501	-18.7236
ブロリー		1289		26	-12.5770
ブンシャ	分社	1285		378	-12.3695
ブンチャン	ぶんちゃん	1285	1302	17	-13.2419
ブチル		1285		111	-15.8015
ブンベン	分娩	1283		192	-12.2291
ブナコ	橅子	1285		501	-18.7236
ブロークン		1288		203	-13.8156
ブクブクッ	ブクブクっ	1281		501	-16.9196
ブリジット		1289		25	-12.9823
ブレーンバスター		1288		211	-14.3553
ブスキ	宿	1288		501	
ブレーキシュー		1285		95	-15.0432
ブイプレミアリーグ	V・プレミアリーグ	1288		372	-14.4670
ブソウシュウダン	武装集団	1288		326	-13.3630
ブッコワシャ	打壊しゃ	730		501	-17.4712
ブチノメセ	ぶちのめせ	729		501	-12.7993
ブタバラニク	豚バラ肉	1288		501	-13.2571
ブバル	武張る	772		501	-18.0871
ブラックピンク	BLACKPINK	1289		501	-13.7731
ブチ	駮	1288		501	
ブンリュウ	分流	1283		176	-12.4618
ブンキ	分期	1285		501	-18.6282
ブッタイ	仏体	1285		501	-17.3126
ブンロクガンネン	文禄元年	1285	1314	17	-13.5342
ブチョウ	ぶちょう	1287		293	-18.2300
ブット	仏徒	1285		501	-18.6282
ブンセキカガク	分析化学	1288		239	-14.4631
ブンプク	分福	1285		501	-18.6282
ブロ		1289		462	-10.6849
ブラ		1285		149	-11.8054
ブードゥー		1289		203	-13.7347
ブンショウ	分章	1285		501	-18.6282
ブッチャー		1289		141	-12.4765
ブイエーエスアイエス	vasis	1285		501	-17.9351
ブライアン・イーノ		1289		196	-13.3943
ブザイ	部材	1285		284	-12.3328
ブツ	ぶつ	1281		331	-17.6734
ブツニ	物に	1298	151	17	-11.2944
ブンガク	文學	1285		57	-14.5900
ブイツーガンダム	V2ガンダム	1288		190	-14.3518
ブライトン		1293		138	-11.7112
ブイワンリーグ	V1リーグ	1288		372	-14.9466
ブレーキペダル		1288		95	-14.0667
ブーム	BOOM	1289		302	-13.7073
ブト		1285		149	-15.4043
ブトカッ	太かっ	33		333	-18.5176
ブンテン	分点	1288		466	-14.8405
ブロードウェイ		1285		179	-12.1534
ブチ		1288		60	-14.5585
ブタバコ	ブタ箱	1285		501	-18.0817
ブドウ	🍇	5		501	-22.2161
ブユ		1285		29	-18.0817
ブンリャク	文暦	1288		21	-18.5231
ブ	蕪	1288		501	
ブタバラ	豚肋	1285		501	-18.7236
ブビキ	分引き	1283		501	-18.0694
ブチコメリャ	打ち込めりゃ	618		236	-18.6267
ブンキョク	分極	1283		339	-12.9406
ブブンシュウゴウ	⊋	1288		501	-22.1250
ブッシツテキ	物質的	1285	1299	17	-12.3601
ブタイハイユウ	舞台俳優	1288		501	-12.8113
ブンキョ	文擧	1291		501	-18.1724
ブンサイ	文才	1285		251	-13.2574
ブルーミントン		1288		138	-14.6837
ブットバソ	ぶっ殺そ	732		501	-12.1401
ブレッド	bread	1289		391	-13.7459
ブタイセット	舞台セット	1288		501	-14.5309
ブレヒト		1289		416	-13.2041
ブンシュツ	分出	1283		501	-18.0694
ブンナグリ	ぶん殴り	788		501	-12.2425
ブースカ		1288		322	-14.7164
ブリタニカ		1288		59	-15.3471
ブルートゥース	Bluetooth	1288		431	-11.8777
ブロックカイジョ	ブロック解除	1285	1283	17	-12.8792
ブンキ	分岐	1283		469	-9.7669
ブッチ		1289		25	-12.7707
ブクブクッ	ぶくぶくっ	1281		501	-17.6734
ブカイ	潭い	19		501	-18.7339
ブツガ	物我	1285		501	-17.4765
ブリカエセ	ぶり返せ	734		501	-12.4446
ブンゴ	豊後	1293		464	-12.5808
ブアイセイ	歩合制	1285	1298	17	-13.2246
ブアチケレ	分厚けれ	13		60	-10.4387
ブッキョウ	仏経	1285		501	-17.4708
ブッパナス	ブッ放す	731		501	-16.7017
ブンセキケイ	分析計	1285		339	-15.2454
ブラックホーク		1288		413	-14.5604
ブアツカッ	部厚かっ	33		501	-16.5653
ブンカザイ	文化財	1285		475	-11.2806
ブクレ	脹れ	625		501	-18.5044
ブ		1285		149	-13.0878
ブゲン	武鉉	1291		501	-18.1724
ブイアイアールイーエックス	virex	1285		501	-17.9351
ブドウエン	葡萄園	1288		391	-14.7526
ブツヨクセンサー	物欲センサー	1288		501	-13.9648
ブッ	物	1288		501	
ブガカリ	歩掛り	1285		501	-18.6282
ブゲイ	武芸	1285		251	-12.8547
ブルジョアジー		1285		388	-14.5510
ブンボウ	文房	1285		501	-18.6282
ブクレル	ぶくれる	619		501	-18.4303
ブダイ	武大	1291		73	-18.1724
ブッカク	仏閣	1285		404	-12.8505
ブクリョウ	茯苓	1285		392	-18.6282
ブッチ	仏智	1285		501	-18.6282
ブンリガク	文理学	1285		383	-18.3871
ブンルイガク	分類学	1288		239	-12.4457
ブ	武	1289		128	-17.9060
ブバライ	賦払	1285		501	-18.6282
ブー	boo	1289		493	-12.2143
ブラウン	brown	1285		277	-17.9351
ブナシメジ	ぶなしめじ	1288		501	-14.9438
ブソロ	不揃	1285		501	-18.6282
ブンソウ	分争	1283		501	-18.0694
ブンジョウ	分乗	1283		271	-13.8335
ブチコモ	ぶち込も	763		501	-10.4081
ブチコム	ぶちこむ	762		501	-12.0541
ブシツケ	無躾	1287		501	-17.2745
ブイスリー	v3	1288		77	-13.5966
ブンケン	分間	1300		317	-14.7919
ブラック	black	1289		121	-11.8954
ブランチ	branch	1289		5	-13.8483
ブリャク	武略	1285		495	-15.8287
ブンセン	分線	1285		501	-18.6282
ブンカイ	ぶんかい	1283		501	-18.6884
ブツ	仏	1285		365	-12.1972
ブンナグッ	ぶん殴っ	786		479	-12.1713
ブンシ	分枝	1283		333	-17.9953
ブンショウゴ	文章語	1288		340	-14.7452
ブンシュウ	分収	1285		501	-18.6282
ブジトウチャク	無事到着	1287	1283	17	-13.4337
ブンブン		1282		54	-11.9241
ブトケリャ	太けりゃ	15		333	-18.4975
ブルガリアグン	ブルガリア軍	1288		146	-13.8550
ブイズ		1288		501	-14.5898
ブバ	ぶば	776		501	-14.3974
ブース		1285		414	-11.3991
ブンカツシ	分割し	1283	610	17	-11.4056
ブアチイ	分厚い	19		60	-10.9628
ブチコム	打ち込む	762		379	-11.7988
ブネ	舟	1285		4	-19.0802
ブンシ	分祀	1285		404	-18.6282
ブリョウ	無りょう	1287		501	-17.4416
ブツデン	仏伝	1285		342	-18.6282
ブレ	振れ	784		379	-18.5465
ブッカ	物貨	1285		501	-18.6282
ブンノ	分の	1300		454	-9.5971
ブンドロ	分捕ろ	778		501	-16.5784
ブラスバンド		1285		132	-13.8323
ブンドン	分捕ん	782		501	-16.5781
ブタイゲキ	舞台劇	1285		179	-14.0362
ブツモン	仏門	1285		369	-14.0982
ブツヨウ	仏用	1285		501	-18.6282
ブンカケン	文化圏	1288		240	-12.1175
ブラピ		1288		501	-14.0722
ブルー	blue	1287		121	-16.7484
ブサイク	不細工	1287		56	-12.3346
ブカレスト		1293		463	-11.5509
ブカ	ぶか	1285		501	-19.4167
ブ	生	1288		501	
ブリットポップ		1288		412	-14.0968
ブラサガロ	ぶら下がろ	778		379	-12.1932
ブトコロ	懐	1288		501	
ブリンク		1289		196	-13.5330
ブイオーシー	voc	1285		501	-17.9351
ブルードメアサイアー		1288		165	-14.3800
ブラックミュージック		1288		412	-13.9422
ブ	侮	1288		501	
ブイオーアイピー	VoIP	1288		431	-13.9948
ブツ	撲つ	738		501	-17.0770
ブンケン	文件	1285		501	-18.6282
ブブンヲ	部分を	1285	156	17	-9.8616
ブラジルセイフ	ブラジル政府	1288		209	-14.4713
ブアッ	ぶあっ	1281		501	-17.6734
ブルジョワジー		1289		388	-12.0054
ブイダブリュー	VW	1288		168	-13.6685
ブアチキャ	分厚きゃ	17		60	-10.4387
ブアツウ	ぶあつう	31		501	-15.2159
ブリヂストンタイヤ		1292		421	-13.5231
ブンケン	文献	1285		59	-10.2350
ブント	分都	1285		501	-18.6282
ブンリタイ	分離帯	1283	1298	17	-13.1669
ブッカケル	打っ掛ける	619		501	-18.6535
ブンキュウ	文久	1293		21	-10.1972
ブンナグリャ	ぶん殴りゃ	770		501	-12.2517
ブッショ	仏書	1285		342	-16.4310
ブンサン	分散	1283		182	-10.2993
ブンルイ	分類	1283		375	-8.3828
ブンカツトウチ	分割統治	1288		446	-14.0793
ブアー	ぶあー	1281		501	-16.9196
ブイエス	🆚	5		501	-23.8449
ブミ	文	1288		501	
ブセロ	伏せろ	778		438	-18.5469
ブッシン	物神	1285		501	-18.6282
ブク	ぶく	1285		501	-19.2344
ブツリュウギョウカイ	物流業界	1288		501	-14.8004
ブ〜ン		1281		501	-16.9196
ブキ	葺き	1285		435	-14.4771
ブンコウ	文侯	1289		246	-13.9900
ブンキ	文姫	1291		128	-18.1724
ブンケンジョウ	文献上	1285	1305	17	-13.4337
ブラックマン		1289		470	-15.9319
ブクリョウ	ぶくりょう	1285		501	-18.9467
ブルセラ		1288		152	-14.2743
ブッキ	仏器	1285		501	-18.6282
ブルブル	ぶるぶる	1281		501	-12.8720
ブタイソデ	舞台袖	1285		17	-13.2077
ブンキキ	分岐器	1283	1298	17	-12.3807
ブッツケ	ぶっつけ	1285		63	-13.7168
ブトン	布団	1285		60	-17.2052
ブチコワシ	打ち壊し	1285		490	-15.2997
ブンショウイン	文照院	1289		501	-17.9060
ブッ	ぶっ	786		437	-10.1345
ブッコロシ	ブッ殺し	735		501	-16.6989
ブートキャンプ	Bootcamp	1288		501	-14.8615
ブタコマ	豚細	1285		501	-18.7236
ブアチカレ	ぶ厚かれ	29		501	-14.2147
ブラザー		1285		203	-13.5498
ブツリテキ	物理的	1285	1299	17	-11.1816
ブキ	葺	1298		435	-18.2931
ブロックアンゴウ	ブロック暗号	1288		501	-14.3800
ブゼン	憮然	1285		17	-15.3667
ブケシャカイ	武家社会	1288		275	-13.8039
ブーイング		1285		211	-12.6805
ブザマ	不様	1287		501	-17.2745
ブラボー		1289		203	-11.7787
ブクブ	ぶくぶ	1291		122	-20.2070
ブキョウ	武経	1285		148	-18.6282
ブッタクル	打っ手繰る	772		501	-18.4236
ブンゾウ	分蔵	1283		501	-18.0694
ブンコツ	分骨	1283		238	-14.0492
ブンプク	文福	1289		241	-17.9060
ブロワ		1288		34	-13.8592
ブンルイホウ	分類法	1283	1298	17	-12.9161
ブスリ	ぶすり	1281		501	-16.6001
ブンベツ	分別	1283		287	-17.8617
ブツヨク	物慾	1285		501	-18.6282
ブゼン	撫然	1285		501	-18.8289
ブツリアドレス	物理アドレス	1288		45	-14.0746
ブラザー	Brother	1289		367	-13.8084
ブーフーウー		1288		103	-15.5063
ブウ		1289		26	-11.9549
ブランク	Blank	1289		376	-13.7372
ブレンダ		1289		25	-13.1092
ブイツー	v2	1289		77	-12.3213
ブト	ぶと	1285		437	-13.0174
ブンジ	文辞	1285		342	-16.2320
ブレス	BREATH	1289		302	-13.4116
ブトケレ	太けれ	13		333	-18.4975
ブチマケリャ	ぶちまけりゃ	618		161	-11.9166
ブブンシュウゴウ	⊇	1288		501	-21.1250
ブイジュウ	V10	1288		213	-13.1951
ブンヤゴト	分野ごと	1285	1298	17	-13.5598
ブタタケ	豚竹	1285		501	-18.7236
ブタシャブ	豚シャブ	1285		501	-18.7236
ブチカマセ	ぶちかませ	729		501	-12.1077
ブンショウカ	文章家	1288		251	-14.5962
ブ	武	1293		128	-29.9216
ブロードバンドインターネットセツゾク	ブロードバンドインターネット接続	1288		20	-14.4000
ブルシェンシャフト		1288		126	-14.8095
ブ	步	1288		501	
ブランコアソビ	ブランコ遊び	1283		501	-17.7439
ブ	分	1288		501	
ブリュンヒルド		1289		443	-13.2949
ブランディア		1288		501	-14.9272
ブアチケレ	部厚けれ	13		501	-16.5452
ブンコ	文庫	1285		136	-10.7300
ブキ	葺き	1298		435	-14.4771
ブタシャブ	豚しゃぶ	1285		501	-18.7236
ブルー		1285		203	-10.7387
ブヨウ	ぶよう	1285		501	-18.9467
ブ	父	1288		501	
ブックマーク	🔖	1283		501	-24.2441
ブッシ	仏師	1285		238	-13.8015
ブタマン	豚まん	1285		484	-13.5214
ブンサンコンピューティング	分散コンピューティング	1288		294	-14.1868
ブイ	武威	1293		58	-17.7008
ブバン	武ばん	782		501	-18.2101
ブイダブリュー	vw	1285		501	-17.8906
ブアチウ	部厚う	31		501	-16.5546
ブソク	ぶそく	1283		501	-18.4371
ブロックサ	ブロックさ	1285	605	17	-10.8662
ブラッド		1291		25	-11.2930
ブンブン	文々	1285		501	-17.8649
ブダ		1293		34	-13.2088
ブアツク	ぶあつく	35		501	-15.2898
ブサ	房	1285		395	-19.0802
ブツリョウ	物量	1285		53	-13.2212
ブッシャ	仏者	1285		501	-17.0943
ブレザー		1285		242	-12.8682
ブレッド	bread	1285		391	-17.9351
ブユ	蚋	1285		501	-18.7236
ブアツイ	部厚い	19		501	-17.0693
ブタバナ	🐽	1285		501	-24.4889
ブンセイ	文政	1285		21	-11.4791
ブングン	文群	1285		501	-18.6282
ブバリャ	武ばりゃ	770		501	-18.2100
ブツエン	仏炎	1285		501	-18.6282
ブキヤ	武器屋	1288		442	-14.5045
ブシュッ	ぶしゅっ	1281		501	-17.6734
ブラッキー		1289		448	-12.8835
ブチアゲル	ブチ上げる	619		501	-17.4748
ブループリント		1289		501	-13.8893
ブンジンボッカク	文人墨客	1288		312	-14.5719
ブルックリンク	ブルックリン区	1288		138	-14.1927
ブウトウ	封筒	1285		445	-14.3795
ブンケイ	文型	1285		327	-14.7050
ブダイ	ぶだい	1285		501	-18.9467
ブラザーフッド	Brotherhood	1288		234	-14.7819
ブルスケッタ		1288		501	-14.5448
ブランドコンサル		1292		501	-13.6119
ブラックベリー		1289		391	-13.2399
ブイ	部位	1285		183	-10.8480
ブレース	転桁索	1285		501	-18.3181
ブンカチリガク	文化地理学	1288		157	-14.7446
ブットチョウ	仏図澄	1289		440	-14.0474
ブラサゲル	ぶら下げる	619		379	-12.0487
ブキ	ぶき	1298		437	-19.2094
ブンオウ	文王	1289		246	-17.9060
ブンカイ	分界	1283		321	-14.2911
ブシャ	撫しゃ	730		501	-16.2281
ブレトンウッズ	ブレトン=ウッズ	1293		501	-16.6022
ブンキョク	分極	1285		339	-18.6282
ブール		1289		65	-12.7330
ブットイ	ぶっとい	19		501	-18.5107
ブチョウ	部長	1285		265	-10.0744
ブロード		1285		149	-13.9200
ブッシツシュギ	物質主義	1288		186	-14.3084
ブツケヨ	ぶつけよ	621		379	-10.0807
ブンカコウリュウ	文化交流	1285	1283	17	-13.1434
ブッタギル	打った切る	772		501	-18.4236
ブカカレ	深かれ	29		307	-17.8043
ブツケレ	ぶつけれ	617		379	-10.0787
ブンエイ	文英	1291		392	-17.4735
ブイ	撫慰	1285		501	-18.6282
ブコウ	武公	1289		246	-13.5795
ブカイ	深い	19		307	-13.7727
ブレークスルー		1288		65	-14.6576
ブンショウリョク	文章力	1288		479	-11.7449
ブロードウェー		1293		98	-14.3335
ブンケイ	文溪	1288		501	-18.5231
ブロン		1288		11	-14.0415
ブース		1290		414	-12.3050
ブンカガクイン	文化学院	1292		406	-12.4713
ブリュー	BREW	1288		315	-13.9262
ブッ	ぶっ	742		420	-9.2408
ブチギレル	ブチギレる	772		501	-13.1313
ブトシ	太し	23		333	-18.4984
ブチ	ぶち	1281		437	-17.5556
ブザエモン	歩左衛門	1291		501	-18.1724
ブスッ	ぶすっ	1281		501	-17.6734
ブチカマシャ	ぶちかましゃ	730		501	-12.1146
ブトン	ぶとん	1285		501	-19.0802
ブッシツカイ	物質界	1288		212	-14.8053
ブートローダ		1288		431	-14.5067
ブーッ	ぶーっ	1281		501	-17.5556
ブタガワ	豚皮	1285		501	-18.7236
ブイロクエンジン	V6エンジン	1288		168	-13.9232
ブンゲイシャ	文芸社	1292		136	-13.4367
ブンオウホウチショウジョノスガタ	文鴦	1289		8	-13.8360
ブンカセンター	文化センター	1288		229	-12.7907
ブランショ		1288		204	-14.5879
ブライアン・ジョーンズ		1289		196	-13.7237
ブリコ	ぶりこ	1285		501	-19.2344
ブロックベイ	ブロック塀	1288		435	-13.8364
ブルーハワイ		1288		501	-14.9807
ブツリカガク	物理科学	1288		501	-14.7231
ブンコウ	文灝	1291		501	-18.1724
ブンノスケ	文之助	1291		76	-16.9860
ブク	鰒	1288		501	
ブサイク		1288		56	-13.3536
ブルマイ	振舞	1285		56	-18.9467
ブゾク	部族	1285		408	-10.6531
ブタサン	ぶたさん	1288		89	-14.4271
ブラック	Black	1289		367	-10.9259
ブンシセイブツガク	分子生物学	1285		239	-13.1189
ブッキョウジイン	仏教寺院	1285		17	-13.1590
ブレンダー	blender	1288		501	-14.2221
ブアツケリャ	ぶ厚けりゃ	15		501	-14.5899
ブトイ	太い	19		333	-13.2401
ブッキョウブンカ	仏教文化	1288		501	-14.4334
ブンショウ	分廠	1285		501	-18.6282
ブンエイノエキ	文永の役	1288		498	-13.8932
ブアツ	分厚	11		60	-10.6009
ブンチュウ	文中	1288		59	-19.2162
ブナバヤシ	ぶな林	1285		501	-19.2344
ブッコミ	ぶっ込み	1285		501	-19.2344
ブドマリ	歩留り	1285		501	-18.6282
ブアツカロ	部厚かろ	25		501	-16.5452
ブッ	ぶっ	1289		420	-18.1292
ブンシコウゾウ	分子構造	1288		83	-13.1426
ブレット		1289		25	-11.8163
ブッチョウヅラ	仏頂面	1285		501	-14.4214
ブレーク		1283		63	-13.4697
ブレイド		1289		45	-12.5434
ブダイ	武鯛	1285		501	-18.6282
ブッカケ	打っ掛け	1285		501	-18.7236
ブラスト		1289		64	-13.2298
ブジョクザイ	侮辱罪	1288		243	-13.9257
ブレ	触	1285		395	-19.0802
ブンシ	分子	1285		355	-10.3515
ブトン	蒲団	1285		4	-17.5644
ブンスト	文スト	1285		17	-12.2061
ブチコミ	ぶち込み	767		501	-10.4193
ブチコワソ	打ち壊そ	732		438	-17.4724
ブザマ	無様	1287		66	-12.4451
ブラボ		1288		434	-14.4982
ブンカシャ	ぶんか社	1292		136	-12.6817
ブカキ	深き	21		307	-17.8046
ブジチョウ	部次長	1285		501	-19.6398
ブタシナミ	無嗜み	1287		501	-17.2745
ブンルイジョウ	分類上	1283	1305	17	-13.3957
ブンナグレ	ぶん殴れ	768		501	-12.2518
ブツニチ	仏日	1285		501	-18.6282
ブンカテキケイカン	文化的景観	1288		475	-14.2093
ブッシキ	仏式	1285		238	-14.4284
ブドウシュ	ぶどう酒	1285		4	-14.2885
ブブンシュウゴウ	⊊	1288		501	-21.6250
ブタイゲイジュツ	舞台芸術	1288		98	-13.0132
ブンセイ	文静	1291		8	-18.1724
ブケショハット	武家諸法度	1288		275	-14.3816
ブルーディスティニー		1288		415	-14.8305
ブンナグロ	ぶん殴ろ	778		501	-12.2521
ブルペン		1285		198	-13.0708
ブクステフーデ		1288		349	-13.5108
ブレワイ		1285		501	-14.2280
ブンナゲヨ	ぶん投げよ	624		501	-12.6369
ブンミツ	分蜜	1285		501	-18.6282
ブネ		1285		501	-18.3181
ブラックバス		1288		116	-13.5378
ブラヴァツキー		1285		204	-14.0342
ブン	分	1283		163	-9.3294
ブセル	伏せる	772		438	-14.5271
ブゼンノ	豊前	1293		464	-17.7008
ブソウホウキ	武装蜂起	1288		326	-12.8214
ブリ	振り	788		379	-10.0783
ブンリドクリツ	分離独立	1288		19	-12.5049
ブンアツ	分圧	1285		501	-18.6282
ブラン		1289		149	-11.8975
ブタゴヤ	豚小屋	1288		114	-14.8875
ブシドウ	武士道	1288		365	-12.4871
ブウトウ	ぶうとう	1285		501	-19.2344
ブンカチョウメディアゲイジュツサイ	文化庁メディア芸術祭	1292		313	-12.6825
ブイケイ	V系	1288		213	-13.4200
ブイユー	VU	1289		288	-13.4554
ブッツブス	打っ潰す	731		501	-17.4749
ブレジネフ		1290		215	-11.7218
ブナイ	部内	1285		123	-13.2602
ブンガクテキ	文学的	1285	1299	17	-12.8465
ブチギレン	ブチギレん	774		501	-13.2543
ブチコワス	ぶち壊す	731		54	-11.4418
ブラハ		1285		501	-13.8424
ブソ	ぶそ	732		437	-11.1427
ブットウ	仏塔	1285		435	-13.5961
ブロックシ	ブロック紙	1288		201	-14.0495
ブロンド		1285		295	-13.6345
ブンデン	文傳	1290		501	-17.7354
ブルー		1287		203	-13.2489
ブリー		1293		161	-12.0382
ブルーロック		1288		501	-12.5198
ブタアジ	豚味	1285		501	-18.7236
ブツゾウ	ぶつぞう	1285		501	-18.9467
ブー		1291		149	-11.1734
ブンショウノ	文章の	1285	368	17	-10.6587
ブッショウ	仏性	1285		365	-14.4699
ブンショウ	文章	1285		59	-8.5352
ブン	文	1285		59	-9.3522
ブンシンシュギ	分身主義	1285		17	-11.7138
ブレトンウッズタイセイ	ブレトン・ウッズ体制	1288		19	-14.7625
ブオンナ	醜女	1285		56	-19.0802
ブンガクブ	文学部	1285		187	-11.2981
ブツカリアウ	打つかり合う	817		501	-17.9992
ブレスレット		1285		60	-12.8882
ブーチャン	ブーちゃん	1288		501	-14.2636
ブ	鳬	1288		501	
ブツミョウ	仏名	1285		391	-18.6282
ブ	仏	1288		501	
ブブンサイテキ	部分最適	1288		501	-14.6206
ブルム		1292		434	-13.6176
ブンニュウ	分乳	1285		501	-18.6282
ブッカコウトウ	物価高騰	1285	1283	17	-12.4942
ブンカン	分館	1285		229	-13.2561
ブンヒツ	文弼	1291		501	-18.1724
ブッコウ	仏工	1285		501	-16.8518
ブツケ	ぶつけ	622		379	-10.0922
ブバル	武ばる	772		501	-18.0871
ブリング	bring	1289		461	-13.3991
ブス	附子	1285		382	-18.6282
ブトキャ	太きゃ	17		333	-18.4975
ブンゴスイドウ	豊後水道	1288		410	-13.9237
ブカチョウ	部・課長	1285		501	-18.8289
ブタ	豚	1285		499	-10.7377
ブケイ	武警	1285		501	-18.6282
ブバリ	武ばり	788		501	-18.2141
ブラッドフォード		1288		138	-14.1963
ブンジロウ	文二郎	1291		501	-18.1724
ブイエムエス	VMS	1288		77	-14.4418
ブツカル	ぶつかる	772		471	-10.0486
ブロンディ		1289		196	-13.8110
ブキヨウ	不器用	1287		66	-10.1540
ブツカレ	ぶつかれ	768		471	-10.1716
ブロック・レスナー		1289		141	-13.4156
ブカチョウ	部課長	1285		501	-20.3330
ブンロク	分禄	1285		501	-18.6282
ブットバシ	ぶっ殺し	735		501	-12.2140
ブンケンガク	文献学	1288		291	-13.0649
ブアチウ	分厚う	31		60	-10.4481
ブルグント		1285		273	-14.5967
ブガク	ぶがく	1285		501	-18.9467
ブク	服	1285		295	-18.7236
ブタイソウチ	舞台装置	1285	1283	17	-12.7073
ブランコアソビ	ぶらんこ遊び	1283		501	-19.0249
ブンシュウ	文周	1289		501	-17.9060
ブリッジポート		1288		138	-14.4413
ブンショウ	文照	1291		501	-17.8847
ブレトン・ウッズ		1293		140	-15.9091
ブシュウ	武州	1293		404	-17.7008
ブレイクビーツ		1288		412	-14.6267
ブンドル	分捕る	772		501	-16.4551
ブバン	武ばん	774		501	-18.2101
ブンソン	分損	1285		501	-18.6282
ブアツカラ	部厚から	27		501	-16.5461
ブイガタエンジン	V型エンジン	1288		213	-14.0469
ブチコメ	打ち込め	625		236	-18.7275
ブジニ	無事に	1287	151	17	-11.2432
ブチコモ	打ち込も	763		379	-17.8833
ブツケル	ブツける	619		501	-17.6419
ブルガリアオウコク	ブルガリア王国	1288		19	-14.7509
ブカツドウ	部活動	1288		253	-10.5868
ブタモモ	豚モモ	1285		501	-18.7236
ブバレ	武ばれ	784		501	-18.2100
ブルゥ	ぶるぅ	1287		501	-17.4416
ブロックサレ	ブロックされ	1285	876	17	-11.0146
ブンダイ	文大	1288		501	-18.5231
ブンサンカンケイ	分散関係	1288		336	-14.6999
ブリックス	brics	1285		501	-17.9351
ブラックモア		1288		196	-14.4875
ブラックヒルズ		1288		140	-14.5481
ブンキュウ	文久	1288		21	-18.5231
ブンゲツ	分げつ	1283		501	-18.0694
ブタイヲ	部隊を	1285	156	17	-11.4366
ブルッ	ぶるっ	1281		501	-17.6734
ブッコク	仏谷	1288		501	-18.5231
ブレ	ぶれ	784		437	-10.1087
ブランキ		1288		126	-14.7607
ブロードバンド	broadband	1285		501	-17.8906
ブンゼイ	分税	1285		501	-17.1061
ブリブリザエモン	ぶりぶりざえもん	1289		415	-13.1755
ブイエルディーエル	vldl	1285		501	-17.9351
ブタオトコ	豚男	1285		501	-18.7236
ブキョウ	武侠	1285		393	-18.6282
ブルーノア		1288		190	-14.5094
ブチコワセ	打ち壊せ	734		438	-17.4704
ブヨウダン	舞踊団	1285		98	-15.3849
ブラフマン		1289		88	-12.4164
ブジン	武人	1285		135	-13.3013
ブユウ	武勇	1285		127	-12.9652
ブラックロック		1288		432	-14.7429
ブリアトーレ		1285		225	-15.1350
ブツエン	ぶつえん	1285		331	-15.0473
ブンジュン	分順	1291		501	-18.1724
ブチコミャ	ぶち込みゃ	761		501	-10.4043
ブンイチロウ	文一郎	1291		501	-15.5098
ブタイ	舞台	1285		322	-8.8296
ブラクミン	部落民	1288		365	-13.9918
ブタン		1285		405	-14.7029
ブレア		1290		38	-11.6635
ブルガリアジン	ブルガリア人	1288		408	-13.3968
ブラックスワン		1288		501	-14.7660
ブルデュー		1288		501	-14.2163
ブタ	🐷	5		501	-21.3332
ブラサガラ	ぶら下がら	780		379	-12.1980
ブラット		1289		347	-14.7723
ブロックコウホウ	ブロック工法	1288		384	-14.9272
ブチョウケイジ	部長刑事	1288		477	-14.0463
ブッスウ	物数	1285		501	-19.9275
ブリヤート		1288		160	-14.5467
ブンシュウ	聞集	1285		501	-18.9467
ブンノ	分の	1298	368	17	-9.7277
ブリトニー・スピアーズ		1289		196	-13.5545
ブン	ぶん	1285		331	-10.6528
ブッサク	打裂く	695		501	-14.6770
ブンガイ	文外	1285		501	-18.6282
ブカ		1285		37	-18.1358
ブンゲイザッシ	文芸雑誌	1288		323	-13.4330
ブンシキドウホウ	分子軌道法	1288		65	-14.5623
ブッタギッ	ぶった切っ	786		501	-14.1888
ブチコワシ	ぶち壊し	1285		427	-19.2344
ブエ	笛	1285		60	-16.5576
ブンキ	文錡	1291		501	-18.1724
ブアツケレ	ぶあつけれ	13		501	-15.2066
ブリッコ	ぶりっこ	1288		501	-14.4709
ブラックメタル		1288		412	-13.5568
ブリーチ	BLEACH	1289		415	-11.7338
ブンカン	分かん	1285		501	-11.3231
ブラチスラバ		1293		335	-15.1206
ブットン	ぶっ飛ん	559	758	17	-11.3300
ブレース		1288		284	-14.7607
ブンキョウ	文教	1285		265	-13.5198
ブクン	武訓	1285		501	-18.6282
ブロンベルク		1288		215	-14.3681
ブルパップ		1288		407	-14.5709
ブンミャクジユウブンポウ	文脈自由文法	1288		65	-14.5203
ブチコメヨ	打ち込めよ	621		236	-18.6487
ブツブツ	仏仏	1285		501	-18.6282
ブリカエセ	ぶり返せ	729		501	-12.4386
ブッテン	仏天	1285		501	-18.6282
ブロッホ		1288		204	-14.5918
ブクレヨ	脹れよ	624		501	-18.4223
ブツケ	ぶつけ	625		276	-9.9984
ブーツ		1285		295	-12.0382
ブチアゲル	ブチあげる	619		501	-17.4748
ブカカロ	深かろ	25		307	-17.8043
ブゼン	ぶ然	1285		501	-18.6282
ブンサンシキレイボウソウチ	分散式冷房装置	1288		213	-14.9606
ブッキラボウ	ぶっきら棒	1287		501	-17.7600
ブコク	ぶ告	1283		501	-18.8426
ブケセイケン	武家政権	1288		464	-13.1576
ブンカイ	分塊	1283		501	-18.0694
ブンヤ	文野	1285		501	-18.6282
ブ	坿	1288		501	
ブツ	ぶつ	1298		331	-18.5163
ブンカン	文煥	1291		501	-18.1724
ブライダル		1285		442	-13.6511
ブ	抔	1288		501	
ブタイト	舞台と	1285	150	17	-11.1890
ブツメツ	佛滅	1285		501	-18.6282
ブンカイノウ	分解能	1285		339	-13.1559
ブツカリ	ぶつかり	1285		91	-19.4167
ブンヤ	分野	1285		239	-8.9431
ブンイ	文蔚	1291		501	-18.1724
ブリタニカヒャッカジテン	ブリタニカ百科事典	1288		59	-14.3113
ブンジ	文治	1291		21	-14.0433
ブタバナ	ブタ鼻	1285		501	-18.0817
ブチャ		1285		501	-15.1230
ブッカジョウショウリツ	物価上昇率	1288		286	-14.4279
ブラサガン	ぶら下がん	782		379	-12.1929
ブルゲンラントシュウ	ブルゲンラント州	1288		501	-14.8790
ブッキョウ	佛教	1285		501	-18.4612
ブリカエス	ぶり返す	731		501	-12.4491
ブリョウ	武陵	1293		58	-17.7008
ブツリテキナ	物理的な	1285	454	17	-11.3193
ブボク	武穆	1289		501	-17.9060
ブラジル	伯剌西爾	1294		501	-17.0867
ブチギレ	ブチ切れ	1285	1298	17	-12.2632
ブーニャン	ぶーにゃん	1288		501	-18.5231
ブレ		1289		48	-10.4037
ブタイヲ	舞台を	1285	156	17	-11.3450
ブダテ	部立て	1285		501	-18.6282
ブックス	boocs	1285		501	-17.9351
ブソロ	ぶそろ	1285		501	-18.9467
ブヒンメーカー	部品メーカー	1285		17	-13.5405
ブンポウ	文法	1285		327	-11.0272
ブンゴブン	文語文	1285		327	-15.1478
ブンドレ	分捕れ	784		501	-16.5780
ブンサンシステム	分散システム	1288		294	-14.6359
ブツカン	ぶつかん	774		471	-10.1716
ブジ		1293		501	-16.6022
ブヨウ	舞踊	1285		98	-12.4266
ブカカッ	深かっ	33		307	-17.8244
ブライ		1289		417	-15.5302
ブンスイ	分水	1283		176	-12.4422
ブロンフマン		1289		181	-15.9891
ブシ	伏	1288		501	
ブリティッシュコロンビアダイガク	ブリティッシュコロンビア大学	1288		314	-14.6571
ブツヲ	物を	1298	156	17	-10.6105
ブン	枌	1288		501	
ブレット・ハート		1289		141	-13.3260
ブンチ	分置	1283		501	-18.0694
ブヘン	武辺	1285		219	-16.2470
ブンタン	分担	1283		375	-11.1881
ブンボ	分母	1285		447	-12.7472
ブナ	椈	1288		501	
ブツレキ	仏暦	1288		386	-14.7503
ブラックリスト		1285		363	-13.7333
ブツザ	仏座	1285		501	-17.3126
ブツリリョウ	物理量	1288		447	-12.4599
ブンショウヒョウゲン	文章表現	1288		307	-13.2877
ブツゲン	仏眼	1285		392	-18.6282
ブベン	武弁	1285		501	-17.2195
ブルマァク		1292		274	-13.4189
ブイブイ		1281		501	-13.9345
ブンダン	文段	1285		501	-17.8481
ブンメイ	文明	1285		94	-10.4327
ブロックチェーン		1288		294	-12.1475
ブ	篷	1288		501	
ブン	馼	1288		501	
ブアチシ	部厚し	23		501	-16.5462
ブンスウ	文数	1285		501	-18.7236
ブラ		1293		149	-16.6594
ブンデスリーガ		1288		348	-11.9947
ブンメイジン	文明人	1288		501	-14.2821
ブランドカ	ブランド化	1288		154	-13.7197
ブンチュウ	文中	1285		59	-12.0840
ブタジル	豚汁	1285		93	-15.0491
ブカイ	ぶかい	19		150	-18.7339
ブンセツ	文節	1285		327	-13.9382
ブッテキ	仏敵	1285		365	-15.9983
ブチ	斑	1285		333	-18.8289
ブッカーショウ	ブッカー賞	1288		313	-14.8280
ブンミャク	分脈	1285		501	-17.1022
ブエナ・ビスタ		1288		470	-14.8163
ブルーインズ		1288		62	-14.1473
ブレシア		1285		463	-14.2930
ブカ	武科	1285		501	-18.6282
ブットブ	ブッとぶ	754		501	-16.0426
ブルーレイ		1288		24	-12.4503
ブツリシュギ	物理主義	1288		88	-14.2970
ブッシン	仏心	1285		54	-18.1435
ブラジルポルトガルゴ	ブラジルポルトガル語	1288		340	-14.7389
ブッダゴーサ		1289		501	-15.1847
ブチブチ	ぶちぶち	1281		501	-14.1180
ブンエン	分園	1285		489	-18.6282
ブッコロス	打っ殺す	731		501	-17.4749
ブリード		1289		203	-13.7366
ブチギレン	ブチギレん	782		501	-13.2543
ブンショウ	文相	1285		106	-14.2189
ブールジュ		1285		34	-15.2108
ブランコノリ	ぶらんこ乗り	1285		501	-19.2344
ブ	鳧	1288		501	
ブッサン	物産	1285		442	-12.8246
ブンナグル	打ん殴る	772		501	-18.4236
ブッピン	物品	1285		445	-11.8212
ブルズ		1292		62	-11.8208
ブロッコリー		1285		274	-11.5172
ブ	不	560		395	-12.0421
ブル	振る	772		379	-13.9567
ブゲン	分限	1285		108	-14.6088
ブゲンチョウ	分限帳	1288		108	-14.2966
ブバロ	武ばろ	778		501	-18.2104
ブルー	blue	1289		121	-11.7565
ブシ	蕪子	1291		501	-17.0738
ブッソウ	仏桑	1285		501	-18.6282
ブレロ	ぶれろ	623		471	-11.7865
ブチコワサ	ぶち壊さ	733		54	-11.4582
ブテイ	武丁	1289		440	-17.9060
ブリ	ぶり	1298		143	-8.4001
ブヅミ	歩積み	1285		501	-18.6282
ブレーン		1285		191	-13.0393
ブリーズ		1289		64	-13.4615
ブンカテキ	文化的	1288		88	-10.8573
ブンケン	分県	1283		501	-18.1494
ブブンガアル	部分がある	1285	772	17	-11.2392
ブロ	振ろ	778		379	-18.5469
ブルブルン	ぶるぶるん	1281		501	-17.6734
ブッコワレル	ブッ壊れる	619		501	-17.6419
ブッキング		1288		378	-13.1916
ブイブイイーアール	vver	1285		501	-17.9351
ブイヨン		1285		75	-13.9322
ブキシヨウ	武器使用	1288		123	-14.8895
ブラツイ	ぶらつい	687		290	-13.3689
ブチコメ	ぶち込め	760		501	-10.4043
ブツダン	仏壇	1285		4	-12.4831
ブソウソシキ	武装組織	1288		326	-13.1155
ブルトレ		1288		202	-14.9578
ブットク	仏徳	1285		501	-16.7635
ブッコム	打っ込む	762		501	-17.3728
ブログサイト		1288		363	-14.2006
ブツケテ	ぶつけて	625	307	17	-11.0965
ブジョク	ぶじょく	1283		501	-18.8426
ブザツ	ぶ雑	1287		501	-18.0477
ブンゲン	文元	1291		501	-18.1724
ブン	文	1300		59	-10.5913
ブンリシュウラク	分離集落	1288		349	-11.5069
ブリティッシュ	British	1288		15	-12.8689
ブンコウ	文公	1291		246	-13.4527
ブラビ		1288		67	-14.3572
ブンニ	分に	1298	151	17	-11.1519
ブカケリャ	深けりゃ	15		307	-17.8043
ブンキテン	分岐点	1283	1298	17	-13.2507
ブタタマ	豚玉	1285		501	-18.7236
ブタイヤクシャ	舞台役者	1288		501	-14.4426
ブ	振	776		379	-18.5488
ブツジ	仏寺	1285		238	-15.0473
ブランメルセンダイ	ブランメル仙台	1288		372	-14.7801
ブンリュウ	分溜	1283		501	-18.0694
ブ	脯	1288		501	
ブショイドウ	部署異動	1285	1283	17	-13.1281
ブット	ぶっと	1281		501	-13.8535
ブラジルタイカイ	ブラジル大会	1288		428	-14.2604
ブンカブ	文化部	1288		253	-12.1652
ブンリュウ	文龍	1291		501	-18.1724
ブロゴス	BLOGOS	1288		484	-14.8941
ブチ	ぶち	559		437	-7.4401
ブンロク	文六	1291		285	-15.7745
ブアツキャ	ぶ厚きゃ	17		501	-14.5899
ブリトンジン	ブリトン人	1288		359	-14.4687
ブオウ	武王	1289		246	-12.5555
ブアン	部案	1285		501	-19.6398
ブギョウ	奉行	1283		108	-11.1338
ブゼイ	無勢	1285		501	-16.9761
ブモンショウ	部門賞	1285	1298	17	-13.3800
ブンシ	分支	1285		501	-18.7236
ブンピツヲ	分泌を	1283	156	17	-10.9531
ブンタイ	分隊	1285		123	-12.7725
ブントウ	文頭	1285		327	-14.1497
ブツ	仏	1298		365	-12.1972
ブイビードットネット	VB.NET	1288		77	-14.7446
ブンショ	分所	1285		501	-18.6282
ブッカー		1289		141	-13.1205
ブツリソウ	物理層	1288		431	-14.1616
ブルーピリオド		1288		501	-13.8233
ブンリシ	分離し	1283	610	17	-11.1452
ブアツク	部厚く	35		501	-16.6284
ブウ		1285		26	-18.0817
ブチ	扶持	1283		108	-14.0295
ブツブツ	物々	1285		501	-18.7236
ブンサンガタ	分散型	1288		294	-12.8747
ブッ	佛	1288		501	
ブッシュ・ド・ノエル		1288		501	-14.9649
ブエ	武衛	1290		58	-12.3176
ブブンシュウゴウ	⊄	1288		501	-19.6250
ブアツキ	ぶ厚き	21		501	-14.5902
ブカツドウ	部活動	1298	1283	17	-13.4227
ブタクサ	ブタ草	1285		501	-18.0817
ブランカ		1289		329	-12.7047
ブクレレ	脹れれ	617		501	-18.4235
ブンコウホウ	分光法	1288		339	-14.1076
ブノワ		1289		0	-13.8757
ブツリガクシャ	物理学者	1288		210	-11.3516
ブロッキング		1283		45	-14.0036
ブワー	ぶわー	1281		501	-15.1477
ブンジン	文人	1285		251	-12.4295
ブリャンスク		1293		373	-15.7549
ブンカチョウ	文化庁	1292		214	-10.6614
ブレーン	brain	1285		5	-17.8906
ブンエキ	分液	1285		501	-18.6282
ブレリャ	ぶれりゃ	618		471	-11.7676
ブンショウ	文しょう	1285		501	-18.4612
ブブンテキ	部分的	1285	1299	17	-12.2960
ブレブレ		1285		501	-13.7034
ブチ		1289		60	-16.7429
ブンロク	文祿	1288		501	-18.4053
ブチヌケ	打ち抜け	675		379	-17.8409
ブラ	振ら	780		379	-18.5517
ブスー	ぶすー	1281		501	-17.1576
ブツノ	物の	1298	368	17	-10.7376
ブルワーズ		1288		306	-13.7830
ブクブク		1281		93	-13.9429
ブラリン	ぶらりん	1281		501	-16.5260
ブーカ	VUCA	1285		501	-14.0189
ブチヌケ	打ち抜け	685		379	-17.8397
ブンコウ	分行	1285		501	-18.6282
ブレーキベン	ブレーキ弁	1288		95	-13.8438
ブチコメル	ブチ込める	619		501	-17.5549
ブロントサウルス		1288		382	-14.8928
ブリノ	ぶりの	1298	368	17	-10.7213
ブッソウ	仏葬	1285		501	-17.1022
ブドマリ	歩どまり	1285		501	-18.6282
ブラームス		1290		416	-10.4989
ブラッド	blood	1289		5	-13.0400
ブスイ	撫綏	1285		501	-18.6282
ブラジャー		1285		295	-13.1311
ブンジ	文次	1291		501	-18.1724
ブ	鶩	1288		501	
ブリテン	britain	1293		501	-16.8535
ブアツカロ	分厚かろ	25		60	-10.4387
ブバロ	武張ろ	778		501	-18.2104
ブンエン	文偃	1289		501	-17.9060
ブドウサイバイ	ブドウ栽培	1288		55	-13.8528
ブンベエ	文兵衛	1291		501	-16.5629
ブシカ	武鹿	1290		501	-16.5117
ブジュウ	武住	1293		501	-17.7008
ブンカテキ	文化的	1285	1299	17	-11.9168
ブタジル	ぶたじる	1285		501	-19.2344
ブレイブ		1289		203	-13.4201
ブ	府	1288		501	
ブジン	ぶ人	1285		501	-14.6366
ブドウトウ	ブドウ糖	1285		405	-12.7743
ブルクハルト		1288		204	-14.8796
ブンカジンルイガク	文化人類学	1288		239	-12.9120
ブオトコ	ブ男	1285		501	-18.0817
ブンパン	文範	1291		501	-20.6724
ブトイ	太い	1285		333	-13.2401
ブリダイコン	ぶり大根	1288		501	-14.8576
ブセレ	伏せれ	768		438	-18.5466
ブロードバンド		1288		20	-12.5954
ブーン	ぶーん	1281		501	-14.1991
ブガカリ	歩掛	1285		501	-18.6282
ブラックベリー	BlackBerry	1288		77	-13.7832
ブン	ぶん	1314		331	-17.2034
ブチン	ぶちん	1281		501	-15.0010
ブン	分	1314		163	-9.3294
ブロックネット		1288		305	-13.5743
ブンセキヤ	分析屋	1283	1298	17	-13.5033
ブシ	ぶし	1285		437	-18.9467
ブイステ	Vステ	1288		476	-14.9756
ブング	文具	1285		442	-12.2564
ブンリ	分離	1283		375	-9.3318
ブットバサ	ぶっ飛ばさ	733		501	-11.5470
ブメイ	部名	1285		501	-18.6282
ブンカイ	文界	1285		501	-18.6282
ブツリガッカ	物理学科	1288		501	-13.4146
ブクブク	ぶくぶく	1287		501	-18.0477
ブイシーエス	VCS	1288		296	-14.6415
ブロック		1285		283	-9.5556
ブンボウグ	文房具	1285		442	-12.2178
ブルーライト		1289		64	-11.9538
ブギー		1289		412	-13.7372
ブヨブヨ		1288		501	-14.8551
ブタクサ		1288		382	-14.4267
ブンスケ	文助	1291		399	-15.0997
ブリーダーズカップ		1288		165	-14.5538
ブリッツ	blitz	1285		501	-17.8906
ブチノメソ	ぶちのめそ	732		501	-12.8073
ブランコ		1285		64	-12.5526
ブッ	仏	1285		365	-13.6258
ブサ		1285		501	-18.2535
ブンカザイホゴゴウ	文化財保護法	1288		475	-13.0315
ブランドン		1291		255	-13.1833
ブオーン	ぶおーん	1281		501	-17.6734
ブルトンゴ	ブルトン語	1288		340	-14.0615
ブアツカラ	ぶあつから	27		501	-15.2074
ブニン	ぶにん	1287		501	-18.2300
ブンセイ	分生	1285		501	-18.6282
ブラザーコウギョウ	ブラザー工業	1292		374	-13.2031
ブットバシャ	ぶっ殺しゃ	730		501	-12.1390
ブリタンニア		1288		359	-14.0659
ブ〜ケ	ぶ〜け	1288		398	-14.9756
ブアツキ	分厚き	21		60	-10.4390
ブレイキングダウン		1285		501	-14.2320
ブ	峰	1288		501	
ブンコウ	文公	1289		246	-17.9060
ブンリョク	分力	1285		339	-15.9905
ブアツ	部厚	11		501	-16.7074
ブタオトコ	ブタ男	1285		501	-18.0817
ブッシュネル		1288		255	-14.4986
ブンドッ	分捕っ	786		501	-16.6038
ブキッチョ	不器っちょ	1287		501	-17.4416
ブツシン	仏真	1285		501	-18.6282
ブンエモン	文右衛門	1291		501	-18.1724
ブリキ		1285		270	-13.2987
ブラシ		1285		270	-11.8458
ブリティッシュ・エアウェイズ		1292		87	-12.1840
ブランド		1285		274	-9.1134
ブギ	舞妓	1285		311	-18.5154
ブ	誣	1288		501	
ブショウ	無精	1285		501	-17.9700
ブギウギ		1285		412	-14.7014
ブタガワリ	豚がわり	1283		501	-18.1494
ブバ	武ば	776		501	-18.2123
ブリョウ	ぶりょう	1287		501	-18.0477
ブック	ぶっく	1285		99	-18.6282
ブッラータ		1288		501	-14.6369
ブイエイチディー	VHD	1288		139	-13.7663
ブ	武	1285		128	-12.0795
ブタバナ	🐽	5		501	-23.8654
ブリヂストン		1292		421	-11.5028
ブンセキシテ	分析して	1283	307	17	-11.0628
ブンホウ	文報	1285		501	-18.6282
ブンレツジョウタイ	分裂状態	1283	1285	17	-13.4794
ブギョウシュウ	奉行衆	1288		108	-13.9409
ブットバシャ	ぶっ飛ばしゃ	730		501	-11.5269
ブラックコーヒー		1288		391	-13.0501
ブシタチ	武士たち	1285	1298	17	-13.4010
ブロ		1285		462	-14.3907
ブルックリン		1293		138	-10.9024
ブセル	伏せる	619		438	-14.5271
ブラックバード		1288		203	-14.7109
ブジュン	撫順	1293		501	-17.7008
ブセ	伏せ	1283		276	-13.0740
ブッカダカ	物価高	1285		350	-13.3647
ブンショウ	分掌	1283		265	-13.2576
ブンカ	bunka	1285		501	-17.7680
ブンショウリョウ	文章量	1285	1298	17	-12.9797
ブキユシュツサンゲンソク	武器輸出三原則	1288		436	-14.6650
ブンロ	分路	1283		501	-18.0694
ブアイソウ	無愛想	1287		127	-12.4294
ブタガワ	豚革	1285		501	-18.7236
ブレーズ		1289		29	-15.3198
ブ	負	1288		501	
ブルボンチョウ	ブルボン朝	1288		446	-13.4850
ブラックユーモア		1285		307	-14.2107
ブランコ	ぶらんこ	1285		54	-15.4678
ブソウレンキン	武装錬金	1288		396	-14.8305
ブロマイド		1285		442	-12.4769
ブンフリ	文フリ	1288		501	-14.9858
ブッキョウビジュツ	仏教美術	1288		342	-13.6053
ブルンジ		1294		19	-12.0140
ブンキョウク	文京区	1293		18	-12.0588
ブンケン	分間	1285		317	-14.7919
ブイオーエルティーイー	VoLTE	1288		315	-14.7265
ブフ		1289		362	-17.9060
ブッカイ	物界	1285		501	-17.8398
ブッコク	仏国	1285		346	-18.7236
ブンカサンギョウ	文化産業	1288		154	-14.8615
ブロアム		1288		105	-14.9021
ブタイゲイジュツガクイン	舞台芸術学院	1292		14	-13.4846
ブツッ	ぶつっ	1281		501	-17.6734
ブカク	武嚇	1285		501	-18.6282
ブモン	部門	1285		378	-9.2220
ブロマンス		1288		186	-14.5642
ブロンズ		1285		242	-12.6517
ブンセキツール	分析ツール	1283	1285	17	-13.5533
ブリャ	ぶりゃ	770		437	-10.1087
ブラウンケイ	ブラウン系	1285	1298	17	-13.4794
ブッシュ		1290		255	-10.7943
ブナシメジ		1288		227	-14.3361
ブロンコス		1288		62	-14.5840
ブンゴロウ	文五郎	1291		285	-14.8840
ブゾク	部属	1283		501	-18.0694
ブンゴタイ	文語体	1288		59	-13.9748
ブキョク	部局	1285		265	-12.7658
ブショウ	武将	1285		464	-10.5681
ブラクカイホウウンドウ	部落解放運動	1288		131	-14.6267
ブカタチ	部下たち	1285	1298	17	-12.7582
ブッコウジ	佛光寺	1289		238	-13.7725
ブタジエン		1288		83	-14.5176
ブイヤベース		1288		75	-14.9663
ブレイン		1289		255	-11.9917
ブツカリアイ	ぶつかり合い	1285		501	-19.6398
ブエ	ぶえ	1285		501	-19.4167
ブッカ	物価	1285		286	-11.3248
ブンカカイ	分科会	1288		214	-12.5882
ブヨウ	舞陽	1293		501	-17.7008
ブルータス	BRUTUS	1288		396	-14.6141
ブイエフ	vf	1285		501	-17.9351
ブンミャクメシ	文脈メシ	1285		17	-13.2119
ブイキュー	vq	1285		501	-17.9351
ブナバヤシ	ブナ林	1288		381	-13.9745
ブハーリン		1288		68	-14.7332
ブタヤロウ	豚野郎	1288		501	-14.6666
ブアチキャ	部厚きゃ	17		501	-16.5452
ブチ	ぶち	1283		437	-19.2480
ブッショウザンチョウ	仏生山町	1293		501	-17.7008
ブリラミコ		1285		501	-13.8096
ブルッヘ		1288		463	-14.5249
ブンショウジュツ	文章術	1285	1298	17	-12.3882
ブ	ぶ	776		437	-9.8335
ブツ		1288		420	-12.8802
ブイエフアール	vfr	1285		501	-17.9351
ブンシケイトウカイセキ	分子系統解析	1288		355	-13.0614
ブンキョク	分局	1285		501	-18.6282
ブンレン	文聯	1285		501	-18.6282
ブチヌキ	打ち抜き	689		379	-17.8559
ブツルイ	物類	1285		501	-19.0802
ブジン	無人	1287		320	-17.8935
ブンカ	分か	1283		479	-13.2460
ブランドメッセージ		1288		501	-14.9771
ブンヤ	ブン屋	1285		501	-18.0817
ブタイノ	部隊の	1285	368	17	-11.1988
ブショウ	武昌	1293		346	-17.4131
ブンセキシュホウ	分析手法	1288		501	-13.8080
ブガカリ	歩掛	1288		501	-14.9821
ブイエックス	vx	1285		501	-17.9351
ブチコワセ	ぶち壊せ	734		54	-11.4373
ブキヨウナ	不器用な	1287	454	17	-11.3425
ブッコロサ	ブッ殺さ	733		501	-16.6440
ブソウ	武宗	1289		263	-13.5832
ブタイゲイコ	舞台稽古	1288		501	-14.9340
ブオトコ	ぶおとこ	1285		501	-19.2344
ブンレツセンキョ	分裂選挙	1288		125	-14.5927
ブアツケレ	ぶ厚けれ	13		501	-14.5899
ブチカマス	ぶちかます	731		501	-12.1182
ブブヅケ	ぶぶづけ	1285		501	-19.2344
ブラックソーン		1289		501	-14.6117
ブア	ぶあ	1281		36	-14.0365
ブラジルワールドカップ	ブラジルW杯	1288		428	-14.6645
ブルワリー		1288		181	-14.0506
ブチマケロ	ぶちまけろ	623		161	-11.9355
ブンシ	文士	1285		323	-14.3375
ブットバサ	ぶっ殺さ	733		501	-12.1591
ブッコワソ	打壊そ	732		501	-17.4724
ブツメツ	仏滅	1285		482	-14.2242
ブンシケイトウガク	分子系統学	1288		355	-13.3742
ブルマヒ	振舞ひ	1285		501	-18.9467
ブッチョウ	ぶっちょう	1285		501	-18.9467
ブンカク	分画	1285		501	-18.6282
ブジ	ぶじ	1287		99	-13.3271
ブログ		1288		363	-8.6681
ブドウ	ぶどう	1285		75	-12.1412
ブタバラ	豚バラ	1288		501	-12.7414
ブンラク	文楽	1285		73	-13.1738
ブルイ	篩	1285		333	-17.6436
ブンジ	文治	1285		21	-12.7541
ブータン		1294		240	-10.9325
ブダイ	撫台	1285		501	-18.6282
ブヨブヨ	ぶよぶよ	1281		379	-14.2346
ブリティッシュエアロスペース	BAe	1288		413	-14.1927
ブアチカラ	部厚から	27		501	-16.5461
ブンカトウソウ	文化闘争	1288		446	-14.8095
ブラウンダイガク	ブラウン大学	1289		314	-13.0640
ブッシュセイケン	ブッシュ政権	1288		215	-13.5774
ブンプイキ	分布域	1283	1298	17	-13.1056
ブイシネマ	Vシネマ	1288		322	-13.1393
ブクレレ	膨れれ	617		471	-18.4235
ブンパイ	分配	1283		474	-11.0197
ブクサ	服紗	1285		501	-18.7236
ブックレブネ	ぶっくれ船	1285		501	-19.2344
ブツカル	ブツカる	772		501	-17.3940
ブジセイコウ	無事成功	1287	1283	17	-13.5405
ブルナカノ	ブル中野	1289		141	-13.7465
ブンピツヲヨクセイ	分泌を抑制	1283		17	-11.0261
ブツレキ	仏暦	1285		386	-18.6282
ブンカラ	分から	1298	147	17	-11.2902
ブアチケリャ	分厚けりゃ	15		60	-10.4387
ブットバシ	ぶっとばし	735		501	-12.5402
ブンチン	文鎮	1285		256	-15.0372
ブンリャク	聞略	1285		501	-18.6282
ブンイチ	文一	1291		122	-20.5620
ブツカッテ	ぶつかって	786	307	17	-11.3145
ブルルン	ぶるるん	1281		501	-16.1473
ブリ	振り	1300		21	-10.0783
ブレンド		1283		75	-11.5391
ブエノスアイレス		1293		463	-11.1330
ブッ	振っ	786		379	-18.5724
ブッソウ	物忩	1287		501	-17.5369
ブースター		1285		95	-12.0978
ブアツキ	ぶあつき	21		501	-15.2069
ブトウ	武当	1293		501	-17.7008
ブモンジュショウ	部門受賞	1285	1283	17	-13.5094
ブンカイ	分かい	1283		501	-18.0694
ブリ		1300		149	-17.1432
ブツリカガク	物理化学	1288		239	-13.1983
ブオンナ	ぶおんな	1285		501	-19.2344
ブンショウ	文生	1291		101	-17.6615
ブネ	ぶね	1285		501	-19.6398
ブッダブランド	BUDDHA BRAND	1288		180	-14.9613
ブンガクセイ	文学性	1285	1298	17	-13.4010
ブントン	分屯	1283		501	-18.0694
ブレイク		1285		478	-13.2925
ブツヘイ	仏坪	1293		501	-17.5467
ブチコメ	打ち込め	765		379	-17.8796
ブラリ	ぶらり	1281		244	-12.0948
ブンチョウシャ	分庁舎	1288		489	-14.2100
ブアツカロ	ぶあつかろ	25		501	-15.2066
ブチノメサ	ぶちのめさ	733		501	-12.8262
ブンタロウ	文太郎	1291		159	-14.5561
ブアチキ	ぶ厚き	21		501	-14.2149
ブツジョウダイイ	物上代位	1288		345	-14.8035
ブンヲ	文を	1285	156	17	-10.9389
ブンラン	紊乱	1283		275	-14.8214
ブエイ	武栄	1291		501	-18.1724
ブアイ	歩合	1285		163	-13.6264
ブツブツ	物物	1285		501	-19.2344
ブラサガリ	ぶら下がり	1285		60	-19.6398
ブルー	BLUE	1289		40	-11.6150
ブツリコウゲキ	物理攻撃	1285	1283	17	-13.2641
ブック		1285		24	-11.4590
ブイピーアイ	vpi	1285		501	-17.9351
ブンナゲヨ	ぶん投げよ	621		501	-12.6402
ブンゲイヒョウロン	文芸評論	1288		323	-13.7524
ブユウ	武遊	1285		501	-18.6282
ブンゲイショウ	文藝賞	1288		313	-14.4718
ブシ	五倍子	1285		501	-18.7236
ブイガタロクキトウ	V型6気筒	1288		168	-13.1905
ブカン	武漢	1293		346	-11.1351
ブチアタル	ブチ当たる	772		501	-17.4681
ブアーッ	ぶあーっ	1281		501	-17.6734
ブンブン	ぶんぶん	1281		113	-13.3693
ブース	BOOTH	1288		409	-12.2149
ブランコノリ	ブランコ乗り	1285		501	-18.0817
ブタガワリ	豚代わり	1283		501	-18.1494
ブン	ぶん	782		437	-10.1088
ブ	舞	1288		501	
ブトク	太く	35		333	-18.5807
ブチン	武珍	1293		501	-17.7008
ブッカイ	仏界	1285		297	-16.6954
ブラッグ		1288		417	-13.9463
ブンジ	文二	1291		501	-15.3045
ブンソウ	文藻	1285		501	-17.0596
ブンレイ	文例	1285		59	-14.8379
ブチコメル	打ち込める	619		236	-15.2447
ブコツ	無骨	1285		66	-15.0865
ブットバス	ぶっ飛ばす	731		501	-11.5306
ブランドリョク	ブランド力	1288		79	-13.0887
ブンタイモシャ	文体模写	1288		501	-14.8041
ブンブ	文武	1285		251	-13.1721
ブヨ		1285		501	-18.0817
ブアツカラ	ぶ厚から	27		501	-14.5908
ブイエルエス	VLS	1288		264	-13.7609
ブチョウ	不調	1287		337	-12.0384
ブンセキ	分析	1283		239	-8.6785
ブアチキャ	ぶ厚きゃ	17		501	-14.2147
ブンガクシ	文学史	1288		88	-13.3905
ブアチウ	ぶ厚う	31		501	-14.2240
ブ	武	1290		128	-18.6517
ブチコメ	ぶち込め	765		501	-10.4044
ブツケアウ	打つけ合う	817		501	-18.2869
ブライト	bright	1289		277	-13.0220
ブンカ	分化	1283		355	-11.1836
ブジ	蕪辞	1285		501	-18.6282
ブルーグラス		1292		412	-12.4661
ブンカシンギカイ	文化審議会	1292		214	-12.5546
ブットバセ	ぶっ飛ばせ	734		501	-11.5261
ブレーマーハーフェン		1293		87	-14.6098
ブタメシ	豚めし	1285		501	-18.7236
ブスウ	部数	1285		354	-12.2250
ブンパイドラフト	分配ドラフト	1288		306	-13.9825
ブアツイ	ぶあつい	19		501	-15.7307
ブリュッヘン		1289		501	-15.2670
ブテイ	ぶてい	1289		501	-18.1292
ブリョク	武力	1285		388	-11.3450
ブカ	深	11		307	-17.9665
ブショウ	舞唱	1285		501	-18.6282
ブロシキ	ぶろしき	1285		501	-19.4167
ブタバラ	豚バラ	1285		501	-18.8289
ブンゴオオノシ	豊後大野市	1293		82	-13.5162
ブイオー	vo	1285		151	-17.8906
ブゲン	侮言	1285		501	-18.6282
ブレッド		1289		196	-12.9814
ブセン	伏せん	782		438	-18.5466
ブツ	ぶつ	1285		331	-13.0214
ブチコミャ	ぶちこみゃ	761		501	-12.0500
ブッタオレル	ブっ倒れる	619		501	-17.6419
ブシ	星	1285		466	-18.6282
ブ	釡	1288		501	
ブチアタル	ブチ当る	772		501	-17.4681
ブンカン	分敢	1285		501	-18.6282
ブツド	仏土	1285		501	-16.1525
ブオトコ	醜男	1285		54	-15.8354
ブンリハ	分離派	1288		325	-13.8699
ブブヅケ	ぶぶ漬	1285		501	-19.2344
ブイディーティー	vdt	1285		501	-17.9351
ブンカシ	文化史	1288		239	-13.2019
ブルガール		1288		359	-13.7191
ブラケット		1285		95	-13.8531
ブバレ	武張れ	784		501	-18.2100
ブランドエクイティ		1288		501	-14.7736
ブ	麸	1285		501	-18.9467
ブンボウグヤ	文房具屋	1285	1298	17	-13.1830
ブナ	山毛欅	1285		501	-18.6282
ブガッティ		1288		168	-14.1461
ブチヌキャ	打ち抜きゃ	677		379	-17.8341
ブルガリア	勃爾牙利	1294		501	-17.0867
ブンナグ	ぶん殴	776		501	-12.2540
ブルゴーニュコウコク	ブルゴーニュ公国	1288		446	-14.3300
ブンチャン	文ちゃん	1288		501	-14.8981
ブジ	武事	1285		501	-17.3126
ブッサンカン	物産館	1288		2	-14.0852
ブバン	武張ん	782		501	-18.2101
ブントウ	分灯	1285		501	-18.6282
ブチコメ	打ち込め	622		236	-18.6602
ブランドセンリャク	ブランド戦略	1285		17	-13.1319
ブラック	BLACK	1289		40	-11.2325
ブルーノ・ワルター		1289		98	-13.3670
ブラックキギョウ	ブラック企業	1288		350	-11.6406
ブッポウ	仏法	1285		365	-12.9470
ブイエスコード	VSCode	1288		501	-14.8053
ブカン	武関	1293		104	-17.7008
ブンカ	分荷	1283		501	-18.0694
ブンパイホウソク	分配法則	1288		336	-14.9613
ブッシ	仏子	1285		501	-16.8066
ブンシン	文身	1285		76	-18.6282
ブラブラ	ぶらぶら	1281		290	-11.6449
ブエンリョ	無遠慮	1287		66	-13.1350
ブッコロセ	ブッ殺せ	734		501	-16.6231
ブレンパワード		1288		484	-14.9048
ブンドキ	分度器	1285		54	-14.9835
ブツケル	打つける	619		501	-18.4303
ブンゲイキョウカイ	文芸協会	1288		57	-15.0041
ブイエルシーティー	vlct	1285		501	-17.9351
ブンニン	分任	1287		501	-17.4416
ブシ	ぶし	735		437	-11.2002
ブクレヨ	脹れよ	621		501	-18.4255
ブツク	仏供	1285		501	-18.6282