ヘンリ	片理	1285		501	-18.6282
ヘビタマクリ	へびたまくり	1285		501	-19.2344
ヘンミノリタカ	辺見鑑孝	1289		122	-16.7320
ヘイケノオチウド	平家の落人	1288		404	-14.6277
ヘソノタニ	臍ノ谷	1293		501	-17.7008
ヘンセイジョウ	編成上	1283	1305	17	-13.5217
ヘンキャク	返却	1283		375	-11.5319
ヘラッ	へらっ	1281		501	-17.6734
ヘイウン	兵運	1285		501	-18.6282
ヘンコウサ	変更さ	1283	605	17	-9.8294
ヘイコウ	秉鎬	1291		501	-18.1724
ヘンコウ	変項	1285		447	-16.7384
ヘド	へど	1285		501	-18.9467
ヘイキョ	並居	1285		501	-18.6282
ヘンペイ	偏平	1287		333	-13.5523
ヘイカツ	平滑	1287		169	-12.5880
ヘイシキ	兵式	1285		501	-18.6282
ヘッポコ	へっぽこ	1285		460	-14.1638
ヘイホウコン	平方根	1285		447	-13.2780
ヘビースモーカー		1288		46	-13.6171
ヘイタン	へいたん	1287		501	-18.0477
ヘキ	襞	1288		501	
ヘイ	竝	1288		501	
ヘッド		1285		64	-11.2896
ヘレ	経れ	617		481	-8.0424
ヘイシン	併進	1283		395	-18.0694
ヘイシュツ	併出	1283		501	-18.0694
ヘイソウ	兵装	1285		501	-18.6282
ヘンテコリン	変てこりん	1287		501	-17.5369
ヘイセイニジュウハチネンド	平成28年度	1288		253	-13.4562
ヘイタイ	へいたい	1285		501	-19.0802
ヘア		1285		295	-11.4950
ヘコマソ	凹まそ	732		501	-15.5265
ヘス		1289		38	-12.2377
ヘコマシャ	凹ましゃ	730		501	-15.5253
ヘカテー		1288		429	-14.2531
ヘエエ	へええ	3		501	-13.3126
ヘイユウ	併有	1283		76	-15.8238
ヘダタリ	隔り	1285		501	-18.6282
ヘンテコリン	へんてこりん	1287		501	-17.6422
ヘン	變	1287		395	-17.4416
ヘビガミ	蛇神	1285		501	-18.7236
ヘンソウ	変装	1283		161	-11.9384
ヘアガロ	経上がろ	778		501	-18.5469
ヘイガク	兵額	1285		501	-18.6282
ヘクタール		1300		221	-10.0672
ヘッドギア		1289		295	-13.2490
ヘルシー		1287		442	-11.0318
ヘ	歴	622		501	-13.8942
ヘンジョウ	遍昭	1289		501	-14.6028
ヘ		160		458	-7.2350
ヘタフェクルブデフトボル	ヘタフェCF	1288		348	-14.7503
ヘンゲ	変化	1285		182	-10.2298
ヘンセツ	変説	1283		501	-15.9540
ヘイシャ	兵舎	1285		188	-13.0745
ヘイメンジョウ	平面上	1285	1305	17	-13.0317
ヘイホウミリメートル	㎣	1288		501	-20.0000
ヘンサン	褊衫	1285		501	-18.6282
ヘンシュウリョク	編集力	1288		501	-14.2306
ヘラシメ	減らし目	1285		501	-18.7236
ヘイテンジカン	閉店時間	1288		501	-13.7246
ヘ		1285		458	-13.9326
ヘテ	経て	625	307	17	-9.3731
ヘイデン		1289		255	-13.0720
ヘヴィー・ローテーション		1288		305	-14.9606
ヘセヨ	減せよ	621		501	-18.2771
ヘイズ		1289		255	-12.4565
ヘンヤク	変約	1283		501	-18.0694
ヘヨ	歴よ	624		501	-13.8794
ヘンシン	変身	1283		26	-10.0180
ヘンコウセイ	変光星	1285		466	-13.3589
ヘサキ	へ先	1285		501	-19.2344
ヘツラエ	へつらえ	814		479	-13.6260
ヘッドライト		1285		95	-12.3854
ヘイザン	閉山	1283		494	-12.4288
ヘシアイ	圧し合い	1285		501	-18.7236
ヘンコ	匾壺	1285		501	-18.6282
ヘキシ	へきし	587		501	-16.8959
ヘンビョウシ	変拍子	1288		458	-14.0612
ヘセリャ	減せりゃ	618		501	-18.2552
ヘイゴウアト	併合後	1288		19	-14.4388
ヘイセイシンキョク	平成新局	1288		305	-14.7677
ヘレ	減れ	784		471	-8.5143
ヘン	諞	1288		501	
ヘ	経	625		258	-7.7456
ヘン	汳	1285		501	-18.6282
ヘビドク	蛇毒	1285		17	-13.5533
ヘンカシ	変化し	1283	610	17	-9.9855
ヘイイン	平陰	1293		501	-17.7008
ヘイキンチ	平均値	1288		23	-11.8757
ヘンシヨ	偏しよ	585		184	-14.3493
ヘキス	僻す	584		501	-15.9117
ヘンカノ	変化の	1283	368	17	-11.2142
ヘルプページ		1288		501	-13.6938
ヘンペイ	扁平	1287		333	-11.7046
ヘンペイ	偏ぺい	1287		501	-17.4416
ヘイスティングス		1289		470	-13.5066
ヘイブン	柄文	1291		501	-18.1724
ヘラクレイデス		1289		241	-15.5642
ヘンイ	辺夷	1285		501	-18.6282
ヘツライ	諂い	832		501	-15.0480
ヘメグリ	経巡り	788		501	-16.6635
ヘンシュ	篇首	1285		501	-18.6282
ヘビガワ	蛇革	1285		501	-18.7236
ヘイジョウウンテン	平常運転	1288		501	-13.6498
ヘントウ	へんとう	1285		501	-18.9467
ヘノエイキョウ	への影響	154	1283	17	-11.1433
ヘンミジュン	辺見じゅん	1289		122	-16.6780
ヘンデンショ	変電所	1288		469	-11.9822
ヘンイチョウチョウ	変イ長調	1288		458	-13.9564
ヘ	へ	625		282	-12.0841
ヘンド	辺土	1285		32	-16.6643
ヘダ		1289		144	-16.8074
ヘイアク	弊悪	1285		501	-18.6282
ヘソガワ	へそ側	1285		501	-19.2344
ヘンナオジサン	変なおじさん	1289		122	-12.6719
ヘイ	剥い	727		379	-16.4462
ヘヤカズ	部屋数	1285		501	-18.7236
ヘタサ	下手さ	1287	1304	17	-13.0151
ヘキレキ	霹靂	1285		297	-18.6282
ヘキクウ	碧空	1285		501	-15.6307
ヘノミチ	への道	154	1285	17	-10.9166
ヘンアツキ	変圧器	1288		384	-12.4439
ヘイイチ	平一	1291		76	-15.4643
ヘイガタ	丙型	1288		343	-14.5313
ヘバリツキ	へばりつき	689		471	-12.4821
ヘゲキズ	ヘゲ傷	1285		501	-18.0817
ヘッズ	heads	1288		461	-17.4670
ヘチマ	へちま	1285		54	-19.2344
ヘシャ	減しゃ	730		501	-16.1539
ヘキガン	壁龕	1285		130	-18.6282
ヘセヨ	減せよ	624		501	-18.2738
ヘンシュウカイギ	編集会議	1288		300	-14.2361
ヘタッピ	下手っぴ	1283		501	-18.1494
ヘヘー	へへー	3		501	-13.2849
ヘンカシタ	変化した	1283	435	17	-11.2032
ヘイニン	併任	1283		187	-14.2734
ヘイスケ	平助	1291		497	-12.3200
ヘソ	減そ	732		501	-16.1551
ヘンサチナナジュウ	偏差値70	1288		501	-14.8101
ヘヅツ	平秩	1290		501	-17.7354
ヘンジョウ	片状	1285		501	-18.6282
ヘキウン	碧雲	1285		501	-17.4206
ヘンリー・キッシンジャー		1289		215	-13.1459
ヘンレ	henle	1289		501	-16.8074
ヘセ	減せ	729		501	-16.1471
ヘンズ	へんず	593		501	-15.5126
ヘディン		1288		210	-14.9410
ヘノゴサンカ	へのご参加	154	1283	17	-10.3562
ヘヤチガイ	部屋ちがい	1285		501	-18.7236
ヘリ		1285		320	-12.0101
ヘイエイ	併営	1283		486	-15.4358
ヘイジツユウガタ	平日夕方	1314		17	-12.9892
ヘンショウ	偏小	1285		501	-18.6282
ヘンシュウソフト	編集ソフト	1283	1285	17	-13.0731
ヘリ	減り	788		471	-8.5184
ヘンシェル		1292		413	-13.3342
ヘン	変	1285		395	-12.5733
ヘイセイニジュウヨネン	平成24年	1288		494	-10.9095
ヘイハツ	併発	1283		192	-12.5807
ヘナヘナ	へなへな	1287		501	-18.0477
ヘリカル		1285		384	-15.1722
ヘルシング		1288		25	-14.3541
ヘレ	減れ	768		471	-8.5144
ヘイソク	屏息	1283		501	-18.0694
ヘイソン	閉村	1285		501	-18.6282
ヘイ	俾	1288		501	
ヘイセイキュウネン	平成9年	1288		494	-11.2084
ヘイサビョウトウ	閉鎖病棟	1288		402	-14.2703
ヘイリツ	並立	1283		182	-12.5712
ヘイエキメンジョ	兵役免除	1288		43	-14.6613
ヘツラオ	諂お	820		501	-15.0421
ヘイイ	へいい	1287		293	-18.0477
ヘイキンリツ	平均律	1288		458	-13.5774
ヘル	歴る	619		501	-13.8875
ヘイザブロウ	平三郎	1291		497	-15.2236
ヘ	歴	625		334	-13.5701
ヘセ	圧せ	729		501	-17.6467
ヘンチョウ	遍澄	1289		501	-17.9060
ヘイ	病	1288		501	
ヘンドリックス		1289		196	-11.9702
ヘメグリャ	経巡りゃ	770		501	-16.6594
ヘイシ	聘し	587		501	-15.4295
ヘイキンキオン	平均気温	1283	1285	17	-11.9856
ヘキサ	僻さ	586		501	-15.9921
ヘセ	減せ	734		501	-16.1531
ヘタッピ	へたっぴ	1283		501	-18.5549
ヘンキョウハク	辺境伯	1288		446	-12.7545
ヘンスウ	変数	1285		447	-10.8466
ヘイテン	閉店	1283		494	-10.2317
ヘイ	弊	1285		128	-14.2537
ヘイスク	恵淑	1291		501	-18.1724
ヘリクダロ	遜ろ	778		501	-14.0242
ヘイエイ	併映	1285		477	-13.8177
ヘイトク	炳徳	1291		501	-18.1724
ヘイシャ	聘しゃ	582		501	-15.4205
ヘタンチョウ	ヘ短調	1288		458	-14.2302
ヘンジンアツカイ	変人扱い	1285	1283	17	-13.3748
ヘイカ	炳河	1291		501	-18.1724
ヘコン	へこん	766		292	-11.2023
ヘイタク	弊宅	1285		501	-18.6282
ヘイキュウ	併給	1285		345	-15.7961
ヘクタール	㏊	1288		501	-20.0000
ヘイコク	秉国	1291		501	-18.1724
ヘイシ	瓶子	1291		4	-16.2745
ヘンタイ		1288		113	-13.8923
ヘイセキ	へ移籍	154	1283	17	-11.2453
ヘイセイジュウキュウネンド	平成19年度	1288		386	-13.4401
ヘルツ	㎐	1288		501	-20.0000
ヘイダン	兵談	1285		501	-18.6282
ヘアガリ	経あがり	788		501	-18.5506
ヘイゼン	平然	1285		161	-13.6270
ヘ	経	622		481	-8.0559
ヘイシ	へい死	1283		501	-18.8426
ヘリクダッ	遜っ	786		501	-14.0497
ヘンジン	偏人	1285		501	-18.6282
ヘンケイ	偏傾	1285		501	-18.6282
ヘルシア		1288		93	-15.4378
ヘイカ	兵禍	1285		501	-18.6282
ヘンジュウ	篇什	1285		501	-18.4767
ヘゴボウ	ヘゴ棒	1285		501	-18.0304
ヘキセツ	僻説	1285		501	-18.6282
ヘバル	ヘバる	772		501	-17.4681
ヘルペスウイルス		1288		100	-14.2406
ヘコオビ	兵子帯	1285		501	-18.7236
ヘンリー・パーシー		1288		492	-15.0041
ヘンバイ	反閇	1285		501	-18.6282
ヘラッ	ヘラっ	1281		501	-13.6615
ヘキガ	壁画	1285		130	-12.0062
ヘイセイニジュウニネン	平成22年	1288		494	-10.5575
ヘンモク	編目	1285		297	-18.6282
ヘン	卞	1288		501	
ヘンジヨ	変じよ	621		501	-13.8019
ヘタシ	下手し	1283	610	17	-11.4144
ヘンム	片務	1285		501	-18.6282
ヘブライ		1288		189	-13.3498
ヘイレツ	並列	1283		45	-11.2328
ヘッヘッ	へっへっ	3		501	-16.9819
ヘラサギ	篦鷺	1285		501	-18.7236
ヘキ		1285		501	-14.4592
ヘラシ	減らし	1285		258	-18.8289
ヘンシュウバン	編集版	1283	1298	17	-13.1911
ヘノコ	辺野古	1293		436	-11.4327
ヘンポウ	変法	1285		501	-18.6282
ヘイト		1285		448	-14.7290
ヘコム	ヘコむ	762		501	-16.3432
ヘイベエ	平兵衛	1291		501	-18.1724
ヘヒト	戸人	1285		501	-18.7236
ヘイ	閉伊	1290		72	-14.3079
ヘアスタイル		1285		295	-13.0079
ヘラナイ	減らない	780	473	17	-11.3804
ヘクトグラム	瓸	1288		501	
ヘバリツク	へばりつく	679		471	-12.4630
ヘダテヨ	隔てよ	621		432	-10.9037
ヘリウチ	へり打ち	1285		501	-19.2344
ヘイホウメートル	㎡	1288		501	-20.0000
ヘイ	Hey	1288		367	-13.3388
ヘイザ	へいざ	1291		501	-17.8847
ヘンサン	編さん	1283		342	-18.0694
ヘイカン	弊館	1285		501	-18.6282
ヘソノオ	臍の緒	1285		333	-15.7511
ヘイキンイカ	平均以下	1283	1313	17	-13.3009
ヘンペイソク	扁平足	1285		501	-15.3590
ヘツライ	へつらい	832		479	-13.6341
ヘヘヘ	へへへ	154		17	-11.0242
ヘヘヘッ	へへへっ	3		501	-16.9819
ヘアガッ	経あがっ	786		501	-18.5724
ヘンリュウ	偏流	1285		384	-16.6592
ヘンコウ	變更	1283		501	-18.0694
ヘヤ	室	1290		414	-20.4108
ヘイヤ	平野	1285		176	-11.5232
ヘイ	敝	1288		501	
ヘンシュ	変種	1285		218	-12.3629
ヘイゾウ	平蔵	1291		497	-12.4804
ヘイタロウ	平太郎	1291		497	-13.8929
ヘノ	への	154	368	17	-7.6015
ヘギソバ	片木蕎麦	1285		501	-18.7236
ヘンアツ	変圧	1283		384	-13.6006
ヘヤサガシ	部屋探し	1285		501	-18.7236
ヘチマエリ	ヘチマ襟	1285		501	-18.0817
ヘイセイニジュウニネンド	平成22年度	1288		214	-13.0810
ヘイイ	平易	1285		307	-15.4248
ヘイジ	平時	1285		53	-12.0714
ヘッジホッグ		1288		355	-14.6318
ヘイゾウ	平三	1291		497	-14.6000
ヘリボーン		1288		171	-14.3835
ヘイサイ	併載	1283		375	-14.4221
ヘキ	癖	1285		48	-18.8289
ヘッタクソ	へった糞	1287		501	-18.0477
ヘンチョウ	偏重	1283		43	-12.6215
ヘガ	剥が	725		379	-16.4190
ヘコム	へこむ	762		155	-11.2242
ヘンヨウ	変様	1285		501	-18.6282
ヘビドク	へび毒	1285		501	-18.9467
ヘンセイタンイ	編成単位	1288		426	-13.7350
ヘコメ	へこめ	760		155	-11.2201
ヘリクダッ	謙っ	786		501	-16.5182
ヘ	怕	1288		501	
ヘイ	hey	1285		501	-17.8906
ヘイシロ	聘しろ	588		501	-15.4211
ヘテ		1292		225	-13.5185
ヘタスギ	下手すぎ	1287	1298	17	-13.5094
ヘヴィ		1288		66	-13.1469
ヘラシ	減らし	1298		258	-13.9778
ヘッドマウントディスプレイ		1288		139	-14.7192
ヘダタラ	隔たら	780		501	-14.0635
ヘイサトシ	閉鎖都市	1288		408	-14.5723
ヘントウセン	扁桃腺	1285		192	-14.1596
ヘイノウ	兵農	1285		501	-18.6282
ヘンピ	へんぴ	1287		501	-18.0477
ヘシャゲリャ	拉げりゃ	618		501	-18.4036
ヘンシ	変し	1283		333	-13.7374
ヘアガロ	経あがろ	778		501	-18.5469
ヘイチ	並置	1283		375	-14.8926
ヘントウエン	扁桃炎	1288		501	-13.9846
ヘイシヨ	聘しよ	585		501	-15.4220
ヘンポウセイ	返報性	1283	1298	17	-13.5033
ヘイジン	平塵	1285		501	-18.6282
ヘン	片	1300		284	-12.0246
ヘイモン	閉門	1283		193	-13.8827
ヘキレキ	霹靂	1288		297	-14.8628
ヘイホウ	閉包	1285		447	-14.6302
ヘイジ	兵次	1291		285	-15.0663
ヘイジツアサ	平日朝	1314		17	-12.1231
ヘソマガリ	へそ曲がり	1285		501	-15.3849
ヘイセイジュウゴネン	平成15年	1288		494	-10.8011
ヘイヘイヘイミュージックチャンプ	HEY!HEY!HEY! MUSIC CHAMP	1288		484	-14.3411
ヘイドウ	へ移動	154	1283	17	-11.3590
ヘイホゾク	平埔族	1288		160	-14.2402
ヘミシ	逸見氏	1288		464	-14.4933
ヘキシン	壁心	1285		501	-18.6282
ヘイッテ	へ行って	154	307	17	-10.7479
ヘンセイ	偏西	1285		501	-18.5412
ヘイネツ	平熱	1285		501	-12.8889
ヘイホウジョウヨ	平方剰余	1288		501	-14.4801
ヘセル	減せる	619		501	-18.2819
ヘイセイサンジュウネンシチガツゴウウ	平成30年7月豪雨	1288		501	-14.6111
ヘッドホン		1285		139	-12.3531
ヘンシュウチュウ	編集中	1283	1305	17	-13.1629
ヘタ	下手	1283		17	-11.3439
ヘラクレス		1289		429	-11.7151
ヘイセツ	併設	1283		375	-10.0877
ヘサキ	舳先	1285		60	-15.2270
ヘップバーン	hepburn	1289		501	-16.8074
ヘキシヨ	僻しよ	585		501	-15.9075
ヘイワテキ	平和的	1287	1299	17	-12.6637
ヘ	辺	1288		501	
ヘンコウ	偏向	1283		287	-12.6920
ヘコオビ	兵児帯	1285		501	-16.5858
ヘイ	弊	560		128	-11.4436
ヘコム	凹む	762		29	-9.7624
ヘイトスピーチ		1288		216	-13.0726
ヘンコウサレテ	変更されて	1283	307	17	-11.0688
ヘイソン	並存	1283		182	-13.3098
ヘズリトル	剥り取る	772		501	-18.4236
ヘター	へたー	1281		501	-17.6734
ヘナチョコ	へな猪口	1287		501	-17.6422
ヘイゲイ	睥睨	1283		271	-15.3290
ヘンシュ	編首	1285		501	-18.6282
ヘヘーン	へへーん	3		501	-16.9819
ヘンカン	返翰	1285		501	-18.6282
ヘラシ	減らし	735		258	-8.2756
ヘグリ	平群	1293		200	-15.3029
ヘイロ	閉路	1285		447	-14.8461
ヘン	偏	560		395	-13.5727
ヘビタニ	蛇谷	1290		501	-17.7354
ヘイソウ	兵争	1285		501	-18.6282
ヘン	貶	1288		501	
ヘイホウキロメートル	平方キロメートル	1285		221	-14.7018
ヘッドセット		1288		139	-12.9058
ヘッセンシュウ	ヘッセン州	1288		349	-13.0477
ヘイトウ	屏東	1288		117	-14.4902
ヘイ	へい	1285		437	-18.8289
ヘイヘイ	へいへい	1281		501	-13.5390
ヘイゴ	平語	1285		501	-17.8153
ヘイオウ	病翁	1291		501	-18.1724
ヘイミャク	平脈	1285		501	-17.6588
ヘイシュウ	平州	1291		58	-18.1724
ヘイ	聘	1285		128	-18.6282
ヘントウ	偏党	1285		501	-18.6282
ヘンゼヨ	へんぜよ	596		501	-15.5121
ヘイセイニジュウイチネン	平成21年	1288		494	-10.6606
ヘイアンジダイ	平安時代	1288		94	-10.0824
ヘン	片	1285		284	-13.7914
ヘンシ	貶し	587		501	-14.9126
ヘンマヒ	片麻痺	1288		192	-13.8265
ヘンシ	編旨	1285		501	-18.6282
ヘイダン	兵団	1285		53	-13.2854
ヘキシロ	へきしろ	588		501	-16.8875
ヘイキンチンギン	平均賃金	1288		248	-14.0995
ヘンカンミス	変換ミス	1283		17	-13.0351
ヘイカ	併科	1283		243	-14.1785
ヘイカイシキ	閉会式	1288		224	-12.8420
ヘルツ		1300		221	-12.0127
ヘビイシ	蛇石	1290		114	-15.1705
ヘイセイノブシコブシ	平成ノブシコブシ	1289		122	-16.5810
ヘキ	日置	1290		330	-16.8136
ヘイキョ	閉居	1283		399	-15.9123
ヘッ		3		501	-16.4223
ヘンスル	貶する	583		501	-14.9068
ヘイキナ	平気な	1287	454	17	-11.0746
ヘコマサ	凹まさ	733		501	-15.5454
ヘイドン	併呑	1283		135	-13.8983
ヘヤダシ	部屋出し	1285		501	-18.7236
ヘンカヲ	変化を	1283	156	17	-10.3304
ヘビタ	蛇田	1293		200	-14.6902
ヘイヨウ	平葉	1285		501	-18.6282
ヘンズリャ	へんずりゃ	591		501	-15.5121
ヘイ	坪	1300		221	-15.2583
ヘイカン	兵諌	1283		501	-18.0694
ヘンカク	偏角	1285		447	-18.6282
ヘンゼヨ	変ぜよ	596		501	-12.0298
ヘンツギ	偏つぎ	1285		501	-18.6282
ヘイネン	平年	1314		112	-12.2764
ヘロン		1289		417	-13.4771
ヘイエキギム	兵役義務	1288		42	-14.1417
ヘニャッ	へにゃっ	1281		501	-17.6734
ヘイホウミリメートル	mm2	1300		501	-16.5146
ヘンタイサン	変態さん	1283	1302	17	-12.7924
ヘキドウ	碧堂	1291		501	-16.5629
ヘェー	へぇー	3		501	-16.9819
ヘイセイハチネンド	平成8年度	1288		386	-14.9901
ヘンソウ	変相	1285		501	-18.6282
ヘキケン	僻見	1285		501	-17.7303
ヘイジ	平次	1291		370	-12.1023
ヘイジ	兵二	1291		501	-18.1724
ヘリクダン	遜ん	774		501	-14.0239
ヘル		1289		149	-16.8074
ヘンジ	片時	1285		501	-18.8289
ヘイゲン	平原	1285		432	-12.0727
ヘンキョクシャ	編曲者	1288		223	-14.1031
ヘンジシ	返事し	1283	610	17	-11.3920
ヘヘヘ	へへへ	3		501	-16.9819
ヘンミエミリ	辺見えみり	1289		122	-13.5950
ヘイホウメートル	平方メートル	1300		221	-9.9924
ヘンコウニ	変更に	1283	151	17	-11.3304
ヘシオレ	へしおれ	768		501	-17.5313
ヘイホウセンチメートル	cm2	1300		501	-16.5146
ヘリクダル	遜る	772		501	-13.9010
ヘンリーツカモト	ヘンリー塚本	1289		122	-19.1790
ヘイガン	併願	1283		253	-13.7052
ヘイコウ	並航	1283		501	-18.0694
ヘイスウ	兵數	1285		501	-18.6282
ヘイショウ	秉松	1291		501	-18.1724
ヘシオル	へしおる	772		501	-17.4084
ヘキシロ	僻しろ	588		501	-15.9066
ヘラブナ	篦鮒	1285		501	-18.7236
ヘンスレ	偏すれ	581		184	-14.3479
ヘイ	併	1288		501	
ヘキ	霹	1288		501	
ヘンシュウ	編修	1283		403	-14.4019
ヘイボンシャ	平凡社	1292		136	-11.6352
ヘイザン	併算	1283		501	-18.0694
ヘトヘト	へとへと	1287		501	-12.7737
ヘサキ	へさき	1285		501	-19.2344
ヘイワ	へいわ	1289		331	-13.4084
ヘロ	減ろ	778		471	-8.5147
ヘイカン	へいかん	1283		501	-18.6884
ヘイ	餅	1288		501	
ヘンク	片句	1285		501	-18.6282
ヘイシュツ	迸出	1283		501	-18.0694
ヘアガン	経上がん	774		501	-18.5466
ヘイボンパンチ	平凡パンチ	1288		201	-14.4889
ヘンサイ	辺塞	1285		501	-18.6282
ヘキショ	僻處	1285		501	-18.6282
ヘダテ	隔て	625		52	-10.8388
ヘコオビ	兵子帶	1285		501	-18.7236
ヘコマシ	凹まし	735		501	-15.6003
ヘビギライ	蛇嫌い	1287		501	-17.8935
ヘイバイ	併売	1285		168	-13.2031
ヘビトリ	ヘビ捕り	1285		501	-18.0817
ヘルプ	help	1285		121	-17.8906
ヘイコウカンカク	平衡感覚	1288		183	-13.9994
ヘキガ	碧娥	1291		501	-18.1724
ヘンセツ	変節	1283		133	-13.9321
ヘイヨウキドウ	併用軌道	1288		469	-12.4183
ヘントウ	扁桃	1288		183	-14.4635
ヘイ	並	1288		501	
ヘント		1285		463	-14.5467
ヘイセイニジュウサンネン	平成23年	1288		494	-10.7477
ヘイサク	平作	1285		497	-16.2674
ヘンレイヒン	返礼品	1283	1298	17	-12.0509
ヘンジョウ	遍照	1285		233	-16.1509
ヘイ	閇	1288		501	
ヘンサン	偏衫	1285		501	-18.6282
ヘンテン	変転	1283		182	-14.0334
ヘヨ	歴よ	621		501	-13.8827
ヘイジツヨル	平日夜	1314		17	-12.6659
ヘイバヨウ	兵馬俑	1288		435	-14.6608
ヘギイタ	剥板	1285		501	-18.7236
ヘンジ	變字	1285		501	-18.6282
ヘツラウ	諛う	817		501	-18.2869
ヘテ		1285		225	-17.8481
ヘリクウボ	ヘリ空母	1288		230	-14.3899
ヘル	耗る	772		501	-18.2413
ヘイベイ	平米	1300		221	-11.9482
ヘレス		1285		348	-14.7398
ヘルツ		1285		221	-13.7226
ヘヤツキ	部屋付き	1285	1298	17	-13.4227
ヘズマリュウ	へずまりゅう	1289		501	-13.6211
ヘンミ	邊見	1290		501	-16.7954
ヘレ	歴れ	617		501	-13.8806
ヘソノオ	へその緒	1285		355	-14.8511
ヘイセイジュウサンネン	平成13年	1288		494	-10.9542
ヘイワキネンコウエン	平和記念公園	1288		18	-14.7378
ヘルプ		1285		431	-12.3588
ヘエリコム	へえり込む	762		501	-17.8836
ヘキ	碧	1285		3	-12.5147
ヘイゲン	秉鉉	1291		501	-18.1724
ヘイゼイキュウ	平城宮	1293		404	-12.9770
ヘリクダリャ	遜りゃ	770		501	-14.0238
ヘコミャ	凹みゃ	761		29	-9.7583
ヘンタイヒコウ	編隊飛行	1288		501	-14.6488
ヘイシン	併信	1285		501	-18.6282
ヘキ	躄	1288		501	
ヘサキ	舮	1288		501	
ヘキザン	碧山	1293		124	-17.7008
ヘンゴク	辺獄	1288		443	-14.7515
ヘイジョウ	平城	1293		404	-14.5648
ヘギ	枌	1288		501	
ヘイソク	閉息	1283		501	-18.0694
ヘイシ	併祀	1283		233	-18.0694
ヘタガサキ	蔕ケ埼	1293		501	-17.7008
ヘキガン	碧眼	1285		295	-14.3210
ヘンズツウ	偏頭痛	1285		192	-12.7728
ヘギ	剥ぎ	728		379	-16.4209
ヘンコウヲ	変更を	1283	156	17	-11.1961
ヘンシンベルト	変身ベルト	1288		296	-14.3915
ヘイエン	平衍	1285		501	-18.6282
ヘイシュツ	平出	1290		285	-16.1801
ヘツライ	諂い	1285		501	-18.7236
ヘシ	減し	735		501	-16.2289
ヘロドトス		1288		189	-12.7004
ヘンジヲ	返事を	1283	156	17	-11.0093
ヘー	😯	5		501	-22.8276
ヘリクダ	謙	776		501	-16.4947
ヘグリ	平群	1290		200	-14.2281
ヘツラッ	へつらっ	829		479	-13.6614
ヘンサ	偏さ	586		184	-14.4340
ヘンイキ	辺域	1285		501	-18.6282
ヘンコ	扁壺	1285		501	-18.6282
ヘンニ	変に	1287	329	17	-11.2739
ヘブバン		1285		501	-13.9317
ヘンソクテキ	変則的	1285	1299	17	-12.6680
ヘニング		1289		210	-14.4541
ヘキリョウ	壁量	1285		501	-18.6282
ヘンショウ	返照	1283		501	-18.0694
ヘンリーハッセイ	ヘンリー8世	1288		329	-12.7145
ヘイセイニジュウイチネンド	平成21年度	1288		214	-13.5229
ヘイワカツドウ	平和活動	1288		501	-14.1185
ヘツラエ	諂え	826		501	-15.0402
ヘタ	蔕	1285		501	-16.4110
ヘンパイ	変敗	1283		501	-18.0694
ヘリクダッ	へりくだっ	786		479	-14.5105
ヘディング		1285		198	-13.2833
ヘイシャ	兵車	1285		501	-18.6282
ヘンキ	偏諱	1285		369	-18.6282
ヘイセイ	平青	1288		501	-18.5231
ヘンウン	片雲	1285		501	-17.6588
ヘビロテ		1288		501	-13.6299
ヘルム		1288		417	-14.7299
ヘイジ	閇字	1285		501	-18.6282
ヘイキンテン	平均点	1283	1298	17	-12.3415
ヘイタン	兵站	1285		53	-12.5191
ヘルガ		1289		11	-15.1847
ヘソマガリ	臍曲り	1287		501	-17.4416
ヘテロ		1288		83	-13.1205
ヘキショ	僻処	1285		501	-18.6282
ヘイヘイヘイ	HEY!HEY!HEY!	1288		476	-14.9529
ヘイ	閉	560		447	-17.6251
ヘキコウ	壁孔	1285		501	-18.6282
ヘン	偏	1285		395	-13.5727
ヘシオラ	へしおら	780		501	-17.5365
ヘキラク	碧落	1285		501	-17.8649
ヘックス		1288		283	-14.3180
ヘンシュウイインカイ	編集委員会	1288		201	-14.7631
ヘイセイ	幣制	1285		275	-15.7634
ヘイコウ	平行	1283		304	-11.6545
ヘイイ	弊衣	1285		501	-18.1929
ヘイゼント	平然と	1281		161	-11.4078
ヘヘン	へへん	3		501	-16.9819
ヘイエン	閉園	1283		494	-12.4463
ヘラボリ	篦彫り	1285		501	-18.7236
ヘンセイイコウ	編成以降	1283	1314	17	-13.5405
ヘイジ	平司	1291		501	-18.1724
ヘバリツコ	へばりつこ	681		471	-12.4634
ヘェ〜		3		501	-16.4223
ヘタクソ	下手くそ	1287		66	-10.4046
ヘラス	heras	1285		501	-17.9351
ヘリクダン	謙ん	774		501	-16.4925
ヘイシ	へいし	587		501	-16.8959
ヘコモ	へこも	763		155	-11.2239
ヘンケイ	偏軽	1285		501	-18.6282
ヘンキュウ	返球	1285		211	-14.1132
ヘイフク	平伏	1283		418	-14.7995
ヘイノナカ	塀の中	1288		501	-14.7968
ヘルペス		1288		192	-13.6713
ヘイサ	へいさ	586		501	-16.9729
ヘイセイイシングン	平成維震軍	1288		175	-14.9334
ヘブライゴ	ヘブライ語	1288		340	-11.5352
ヘタシタラ	下手したら	1283	433	17	-11.4293
ヘンカン	返還	1283		375	-10.4891
ヘル	Hell	1288		367	-13.7429
ヘリクダレ	謙れ	784		501	-16.4924
ヘイワボケ	平和ボケ	1288		501	-13.6254
ヘルシージョウゲ	ヘルシー上下	1287	1283	17	-13.3395
ヘンアツ	変圧	1285		384	-18.6282
ヘイカ	兵家	1285		28	-15.4094
ヘイラク	平楽	1290		58	-15.4947
ヘ	邊	1288		501	
ヘタ		1285		56	-12.0928
ヘンセイサヨウ	変成作用	1288		381	-14.7503
ヘツラワ	諂わ	823		501	-15.0505
ヘビクチ	蛇口	1285		270	-15.2943
ヘイソウチョウ	兵曹長	1288		123	-14.4126
ヘビガワ	蛇川	1293		501	-17.7008
ヘイテンシ	閉店し	1283	610	17	-11.2948
ヘイテイ	兵丁	1285		501	-18.6282
ヘソ	圧そ	732		501	-17.6547
ヘラブナ	へら鮒	1285		501	-19.2344
ヘイシン	丙審	1285		501	-18.6282
ヘラス		1285		483	-15.3290
ヘツライ	へつらい	1285		56	-19.2344
ヘムロック		1289		501	-13.3581
ヘル	へる	619		495	-12.2734
ヘーラクレース		1289		222	-11.5625
ヘイシン	平信	1285		395	-16.5788
ヘイカイ	閉會	1283		501	-18.0694
ヘビオンナ	蛇女	1285		501	-18.7236
ヘイホウ	平房	1293		501	-17.7008
ヘンドウ	偏導	1285		501	-18.6282
ヘイシン	平身	1283		501	-18.0694
ヘキシ	壁歯	1285		501	-18.6282
ヘンス	偏す	584		501	-16.0452
ヘン	編	1300		424	-8.7834
ヘイエキキョヒ	兵役拒否	1288		434	-14.9692
ヘッピリ	屁っぴり	1285		501	-18.7236
ヘイギョウ	閉業	1283		494	-14.2117
ヘヤズミ	部屋住み	1285		501	-18.7236
ヘイセイフラミンゴ	平成フラミンゴ	1289		122	-14.3720
ヘイミンシンブン	平民新聞	1288		279	-14.8095
ヘイエモン	平右衛門	1291		501	-18.1724
ヘイキチ	兵吉	1291		497	-14.4588
ヘキ	日置	1293		330	-16.8136
ヘンビブン	∂	1288		501	-19.0000
ヘンショウ	偏照	1289		501	-17.9060
ヘイソン	兵村	1285		501	-18.6282
ヘンクツ	偏屈	1285		66	-14.8738
ヘイブ	兵部	1285		403	-18.7236
ヘグラ	舳倉	1293		501	-17.7008
ヘズル	剥る	772		501	-18.4236
ヘメグル	経めぐる	772		501	-18.4236
ヘロデダイオウ	ヘロデ大王	1288		273	-14.6262
ヘイオン	平穏	1287		169	-10.6195
ヘヘ〜〜ン	へへ〜〜ん	3		501	-16.9819
ヘラス	減らす	731		43	-8.2390
ヘンゲ	遍計	1285		501	-18.6282
ヘンシヨ	貶しよ	585		501	-14.9050
ヘンカクミステリ	変格ミステリ	1288		501	-14.4849
ヘンソク	変速	1283		95	-12.0443
ヘイホウマイル	平方マイル	1283	1285	17	-13.5533
ヘルスケア		1285		378	-12.9338
ヘグ	折ぐ	723		501	-16.2392
ヘラセ	減らせ	734		43	-8.2345
ヘイコウ	瓶口	1285		501	-18.6282
ヘイゴロウ	兵五郎	1291		501	-18.1724
ヘッドライン	headline	1285		501	-17.8906
ヘハゴジツ	へは後日	154	1314	17	-11.2654
ヘイカツ	平滑	1285		169	-14.5913
ヘンエンケイ	辺縁系	1288		355	-14.6950
ヘッ	へっ	3		420	-10.2278
ヘイミン	平民	1285		408	-12.2675
ヘイメン	平面	1285		304	-10.9814
ヘビーローテーション		1288		478	-14.5556
ヘマ	へま	1287		11	-17.4058
ヘソマガリ	臍曲がり	1287		501	-17.4416
ヘンオンドウブツ	変温動物	1285		116	-14.9205
ヘ	平	1288		501	
ヘンセイガン	変成岩	1285		381	-14.1067
ヘッドスパ		1288		501	-14.2003
ヘキメン	壁面	1285		284	-12.0140
ヘンケイ	変形	1283		174	-10.1908
ヘキナンシ	碧南市	1293		82	-13.4495
ヘイシセイケン	平氏政権	1288		464	-13.5727
ヘン	片	1298		284	-10.8460
ヘキシュク	碧淑	1291		501	-18.1724
ヘイキンイジョウ	平均以上	1283	1313	17	-13.3748
ヘンカンシ	変換し	1283	610	17	-11.2883
ヘレネー		1289		222	-12.9910
ヘギ	片木	1290		501	-20.4249
ヘムケ	へ向け	154	625	17	-11.3036
ヘキ	癖	1298		48	-11.4352
ヘイガッ	兵学	1285		251	-13.8210
ヘルシージョウゲドウジ	ヘルシー上下同時	1287	1285	17	-13.3395
ヘイロ	平炉	1285		281	-15.6280
ヘシオロ	へしおろ	778		501	-17.5317
ヘイセイニネンド	平成2年度	1288		386	-14.8218
ヘナ		1285		368	-16.9418
ヘイワウンドウ	平和運動	1288		131	-13.6558
ヘヤワリ	部屋割	1285		501	-18.7236
ヘイキンシンチョウ	平均身長	1283	1285	17	-13.0874
ヘンデン	変電	1285		109	-14.2885
ヘイシュウゴウ	閉集合	1288		447	-14.4053
ヘビ	🐍	5		501	-21.8440
ヘヤ	室	1285		414	-19.0802
ヘンカク	變革	1283		501	-18.0694
ヘンコウ	変更	1283		375	-7.5531
ヘンケイ	偏輕	1285		501	-18.6282
ヘンセヨ	貶せよ	589		501	-14.9036
ヘイ	Hey!	1288		302	-14.2625
ヘシオン	へしおん	774		501	-17.5314
ヘイセイ	兵制	1285		275	-14.1963
ヘイマ	平馬	1291		497	-15.0111
ヘテロセクシュアル	⚤	1288		501	-20.0000
ヘンク	辺区	1285		501	-18.6282
ヘイジュツ	兵術	1285		501	-18.6282
ヘイキン	屏禁	1283		501	-18.0694
ヘイチョウ	閉庁	1285		109	-15.9673
ヘイスル	聘する	583		501	-15.4238
ヘリトリ	縁取	1285		501	-18.8289
ヘガス	剥がす	731		379	-10.9594
ヘッドレス		1289		196	-13.9119
ヘンケイ	偏形	1285		501	-18.6282
ヘイキ	へ行き	154	706	17	-11.1180
ヘイセイキョウイクイインカイ	平成教育委員会	1288		205	-14.3151
ヘリグチ	減り口	1285		501	-18.7236
ヘヤゼンタイ	部屋全体	1285	1314	17	-13.5217
ヘンカシテ	変化して	1283	307	17	-10.5336
ヘンシロ	偏しろ	588		184	-14.3485
ヘリ	緣	1288		501	
ヘラ	へら	780		437	-12.6474
ヘールボップスイセイ	ヘール・ボップ彗星	1288		466	-14.6061
ヘイロー		1288		89	-14.5309
ヘタヘタッ	へたへたっ	1281		501	-17.6734
ヘダタ	隔た	776		501	-14.0606
ヘイゴロウ	平五郎	1291		497	-14.8051
ヘセ	圧せ	734		501	-17.6527
ヘイサイ	併催	1283		50	-14.1491
ヘンケツ	返血	1283		501	-18.0694
ヘブ		1289		398	-16.7429
ヘッド	HEAD	1288		40	-14.1642
ヘリクダ	遜	776		246	-13.6630
ヘン	邊	1288		501	
ヘン	減ん	782		471	-8.5144
ヘガシ	剥がし	735		379	-11.0308
ヘクト		1285		31	-14.7559
ヘイワコウツウ	平和交通	1288		321	-14.3764
ヘナヘナ	へなへな	1281		501	-15.0114
ヘイイチ	兵市	1291		501	-15.9752
ヘンスル	へんする	583		501	-15.2415
ヘイガク	兵学	1285		251	-13.4983
ヘンゲン	片言	1285		340	-16.6490
ヘキカイ	へき開	1283		29	-14.8666
ヘビイチゴ	蛇苺	1285		501	-17.2696
ヘイキ	平気	1285		17	-10.9317
ヘンシンシーン	変身シーン	1283	1285	17	-12.9610
ヘンブン	変分	1285		501	-18.6282
ヘン	褊	1288		501	
ヘクラベ	屁くらべ	1285		501	-18.7236
ヘイ	苹	1288		501	
ヘイタ	平太	1291		74	-12.6848
ヘキロン	僻論	1285		501	-18.6282
ヘノサンカ	への参加	154	1283	17	-11.3631
ヘンペイ	扁ぺい	1287		501	-17.4416
ヘンシロ	へんしろ	588		501	-15.2388
ヘシャゲ	拉げ	622		501	-18.4370
ヘイセイニジュウキュウネンド	平成29年度	1288		386	-13.2168
ヘイゴシ	塀越し	1285		501	-18.6282
ヘサキ	艫	1288		501	
ヘイコウイドウ	平行移動	1288		447	-14.2090
ヘダタリャ	隔たりゃ	770		501	-14.0583
ヘン	辧	1288		501	
ヘソ	へそ	1285		60	-12.5976
ヘンカク	変革	1283		388	-10.8437
ヘイキ	平気	1287		17	-10.3159
ヘン	胼	1288		501	
ヘヤノナカ	部屋の中	1285	1313	17	-11.3856
ヘンシン	褊心	1285		501	-18.6282
ヘイコウセン	平行線	1288		304	-12.5426
ヘイスウ	兵数	1285		501	-18.6282
ヘギ	へぎ	1285		501	-16.7060
ヘイトツ	平凸	1285		501	-18.6282
ヘキテン	碧天	1288		501	-18.5231
ヘイゴウザイ	併合罪	1288		345	-14.4388
ヘレーネ		1289		329	-13.6995
ヘイガ	平が	1283		497	-14.2222
ヘンスウ	辺陬	1285		501	-18.6282
ヘタッピイ	下手ッぴい	1285		501	-18.7236
ヘンチクリン	変ちくりん	1287		501	-17.5369
ヘン	諚	1288		501	
ヘルマンド		1293		335	-15.2159
ヘンペン	へんぺん	1285		501	-18.6282
ヘロク	Heroku	1288		501	-14.0731
ヘイセイゴネン	平成5年	1288		494	-11.2107
ヘコマ	凹ま	764		29	-9.7699
ヘシコム	圧しこむ	762		501	-17.1905
ヘイシキ	秉式	1291		501	-18.1724
ヘーエ	へーえ	3		501	-16.9819
ヘンコウテン	変更点	1283	1298	17	-11.9667
ヘンペン	片々	1285		501	-16.4514
ヘンカン	へんかん	1283		501	-18.8426
ヘンシュウキョウ	偏執狂	1285		186	-15.3590
ヘイ		1285		203	-16.8548
ヘンゼヨ	変ぜよ	594		501	-12.0298
ヘンズレ	変ずれ	590		501	-12.0298
ヘッテ	減って	786	307	17	-9.8744
ヘンシツ	変質	1283		182	-12.1005
ヘイ	餠	1288		501	
ヘイシュウ	弊習	1285		501	-17.4206
ヘンジル	変じる	619		501	-13.8067
ヘイッ	へ行っ	154	704	17	-10.3713
ヘコタレ	へこたれ	625		247	-13.4604
ヘアヌード		1285		324	-14.2193
ヘイカン	閉管	1285		289	-18.6282
ヘイシュウ	平周	1291		501	-18.1724
ヘンパイ	返杯	1283		501	-16.8411
ヘブライゴセイショ	ヘブライ語聖書	1288		189	-14.1259
ヘチョウチョウ	ヘ長調	1288		458	-13.8382
ヘルダーリン		1289		204	-12.9034
ヘンシンヒーロー	変身ヒーロー	1288		322	-13.9189
ヘゴボウ	へご棒	1285		501	-18.9467
ヘンセイ	変勢	1285		501	-18.6282
ヘンパツ	編髪	1285		501	-18.6282
ヘアドネーション		1288		501	-14.6853
ヘンピ	辺鄙	1287		169	-13.1287
ヘイセイサンジュウネン	平成30年	1288		494	-11.0788
ヘンドウ	変動	1283		182	-10.1279
ヘ	笆	1288		501	
ヘレナ		1289		25	-12.2384
ヘイダン	餠餤	1285		501	-18.6282
ヘビヒメ	蛇姫	1293		501	-17.7008
ヘラジカ		1289		499	-12.9365
ヘイター		1289		501	-15.3319
ヘイゾウ	兵蔵	1291		497	-18.1724
ヘイヒ	兵匪	1285		501	-18.6282
ヘイケン	兵権	1285		246	-14.7704
ヘシコ	へしこ	1285		501	-19.2344
ヘナチョコ	へなちょこ	1287		244	-17.6422
ヘヤソウジ	部屋掃除	1285	1283	17	-12.7096
ヘイコウセカイ	並行世界	1288		212	-13.9943
ヘイアン	平安	1287		312	-13.4007
ヘニャ	へにゃ	1281		501	-14.3601
ヘレン		1291		25	-11.1850
ヘイト		1289		448	-10.8938
ヘイホウ	平方	1283		221	-12.1136
ヘイ	丙	1285		395	-14.1783
ヘリクダリ	遜り	788		501	-14.0279
ヘンチョウホウシキ	変調方式	1288		20	-13.9433
ヘイゾク	平俗	1287		501	-16.4722
ヘルムート・コール		1289		68	-13.7224
ヘルダー		1288		291	-14.3468
ヘンエキ	変易	1283		501	-18.0694
ヘンパ	偏波	1285		501	-18.6282
ヘンツウ	変通	1283		501	-17.2003
ヘイキ	兵気	1285		501	-18.6282
ヘンリー・フォンダ		1289		179	-13.4169
ヘイイナ	平易な	1288		88	-13.1523
ヘセレ	減せれ	617		501	-18.2750
ヘンジョウ	返上	1283		133	-11.5319
ヘンパ	偏波	1288		501	-14.8386
ヘンジン	変人	1285		51	-12.1381
ヘビクチ	へびくち	1285		501	-19.4167
ヘナシ	艫作	1293		501	-17.7008
ヘンセツ	偏説	1287		501	-17.4416
ヘイハン	平版	1285		142	-16.0102
ヘシオン	へし折ん	774		379	-13.3624
ヘヨ	経よ	624		481	-8.0412
ヘイイ	平易	1287		307	-12.6547
ヘンサ	偏差	1285		339	-13.5749
ヘン	変	1287		395	-8.0917
ヘイキ	へいき	1287		331	-13.6027
ヘンス	編す	1285	602	501	-19.0802
ヘイキ	萍寄	1283		501	-18.0694
ヘド	反吐	1285		501	-13.9197
ヘンペイ	へんぺい	1287		501	-18.0477
ヘコタレ	へこたれ	1285		247	-19.2344
ヘイ	兵	1285		411	-9.2484
ヘイゾウ	へいぞう	1291		501	-17.8847
ヘツラワ	へつらわ	823		479	-13.6366
ヘイハク	平伯	1291		501	-18.1724
ヘイザエモン	平左衛門	1292		497	-13.4119
ヘソ		1288		60	-13.2181
ヘンコウホウドウ	偏向報道	1288		216	-13.5400
ヘイギワ	塀ぎわ	1285		501	-18.6282
ヘキアン	僻案	1285		501	-18.6282
ヘメグン	経巡ん	782		501	-16.6595
ヘンテコ	変梃	1287		501	-17.5369
ヘイセイジュウロクネンド	平成16年度	1288		386	-13.7109
ヘンガオ	変顔	1288		147	-12.9255
ヘラクレスオオカブト		1288		382	-14.8169
ヘイソツ	兵卒	1285		123	-13.5880
ヘンナ	変な	1287	454	17	-8.9660
ヘイワショウ	平和賞	1288		313	-13.8969
ヘイハチロウ	平八郎	1291		497	-13.0284
ヘバリツケ	へばりつけ	675		471	-12.4672
ヘッドマーク		1288		426	-12.4286
ヘンゼ	変ぜ	595		501	-12.0651
ヘンニュウサレ	編入され	1283	876	17	-11.3581
ヘイセン	兵船	1285		411	-15.2120
ヘタクソ	へたくそ	1287		501	-12.5997
ヘンシンゴ	変身後	1283	1305	17	-13.1019
ヘイザン	平残	1285		501	-18.6282
ヘキカン	壁間	1285		501	-17.4708
ヘイチョウ	平潮	1285		501	-18.6282
ヘイコウ	併行	1283		182	-13.8969
ヘルマンゲーリング	ヘルマン・ゲーリング	1289		122	-16.8460
ヘイワリヨウ	平和利用	1288		154	-13.9450
ヘイチン	閉鎮	1285		501	-18.6282
ヘチャムクレ	へちゃむくれ	1285		501	-19.2344
ヘンズル	変ずる	592		501	-12.0314
ヘンダテ	編立て	1285		501	-18.6282
ヘンズツウ	片頭痛	1288		192	-12.7321
ヘラサギ	へらさぎ	1285		501	-19.2344
ヘイチ	平地	1285		220	-18.4612
ヘイユ	平癒	1283		32	-13.5026
ヘイムダル		1288		222	-14.8163
ヘメグッ	経巡っ	786		501	-16.6853
ヘンオン	変温	1285		501	-18.6282
ヘッタクソ	へったくそ	1287		501	-18.0477
ヘ	袙	1288		501	
ヘイシキ	閉式	1285		284	-16.6849
ヘンクツ	偏窟	1287		501	-17.4416
ヘイエキ	兵役	1285		123	-12.0355
ヘソ	臍	1285		333	-14.5932
ヘップ	hep	1288		501	-17.6581
ヘチマスイ	糸瓜水	1285		501	-18.6282
ヘイ	幣伊	1293		501	-17.8831
ヘイカツキン	平滑筋	1288		183	-13.6643
ヘイヘイ	平々	1285		501	-18.6282
ヘアガ	経あが	776		501	-18.5488
ヘイゾン	併存	1283		182	-15.2142
ヘラ	へら	1285	1298	17	-13.5342
ヘイスケ	平祐	1291		501	-15.1700
ヘソ		1285		60	-18.0304
ヘンテツ	編綴	1283		501	-18.0694
ヘイゼン	平喘	1285		501	-18.6282
ヘンクツ	変屈	1287		501	-17.4416
ヘビガラ	ヘビ柄	1285		501	-18.0817
ヘイゼイテンノウ	平城天皇	1289		369	-12.7516
ヘイゾン	並存	1283		182	-15.8098
ヘイキンジュミョウ	平均寿命	1288		248	-12.4690
ヘンセイ	変成	1283		174	-13.7308
ヘンナヒト	変な人	1287	1285	17	-11.0852
ヘコミ	凹み	767		29	-9.7733
ヘソガワ	臍側	1285		501	-18.7236
ヘリカエシ	へり返し	1285		501	-19.2344
ヘナ	へな	1285		501	-19.2344
ヘンショ	返書	1285		193	-14.0329
ヘビドク	蛇毒	1285		501	-18.6282
ヘタッ	へたっ	1281		501	-13.4826
ヘラシテ	減らして	735	307	17	-10.8032
ヘイリン	平鱗	1289		501	-17.9060
ヘイコウ	平曠	1285		501	-18.6282
ヘイシン	丙辰	1285		263	-18.6282
ヘラジカ	へら鹿	1285		501	-19.2344
ヘヤワケ	へやわけ	1285		501	-19.2344
ヘンドリック	hendrick	1289		501	-16.8074
ヘンキョウ	へんきょう	1287		501	-18.0477
ヘルメス		1288		429	-13.4567
ヘイセン	平仙	1288		501	-18.5231
ヘンリー		1290		255	-9.5762
ヘラジカ	篦鹿	1285		501	-18.7236
ヘイセイジュウナナネンド	平成17年度	1288		386	-12.9304
ヘンテコ	へんてこ	1287		66	-13.6496
ヘイメンジュウテン	平面充填	1288		447	-14.8809
ヘタレ		1288		56	-12.7448
ヘイショウ	併照	1283		501	-18.0694
ヘイメイ	平明	1287		66	-13.4299
ヘダタル	隔る	772		501	-18.4236
ヘダテ	隔て	622		52	-10.8485
ヘキドウ	碧童	1291		501	-18.1724
ヘイチョウ	平頂	1293		501	-17.7008
ヘイキンヨミョウ	平均余命	1288		248	-14.3084
ヘエゴ	へえご	1285		501	-19.2344
ヘーチマン		1288		446	-13.8001
ヘット		1285		149	-15.3667
ヘダテロ	隔てろ	623		432	-10.9007
ヘイコ	炳乎	1285		501	-18.8289
ヘシオレ	へし折れ	784		379	-13.3623
ヘンメイ	編名	1285		501	-18.6282
ヘアガッ	経上がっ	786		501	-18.5724
ヘンスレ	へんすれ	581		501	-15.2382
ヘドバン		1288		113	-13.6846
ヘイセイニジュウハチネン	平成28年	1288		494	-10.9715
ヘリウチ	縁打ち	1285		501	-18.7236
ヘンショウ	編章	1285		501	-18.6282
ヘイワキョウイク	平和教育	1288		154	-14.9258
ヘイオウ	平王	1289		246	-17.9060
ヘンザイ	遍在	1283		287	-14.1537
ヘンズリャ	変ずりゃ	591		501	-12.0298
ヘイイチロウ	平一郎	1291		501	-17.0738
ヘイカン	併観	1285		501	-18.6282
ヘイデンジ	平伝寺	1293		501	-17.7008
ヘディングシュート		1285		211	-14.8632
ヘイセイニジュウゴネン	平成25年	1288		494	-11.0104
ヘンコウシタ	変更した	1283	435	17	-10.6860
ヘキス	へきす	584		501	-16.8925
ヘイゼイ	平城	1289		404	-18.1292
ヘラシャ	減らしゃ	730		43	-8.2354
ヘー	へー	3		293	-9.9797
ヘビオヤジ	蛇親父	1285		501	-18.7236
ヘラ		1285		60	-13.7964
ヘンガク	返額	1285		501	-18.6282
ヘリャ	減りゃ	770		471	-8.5143
ヘクス		1288		283	-14.8988
ヘンズ	変ず	593		501	-12.0304
ヘロイン		1285		257	-13.2206
ヘタヘタ	へたへた	1281		501	-16.6438
ヘイテイ	閉廷	1283		366	-15.1790
ヘンイゲン	変異原	1288		100	-14.1019
ヘイセン	兵戦	1285		501	-18.6282
ヘンセキ	編籍	1285		501	-18.6282
ヘンジュツ	編述	1283		501	-18.0694
ヘイテイ	平帝	1290		246	-13.6896
ヘシャゲレ	拉げれ	617		501	-18.4235
ヘヤワケ	部屋分け	1285		501	-18.7236
ヘンカイ	変改	1283		501	-16.9759
ヘンシ	変死	1283		161	-13.9778
ヘツラエ	諂え	814		501	-15.0399
ヘッドハンター		1288		488	-14.8399
ヘンカイ	遍界	1283		501	-18.0694
ヘナチョコ	屁奈ちょこ	1287		501	-17.5369
ヘイイ	兵衣	1285		501	-18.6282
ヘキサ		1285		89	-14.8277
ヘキカイグン	碧海郡	1288		72	-14.6211
ヘイシタチ	兵士たち	1288		411	-12.0338
ヘビオンナ	ヘビ女	1285		501	-18.0817
ヘンレイ	返礼	1283		193	-12.1414
ヘイセイハチネン	平成8年	1288		494	-11.2836
ヘイカイケツ	併解結	1285		501	-18.6282
ヘアガラ	経上がら	780		501	-18.5517
ヘキガン	壁岩	1285		501	-18.6282
ヘロヘロ	へろへろ	1281		501	-13.4650
ヘス		1291		38	-16.6319
ヘンサイ	変災	1285		501	-17.8906
ヘキシ	僻し	587		501	-15.9150
ヘイダイ	閉大	1285		501	-18.6282
ヘダタル	隔たる	772		501	-13.9354
ヘドラ		1288		164	-15.1593
ヘアメ		1285		501	-14.9892
ヘイコウシヘンケイ	平行四辺形	1285		304	-14.1507
ヘイハチ	平八	1291		74	-13.1328
ヘコマセ	凹ませ	729		501	-15.5185
ヘンサ	変差	1285		501	-18.6282
ヘンズツウモチ	偏頭痛持ち	1285	1298	17	-13.4393
ヘイイ	敝衣	1285		501	-18.6282
ヘイグ	兵具	1285		501	-18.6282
ヘツラエ	へつらえ	826		479	-13.6263
ヘイソウ	兵爭	1285		501	-18.6282
ヘッタ	減った	786	435	17	-10.1898
ヘッテル	減ってる	786	307	17	-11.0965
ヘイキュウ	平久	1293		501	-17.7008
ヘルニア		1285		337	-13.3276
ヘイフウ	へいふう	1285		501	-18.9467
ヘイコウシヘンケイ	▱	1288		501	-18.5556
ヘコオビ	兵児帶	1285		501	-18.7236
ヘンソクテキ	変則的	1288		169	-14.0081
ヘンテコ		1287		66	-12.8749
ヘヘヘヘ	へへへへ	3		501	-16.9819
ヘアガリ	経上がり	788		501	-18.5506
ヘアゴム		1285		17	-12.8333
ヘイベイ	㎡	1288		501	-20.0000
ヘイイン	閉院	1283		494	-15.1867
ヘンポン	翩翻	1285		501	-17.5922
ヘラザオ	箆竿	1285		501	-18.7236
ヘイシン	嬖臣	1285		501	-18.6282
ヘンホチョウチョウ	変ホ長調	1289		458	-12.6842
ヘリトル	減り取る	772		501	-18.4236
ヘイメンズ	平面図	1288		501	-14.0178
ヘイホウフィート	平方フィート	1288		221	-14.7010
ヘビミチ	ヘビ道	1285		501	-18.0817
ヘメグル	歴回る	772		501	-18.4236
ヘヘ	へへ	154		17	-10.4434
ヘンリー・テューダー		1288		492	-14.7115
ヘイル		1288		255	-14.2865
ヘリグチ	減口	1285		501	-18.7236
ヘイワガク	平和学	1288		383	-14.6858
ヘイワカクメイ	平和革命	1288		430	-14.5967
ヘイ	平	1287		128	-27.4496
ヘイギ	兵棋	1285		501	-18.6282
ヘン	遍	1300		365	-11.8488
ヘイスル	へいする	583		501	-16.8901
ヘイセイサイゴ	平成最後	1288		501	-13.6652
ヘブロン		1293		373	-13.7835
ヘイジツヤスミ	平日休み	1314	1285	17	-12.5293
ヘイヨウカノウ	併用可能	1283	1287	17	-13.4337
ヘンスル	偏する	583		184	-14.3512
ヘッセ		1289		204	-13.2866
ヘイカ	兵戈	1285		501	-17.8906
ヘイバ	斃馬	1285		501	-18.6282
ヘイガ	平臥	1283		501	-17.8249
ヘイワ	平話	1285		342	-15.7369
ヘサキ	部埼	1293		501	-17.7008
ヘイコウ	閉講	1285		501	-18.6282
ヘバリツカ	へばりつか	683		471	-12.4789
ヘボン		1290		323	-13.0769
ヘンニュウサ	編入さ	1283	605	17	-11.2497
ヘン	邉	1285		501	-18.2535
ヘセ	減せ	625		501	-18.3560
ヘイメンハ	平面波	1288		447	-13.9458
ヘンレキ	遍歴	1283		323	-12.2379
ヘンガク	変額	1285		501	-18.6282
ヘイセイジュウニネン	平成12年	1288		494	-10.8435
ヘイセイサンネン	平成3年	1288		494	-11.3568
ヘンス	へんす	584		501	-15.2439
ヘヤハ	部屋は	1285	261	17	-11.1113
ヘイジュン	平順	1291		501	-18.1724
ヘイ	甁	1288		501	
ヘダタン	隔たん	774		501	-14.0584
ヘタフェ		1288		348	-14.9756
ヘンショウ	偏晶	1285		501	-18.6282
ヘラルボニー		1285		501	-15.0012
ヘイキン	平均	1283		248	-8.4409
ヘンカ	貶価	1285		501	-18.6282
ヘンシン	へん身	1283		501	-18.8426
ヘイショウ	平牀	1285		501	-18.6282
ヘヤギ	部屋着	1288		501	-12.7334
ヘリクダラ	遜ら	780		501	-14.0290
ヘンジョウ	遍照	1289		233	-17.9060
ヘンダ	変だ	1287	453	17	-10.8462
ヘイザエモン	平左衛門	1291		497	-18.1724
ヘルベチカ	Helvetica	1288		232	-14.6431
ヘフ		1289		501	-16.7429
ヘヤヅクリ	部屋作り	1285		501	-18.7236
ヘナツチ	粘土	1285		270	-19.0802
ヘイ		1289		203	-11.8717
ヘヴィーオブジェクト		1288		501	-14.9901
ヘイゼイ	平生	1314		285	-14.0873
ヘイジョウ	平常	1282		109	-12.4135
ヘンシヨ	へんしよ	585		501	-15.2396
ヘンサ	変詐	1285		501	-18.6282
ヘコ	兵児	1285		501	-18.7236
ヘゴ		1285		116	-18.0817
ヘイジ	瓶子	1285		4	-15.4152
ヘンガオ	変顔	1285		147	-18.6282
ヘンケイロウドウジカンセイ	変形労働時間制	1288		455	-14.9670
ヘンカクキ	変革期	1285		356	-14.6349
ヘドロ	へどろ	1285		501	-17.8994
ヘイリツ	併立	1283		182	-18.0694
ヘヤゴ	部屋子	1285		501	-18.7236
ヘラ	へら	1285		437	-18.6282
ヘーパイストス		1288		222	-13.9409
ヘンセイキ	変声期	1285		364	-14.7294
ヘキナン	碧南	1293		321	-13.3518
ヘヤギ	部屋着	1285		501	-18.7236
ヘギトル	剥ぎ取る	772		501	-18.4236
ヘンツギ	偏継ぎ	1285		501	-18.6282
ヘッジ		1285		286	-14.2437
ヘシオ	へしお	776		501	-17.5335
ヘラガニ	箆蟹	1285		501	-18.7236
ヘイカ	平化	1291		501	-18.1724
ヘンショウ	偏将	1285		501	-18.6282
ヘイダイ	閇大	1285		501	-18.6282
ヘン	減ん	774		471	-8.5144
ヘイビ	兵備	1285		346	-15.4494
ヘイシ	閉止	1283		174	-16.2674
ヘイショウ	併称	1283		238	-14.6529
ヘイキンシチョウリツ	平均視聴率	1288		248	-11.8705
ヘイジュ	秉綬	1291		501	-18.1724
ヘイカ	平価	1285		286	-14.5823
ヘイタン	平坦	1287		169	-10.5637
ヘス	拆す	731		501	-17.4749
ヘガサ	剥がさ	733		379	-10.9758
ヘチマエリ	糸瓜襟	1285		501	-18.7236
ヘイカイ	閉会	1283		436	-12.6878
ヘイワニタイスルツミ	平和に対する罪	1288		456	-14.5542
ヘメグレ	経巡れ	768		501	-16.6595
ヘイタイ	兵隊	1285		188	-12.1857
ヘイッチャラ	へいっちゃら	1287		501	-17.6422
ヘビー		1285		64	-12.6826
ヘンミ	邉見	1290		501	-16.9470
ヘンザイ	辺際	1285		501	-18.6282
ヘイサツ	併殺	1285		377	-13.6426
ヘビーユーザー		1288		296	-13.4803
ヘダタリ	距り	1285		501	-18.6282
ヘンチュウ	編注	1285		501	-18.6282
ヘイシュ	丙種	1285		501	-18.6282
ヘキユウ	僻邑	1285		501	-18.6282
ヘシオル	へし折る	772		379	-13.2394
ヘビ	它	1288		501	-13.8242
ヘビトリ	蛇捕り	1285		501	-18.7236
ヘボンシキ	ヘボン式	1288		327	-13.5205
ヘイシ	兵士	1285		490	-10.2323
ヘキラン	碧瀾	1285		501	-18.6282
ヘイセイチクホウテツドウ	平成筑豊鉄道	1288		321	-14.4250
ヘイワヲ	平和を	1287	156	17	-11.3532
ヘ	減	776		471	-8.5166
ヘビガワ	へび革	1285		501	-19.2344
ヘイヘイ	平平	1285		501	-18.6282
ヘン	偏	1283		395	-12.1105
ヘンソク	変則	1287		283	-13.4689
ヘイガン	平元	1285		440	-18.6282
ヘヤズミ	部屋住	1285		108	-16.1135
ヘリポート		1285		414	-13.5435
ヘイ	塀	1285		501	-18.5412
ヘーゼルナッツ		1288		75	-14.1638
ヘッド	head	1288		5	-13.3829
ヘラブナ		1285		116	-14.8768
ヘリトリ	縁取り	1285		501	-19.2344
ヘアガレ	経あがれ	784		501	-18.5465
ヘイジロウ	平治郎	1291		159	-18.1724
ヘングン	辺郡	1285		501	-18.7236
ヘコキ	屁こき	1285		501	-18.7236
ヘナッ	へなっ	1281		501	-17.6734
ヘンシ	駢死	1285		501	-18.6282
ヘイ		3		203	-16.3533
ヘヤワリ	部屋割り	1285		85	-17.9816
ヘシオリ	へしおり	788		501	-17.5354
ヘルムホルツエネルギー		1288		339	-14.6061
ヘチマ		1285		93	-14.7439
ヘチマエリ	へちま襟	1285		501	-19.2344
ヘイホウキロメートル	平方キロメートル	1288		221	-18.6566
ヘンシ	偏し	587		184	-14.3569
ヘンビブンホウテイシキ	偏微分方程式	1288		65	-13.7154
ヘアオイル		1285		17	-12.1406
ヘンセキ	砭石	1285		501	-18.6282
ヘイコウ	平公	1291		58	-13.9677
ヘイコウシ	並行し	1283	610	17	-10.7198
ヘイセイ	へいせい	1287		331	-13.7495
ヘンシャ	へんしゃ	582		501	-15.2382
ヘンサ	へんさ	586		501	-15.3243
ヘリックキョウワコク	ヘリック共和国	1288		190	-14.1013
ヘンシンフヨウ	返信不要	1285	1287	17	-12.5735
ヘンデル		1289		416	-11.8599
ヘイタイ	秉泰	1291		501	-18.1724
ヘシャゲヨ	拉げよ	621		501	-18.4255
ヘビーキュウ	ヘビー級	1288		141	-11.1971
ヘンノウ	片脳	1285		501	-18.6282
ヘイゼイジョウコウ	平城上皇	1288		369	-14.3919
ヘムカッ	へ向かっ	154	829	17	-11.0802
ヘンジ	返事	1283		17	-9.9273
ヘリ	へり	1285		437	-13.7300
ヘンリョウ	変量	1285		65	-14.9330
ヘガセ	剥がせ	729		379	-10.9489
ヘイソウ	併走	1283		129	-12.9733
ヘタナ	下手な	1287	454	17	-10.4328
ヘンリン	片りん	1285		501	-18.6282
ヘリクダレ	遜れ	768		501	-14.0239
ヘイチャラ	へいちゃら	1287		501	-17.6422
ヘブン	HEAVEN	1289		302	-13.4521
ヘンカニ	変化に	1283	151	17	-10.7713
ヘンネンタイ	編年体	1285		342	-14.6617
ヘイセイジャンプ	Hey! Say! JUMP	1288		67	-13.9782
ヘイジノラン	平治の乱	1288		498	-13.1558
ヘルベルト・フォン・カラヤン		1289		98	-13.0864
ヘンセヨ	偏せよ	589		184	-14.3479
ヘンナ		1288		501	-14.3564
ヘキチ	僻地	1285		480	-13.2790
ヘンセイカ	編成化	1283	1297	17	-13.3904
ヘン	編	1298		424	-8.0706
ヘイガキ	塀垣	1285		501	-18.6282
ヘンシンバンク	変身バンク	1288		501	-14.8608
ヘイザン	屛山	1291		501	-18.1724
ヘイジツヒル	平日昼	1314		17	-13.2463
ヘイソン	弊村	1285		501	-18.6282
ヘコモ	凹も	763		29	-9.7621
ヘンワイ	変歪	1285		501	-18.6282
ヘアー	hair	1289		5	-11.9753
ヘッドライナー		1288		172	-13.4431
ヘヴン	Heaven	1288		367	-14.2357
ヘソクリ	へそくり	1285		256	-15.1246
ヘンクツ	へん屈	1287		501	-18.0477
ヘキガ	壁畫	1285		501	-18.6282
ヘイタン	平たん	1287		501	-17.4416
ヘブライモジ	ヘブライ文字	1288		340	-13.5856
ヘイセイニジュウナナネン	平成27年	1288		494	-10.8909
ヘイセイノダイガッペイ	平成の大合併	1288		18	-12.2576
ヘンリエッタ・マリア		1285		501	-14.0696
ヘイ	蔽	1288		501	
ヘンニュウガク	編入学	1288		85	-13.0582
ヘキサ	へきさ	586		501	-16.9729
ヘンダーソン		1288		138	-12.8640
ヘイホウセンチメートル	㎤	1288		501	-20.0000
ヘキリョク	碧緑	1285		501	-18.6282
ヘイエイ	兵営	1285		53	-14.0875
ヘンゼルトグレーテル	ヘンゼルとグレーテル	1288		401	-14.7950
ヘイアン	平安	1288		312	-15.0131
ヘイコウ	平行	1287		304	-10.4145
ヘノアイ	への愛	154	1285	17	-10.8850
ヘイササ	閉鎖さ	1283	605	17	-11.2724
ヘンペイ	へん平	1287		501	-18.0477
ヘヤデ	部屋で	1285	149	17	-10.3233
ヘイセイサンジュウネンド	平成30年度	1288		494	-13.1427
ヘンドリック		1288		329	-14.7400
ヘベ	へべ	1285		501	-19.4167
ヘイサ	閉鎖	1283		494	-9.5769
ヘビ	へび	1285		437	-14.5826
ヘンキンホショウ	返金保証	1288		501	-14.5728
ヘリオス		1292		222	-12.7391
ヘンカ	変化	1283		182	-7.8608
ヘダテ	隔て	1285		52	-14.4361
ヘルマン・ヘッセ		1289		204	-13.4954
ヘンネン	変年	1285		501	-17.9816
ヘルマンドシュウ	ヘルマンド州	1288		501	-14.6999
ヘコミ	凹み	1285		304	-18.6282
ヘェ	へぇ	3		244	-9.6973
ヘキショク	碧色	1285		501	-18.6282
ヘンザン	平安山	1290		501	-12.8803
ヘル・イン・ア・セル		1288		141	-14.5341
ヘタ	へた	1285		437	-13.7991
ヘラート		1285		359	-13.7345
ヘンテコ	変テコ	1287		501	-17.5369
ヘンメイ	変名	1283		344	-13.0758
ヘイセイジュウネン	平成10年	1288		494	-11.1588
ヘイホウインチ	平方インチ	1288		221	-14.5767
ヘキ	へき	1285		437	-14.8790
ヘンシロ	貶しろ	588		501	-14.9042
ヘンシュウガメン	編集画面	1288		501	-13.7321
ヘイマン	屏幔	1285		501	-18.6282
ヘイサン	併産	1285		501	-18.6282
ヘヤニ	部屋に	1285	151	17	-9.6885
ヘイス	聘す	584		501	-15.4262
ヘキサゴン		1288		40	-14.5820
ヘイワオオドオリ	平和大通り	1288		129	-14.3346
ヘキサンスイ	癖三酔	1291		501	-18.1724
ヘル	へる	1285		495	-14.0945
ヘイガッコウ	兵学校	1288		123	-13.1707
ヘリオス		1289		222	-14.2684
ヘンショウ	辺牆	1285		501	-18.6282
ヘダタリ	隔たり	788		501	-14.0624
ヘイギュウバ	斃牛馬	1285		501	-18.6282
ヘーシオドス		1288		429	-13.7419
ヘン	辺	1285		304	-16.0720
ヘキシヨ	へきしよ	585		501	-16.8883
ヘイジツ	平日	1314		305	-8.3329
ヘンシュウシツ	編集室	1283	1298	17	-13.3248
ヘイシャ	平射	1285		264	-15.5087
ヘンソク	変則	1285		283	-12.2431
ヘルス	health	1285		15	-17.8906
ヘイアンキョウ	平安京	1293		404	-11.2841
ヘイジュン	平準	1285		286	-14.7007
ヘーリオス		1288		222	-14.2126
ヘギヌリ	へぎ塗り	1285		501	-19.2344
ヘンシュウブ	編集部	1289		201	-9.2184
ヘキアツ	壁圧	1285		501	-18.6282
ヘイオンブジ	平穏無事	1288		479	-14.4792
ヘイ	嬖	1288		501	
ヘッドアップディスプレイ		1288		95	-14.6966
ヘンイカブ	変異株	1283	1285	17	-12.5151
ヘンシュ	騙取	1285		501	-18.6282
ヘンジル	變じる	619		501	-18.2480
ヘイカ	併課	1283		501	-18.0694
ヘンスウ	編数	1285		501	-18.6282
ヘルゴラント		1288		230	-14.7677
ヘンカン	hennkann	1283		501	-17.8011
ヘイキ	併記	1283		375	-11.6073
ヘボキュウリ	へぼ胡瓜	1285		501	-19.2344
ヘンテコリン	変梃りん	1287		501	-17.5369
ヘオンキゴウ	ヘ音記号	1288		0	-14.8790
ヘンチョウ	変調	1283		339	-12.1912
ヘイコウ	閉口	1283		48	-13.7726
ヘンセイノ	編成の	1283	368	17	-11.2360
ヘイコウ	秉公	1285		501	-18.6282
ヘーベー		1289		443	-14.0610
ヘンシン	返信	1285		445	-10.0138
ヘアスプレー		1288		496	-14.8175
ヘヤホシ	部屋干	1285		501	-18.7236
ヘルペス	へるぺす	1285		501	-18.5412
ヘキナイ	壁内	1285		29	-18.6282
ヘタ	蒂	1288		501	
ヘンサチゴジュウ	偏差値50	1288		501	-14.3259
ヘサ	減さ	733		501	-16.1740
ヘブン		1289		203	-13.3492
ヘキセヨ	へきせよ	589		501	-16.8869
ヘンサイ	返済	1283		474	-10.7926
ヘンザイ	辺材	1285		501	-18.6282
ヘンコウハ	変更は	1283	261	17	-11.4324
ヘンタイ	変態	1283		355	-10.2301
ヘン	歴ん	620		501	-13.8798
ヘイスケ	平允	1291		501	-18.1724
ヘンケイ	扁形	1285		218	-18.6282
ヘンギョウ	遍行	1285		501	-18.6282
ヘガシャ	剥がしゃ	730		379	-10.9558
ヘイスレ	聘すれ	581		501	-15.4205
ヘイレツケイサン	並列計算	1288		294	-14.3533
ヘギソバ	へぎそば	1285		501	-19.2344
ヘイトウケン	屏東県	1288		117	-13.9435
ヘンシン	偏身	1285		501	-18.6282
ヘイポー		1288		451	-13.7975
ヘルメース		1288		222	-13.6290
ヘンシュウイイン	編集委員	1288		201	-12.4949
ヘンノ	編の	1298	368	17	-11.4043
ヘンミョウ	変名	1285		344	-14.7054
ヘイセイニジュウネンド	平成20年度	1288		214	-13.4403
ヘイレツカ	並列化	1288		431	-13.9572
ヘンブツ	変物	1285		501	-18.4767
ヘルパ		1288		207	-15.9467
ヘイシ	並歯	1285		501	-18.6282
ヘシオル	ヘシ折る	772		501	-17.2605
ヘン	へん	1287		437	-17.8935
ヘツ	暼	1288		501	
ヘイジモノガタリ	平治物語	1288		10	-13.9642
ヘイハン	兵範	1288		501	-18.5231
ヘンセイガ	編成が	1283	148	17	-11.3032
ヘアメイク		1288		501	-13.0751
ヘカク	へ格	1285		501	-18.8289
ヘイウン	平運	1288		501	-18.5231
ヘンズル	へんずる	592		501	-15.5137
ヘルメットチャクヨウ	ヘルメット着用	1285	1283	17	-12.9161
ヘクル	経来る	1285	573	501	-19.4167
ヘンイ	変位	1283		339	-12.6693
ヘミングウェイ		1289		204	-12.2291
ヘイキチ	平吉	1291		497	-13.8038
ヘイソクカン	閉塞感	1288		501	-12.7817
ヘイ	幤	1288		501	
ヘボ	へぼ	1285		420	-15.3150
ヘンリー	Henry	1289		151	-11.9092
ヘイゼイ	平生	1285		285	-16.5873
ヘイ	柄	1290		333	-18.2463
ヘリウムサン	ヘリウム3	1288		339	-14.3414
ヘイソ	平素	1285		495	-14.0671
ヘヤ	部屋	1285		290	-8.6063
ヘイシュウ	并州	1293		8	-17.7008
ヘム		1288		83	-13.3539
ヘンセイキョク	編成局	1283	1298	17	-13.2641
ヘイボンシャシンショ	平凡社新書	1288		396	-14.9756
ヘキフ	壁布	1285		501	-18.6282
ヘヤメイ	部屋名	1285		501	-18.6282
ヘン		1289		329	-16.9505
ヘイセイジュウニネンド	平成12年度	1288		386	-12.3984
ヘンロ	変ロ	1288		458	-14.0932
ヘンシンシ	返信し	1285	610	17	-10.9169
ヘルメット	へるめっと	1285		501	-18.5412
ヘイホウスウ	平方数	1288		447	-13.8620
ヘイワジョウヤク	平和条約	1288		209	-12.7689
ヘンピン	返品	1283		474	-12.1508
ヘイカ	陛下	1285		495	-11.8799
ヘブリディーズショトウ	ヘブリディーズ諸島	1288		373	-14.8035
ヘッダガゾウ	ヘッダ画像	1285		17	-13.5533
ヘロド		1285		303	-15.3632
ヘイキンジョウシャジンイン	平均乗車人員	1283	1285	17	-11.1019
ヘンタイド	変態度	1283	1298	17	-13.0453
ヘイアン	へいあん	1287		331	-18.0477
ヘアピン		1288		63	-12.9394
ヘイ	幣	1285		275	-18.6282
ヘタレ	へたれ	1287		56	-18.0477
ヘン	へん	1285		437	-12.4021
ヘンコ	偏固	1285		501	-18.6282
ヘイシチロウ	平七郎	1291		501	-17.6615
ヘアガ	経上が	776		501	-18.5488
ヘイセイガンネン	平成元年	1288		494	-11.1286
ヘンヨク	片翼	1285		501	-18.6282
ヘイセイライダー	平成ライダー	1288		322	-13.6821
ヘイ	篦	1288		501	
ヘロヘロ		1288		501	-13.4281
ヘンソウ	返送	1283		445	-13.0156
ヘライ	戸来	1290		501	-14.8836
ヘンケン	偏見	1285		252	-10.7417
ヘイカン	閉館	1283		494	-11.6306
ヘイケイ	閉経	1283		192	-13.5955
ヘビーガン		1288		413	-14.6853
ヘイジツノ	平日の	1314	368	17	-10.7870
ヘン	辺	1290		304	-16.0720
ヘイ	泙	1288		501	
ヘイヘン	兵変	1285		501	-18.6282
ヘアサロン		1285		274	-14.4480
ヘイコ	平湖	1293		104	-17.5467
ヘイ	陛	1288		501	
ヘクトパスカル		1300		221	-13.9569
ヘイ	屏	1293		3	-13.7703
ヘンコウスル	変更する	1283	599	17	-10.8126
ヘイコウ	閉校	1283		494	-11.8449
ヘイジュンカ	平準化	1288		79	-14.3638
ヘイダン	餅餤	1285		501	-18.6282
ヘアガレ	経あがれ	768		501	-18.5466
ヘラ		1289		60	-11.6077
ヘンジ	返辞	1283		501	-18.0694
ヘイシュウ	平洲	1291		501	-18.1724
ヘイトク	平徳	1288		501	-18.5231
ヘッダ		1285		45	-13.0394
ヘイブン	平分	1283		117	-15.9652
ヘラ	篦	1285		219	-18.5412
ヘルスセンター		1285		39	-15.3913
ヘテロクロマチン		1288		111	-14.8988
ヘビダマ	へび玉	1285		501	-19.2344
ヘタッピ	ヘタッぴ	1283		501	-17.6899
ヘシャゲヨ	拉げよ	624		501	-18.4223
ヘタ	へた	1281		437	-18.3665
ヘイス	へいす	584		501	-16.8925
ヘイスケ	平右	1291		501	-18.1724
ヘル	空る	772		501	-18.2413
ヘツラウ	へつらう	817		479	-13.6304
ヘダテン	隔てん	620		432	-10.9008
ヘイケツ	併結	1283		426	-11.5891
ヘボイ	ヘボい	19		501	-17.4121
ヘイギワ	塀際	1285		501	-18.6282
ヘダテレ	隔てれ	617		432	-10.9016
ヘビダマ	蛇玉	1285		501	-18.7236
ヘイン		1289		1	-13.6156
ヘキウンキョ	碧雲居	1291		501	-18.1724
ヘン	返	1288		501	
ヘイセンジ	平泉寺	1293		238	-13.8942
ヘキジャ	辟邪	1285		342	-18.6282
ヘンシンシ	変身し	1283	610	17	-11.3252
ヘンカン	変換	1283		45	-9.4934
ヘキギョク	碧玉	1285		4	-15.2838
ヘイコラ	へいこら	1281		501	-17.3018
ヘヤバキ	へやばき	1285		501	-19.2344
ヘンコウシテ	変更して	1283	307	17	-10.7697
ヘシャゲル	拉る	619		501	-18.4303
ヘンシュウシテ	編集して	1283	307	17	-11.2687
ヘエリコム	へえりこむ	762		501	-17.8836
ヘンシン	偏心	1283		95	-14.7015
ヘイネイ	丙濘	1293		501	-17.7008
ヘンシンガ	返信が	1285	148	17	-11.1439
ヘイジョウジ	平常時	1285	1305	17	-13.0802
ヘタクソ	下手クソ	1287		501	-17.4416
ヘンキョウ	辺境	1285		359	-12.0051
ヘイズル		1285		190	-14.9023
ヘン	編	1285		424	-8.7834
ヘキエキ	辟易	1283		161	-12.5959
ヘッダーガゾウ	ヘッダー画像	1285		17	-12.0579
ヘリオトロープ		1285		29	-15.7823
ヘイシチ	平七	1291		285	-16.2265
ヘビ	蛇	1285		499	-11.2485
ヘダタン	隔たん	782		501	-14.0584
ヘイシ	幣贄	1285		501	-18.6282
ヘンジョウ	遍昭	1285		501	-18.5412
ヘンテコ	変てこ	1287		501	-17.5369
ヘキセン	壁泉	1285		501	-18.6282
ヘイフク	平復	1283		501	-18.0694
ヘイエキホウ	兵役法	1288		86	-14.5346
ヘイコウユニュウ	並行輸入	1285		319	-13.6728
ヘイブン	平文	1285		45	-13.5764
ヘイセイ	平成	1288		386	-10.1842
ヘッペンハイム		1288		349	-14.9606
ヘンイ	変異	1283		355	-10.9083
ヘンシンアイテム	変身アイテム	1288		89	-14.5962
ヘキ	壁	1298		284	-18.1108
ヘンプク	辺幅	1285		501	-17.5296
ヘタ	へた	1283		437	-18.1494
ヘ	經	1288		501	
ヘアアイロン		1288		501	-14.1556
ヘキスウ	僻陬	1285		501	-18.6282
ヘイタ	兵太	1291		501	-18.1724
ヘラクレイトス		1288		291	-14.3399
ヘイカン	并官	1285		501	-18.6282
ヘンボウ	變貌	1283		501	-18.0694
ヘタ		1283		56	-17.6386
ヘイ	兵	1298		411	-8.9182
ヘイカ	閉架	1285		414	-18.6282
ヘイタ	平汰	1291		501	-17.7024
ヘイザエモンチョウ	平左衛門町	1293		501	-16.6022
ヘッショ		1285		501	-15.1008
ヘ	へ	1285		282	-13.6621
ヘセル	拆せる	619		501	-18.6535
ヘンシュウ	編緝	1283		501	-18.0694
ヘイラン	兵乱	1285		498	-14.9698
ヘナチョコ	埴猪口	1287		501	-17.5369
ヘイフウ	弊風	1285		501	-16.7357
ヘゴ	へご	1285		501	-19.2344
ヘアセット		1285		17	-12.7751
ヘンゲ	貶下	1283		501	-18.0694
ヘクトール		1289		222	-12.9595
ヘゲモニーセイトウセイ	ヘゲモニー政党制	1288		388	-14.9190
ヘイホウキロ	平方キロ	1300		221	-12.6101
ヘタクソ		1285	1287	17	-12.5716
ヘンジョウ	変状	1285		501	-18.6282
ヘイジ	兵事	1285		265	-15.1262
ヘイセイフキョウ	平成不況	1288		422	-14.3804
ヘルキャット		1288		413	-14.1408
ヘイカク	兵革	1285		501	-17.4708
ヘアバンド		1288		295	-14.0872
ヘタクソ	下手糞	1287		501	-14.2485
ヘイクロウ	平九郎	1291		439	-14.5330
ヘ	へ	3		282	-17.6750
ヘンゾウ	変造	1283		445	-13.9324
ヘパリン		1288		100	-13.7745
ヘノゴ	へのご	154	560	17	-10.1753
ヘイボン	へいぼん	1287		501	-18.0477
ヘン	鈑	1288		501	
ヘイキンジョウシャ	平均乗車	1283		17	-11.0861
ヘイセイヨネン	平成4年	1288		494	-11.3347
ヘキセヨ	僻せよ	589		501	-15.9060
ヘンシン	変針	1283		320	-14.2661
ヘイセイジュウロクネン	平成16年	1288		494	-10.7073
ヘイワキョウソン	平和共存	1288		388	-14.7544
ヘキル	へきる	1291		501	-17.8847
ヘンノウ	返納	1283		474	-12.8956
ヘビジマ	蛇島	1293		501	-17.7008
ヘンシャ	編者	1285		59	-12.9602
ヘンミョウ	変名	1283		344	-15.0758
ヘンリーナナセイ	ヘンリー7世	1288		273	-13.4086
ヘイジロウ	平次郎	1291		497	-14.7256
ヘイニュウ	併入	1285		501	-18.6282
ヘラルド		1288		255	-14.0621
ヘイハク	幣帛	1285		193	-13.8881
ヘタリア		1288		40	-14.6885
ヘセロ	減せろ	623		501	-18.2741
ヘイジョウキョウ	平城京	1293		404	-11.4757
ヘンナ	平安名	1293		501	-17.7008
ヘンキョウ	辺疆	1285		501	-18.6282
ヘンナコト	変なこと	1287	1310	17	-11.0950
ヘラヘラ		1282		418	-11.6365
ヘイ	薜	1288		501	
ヘダテリャ	隔てりゃ	618		432	-10.8818
ヘン	扁	1288		501	
ヘン		1287		329	-16.7949
ヘイエモン	平右エ門	1291		501	-18.1724
ヘイ	倂	1288		501	
ヘキゲン	碧巌	1285		501	-18.6282
ヘロ	経ろ	623		481	-8.0414
ヘシオレ	へし折れ	768		379	-13.3624
ヘイジョウキュウセキ	平城宮跡	1288		102	-14.3244
ヘイセイジュウネンド	平成10年度	1288		396	-14.9756
ヘイサブロウ	平三郎	1291		497	-13.9980
ヘイセイケンキュウカイ	平成研究会	1292		472	-13.1202
ヘメグル	経回る	772		501	-18.4236
ヘンポウ	返報	1283		501	-14.2225
ヘイリン	炳麟	1291		501	-18.1724
ヘチマスイ	へちま水	1285		501	-18.9467
ヘイドク	併読	1283		501	-15.3491
ヘンキ	偏諱	1288		369	-11.7315
ヘキ	辟	1288		501	
ヘダタリ	距たり	1285		501	-18.6282
ヘルス		1285		347	-13.1926
ヘイヨウ	平陽	1293		501	-17.7008
ヘ	擺	1288		501	
ヘルプマーク		1288		501	-13.6288
ヘキスレ	へきすれ	581		501	-16.8869
ヘンシツ	偏執	1285		186	-17.1805
ヘンヘー	へんへー	1285		501	-18.7236
ヘ	へ	154		282	-3.7394
ヘヘ	へへ	3		501	-10.3304
ヘイヘイボンボン	平々凡々	1285		501	-15.1450
ヘイヒ	閉扉	1285		109	-18.8289
ヘブル		1285		189	-15.2252
ヘイキンネンレイ	平均年齢	1283	1285	17	-12.2466
ヘンアイ	偏愛	1283		252	-12.1487
ヘヴィ・メタル		1288		412	-14.6804
ヘンニュウガッペイ	編入合併	1288		489	-13.7558
ヘンエン	辺縁	1285		501	-18.6282
ヘッセン		1285		446	-12.8722
ヘイ	屏	1285		3	-14.2184
ヘッピリ	へっぴり	1285		501	-19.2344
ヘンリク		1291		273	-12.0112
ヘブンズ		1288		190	-14.8822
ヘイロク	併録	1283		24	-14.3372
ヘンラン	変乱	1285		501	-17.6588
ヘリクダロ	謙ろ	778		501	-16.4928
ヘルファイア		1288		190	-14.6126
ヘムカウ	へ向かう	154	817	17	-10.6427
ヘンタイセイ	変態性	1288		501	-14.7567
ヘイ	并	1288		501	
ヘンタイテキ	変態的	1283	1299	17	-12.9828
ヘイセイジュウサンネンド	平成13年度	1288		386	-14.1043
ヘンセイ	編製	1285		501	-18.6282
ヘルダーラントシュウ	ヘルダーラント州	1288		501	-15.0041
ヘンジリャ	変じりゃ	618		501	-13.7799
ヘイジョウ	閉場	1283		494	-13.7095
ヘリクダレ	謙れ	768		501	-16.4925
ヘイ	塀	1285		435	-12.2689
ヘシオラ	へし折ら	780		30	-13.3514
ヘンカ	返歌	1285		368	-13.4230
ヘビヅカ	蛇塚	1293		501	-17.7008
ヘンタイショク	変退色	1285		501	-18.6282
ヘンナメデミ	変な目で見	622		501	-13.4840
ヘップ	HEP	1293		35	-13.3356
ヘンシュウショウ	編集賞	1288		313	-14.7677
ヘイジツヒルマ	平日昼間	1314		17	-12.9828
ヘコキ	屁放き	1285		501	-18.7236
ヘンソウキョク	変奏曲	1285		458	-12.9782
ヘンヨウ	変容	1283		182	-11.2949
ヘト	へと	154	164	17	-8.9900
ヘマ		1287		418	-12.9369
ヘイキ	平氣	1287		501	-17.4416
ヘイセイジュウヨネン	平成14年	1288		494	-10.9251
ヘタスギ	下手すぎ	1283	1305	17	-12.8438
ヘシオッ	へし折っ	786		418	-13.3427
ヘイバン	平板	1287		304	-12.4699
ヘエー	へえー	3		501	-12.7584
ヘアカット		1288		152	-14.4787
ヘアケア		1288		274	-13.0161
ヘイジョウ	平常	1285		109	-13.3342
ヘキソン	僻村	1285		501	-16.8518
ヘンサチ	偏差値	1288		85	-11.5583
ヘッチャラ	へっちゃら	1287		501	-17.6422
ヘコマセ	凹ませ	734		501	-15.5245
ヘンロ	へんろ	1285		228	-18.9467
ヘンタイ	編隊	1285		320	-12.8149
ヘメグレ	経巡れ	784		501	-16.6595
ヘイワトウ	平和島	1287	1303	17	-12.9161
ヘアガン	経あがん	774		501	-18.5466
ヘイバン	平板	1285		304	-13.8406
ヘザー		1289		25	-15.3981
ヘンニチュウチョウ	変ニ長調	1288		458	-14.7338
ヘガセ	剥がせ	734		379	-10.9549
ヘイサクウカン	閉鎖空間	1283	1285	17	-13.1550
ヘシオッ	へしおっ	786		501	-17.5571
ヘイ	hey	1288		501	-14.7016
ヘンジレ	変じれ	617		501	-13.7998
ヘンジロ	変じろ	623		501	-13.7988
ヘンシャ	偏しゃ	582		184	-14.3479
ヘイゾウ	平藏	1291		501	-16.7060
ヘンゲンジザイ	変幻自在	1288		127	-13.7136
ヘバリツケ	へばりつけ	685		471	-12.4660
ヘコヘコ	へこへこ	1281		501	-15.0688
ヘダテ	へだて	1285		3	-19.2344
ヘンシュウ	編集	1283		59	-8.7980
ヘイメンコウサ	平面交差	1288		469	-12.7611
ヘンゼ	へんぜ	595		501	-15.5474
ヘンフヨ	へんふよ	1285	1283	17	-13.1830
ヘイフク	兵服	1285		501	-18.6282
ヘヤヅクリ	部屋づくり	1285		501	-18.7236
ヘイノスケ	平之介	1291		501	-18.1724
ヘイカン	平漢	1291		501	-18.1724
ヘンシ	へんし	587		501	-15.2472
ヘンイ	変移	1283		339	-14.5743
ヘボイ	へぼい	19		501	-18.5107
ヘッドカバー		1288		95	-14.9749
ヘイセイロクネン	平成6年	1288		494	-11.2225
ヘイセイ	平西	1285		58	-18.9467
ヘイタロウ	兵太郎	1291		219	-14.7384
ヘダテル	距てる	619		501	-18.6535
ヘドモド	へどもど	1281		501	-16.7671
ヘソマガリ	へそ曲がり	1287		501	-18.0477
ヘド	辺戸	1293		501	-16.0331
ヘイセイジュウキュウネン	平成19年	1288		494	-10.5584
ヘイキョクセン	閉曲線	1285		447	-14.7126
ヘ		3		458	-16.4964
ヘンシュウ	扁舟	1285		501	-18.6282
ヘンマ	片麻	1285		501	-18.6282
ヘルマン・ゲーリング		1289		188	-12.7380
ヘンキョウ	偏狭	1287		66	-13.4775
ヘンスウ	辺数	1285		501	-18.6282
ヘンソ	編組	1285		375	-15.7844
ヘギャ	剥ぎゃ	722		379	-16.3772
ヘンチョ	編著	1285		59	-13.3839
ヘルメット		1285		295	-11.4102
ヘンシュウプロダクション	編集プロダクション	1292		324	-12.2772
ヘイ	へい	727		437	-11.1185
ヘヤヲ	部屋を	1285	156	17	-10.4688
ヘイカ	兵科	1285		123	-12.5558
ヘイジ	兵治	1291		501	-17.0738
ヘイメンテキ	平面的	1285	1299	17	-13.1130
ヘンピ	辺ぴ	1287		501	-17.4416
ヘイキョク	平曲	1285		312	-15.1110
ヘンシュウシャ	編集者	1288		201	-10.0274
ヘンシン	変心	1283		161	-15.0538
ヘイコウザイライセン	並行在来線	1288		280	-13.3734
ヘイスイ	平水	1285		345	-15.6389
ヘンジャク	扁鵲	1285		128	-18.6282
ヘラサカ	幣羅坂	1293		501	-17.7008
ヘンカリツ	変化率	1288		501	-13.9884
ヘンキンタイオウ	返金対応	1283		17	-13.2119
ヘイジュウ	兵十	1291		501	-18.1724
ヘイオン	平温	1285		501	-17.8994
ヘヤチガイ	部屋違い	1285		501	-18.7236
ヘンミ	辺見	1290		370	-12.8065
ヘッケル		1288		88	-14.1103
ヘン	篇	1300		424	-9.0111
ヘンセイ	変声	1288		42	-14.7271
ヘントウタイ	扁桃体	1288		183	-13.8782
ヘンキョウ	褊狭	1287		501	-17.4416
ヘイケイ	炳圭	1291		501	-18.1724
ヘイシロウ	平四郎	1291		497	-13.6059
ヘッ	へっ	786		420	-12.4559
ヘゲモニー		1285		388	-14.7548
ヘメグロ	経巡ろ	778		501	-16.6598
ヘンイ	偏倚	1283		29	-15.4161
ヘンポン	返本	1283		396	-15.1679
ヘイナン	兵難	1285		501	-18.6282
ヘキテイ	碧蹄	1293		501	-17.7008
ヘイアンキゾク	平安貴族	1288		312	-14.5027
ヘンペン	片片	1285		501	-18.8289
ヘシオロ	へし折ろ	778		379	-13.3627
ヘダタレ	隔たれ	768		501	-14.0584
ヘビメタ		1288		113	-14.7573
ヘイドン	併吞	1283		501	-18.0694
ヘイショウ	並称	1283		10	-15.4358
ヘビ		1285		499	-12.1350
ヘイハイ	平背	1285		501	-18.6282
ヘン	へん	1300		437	-17.8364
ヘンシンナラビ	返信ならび	1285		17	-13.5217
ヘルパー		1285		42	-12.7281
ヘビガイ	蛇貝	1285		501	-18.7236
ヘイ	炳	1288		501	
ヘイ	枋	1288		501	
ヘイホウショ	兵法書	1288		342	-14.0252
ヘン	へん	512		437	-6.1248
ヘンガイ	変改	1283		501	-18.0694
ヘイジュク	閉塾	1285		501	-18.6282
ヘンブツ	偏物	1285		501	-18.6282
ヘイソウ	兵曹	1285		123	-13.8296
ヘイセイキュウネンド	平成9年度	1288		419	-14.9190
ヘラヘラ	へらへら	1281		501	-12.9012
ヘギメ	批目	1285		501	-18.7236
ヘイセイニジュウネン	平成20年	1288		494	-10.6171
ヘラ	箆	1285		4	-15.1262
ヘクトパスカル	㍱	1288		501	-20.0000
ヘイコウチョウ	平行調	1288		458	-14.6277
ヘルクレスザ	ヘルクレス座	1288		466	-14.8181
ヘイホウ	兵法	1285		251	-14.3413
ヘアアレンジ		1285	1283	17	-12.8438
ヘヤ		1285		501	-17.7680
ヘイシタチ	兵士達	1285	1298	17	-13.0053
ヘイセン	兵燹	1285		501	-18.1929
ヘキザン	へきざん	1293		501	-18.3940
ヘルシンキ		1293		463	-11.0278
ヘブンリー	へブンリー	1285		501	-18.5412
ヘリコプター		1285		413	-11.0819
ヘンケン	へん見	1285		501	-18.9467
ヘイゴ	平悟	1291		501	-18.1724
ヘチ	暼	1288		501	
ヘイゾウ	平造	1291		501	-15.4251
ヘイネンチ	平年値	1288		23	-13.6314
ヘエコキ	屁えこき	1285		501	-18.7236
ヘイスケ	兵助	1291		497	-12.8455
ヘクトパスカル	hpa	1300		501	-16.5146
ヘグ	剥ぐ	723		379	-16.4215
ヘモ	へも	154	262	17	-11.3197
ヘイヨウ	聘用	1283		501	-18.0694
ヘナ	へな	1281		501	-17.6734
ヘイサク	平作	1291		497	-15.5191
ヘビトンボ	蛇蜻蛉	1285		501	-18.7236
ヘイ	睥	1288		501	
ヘキトウ	劈頭	1285		53	-15.3772
ヘイコウジョウタイ	平衡状態	1283	1285	17	-13.2463
ヘンセイハ	編成は	1283	261	17	-11.3524
ヘイシ	平氏	1289		498	-17.2129
ヘアガレ	経上がれ	784		501	-18.5465
ヘンパ	偏頗	1287		501	-14.0495
ヘンゲン	変幻	1285		307	-14.6742
ヘヤ	室	1300		414	-20.4108
ヘンペイリツ	扁平率	1288		336	-14.6837
ヘンシュウタントウ	編集担当	1288		393	-13.7922
ヘツラッ	諂っ	829		501	-15.0753
ヘイコウ	平康	1293		104	-17.7008
ヘン	騙	1288		501	
ヘイキン	聘金	1285		501	-18.6282
ヘシャゲン	拉げん	620		501	-18.4227
ヘラソ	減らそ	732		43	-8.2365
ヘキコウ	壁厚	1285		501	-18.6282
ヘンイ	偏位	1285		501	-18.6282
ヘイ	屛	1285		501	-18.5412
ヘイキンダイ	平均台	1288		7	-14.7760
ヘンドウソウバセイ	変動相場制	1288		286	-13.7292
ヘトヘト		1287		501	-12.0230
ヘン	翩	1288		501	
ヘリオガバルス		1289		273	-13.0016
ヘンサン	編纂	1283		59	-10.3478
ヘンザイ	偏在	1283		182	-13.3155
ヘイキンカカク	平均価格	1288		163	-14.6858
ヘイジョウココロ	平常心	1288		501	-13.1262
ヘンチツ	篇帙	1285		501	-18.6282
ヘモグロビン		1285		355	-13.1196
ヘイワテキ	平和的	1288		388	-12.6091
ヘイスケ	へいすけ	1291		501	-17.8847
ヘゲキズ	折げ傷	1285		501	-18.7236
ヘイ	平	1290		128	-27.4496
ヘイジン	兵刃	1285		501	-18.6282
ヘンシンマエ	変身前	1283	1314	17	-13.0910
ヘンドウヒ	変動費	1288		31	-14.2915
ヘイソク	閉塞	1283		109	-11.3821
ヘセン	減せん	620		501	-18.2742
ヘリウム		1285		339	-12.4290
ヘン	蝙	1288		501	
ヘノタイオウ	への対応	154	1283	17	-11.2335
ヘシオン	へしおん	782		501	-17.5314
ヘソチャ	臍茶	1285		501	-18.4767
ヘイアン	平安	1285		312	-11.9155
ヘリックス		1288		83	-13.6581
ヘウンデ	海雲台	1293		117	-17.7008
ヘンキョク	変曲	1285		501	-18.6282
ヘシマガル	圧し曲がる	772		501	-18.4236
ヘンカンヨウキュウ	返還要求	1288		209	-14.7908
ヘイデンロ	平電炉	1285		501	-18.6282
ヘンコウ	偏光	1285		339	-18.6282
ヘタクソ		1285		501	-14.9586
ヘブライビト	ヘブライ人	1288		501	-13.5455
ヘアガリャ	経上がりゃ	770		501	-18.5465
ヘイセイジュウハチネンド	平成18年度	1288		214	-13.2683
ヘイセイ	平静	1287		252	-11.9328
ヘラクレイオス		1288		273	-13.8068
ヘリクダリャ	謙りゃ	770		501	-16.4924
ヘイセイジュウナナネン	平成17年	1288		494	-10.3853
ヘンシンモノガタリ	変身物語	1288		189	-14.5397
ヘンシンヨウ	返信用	1285	1298	17	-13.2777
ヘイリ	弊履	1285		501	-17.4823
ヘイイン	兵員	1285		53	-12.2437
ヘイテイ	平定	1283		135	-11.3877
ヘシオン	へし折ん	782		379	-13.3624
ヘンコウ	変光	1283		501	-18.0694
ヘンカガ	変化が	1283	148	17	-10.2933
ヘイガン	閉眼	1283		183	-18.0694
ヘリカエシ	縁返し	1285		501	-18.7236
ヘチマスイ	ヘチマ水	1285		501	-18.0304
ヘンマン	遍満	1283		501	-17.2003
ヘナッ	ヘナっ	1281		501	-16.9196
ヘンジ	変事	1285		411	-14.8457
ヘル	減る	772		471	-8.3914
ヘリクダリ	謙り	788		501	-16.4965
ヘタニ	下手に	1287	329	17	-11.3960
ヘイヨウ	平陽	1289		501	-17.9060
ヘンペイジョウヒガン	扁平上皮癌	1288		100	-14.6950
ヘイコウシテ	並行して	1283	307	17	-10.7915
ヘンロ	遍路	1285		228	-13.1564
ヘイナカ	丙仲	1285		501	-18.6282
ヘー		3		352	-16.4223
ヘイシ	瓶子	1285		4	-16.2745
ヘガソ	剥がそ	732		379	-10.9569
ヘンコウシ	変更し	1285		481	-12.7381
ヘイシ	へいし	1285		150	-18.9467
ヘバリツイ	へばりつい	687		147	-12.3591
ヘビフエ	蛇笛	1285		501	-18.7236
ヘイセイジュウイチネン	平成11年	1288		494	-11.0888
ヘアガリャ	経あがりゃ	770		501	-18.5465
ヘンジャ	編者	1285		59	-15.4602
ヘンイキ	変域	1285		501	-18.6282
ヘンセン	変せん	1283		501	-18.0694
ヘイシン	並進	1283		447	-13.5345
ヘイショキョウフショウ	閉所恐怖症	1288		51	-14.5972
ヘイソト	塀外	1285		501	-18.6282
ヘンポウ	変報	1285		501	-18.6282
ヘキガ	碧瓦	1285		501	-18.6282
ヘキ	僻	1288		501	
ヘリクダレ	遜れ	784		501	-14.0239
ヘンボウ	変ぼう	1283		501	-18.0694
ヘンリー・ダーガー		1289		501	-13.8630
ヘイチョウ	兵長	1285		123	-13.4003
ヘビミチ	蛇道	1285		501	-18.7236
ヘンレイ	返戻	1283		474	-14.4177
ヘイキ	兵器	1285		190	-10.1685
ヘイジュウロウ	平十郎	1291		497	-15.3392
ヘキジャ	碧蛇	1289		501	-17.9060
ヘイキンジョウコウ	平均乗降	1283		17	-12.7924
ヘンチュツ	貶黜	1283		501	-18.0694
ヘンシュウケン	編集権	1288		201	-14.3784
ヘイザ	平左	1291		501	-18.1724
ヘイセイニネン	平成2年	1288		494	-11.2793
ヘリクダル	謙る	772		501	-16.3695
ヘイテンゴ	閉店後	1283	1305	17	-12.8438
ヘンキン	返金	1283		474	-11.4375
ヘンシュウサギョウ	編集作業	1283		17	-12.7949
ヘンテツ	へんてつ	1285		501	-18.9467
ヘソシタ	臍下	1285		501	-18.7236
ヘンシュウブ	編集部	1283	1298	17	-11.8922
ヘシオリャ	へし折りゃ	770		379	-13.3623
ヘダタレ	隔たれ	784		501	-14.0583
ヘルムホルツ		1288		339	-14.0401
ヘレス		1293		348	-14.3335
ヘアガル	経あがる	772		501	-18.4236
ヘンオン	変音	1285		501	-18.6282
ヘイトウ	平頭	1285		501	-18.6282
ヘンリー	henry	1289		501	-16.8074
ヘナツチ	埴土	1285		501	-18.7987
ヘキ	璧	1288		501	
ヘリャ	歴りゃ	618		501	-13.8607
ヘイカ	閉花	1285		501	-18.6282
ヘイジ	閉字	1285		501	-18.6282
ヘンジ	變事	1285		501	-18.6282
ヘイホ	兵補	1285		123	-18.6282
ヘイホウキロメートル	平方キロメートル	1300		221	-10.4062
ヘイ	蓖	1288		501	
ヘイワダイキュウジョウ	平和台球場	1288		316	-14.4814
ヘクトル		1289		222	-15.0799
ヘヴン		1288		470	-14.9169
ヘエ	へえ	3		150	-10.4438
ヘイサ	平砂	1293		501	-17.7008
ヘンスレ	貶すれ	581		501	-14.9036
ヘキキョウ	辟強	1291		501	-18.1724
ヘンエイ	片影	1285		501	-17.6051
ヘイカク	平角	1285		501	-18.6282
ヘンドウキンリ	変動金利	1288		286	-14.8187
ヘッダー		1285		45	-11.2397
ヘイカン	弊舘	1285		501	-18.6282
ヘンビブン	偏微分	1288		447	-13.7265
ヘイク	へ行く	154	696	17	-10.4962
ヘンチ	辺地	1285		117	-15.4396
ヘメグラ	経巡ら	780		501	-16.6646
ヘン	へん	1310		437	-10.6823
ヘコ		1285		501	-14.5556
ヘイキョウ	平興	1293		501	-17.7008
ヘイッタ	へ行った	154	435	17	-11.4180
ヘッ	減っ	786		249	-8.4128
ヘンコウカノウ	変更可能	1283	1287	17	-12.7255
ヘレン・ケラー		1289		204	-13.2426
ヘンテツ	変哲	1285		247	-14.3772
ヘタッピ	ヘタっぴ	1283		501	-17.6899
ヘンクツ	偏屈	1287		66	-13.2459
ヘクタール	ha	1285		221	-18.4501
ヘイジョウ	兵仗	1285		4	-18.6073
ヘイソク	幣束	1285		501	-17.1384
ヘプバーン		1289		179	-11.6978
ヘンシュウニン	編集人	1288		201	-14.5495
ヘイリャク	兵略	1285		501	-17.0558
ヘキエン	僻遠	1287		501	-17.4416
ヘナチョコ	へなちょこ	1285		244	-14.3599
ヘンコツ	へんこつ	1285		501	-18.2661
ヘンゼル		1289		336	-13.6333
ヘイ	平	560		128	-27.4496
ヘイキンジョウシャジンインスイイ	平均乗車人員推移	1283		17	-13.5533
ヘギ		1285		501	-18.0817
ヘイゼイ	へいぜい	1285		501	-18.9467
ヘキジュ	壁豎	1283		501	-18.0694
ヘドロ		1285		174	-14.0436
ヘンシュウシャ	編集者	1283	1298	17	-11.8285
ヘッドコーチ		1285		62	-11.5336
ヘイコウ	∦	1288		501	-19.7500
ヘヤノ	部屋の	1285	368	17	-9.8701
ヘンジン	変じん	620		501	-13.7990
ヘンニ	変に	1281		418	-10.9139
ヘイセイサンジュウイチネンド	平成31年度	1288		494	-14.1383
ヘベレケ	へべれけ	1287		501	-18.0477
ヘキチ	へき地	1285		402	-18.9467
ヘンホタンチョウ	変ホ短調	1288		458	-14.9829
ヘキザイ	僻在	1283		501	-18.0694
ヘメグン	経巡ん	774		501	-16.6595
ヘンセン	片箭	1285		501	-18.6282
ヘンロチョウチョウ	変ロ長調	1288		458	-13.8465
ヘアガレ	経上がれ	768		501	-18.5466
ヘイショ	兵書	1285		342	-15.0682
ヘイセヨ	へいせよ	589		501	-16.8869
ヘイリョウダイ	平糧台	1293		501	-17.7008
ヘンカク	偏角	1288		447	-14.1728
ヘンセイ	編制	1283		53	-11.6773
ヘイケモノガタリ	平家物語	1288		10	-12.1853
ヘネシー		1288		470	-15.4253
ヘンショウ	篇章	1285		501	-17.8906
ヘイハ	平波	1285		501	-18.6282
ヘイショ	閉所	1285		494	-14.4513
ヘツラオ	へつらお	820		479	-13.6282
ヘンショク	変色	1283		333	-12.1684
ヘン	経ん	620		481	-8.0416
ヘンリン	片鱗	1285		127	-13.1810
ヘタムシ	蔕虫	1285		501	-18.7236
ヘイセイニジュウナナネンド	平成27年度	1288		214	-12.9949
ヘダタロ	隔たろ	778		501	-14.0587
ヘチャン		1289		501	-12.6263
ヘンニュウ	編入	1283		375	-9.7300
ヘンゼヨ	へんぜよ	594		501	-15.5121
ヘイキデ	平気で	1285	149	17	-10.5737
ヘイ	平	1293		128	-27.4496
ヘソクリ	臍繰り	1285		501	-18.2535
ヘタリコム	ヘタリ込む	762		501	-16.3432
ヘイセイジュウヨネンド	平成14年度	1288		386	-14.1696
ヘイセン	兵戰	1285		501	-18.6282
ヘイ	鮃	1288		501	
ヘイオウ	平王	1291		246	-13.0484
ヘヤダイ	部屋代	1285		501	-18.4612
ヘキエキ	へきえき	1283		501	-18.8426
ヘイカク	閉殻	1285		339	-18.6282
ヘンコウ	偏光	1288		339	-12.8079
ヘンセイ	変性	1283		355	-18.4371
ヘクソ	屁糞	1285		501	-18.7236
ヘンパ	偏跛	1285		501	-18.6282
ヘッジファンド		1288		378	-12.7270
ヘンシュウコウキ	編集後記	1283	1285	17	-12.5511
ヘコ	部子	1293		501	-17.7008
ヘイショウ	平昌	1293		7	-17.7008
ヘイジツハ	平日は	1314	261	17	-11.0746
ヘイトウ	弊竇	1285		501	-18.6282
ヘヤ	へや	1285		80	-14.3016
ヘンカサ	変化さ	1283	605	17	-11.2548
ヘキ	劈	1288		501	
ヘゴ	剥ご	724		379	-16.4092
ヘブン	Heaven	1289		367	-12.8989
ヘコメ	凹め	760		29	-9.7583
ヘリコバクター・ピロリ		1288		100	-14.3764
ヘンシュウホウシン	編集方針	1283	1285	17	-13.5094
ヘタッピイ	下手っぴい	1285		501	-18.7236
ヘイチキョウソウ	平地競走	1288		165	-13.1330
ヘイデン	幣殿	1285		501	-18.6282
ヘクラベ	屁比べ	1285		501	-18.7236
ヘイ・ジュード		1288		223	-14.9564
ヘンジガ	返事が	1283	148	17	-11.1146
ヘンリー	へんりー	1289		501	-18.1292
ヘッドハンティング		1288		378	-13.9040
ヘダイ	平鯛	1285		501	-18.7236
ヘンイ	偏移	1285		501	-18.6282
ヘイセイニジュウゴネンド	平成25年度	1288		386	-13.4961
ヘイキソウ	平気そう	1285	1301	17	-12.8904
ヘヤナリ	部屋鳴り	1285		501	-18.7236
ヘイコウ	平衡	1283		339	-11.4204
ヘイン	海印	1285		501	-18.3181
ヘイ	平	1285		128	-27.4496
ヘンリー・フォード		1288		255	-13.8039
ヘイ	髀	1288		501	
ヘサ	圧さ	733		501	-17.6736
ヘッドライン		1292		305	-12.0804
ヘロ	歴ろ	623		501	-13.8796
ヘイハン	弊藩	1285		501	-18.6282
ヘロストラトス		1289		501	-15.8266
ヘイ	瓶	1288		501	
ヘイシュツ	平出	1285		285	-16.1801
ヘヤカザリ	部屋飾り	1285		501	-18.7236
ヘラザオ	ヘラ竿	1285		501	-18.0817
ヘヤガ	部屋が	1285	148	17	-10.7347
ヘタ	へた	1287		437	-13.6757
ヘヤ	室	1298		414	-20.4108
ヘイガイ	弊害	1285		422	-11.6668
ヘンショク	偏食	1283		487	-12.7453
ヘンス	偏す	584		184	-14.3535
ヘンプ	返付	1283		345	-15.4810
ヘイリョク	兵力	1285		53	-10.8714
ヘウレーカ		1288		501	-14.7237
ヘヤネコ	部屋猫	1285		501	-18.7236
ヘーイ	へーい	3		501	-16.9819
ヘビーメタル		1288		412	-14.6101
ヘイジツ	平日	1291		305	-18.1724
ヘンネン	編年	1285		342	-18.6282
ヘツラ	諂	1288		501	
ヘアー		1289		412	-12.4545
ヘルシオ		1288		501	-13.9048
ヘイゴ	平吾	1291		501	-16.5629
ヘンタイ	変体	1285		297	-15.6435
ヘギヌリ	ヘギ塗	1285		501	-18.0817
ヘイカツ	平滑	1293		169	-15.0880
ヘンキョク	編曲	1283		478	-10.5184
ヘイワ	heiwa	1287		501	-16.9491
ヘアガル	経上がる	772		501	-18.4236
ヘンシン	返信	1283		445	-18.0694
ヘイセイ	兵勢	1285		501	-18.6282
ヘコタレ	へこたれ	622		247	-13.3665
ヘシャゲ	拉げ	625		501	-18.5044
ヘイホウキロメートル	km2	1300		501	-16.5146
ヘダタリサル	隔たり去る	772		501	-18.4236
ヘクトリットル	竡	1288		501	
ヘイシヨ	へいしよ	585		501	-16.8883
ヘンジヨ	変じよ	624		501	-13.7986
ヘンジ	変字	1285		501	-18.6282
ヘクトパスカル	hPa	1288		221	-14.0506
ヘイナイ	平内	1290		497	-13.6411
ヘヴン	HEAVEN	1288		302	-14.2576
ヘンロタンチョウ	変ロ短調	1288		458	-14.8481
ヘイロー	Halo	1289		232	-13.8574
ヘイワ	平和	1287		388	-8.4578
ヘイケ	平家	1289		498	-15.1003
ヘコミ	へこみ	1285		29	-18.9467
ヘラセ	減らせ	729		43	-8.2285
ヘアガン	経上がん	782		501	-18.5466
ヘイワ	へいわ	1287		331	-13.6761
ヘンコウマエ	変更前	1283	1314	17	-13.1953
ヘイテツ	秉喆	1291		269	-18.1724
ヘイフウ	秉風	1285		501	-18.6282
ヘイウ	炳宇	1291		501	-18.1724
ヘイスレ	へいすれ	581		501	-16.8869
ヘンシュウサン	編集さん	1283	1302	17	-12.6184
ヘキ	擘	1288		501	
ヘイアンジングウ	平安神宮	1293		404	-12.5014
ヘルパーサン	ヘルパーさん	1285	1302	17	-12.5204
ヘコオビ	ヘコ帯	1285		501	-18.0817
ヘリオポリス		1288		429	-13.9343
ヘヤモチ	部屋持ち	1285		501	-18.7236
ヘンキ	偏奇	1285		501	-18.6282
ヘイケン	炳憲	1291		501	-18.1724
ヘキカイ	碧海	1285		309	-14.4252
ヘッドホン	🎧	5		501	-22.9190
ヘイヤブ	平野部	1288		501	-12.1996
ヘリャ	経りゃ	618		481	-8.0225
ヘイジツバン	平日版	1314	1298	17	-13.2777
ヘギ	片木	1285		501	-19.4167
ヘンズレ	へんずれ	590		501	-15.5121
ヘイセイヨネンド	平成4年度	1288		16	-14.9821
ヘッドランプ		1289		95	-11.7553
ヘッツイ	へっつい	1285		501	-18.9467
ヘンサ	貶さ	586		501	-14.9897
ヘバリツキャ	へばりつきゃ	677		471	-12.4604
ヘメグル	経巡る	772		501	-16.5365
ヘンセキ	篇籍	1285		501	-18.6282
ヘイサテキ	閉鎖的	1283	1299	17	-12.1092
ヘリ	縁	1285		333	-19.4167
ヘイセイジュウゴネンド	平成15年度	1288		386	-13.9745
ヘンカスル	変化する	1283	599	17	-10.4994
ヘアガン	経あがん	782		501	-18.5466
ヘンナ	指甲花	1285		501	-18.3181
ヘルマン		1289		329	-12.3032
ヘイシャ	へいしゃ	582		501	-16.8869
ヘンガン	片岩	1285		435	-18.6282
ヘイソン	併存	1283		182	-12.7142
ヘコマス	凹ます	731		501	-15.5290
ヘンサツ	返札	1285		501	-18.6282
ヘイテン	弊店	1285		501	-16.6366
ヘヤガカリ	部屋係	1285		501	-18.7236
ヘイセヨ	聘せよ	589		501	-15.4205
ヘンクツ	へんくつ	1287		501	-18.0477
ヘン		1298		329	-17.5047
ヘタ	辺田	1293		371	-15.4708
ヘイヘイ	平瓶	1285		501	-18.6282
ヘンリエッタ		1289		329	-13.2088
ヘイノウブンリ	兵農分離	1288		275	-14.5932
ヘイジ	平二	1291		501	-15.6229
ヘイハク	へいはく	1285		501	-18.9467
ヘイセイニジュウキュウネン	平成29年	1288		494	-10.9892
ヘイケ	平家	1285		498	-12.2734
ヘイショウ	平章	1283		501	-18.0694
ヘロヘロ	へろへろ	1287		501	-18.0477
ヘンコウガ	変更が	1283	148	17	-11.1263
ヘッズ		1292		22	-13.5369
ヘンシュウチョウ	編集長	1283	1298	17	-12.2194
ヘルシージョウゲドウジチョウリ	ヘルシー上下同時調理	1287	1283	17	-13.3395
ヘチマ	糸瓜	1285		501	-16.1601
ヘダタリ	隔たり	1285		468	-12.9915
ヘイコウ	並行	1283		182	-9.7491
ヘイソウ	並走	1283		501	-11.7412
ヘンキョク	変局	1285		501	-17.4426
ヘイセイジュウイチネンド	平成11年度	1288		386	-14.2926
ヘレニズム		1285		94	-12.9200
ヘクター		1289		470	-13.4328
ヘイロク	平六	1291		285	-13.6059
ヘクタール	ha	1300		221	-16.4501
ヘヨ	経よ	621		481	-8.0445
ヘタ	下手	1287		17	-8.8829
ヘヤバキ	部屋履き	1285		501	-18.7236
ヘコン	凹ん	766		292	-9.7508
ヘンケイ	変型	1285		95	-18.6282
ヘンソクキ	変速機	1288		95	-12.1315
ヘダテヨ	隔てよ	624		432	-10.9004
ヘイシュウ	併修	1285		85	-18.6282
ヘイシャ	弊社	1285		486	-11.1673
ヘンヨウ	辺要	1285		501	-18.6282
ヘイソウシャ	並走者	1283	1298	17	-13.4913
ヘゲ	剥げ	721		379	-16.3772
ヘゲ	剥げ	726		379	-16.3772
ヘン		1285		329	-12.4919
ヘイカ	兵火	1285		498	-13.9304
ヘイセイサンジュウイチネン	平成31年	1288		494	-11.9315
ヘナ	屁奈	1290		501	-17.7354
ヘンデンセツビ	変電設備	1288		289	-14.9068
ヘンシ	へんし	1283		331	-13.6020
ヘイキンツウカジンイン	平均通過人員	1288		387	-13.7337
ヘリクダラ	謙ら	780		501	-16.4976
ヘイ	斃	1288		501	
ヘツラウ	諂う	817		501	-15.0443
ヘンパ	へんぱ	1287		501	-18.0477
ヘタウマ		1288		56	-14.9292
ヘキスル	へきする	583		501	-16.8901
ヘイ	娉	1288		501	
ヘビガワ	蛇皮	1285		501	-18.7236
ヘイワイジグン	平和維持軍	1288		326	-14.0308
ヘル	経る	619		481	-8.0493
ヘシャゲロ	拉げろ	623		501	-18.4225
ヘンシュウシ	編集し	1283	610	17	-10.7387
ヘンリーオウジ	ヘンリー王子	1288		329	-14.5854
ヘイスミス	HEY-SMITH	1289		122	-17.1450
ヘンチョウ	偏張	1285		501	-18.6282
ヘイワケンポウ	平和憲法	1288		186	-14.7115
ヘイボン	平凡	1285		66	-13.3712
ヘリクツ	屁理屈	1285		54	-13.0193
ヘイセイ	弊政	1285		501	-17.4708
ヘンカキュウ	変化球	1285		198	-12.3434
ヘンパイ	返盃	1283		501	-18.0694
ヘコミ	へこみ	767		155	-11.2351
ヘリテージ		1288		234	-15.0034
ヘンカク	変格	1285		327	-14.2741
ヘイタイ	平たい	1285		333	-14.4433
ヘラサ	減らさ	733		43	-8.2554
ヘイリー		1289		255	-13.3593
ヘイセイナナネン	平成7年	1288		494	-11.2153
ヘイショク	秉燭	1285		501	-18.6282
ヘンリー・デイヴィッド・ソロー		1289		204	-13.8987
ヘイジロウ	兵治郎	1291		501	-18.1724
ヘイゲンクン	平原君	1289		8	-13.3334
ヘシオ	へし折	776		379	-13.3646
ヘビガラ	蛇柄	1285		501	-18.7236
ヘッツイ	竈	1285		4	-18.5412
ヘンボウ	偏旁	1285		327	-15.4094
ヘーキ	へーき	1287		501	-13.2549
ヘイキンリツクラヴィーアキョクシュウ	平均律クラヴィーア曲集	1288		416	-14.9901
ヘイワナ	平和な	1287	454	17	-10.8380
ヘイフク	平服	1285		123	-14.9540
ヘンシンイタダキ	返信いただき	1285		17	-13.4794
ヘイバ	兵馬	1285		58	-14.4317
ヘイセイニジュウサンネンド	平成23年度	1288		214	-13.3371
ヘンテツ	変てつ	1285		501	-18.6282
ヘッドフォン		1288		139	-12.5432
ヘトマン		1288		446	-14.7854
ヘンチクリン	へんちくりん	1287		501	-17.6422
ヘイハ	平坡	1285		501	-18.6282
ヘインズ		1288		255	-14.7187
ヘアガラ	経あがら	780		501	-18.5517
ヘンシン	へんしん	1283		80	-14.7328
ヘッドドレス		1288		295	-14.8237
ヘンコウゴ	変更後	1283	1305	17	-12.5831
ヘコメ	へこめ	765		155	-11.2202
ヘイ	袂	1288		501	
ヘンサチヨンジュウ	偏差値40	1288		501	-14.8835
ヘンタイガナ	変体仮名	1288		327	-14.4229
ヘテロセクシャル	⚤	1288		501	-20.0000
ヘイゴシ	塀ごし	1285		501	-18.6282
ヘ	閉	1288		501	
ヘコオビ	兵兒帶	1285		501	-18.7236
ヘッセンホウハク	ヘッセン方伯	1288		446	-14.8790
ヘイセン	秉璿	1291		501	-18.1724
ヘコマ	へこま	764		155	-11.2317
ヘシ	圧し	735		501	-17.7286
ヘヤカラ	部屋から	1285	147	17	-11.2925
ヘ	舳	1288		501	
ヘンモク	篇目	1285		342	-16.2987
ヘギイタ	へぎ板	1285		501	-18.1358
ヘリクダン	遜ん	782		501	-14.0239
ヘンデン	返電	1285		308	-15.7429
ヘイマク	閉幕	1283		380	-12.5757
ヘリクダン	謙ん	782		501	-16.4925
ヘビツカイザ	へびつかい座	1288		466	-14.4456
ヘンプ	返附	1283		501	-18.0694
ヘンコウサレタ	変更された	1283	435	17	-10.4201
ヘ	ㇸ	1288		501	-20.0000
ヘヤチュウ	部屋中	1285	1305	17	-12.4034
ヘキリュウ	日置流	1288		251	-14.6211
ヘシアイ	へし合い	1285		501	-19.2344
ヘス	圧す	731		501	-15.8416
ヘエ		3		501	-16.4223
ヘイワシュギ	平和主義	1288		388	-12.3078
ヘヤホシ	部屋干し	1285		501	-18.7236
ヘイコウテイスウ	平衡定数	1288		83	-14.1049
ヘシオリャ	へしおりゃ	770		501	-17.5312
ヘロデ		1288		273	-13.5300
ヘイショク	兵食	1285		501	-18.6282
ヘイシュ	兵種	1285		123	-13.9294
ヘイリ	兵利	1288		501	-18.5231
ヘタリ	へたり	788		501	-13.5640
ヘキロン	癖論	1285		501	-18.6282
ヘビイチゴ	へびいちご	1285		501	-19.2344
ヘキソウ	壁層	1285		501	-18.6282
ヘイコウセカイ	平行世界	1287	1285	17	-13.4118
ヘンジョウ	辺上	1285		501	-18.6282
ヘンネン	へんねん	1285		501	-14.4634
ヘイノスケ	平之助	1291		501	-16.2265
ヘナ		1288		368	-13.5190
ヘンコウシ	変更し	1283	610	17	-9.9003
ヘア	hair	1285		5	-17.8481
ヘンケイ	変型	1283		95	-13.7032
ヘンガク	扁額	1285		435	-14.0707
ヘイシロ	へいしろ	588		501	-16.8875
ヘキスイ	碧水	1285		335	-16.2899
ヘボ		1285		164	-14.7650
ヘンシュウチョウ	編集長	1288		201	-10.6139
ヘンソウ	変奏	1283		458	-12.8040
ヘ	湃	1288		501	
ヘラヤガラ	平矢柄	1285		501	-18.7236
ヘビィ		1285		501	-15.0080
ヘン	辺	1300		304	-10.5467
ヘキ	又	1288		501	
ヘイセイニジュウロクネンド	平成26年度	1288		214	-13.4317
ヘンスル	編する	583		501	-15.9093
ヘキシャ	僻しゃ	582		501	-15.9060
ヘシャ	圧しゃ	730		501	-17.6536
ヘンジ	へんじ	1283		501	-18.8426
ヘントウ	扁桃	1285		183	-18.6282
ヘーゲルガクハ	ヘーゲル学派	1288		501	-14.5481
ヘンカハ	変化は	1283	261	17	-10.9272
ヘイゼル		1288		25	-15.4435
ヘンセイ	変声	1285		42	-18.6282
ヘリウムガス		1288		501	-14.4033
ヘソシタ	ヘソ下	1285		501	-18.0817
ヘイレツ	へい列	1283		501	-18.8426
ヘビヤシキ	蛇屋敷	1285		501	-18.7236
ヘンコウサレ	変更され	1283	876	17	-9.9343
ヘンミマリ	辺見マリ	1289		122	-16.3290
ヘイナイリュウタ	平内龍太	1289		122	-17.7720
ヘラ	減ら	780		471	-8.5195
ヘヤズマイ	部屋住い	1285		501	-18.7236
ヘンセイ	変性	1285		355	-12.7173
ヘイタン	平坦	1285		169	-12.8036
ヘキスレ	僻すれ	581		501	-15.9060
ヘビフエ	ヘビ笛	1285		501	-18.0817
ヘーラー		1288		222	-12.9415
ヘシャゲル	拉げる	619		501	-18.4303
ヘンセン	変遷	1283		182	-10.2606
ヘイミン	平民	1291		408	-15.6709
ヘキスル	僻する	583		501	-15.9093
ヘターッ	へたーっ	1281		501	-17.6734
ヘンシャ	貶しゃ	582		501	-14.9036
ヘイキンジョウシャジンインハ	平均乗車人員は	1283	261	17	-11.3869
ヘテロダイン		1288		384	-14.5927
ヘメグ	経巡	776		501	-16.6617
ヘイテンマギワ	閉店間際	1283	1285	17	-13.2246
ヘビツカイ	蛇使い	1285		89	-18.7236
ヘシオル	圧し折る	772		501	-17.9536
ヘイハンキ	兵範記	1288		263	-14.5067
ヘンバイ	反閉	1285		501	-18.6282
ヘイキンテキ	平均的	1283	1299	17	-11.0671
ヘイセイジャンプ	Hey!Say!JUMP	1289		122	-13.7073
ヘイシ	斃死	1283		425	-15.7606
ヘイゴウ	併合	1283		446	-10.6126
ヘリテイジ	Heritage	1289		15	-13.6484
ヘンセイサ	編成さ	1283	605	17	-11.4127
ヘイワソウ	平和そう	1287	1301	17	-13.4794
ヘイキンテキナ	平均的な	1283	454	17	-11.2647
ヘイ	秉	1288		501	
ヘクトメートル	粨	1288		501	
ヘ	兵	1288		501	
ヘーッ	へーっ	3		501	-13.4548
ヘベ		1285		501	-18.0817
ヘダテル	隔てる	619		432	-10.9085
ヘンガクホケン	変額保険	1288		286	-14.8628
ヘソマガリ	へそ曲り	1287		501	-18.0477
ヘダタッ	隔たっ	786		390	-13.7658
ヘラセル	減らせる	619		501	-18.2480
ヘダ	隔	1288		501	
ヘビガワ	ヘビ皮	1285		501	-18.0817
ヘキゴトウ	碧梧桐	1291		251	-13.6018
ヘンケイタイ	変形体	1288		355	-14.0291
ヘソマガリ	へそまがり	1287		501	-18.0477
ヘイジョ	平叙	1283		327	-15.1209
ヘシオリ	へし折り	788		379	-13.3664
ヘイチ	併置	1283		253	-14.0164
ヘヤバンゴウ	部屋番号	1285		17	-13.3595
ヘイワイジカツドウ	平和維持活動	1288		326	-14.2306
ヘス	減す	731		501	-16.1576
ヘヤビラキ	部屋開き	1285		501	-18.7236
ヘド		1285		501	-18.0304
ヘイキンカ	平均化	1283	1297	17	-13.4281
ヘイササレ	閉鎖され	1283	876	17	-11.4127
ヘイヂ	へいぢ	1288		501	-18.5231
ヘイソク	閉そく	1283		109	-18.0694
ヘイセイニジュウヨネンド	平成24年度	1288		214	-13.4173
ヘイコウ	∥	1288		501	-19.2500
ヘイモツ	幣物	1285		501	-16.9486
ヘンジ	変じ	625		418	-13.5401
ヘイセキ	兵籍	1285		123	-16.3366
ヘキサン		1288		405	-14.6907
ヘイトクライム		1288		444	-14.0974
ヘンキョクカ	編曲家	1289		14	-11.5427
ヘエッ	へえっ	3		501	-16.5764
ヘセ	減せ	622		501	-18.2886
ヘンセヨ	へんせよ	589		501	-15.2382
ヘイム	兵務	1285		265	-16.0931
ヘイジ	平治	1291		21	-12.0543
ヘンキュウ	変朽	1285		501	-18.6282
ヘイホウコン	√	1288		501	-18.8333
ヘンジ	変じ	622		501	-13.8134
ヘイオン	へいおん	1287		501	-18.0477
ヘンセイ	編成	1283		375	-8.2034
ヘキ	甓	1288		501	
ヘビオヤジ	蛇おやじ	1285		501	-18.7236
ヘハ	へは	154	261	17	-10.3801
ヘンネン	編年	1288		342	-13.1197
ヘダテハナス	隔て離す	731		501	-17.4749
ヘンセイフウ	偏西風	1285		112	-13.8426
ヘイセイニジュウロクネン	平成26年	1288		494	-11.0448
ヘシオレ	へしおれ	784		501	-17.5313
ヘッピリ	屁っ放り	1285		501	-18.7236
ヘントウ	返答	1283		133	-10.8518
ヘイソク	へいそく	1283		501	-18.8426
ヘンシツシャ	変質者	1288		216	-13.5205
ヘキシャ	へきしゃ	582		501	-16.8869
ヘンシュウ	偏執	1285		186	-14.6805
ヘイボン	平凡	1287		66	-10.5954
ヘタトリ	蔕取り	1285		501	-18.7236
ヘイワアンゼンホウセイ	平和安全法制	1288		436	-14.3792
ヘイワダイ	平和台	1293		316	-17.4131
ヘイヨウ	併用	1283		375	-10.3314
ヘキチョウ	壁頂	1285		501	-18.6282
ヘンス	貶す	584		501	-14.9092
ヘンシュウ	編輯	1283		265	-14.4778
ヘッタクレ	へったくれ	1285		501	-14.4085
ヘイホウキロメートル	㎢	1288		501	-20.0000
ヘンメイ	変名	1285		344	-15.5758
ヘキシン	壁芯	1285		501	-18.6282
ヘンボウ	変貌	1283		182	-11.4071
ヘイ	へい	3		437	-16.7588
ヘイチュウ	平疇	1285		501	-18.6282
ヘキレキ	へきれき	1285		501	-18.9467
ヘイソウシャランニング	並走者🏃	1283		17	-23.5155
ヘコミャ	へこみゃ	761		155	-11.2201
ヘイキンネンシュウ	平均年収	1283	1285	17	-12.5792
ヘコメ	凹め	765		29	-9.7584
ヘイサツダ	併殺打	1288		377	-13.8066
ヘヴィメタル		1288		412	-11.9232
ヘッド	head	1285		5	-17.8906
ヘーゲル		1289		88	-10.6107
ヘンスイ	辺陲	1285		501	-18.6282
ヘイサ	聘さ	586		501	-15.5066
ヘ	屁	1285		420	-13.0019
ヘッドレスト		1288		95	-13.5962
ヘサキ	舳	1285		3	-18.7236
ヘイセイウマレ	平成生まれ	1288		334	-13.8192
ヘイタン	平淡	1287		501	-15.6083
ヘッドラインニュース		1288		305	-14.9916
ヘ	戸	1288		501	
ヘル		1285		149	-12.6041
ヘンペン	翩々	1285		501	-18.8289
ヘアカラー		1288		391	-13.7346
ヘキショ	壁書	1283		10	-15.8238
ヘラス	耗らす	731		501	-17.6572
ヘイザン	平山	1291		344	-18.1724
ヘタダ	下手だ	1287	453	17	-10.8508
ヘイセイジュウハチネン	平成18年	1288		494	-10.4123