ベイカイグン	米海軍	1288		230	-12.7399
ベイズノテイリ	ベイズの定理	1288		65	-14.6735
ベンショウホウ	弁証法	1285		88	-13.1396
ベーメン		1285		446	-14.7843
ベンリキノウ	便利機能	1287	1283	17	-13.4118
ベタツキャ	ベタつきゃ	677		501	-12.9291
ベスタ		1285		466	-14.6065
ベニバラ	紅バラ	1285		501	-18.7236
ベヘイレン	ベ平連	1292		131	-13.2165
ベイコク	米圀	1294		501	-16.8635
ベンパツ	辮髪	1285		135	-14.6464
ベンゴシ	弁護士	1285		38	-10.1926
ベラボウニ	べらぼうに	1288		501	-14.3827
ベニコ	紅子	1291		370	-12.4755
ベンチタイム		1285		17	-12.7800
ベーグル		1288		391	-12.6728
ベースボール	baseball	1285		5	-17.8906
ベイスギ	米杉	1285		501	-18.6282
ベロクロン		1288		190	-14.8868
ベトツキ	べと付き	1285		501	-19.2344
ベニブタ	紅豚	1285		501	-18.7236
ベシミ	癋見	1285		501	-18.7236
ベニザラ	紅皿	1285		501	-18.7236
ベイショク	米食	1285		55	-15.1143
ベッポリ	別堀	1290		501	-17.7354
ベン		1291		255	-11.2672
ベラクルス		1293		373	-13.1037
ベイシア		1288		35	-14.9663
ベルヒテスガーデン		1293		463	-13.8507
ベルファスト		1293		138	-12.0354
ベツギ	別儀	1285		501	-17.1760
ベルリンオリンピック		1288		7	-13.9551
ベイビーズ		1288		484	-15.6369
ベラボウ	篦棒	1287		501	-16.4119
ベリーズコウボウ	Berryz工房	1289		122	-17.5310
ベトナムコク	ベトナム国	1288		19	-14.0216
ベストオブザスーパージュニア	BEST OF THE SUPER Jr.	1288		175	-14.8163
ベイコクダイトウリョウ	米国大統領	1288		38	-13.7605
ベッコ	別個	1285		468	-12.5851
ベビチャン	ベビちゃん	1285	1302	17	-13.5279
ベジット		1289		89	-13.1276
ベッキ	別姫	1285		501	-18.6282
ベイカ	米菓	1288		35	-14.1581
ベイカン	米韓	1285		209	-19.6398
ベストテン		1285		318	-13.2930
ベンシ	便し	587		501	-14.3944
ベビーパウダー		1288		501	-14.6292
ベルショウ	belshaw	1289		501	-16.8074
ベン	駢	1288		501	
ベッキョセイカツ	別居生活	1288		501	-14.8187
ベニサト	紅里	1290		501	-17.7354
ベルマン		1289		65	-14.0870
ベンキョウチュウ	勉強中	1283	1305	17	-11.3627
ベンジ	便じ	622		501	-18.2547
ベンセヨ	便せよ	589		501	-14.3854
ベースメイク		1285	1283	17	-13.2246
ベキジョウ	べき乗	1283		447	-14.0336
ベンピ	便秘	1283		192	-11.6454
ベストバウト		1288		178	-14.2302
ベイサイ	米斎	1291		501	-18.1724
ベストセラーバッジ		1285		17	-13.1243
ベンケイイシチョウ	弁慶石町	1293		501	-17.7008
ベイブルース		1289		122	-16.0050
ベストプラクティス		1288		294	-14.2608
ベタ	べた	1283		389	-18.5549
ベツモノ	別物	1285		468	-11.4651
ベツ	別	1285		468	-8.4245
ベンメイ	弁明	1283		133	-12.1396
ベタユキ	べた雪	1285		501	-19.2344
ベッシュウ	別集	1285		501	-18.6282
ベツウリ	別売り	1285		139	-13.5371
ベツダン	べつだん	1281		501	-17.2679
ベンキョウニナリマシ	勉強になりまし	1283	501	17	-11.4202
ベンキョウイガイ	勉強以外	1283	1313	17	-13.2641
ベチュアナランド		1288		373	-14.5671
ベニズリ	紅摺り	1285		501	-18.7236
ベン・ハー		1288		496	-14.5425
ベビーブーマー		1288		350	-14.7231
ベキモノ	べきもの	539	1310	17	-10.8660
ベット		1285		283	-11.8600
ベンズル	辨ずる	592		501	-14.5328
ベール		1288		149	-14.0998
ベ	部	1288		501	
ベンテツ	べんてつ	1285		501	-18.9467
ベニザケ	紅鮭	1285		501	-15.6472
ベヘイレン	ベ平連	1288		131	-17.6068
ベイコクサイ	米国債	1288		286	-13.7939
ベンチマーク		1285		431	-13.0758
ベキハ	べきは	539	261	17	-10.8905
ベツベツ	べつべつ	1287		501	-17.6422
ベンギョウ	俛仰	1285		501	-18.6282
ベンゲル		1288		261	-14.4049
ベッソウ	別曹	1285		501	-18.6282
ベナン		1294		272	-11.4454
ベッカクカンペイシャ	別格官幣社	1288		404	-14.5203
ベース	Base	1289		453	-11.7965
ベトナムシャカイシュギキョウワコ	ベトナム社会主義共和国	1288		19	-14.2963
ベキダ	べきだ	539	453	17	-9.7362
ベラベラ		1288		501	-13.9371
ベタツケ	ベタつけ	685		501	-12.9347
ベイヒ	米比	1285		501	-19.0802
ベトコン		1285		53	-14.4748
ベンチプレス		1288		158	-13.2152
ベッ	別	1287		468	-14.0899
ベラボー	べらぼー	1287		501	-17.7600
ベビーフェイス		1288		141	-12.9834
ベッショ	別所	1293		330	-14.8598
ベッショオンセン	別所温泉	1293		231	-13.4466
ベチャクチャ	べちゃくちゃ	1281		501	-15.9462
ベッチ	べっち	1283		501	-14.7273
ベイカ	米貨	1285		501	-18.6282
ベンテン	弁天	1288		231	-18.5231
ベツトウジ	別当寺	1288		404	-13.9851
ベビ		1285		501	-13.8411
ベンガルゴ	ベンガル語	1288		340	-13.4439
ベンゼツ	弁説	1285		501	-18.6282
ベン	辮	1288		501	
ベタヤキ	ベタ焼	1285		501	-18.0817
ベンジ	弁じ	625		501	-16.1781
ベッパイ	別盃	1285		501	-18.6282
ベソ	べそ	1285		293	-13.9241
ベンギテキ	便宜的	1288		501	-12.5723
ベッポウ	別報	1285		501	-18.4767
ベッピン	別嬪	1285		501	-15.8614
ベイセン	米銭	1285		501	-17.6588
ベップ	別部	1290		58	-12.7021
ベス		1289		25	-12.2161
ベータ	β	4		83	-7.1575
ベッキ	別記	1283		86	-14.0385
ベニヅキトウキデン	紅月	1289		501	-13.5907
ベリ	べり	1281		3	-17.6734
ベカラ	べから	540		268	-4.7656
ベルディカワサキ	V川崎	1288		261	-14.4163
ベイキ	米機	1285		501	-18.6282
ベンジヨ	便じよ	621		501	-18.2432
ベイバン	米版	1285		501	-18.6282
ベテルギウス		1288		466	-12.6492
ベンギジョウ	便宜上	1281		327	-10.8002
ベストアンサー		1288		433	-14.3800
ベツナ	別な	1287	454	17	-11.3895
ベイ	米	1294		209	-7.4510
ベツジョウ	別條	1285		501	-18.6282
ベンシロ	べんしろ	588		501	-16.4175
ベタボメ	ベタ誉め	1285		501	-18.0817
ベラボウ	箆棒	1287		501	-17.2745
ベッタリ	べったり	1281		60	-12.1323
ベッケン	別件	1285		243	-13.1712
ベンガラ	べんがら	1285		501	-18.5412
ベトナムケイ	ベトナム系	1288		408	-14.6242
ベン	便	1285		109	-15.5222
ベタボレ	べたぼれ	1285		501	-19.2344
ベアトリス		1289		329	-12.6974
ベニス		1285		347	-15.1676
ベニス	べにす	1293		501	-18.3940
ベニバナ	べにばな	1288		2	-14.9396
ベトッ	べとっ	1281		501	-17.6734
ベンズル	弁ずる	592		501	-12.4981
ベニテングタケ		1288		382	-14.8576
ベベ		1285		1	-15.6973
ベトナムチュウブ	ベトナム中部	1288		373	-14.9055
ベターッ	べたーっ	1281		501	-17.6734
ベンゴガワ	弁護側	1288		243	-13.1294
ベータ	BETA	1288		190	-14.5249
ベンガク	勉学	1283		364	-12.2523
ベッキ	別木	1290		501	-16.5117
ベル		1290		149	-11.0263
ベラルーシ		1294		19	-10.4609
ベッサイ	別才	1285		501	-18.6282
ベツモノ	別モノ	1285		501	-15.1580
ベツダン	べつだん	1287		501	-18.0477
ベナンキョウワコク	ベナン共和国	1288		335	-14.9764
ベンロンブ	弁論部	1288		406	-14.2409
ベキキュウスウ	冪級数	1288		447	-13.9564
ベクター		1289		431	-13.7415
ベネディクト		1289		325	-12.4983
ベルトラン		1289		329	-13.0961
ベンゴシホウ	弁護士法	1288		86	-13.9742
ベンジロ	便じろ	623		501	-18.2402
ベンエ	辨慧	1285		501	-18.6282
ベンキョウドコロ	勉強どころ	1283	1310	17	-13.2731
ベニ	紅	1285		128	-11.3169
ベニハルカ	紅はるか	1288		501	-14.9756
ベンキョウ	べんきょう	1283		331	-18.5549
ベンテンジマ	弁天島	1288		385	-14.6550
ベテランサン	ベテランさん	1285	1302	17	-13.2376
ベッドノ	ベッドの	1285	368	17	-11.0114
ベイエン	米援	1285		501	-18.6282
ベツヒョウキ	別表記	1288		352	-14.5004
ベントウヲ	弁当を	1285	156	17	-11.1205
ベンダ		1285		431	-13.9063
ベンズ	ベン図	1285		336	-14.6982
ベネッセ		1288		378	-13.6886
ベストナイン		1285		377	-12.3579
ベッチュウ	別注	1283		501	-15.0713
ベニヤ	紅矢	1290		501	-17.4280
ベイリー		1289		255	-12.6492
ベンキョウガデキナイ	勉強ができない	1288		501	-13.9711
ベタアマ	べた甘	1287		501	-18.0477
ベツ	別	560		468	-8.3755
ベイマックス		1288		164	-14.1061
ベルリンノカベ	ベルリンの壁	1293		298	-12.1311
ベンモウチュウ	鞭毛虫	1288		218	-14.0546
ベンノスケ	弁之助	1291		501	-18.1724
ベルモントステークス		1288		245	-14.2157
ベンニョウ	便溺	1285		501	-18.6282
ベイシ	米紙	1285		201	-18.4612
ベズ	vez	1289		501	-13.7540
ベキダトオモウ	べきだと思う	539	817	17	-11.3352
ベンガルワン	ベンガル湾	1288		410	-13.8396
ベツカイチョウ	別海町	1293		82	-13.8220
ベイ	塀	1285		435	-18.9467
ベックマン		1285		210	-15.2216
ベンテンガオカ	弁天ヶ丘	1293		501	-17.7008
ベティス		1288		348	-14.2934
ベルギーダイヒョウ	ベルギー代表	1288		428	-14.3964
ベイゴ	米語	1285		340	-16.4230
ベップ	別府	1290		473	-16.9470
ベーダ		1285		189	-14.9050
ベキダッタ	べきだった	539	435	17	-10.8655
ベニマ	紅魔	1285		17	-13.4337
ベイロ	米ロ	1285		501	-18.7236
ベチャ	べちゃ	1281		501	-13.9562
ベンシュウ	汴州	1293		58	-17.7008
ベンチシート		1288		95	-14.3638
ベニモン	紅紋	1285		501	-18.6282
ベクトルポテンシャル		1288		447	-14.5580
ベルガ	べるが	1293		501	-18.3940
ベビーフード		1288		257	-13.9785
ベーリング		1285		432	-14.5560
ベリイ	very	1288		121	-12.8463
ベンリソウ	便利そう	1287	1301	17	-11.9168
ベビーメタル	BABYMETAL	1289		67	-13.1997
ベース	bass	1288		277	-12.8433
ベッチン	別珍	1285		501	-16.9520
ベースアップ		1285		423	-14.9457
ベスビオ		1293		501	-15.9091
ベニハコベ	紅繁縷	1285		501	-18.7236
ベック	BECK	1288		262	-14.4713
ベトン		1285		264	-15.8036
ベップオオイタマイニチマラソン	別府大分毎日マラソン	1288		50	-14.9001
ベルリンカイギ	ベルリン会議	1288		446	-13.9179
ベ	瓶	1288		501	
ベッピンサン	べっぴんさん	1288		103	-14.5505
ベニガラ	紅殻	1285		501	-16.6694
ベゾス		1285		501	-14.7435
ベタベタ	べたべた	1287		501	-18.0477
ベベ	べべ	1285		501	-14.2676
ベガ	べが	1288		437	-14.4532
ベンデン	便殿	1285		501	-17.2696
ベリーダンス		1288		412	-14.1124
ベルバラ	ベルばら	1285		170	-18.0304
ベイ	屛	1285		501	-18.9467
ベネディクトカイ	ベネディクト会	1288		325	-13.7959
ベイコクセイコウカイ	米国聖公会	1288		325	-13.9510
ベツダイ	別大	1285		321	-18.4612
ベツミヤ	別宮	1290		404	-12.9912
ベルベル		1289		160	-13.3726
ベルンハルト		1288		329	-13.9748
ベラ	箆	1285		4	-18.9467
ベンキョウシ	勉強し	1283	606	17	-11.0654
ベースボール	⚾	5		501	-22.6865
ベーゴマ		1285		295	-15.4094
ベンリグッズ	便利グッズ	1288		501	-14.1751
ベンジレ	便じれ	617		501	-18.2411
ベン・ジョンソン		1289		204	-13.6725
ベンソウチ	弁装置	1288		95	-14.3681
ベリカード		1288		445	-14.5825
ベニオシロイ	紅白粉	1285		501	-18.7236
ベツジ	別辞	1285		501	-18.1929
ベンゼ	便ぜ	595		501	-14.5665
ベップユウキ	別府由来	1289		122	-19.3190
ベルリンジョウヤク	ベルリン条約	1288		446	-14.6472
ベンショウ	弁証	1285		88	-18.6282
ベック	beck	1289		501	-16.8074
ベン	勉	1288		501	
ベン	弁	1298		395	-10.1383
ベーリングトウ	ベーリング島	1288		184	-15.0041
ベンリデス	便利です	1287	460	17	-10.8145
ベントウヨウ	弁当用	1285	1298	17	-12.8960
ベンジョウ	弁城	1293		501	-16.3145
ベルトルト・ブレヒト		1289		204	-13.7170
ベンキョウシ	勉強し	1283	610	17	-9.3578
ベイコクセキ	米国籍	1288		314	-14.8538
ベター		1285		203	-13.1324
ベストバン	ベスト盤	1288		478	-13.0951
ベンキョウヲシ	勉強をし	1283	610	17	-11.2504
ベチ	淵	1288		501	
ベッパ	別派	1285		32	-16.6366
ベンリシ	弁理士	1288		455	-12.6197
ベレグ		1285		501	-15.1024
ベンロンジュツ	弁論術	1288		88	-14.4635
ベタベタ		1285		17	-12.6744
ベツワク	別枠	1285		283	-13.3507
ベルトコンベア		1288		270	-13.7448
ベトナムセイフ	ベトナム政府	1288		209	-13.9219
ベースコーチ		1288		310	-13.8722
ベニグモ	紅蜘蛛	1285		501	-18.7236
ベロベロ	べろべろ	1281		501	-13.4860
ベ	兵	1288		501	
ベビー		1285		203	-12.2275
ベッコ	別個	1287		468	-11.7320
ベルベルジン	ベルベル人	1288		359	-13.1119
ベツノ	別の	1285	368	17	-8.8584
ベッチン	べっちん	1285		501	-18.5412
ベラボウ	べらぼう	1287		501	-13.9810
ベイムギ	米麦	1285		55	-18.3871
ベロッ	ベロっ	1281		501	-16.9196
ベロリッ	べろりっ	1281		501	-17.6734
ベムスター		1288		89	-14.6364
ベイコクカガクアカデミー	米国科学アカデミー	1288		214	-14.4584
ベッコウ	鼈甲	1285		4	-14.5498
ベッキョチュウ	別居中	1288		501	-14.6446
ベルナール		1291		329	-12.0242
ベースボールマガジンシャ	ベースボール・マガジン社	1292		201	-12.7187
ベッチャクミノル	別役実	1289		57	-13.8278
ベルケ		1288		273	-14.3414
ベイ	餅	1288		501	
ベッドデ	ベッドで	1285	149	17	-11.1783
ベイコクシキ	米国式	1288		230	-14.9196
ベン	辯	1288		501	
ベッサラビア		1285		373	-14.0830
ベッドシーン		1288		322	-14.2313
ベンザイ	弁財	1285		501	-14.3313
ベイビーステップ		1288		501	-14.7378
ベンリ	弁理	1285		346	-15.6555
ベンスル	便する	583		501	-14.3887
ベクター		1292		431	-11.6741
ベン	湎	1288		501	
ベーカー		1289		255	-12.2745
ベルガ		1289		167	-14.4491
ベネフィット		1288		350	-13.0362
ベイメディア	米メディア	1288		216	-14.6767
ベイコクケイザイ	米国経済	1288		79	-14.7115
ベニバラ	紅薔薇	1285		501	-19.4167
ベイコクカブ	米国株	1288		501	-12.9112
ベツイン	別院	1285		404	-13.6605
ベイエツ	米越	1285		501	-18.6282
ベーギン	米銀	1285		501	-18.6282
ベンサイ	弁才	1285		238	-16.6592
ベルン		1293		463	-11.7539
ベンズ	べんず	593		501	-15.5126
ベンスレ	便すれ	581		501	-14.3854
ベンジン		1285		270	-15.2535
ベイカ	米家	1289		501	-17.9060
ベッショテツヤ	別所哲也	1289		122	-16.7700
ベルリン・ドイツ・オペラ		1288		98	-14.9190
ベクトルクウカン	ベクトル空間	1288		447	-12.3810
ベストセレクション		1288		244	-14.3342
ベンキョウリョウ	勉強量	1283	1298	17	-13.2915
ベツナベ	別鍋	1285		501	-18.6282
ベイヅクリ	米作り	1288		501	-14.4524
ベイカイン	米下院	1288		501	-14.8361
ベチャー	べちゃー	1281		501	-17.1576
ベルマーレヒラツカ	ベルマーレ平塚	1288		372	-14.0463
ベン	瓣	1285		501	-18.6282
ベンチイリ	ベンチ入り	1288		306	-13.0115
ベンゴシドットコム	弁護士ドットコム	1292		501	-13.0357
ベルギーリョウコンゴ	ベルギー領コンゴ	1288		501	-14.8855
ベンゴダン	弁護団	1288		12	-12.5621
ベンダー		1288		431	-12.3488
ベー	😛	5		501	-22.7869
ベツバイ	別売	1283		315	-13.6567
ベニハギ	紅萩	1285		501	-18.7236
ベタボレ	べた惚れ	1285		501	-19.2344
ベッケン	瞥見	1283		501	-16.0637
ベンキョウホウ	勉強法	1283	1298	17	-13.1395
ベンゾジアゼピン		1288		192	-12.9316
ベットウ	別当	1290		403	-13.0834
ベニー		1289		25	-13.3105
ベスト	best	1289		367	-12.4555
ベン	鞭	1288		501	
ベリログ	Verilog	1288		77	-14.4413
ベビーシッター		1285		25	-13.5440
ベーシック		1285		315	-12.3442
ベストセラー		1285		356	-11.2156
ベイチョウジムショ	米朝事務所	1292		14	-13.2502
ベーチェットビョウ	ベーチェット病	1288		192	-14.6161
ベンブ	弁部	1285		501	-18.6282
ベイゴマ	べいごま	1285		501	-18.9467
ベト		1291		272	-12.6967
ベイカ	米果	1285		501	-18.6282
ベビーカー		1285		414	-12.1965
ベンフタ	便蓋	1285		501	-18.6282
ベツズリ	別刷り	1285		201	-18.6282
ベンキョウヲ	勉強を	1283	156	17	-10.2857
ベルモット		1285		75	-14.3574
ベストセラーサッカ	ベストセラー作家	1285		17	-13.2823
ベ	耙	1288		501	
ベ	辺	1288		501	
ベ	辯	1288		501	
ベイツ		1289		255	-13.1573
ベッポン	別本	1285		59	-18.6282
ベンシロ	便しろ	588		501	-14.3860
ベッカ	別科	1285		501	-18.7236
ベンロンタイカイ	弁論大会	1288		362	-13.9724
ベレンガーリオ		1288		273	-14.7332
ベア		1285		149	-12.9925
ベツザラ	別皿	1285		501	-18.6282
ベニリツ	紅律	1291		501	-18.1724
ベルリン	berlin	1293		501	-16.7845
ベイフン	米粉	1285		75	-14.6845
ベツジョ	蔑如	1285		501	-18.4767
ベッソウチ	別荘地	1285	1298	17	-13.0118
ベツヅリ	別刷り	1285		201	-15.3814
ベイホウ	米峰	1291		501	-18.1724
ベク		1289		34	-16.7429
ベイイ	米易	1293		501	-17.7008
ベイコク	米穀	1285		275	-13.7730
ベイザイ	米材	1285		501	-18.6282
ベストヒャク	ベスト100	1288		318	-12.3588
ベッシ	別紙	1285		59	-14.4483
ベイアン	米庵	1291		501	-15.9752
ベショベショ	べしょべしょ	1281		501	-14.4788
ベツフレ	別フレ	1285		501	-18.6282
ベガ		1285		459	-14.8832
ベツベツ	別々	1285		468	-14.1548
ベランメエ	べらんめえ	1285		56	-15.4472
ベトナム	viet nam	1294		501	-16.2757
ベイフン	米粉	1288		75	-14.6845
ベンシャ	べんしゃ	582		501	-16.4169
ベンリョク	弁力	1285		501	-18.6282
ベンゼヨ	べんぜよ	594		501	-15.5121
ベルリオーズ		1288		416	-13.0034
ベツデン	別殿	1285		501	-16.6317
ベ		1285		277	-13.2568
ベツク	別宮	1293		404	-12.9796
ベンリナ	便利な	1287	454	17	-10.2880
ベツダテ	別立	1285		501	-18.6282
ベツカイ	別海	1293		371	-17.7008
ベンジク	弁軸	1285		501	-18.6282
ベツギョウ	別行	1285		501	-18.6282
ベイセイセンソウ	米西戦争	1288		298	-13.6838
ベイショク	米食	1283		55	-18.2364
ベネルクス		1288		19	-14.2650
ベツアツラエ	別誂え	1285		501	-18.0923
ベンザ	弁座	1285		501	-18.6282
ベンリョウ	便量	1285		501	-18.6282
ベンコウ	弁弘	1289		501	-17.9060
ベイエリア		1288		347	-13.7926
ベンチュウ	便中	1285		501	-18.6282
ベルナルドゥス		1288		199	-14.5112
ベニヤ		1285		256	-15.2609
ベストジュウロク	ベスト16	1288		178	-12.4619
ベンキョウジカン	勉強時間	1283	1314	17	-12.1050
ベオグラード		1293		463	-11.3470
ベリーコウボウ	Berryz工房	1289		67	-13.3842
ベツダテ	別立て	1285		501	-18.6282
ベツドウタイ	別働隊	1285		411	-13.4171
ベッショウ	別称	1285		404	-12.3569
ベイコクテン	米穀店	1285		92	-15.4028
ベンピ	便ぴ	1283		501	-18.0694
ベロー・ウッド		1288		230	-14.6999
ベツケイ	別系	1285		501	-18.6282
ベニシダレ	紅枝垂	1285		501	-18.7236
ベッソウ	別荘	1285		290	-11.3747
ベイン		1289		38	-13.1195
ベタヌリ	べた塗り	1285		501	-19.2344
ベンガルール		1288		501	-14.6066
ベンサ	便さ	586		501	-14.4715
ベンボウ	便房	1285		501	-18.6282
ベ	甁	1288		501	
ベッシツ	別室	1285		290	-13.2635
ベコ	べこ	1285		150	-19.2344
ベレーボウ	ベレー帽	1289		295	-12.2509
ベンリダ	便利だ	1287	453	17	-10.6492
ベンズレ	べんずれ	590		501	-15.5121
ベッツイ	竈	1285		4	-18.9467
ベンマク	弁膜	1285		457	-15.5640
ベニ	朱	1288		501	
ベツセイセキ	別成績	1298	1285	17	-13.0521
ベイコクホウジン	米国法人	1288		378	-14.8342
ベストエフォート		1288		20	-14.9102
ベンキョウニナル	勉強になる	1283	772	17	-11.3197
ベーコンエッグ		1288		501	-14.2527
ベラルーシジン	ベラルーシ人	1288		408	-14.2629
ベンジロ	弁じろ	623		501	-16.0962
ベニタデ	紅たで	1285		501	-18.7236
ベロベロ		1285		420	-14.5126
ベセスダ		1293		138	-13.6160
ベリオ	verio	1288		501	-17.6581
ベツルイ	別涙	1285		501	-18.6282
ベツメイ	別名	1285		429	-10.5650
ベヒシュタイン		1288		132	-15.9410
ベク		1285		34	-14.2419
ベネット		1290		255	-11.4890
ベイナス	べいなす	1285		501	-18.9467
ベネッセコーポレーション		1292		374	-13.1167
ベンズ	便ず	593		501	-14.5318
ベリオ		1288		448	-15.1362
ベニヅル	紅鶴	1285		501	-18.7236
ベキ		1293		447	-16.6022
ベタツコ	ベタつこ	681		501	-12.9321
ベイ	bay	1285		352	-17.8073
ベイブレード		1288		415	-13.8618
ベザイ	弁財	1285		501	-18.6282
ベツダン	別段	1282		455	-11.9015
ベニバナ		1285		75	-15.4123
ベン	辦	1288		501	
ベアード		1289		255	-13.3505
ベイフツ	米芾	1289		342	-13.7566
ベツメイ	別命	1285		32	-15.3065
ベータ	beta	1288		5	-13.4909
ベッシュ	別種	1285		218	-12.3889
ベータセン	ベータ線	1285		405	-14.7283
ベンゼマ		1288		488	-13.9595
ベツリ	別離	1285		161	-13.7494
ベルヌーイスウ	ベルヌーイ数	1288		447	-14.7115
ベキデス	べきです	539	460	17	-10.5924
ベルリンシ	ベルリン市	1288		373	-14.6421
ベンゴニン	弁護人	1288		243	-12.4110
ベルギーセイフ	ベルギー政府	1288		209	-14.8405
ベニゾメ	紅染	1285		501	-18.7236
ベッシドウザン	別子銅山	1293		102	-13.0507
ベンキョウ	べん強	1283		501	-18.5549
ベリ	べり	1285		3	-18.7236
ベイマツ	米松	1285		501	-18.6282
ベツドウ	別動	1285		501	-18.6282
ベカブネ	べか船	1285		501	-19.2344
ベット	別途	1314		118	-17.2034
ベイルート		1293		272	-11.8632
ベン	娩	1288		501	
ベリッ	べりっ	1281		501	-17.6734
ベルトルト		1291		492	-12.2105
ベルク		1289		463	-11.2438
ベンザイン		1288		83	-14.8790
ベンシヨ	べんしよ	585		501	-16.4183
ベーオウルフ		1288		443	-14.0720
ベ	戸	1288		501	
ベイグンキ	米軍機	1288		320	-13.5431
ベッター		1285		501	-15.0786
ベニスジ	紅筋	1285		501	-18.7236
ベンチュウ	鞭虫	1285		501	-18.6282
ベンゴ	弁護	1283		243	-11.8742
ベイサン	米産	1285		501	-17.8234
ベツビ	別日	1285	1298	17	-12.3558
ベタガキ	べた書き	1285		501	-19.2344
ベルビーベベ		1292		501	-12.9187
ベンチ	便池	1285		501	-18.6282
ベラボウ	便乱坊	1287		501	-17.2745
ベンジャミン	Benjamin	1289		151	-13.1152
ベタツイ	ベタつい	687		501	-12.9895
ベッコウ	べっ甲	1285		501	-18.9467
ベンゴシホウジン	弁護士法人	1288		300	-14.5844
ベースノ	ベースの	1285	368	17	-10.8994
ベガルタ		1288		488	-14.7584
ベイリン	米隣	1289		501	-17.9060
ベン	辨	1290		128	-12.9091
ベッチ	別置	1285		501	-18.6282
ベンキョウシテル	勉強してる	1283	307	17	-11.4288
ベイシキ	米式	1285		184	-18.6282
ベト		1289		272	-16.7429
ベルガモット		1288		391	-14.3952
ベンキ	べんき	1285		501	-15.2831
ベンシ	べんし	587		501	-16.4259
ベイシン	米審	1285		501	-18.6282
ベラ		1290		149	-12.2934
ベキ	羃	1288		501	
ベキナノ	べきなの	539	1310	17	-11.2464
ベリック		1292		417	-13.5349
ベッカー		1290		255	-12.4588
ベッチョウ	別帳	1285		501	-18.6282
ベーセッツ	B7	1288		213	-13.6892
ベイコク	米国	1294		181	-7.5070
ベタツカ	ベタつか	683		501	-12.9476
ベンツ		1292		168	-11.6068
ベンズリャ	べんずりゃ	591		501	-15.5121
ベンジョ	べんじょ	1285		293	-18.9467
ベンズレ	弁ずれ	590		501	-12.4966
ベニントン		1288		417	-14.7854
ベツユデ	別茹で	1283		501	-18.0694
ベス	BES	1289		232	-13.2858
ベルチャン	ベルちゃん	1289		501	-13.1997
ベッドフォード		1289		329	-12.4026
ベンウラ	弁裏	1285		501	-18.6282
ベッシュ	別趣	1287		501	-17.4416
ベルリンフィルハーモニーカンゲン	ベルリン・フィルハーモニー管弦楽団	1288		98	-14.0350
ベンサイ	弁済	1283		455	-12.0842
ベッコウ	別稿	1285		501	-18.6282
ベンジレ	弁じれ	617		501	-16.0972
ベツデン	別電	1285		501	-16.5858
ベンゼヨ	べんぜよ	596		501	-15.5121
ベルド		1289		222	-13.5096
ベツビン	別便	1285		501	-16.1076
ベルクロ		1288		139	-14.9764
ベニーケー	BENNIEK	1289		122	-21.6000
ベリベリッ	ベリベリっ	1281		501	-16.9196
ベータテスト		1288		24	-14.5879
ベトナムナンブ	ベトナム南部	1288		373	-14.8532
ベツムネ	別棟	1285		414	-16.5988
ベンゼヨ	便ぜよ	594		501	-14.5313
ベル	bell	1288		121	-14.4584
ベスト	Best	1289		367	-10.6993
ベッケンバウアー		1288		334	-14.4308
ベッパン	別班	1285		501	-18.6282
ベンキョウダイ	勉強代	1283	1298	17	-13.2641
ベランメイ	べらんめい	1285		501	-18.9467
ベース	BASS	1288		302	-14.9048
ベルカント		1288		416	-14.3361
ベカブネ	べか舟	1285		501	-19.2344
ベタツク	ベタつく	695		501	-13.5784
ベッドルーム		1285		17	-13.2035
ベンギ	便宜	1287		468	-15.3396
ベルリッツ		1288		300	-15.9241
ベキデ	べきで	539	458	17	-9.9538
ベッセルカンスウ	ベッセル関数	1288		336	-14.9829
ベツショウ	別抄	1285		501	-18.6282
ベッショシ	別所氏	1288		464	-14.4456
ベツトシテ	別として	1285	179	17	-11.3193
ベンジャミン		1289		255	-12.0189
ベイトウウェンチュエン	北投温泉	1293		385	-13.7305
ベダ		1285		501	-17.8481
ベッセキ	別席	1285		345	-16.7920
ベッポ	別保	1293		120	-17.7008
ベンセイ	勉誠	1288		501	-18.5231
ベイエイ	米映	1285		501	-18.9467
ベサ	VESA	1288		77	-14.2850
ベニタデ	紅蓼	1285		501	-18.7236
ベローズ		1289		289	-13.7478
ベニアシ	紅葦	1285		501	-18.7236
ベノム	venom	1285		501	-17.8906
ベンモウ	鞭毛	1285		355	-18.6282
ベール		1285		149	-12.9909
ベーブ・ルース		1289		310	-12.5491
ベイスターズ		1288		316	-12.7755
ベンホウ	弁法	1285		501	-18.6282
ベイシュウキコウ	米州機構	1292		209	-13.4307
ベンツ		1285		168	-14.2164
ベイボクセンソウ	米墨戦争	1288		417	-14.0466
ベップ	別府	1293		473	-10.7786
ベンキョウモ	勉強も	1283	262	17	-11.0418
ベンソ	弁疏	1283		501	-16.7425
ベイ	塀	1285		501	-18.9467
ベルンシュタイン		1289		126	-13.6134
ベキシュウゴウ	冪集合	1288		447	-14.1606
ベンサ	べんさ	586		501	-16.5029
ベン	偏	1285		395	-19.0802
ベントウヅクリ	弁当作り	1285	1298	17	-12.2085
ベイナス	米茄子	1285		501	-18.6282
ベツヌノ	別布	1285		501	-18.7236
ベストコスメ		1285		501	-15.0641
ベツ	別	1298		468	-8.3291
ベンイ	便意	1285		192	-13.6234
ベン	勉	1288		501	
ベンコウ	弁巧	1285		501	-18.6282
ベンチャーズ		1289		196	-12.9134
ベキジョウ	冪乗	1285		501	-18.6282
ベニモチ	紅餅	1285		501	-18.7236
ベイクウグン	米空軍	1288		413	-13.7609
ベシャメルソース		1285		391	-14.7126
ベキデハナイ	べきではない	539	20	17	-11.3536
ベンガラ		1285		142	-15.0703
ベルシー		1293		335	-15.9091
ベンキョウ	勉強	1283		364	-7.9815
ベンレイ	勉励	1283		501	-16.6640
ベヤ		1285		501	-17.8906
ベルベルゴ	ベルベル語	1288		340	-14.3080
ベンケイ	弁慶	1289		74	-11.6361
ベローナ		1293		230	-14.2393
ベスト	best	1287		367	-16.7040
ベレリアンド		1285		222	-14.6292
ベストマッチ		1288		177	-14.0460
ベストメンバー		1288		178	-14.6452
ベラスコ		1289		326	-14.0687
ベストテン	ベスト10	1288		318	-12.5352
ベン	謾	1288		501	
ベチャベチャ	べちゃべちゃ	1281		501	-13.9018
ベニダマ	べに玉	1285		501	-19.2344
ベキジョウ	冪乗	1288		501	-14.6441
ベストサンジュウ	ベスト30	1288		113	-14.4325
ベティ・デイヴィス		1289		496	-13.8077
ベンジャミン・ディズレーリ		1289		68	-13.7403
ベーラ		1288		273	-13.1893
ベキ	冪	1285		447	-12.9837
ベックリ	べっくり	1281		501	-17.4704
ベイドク	米獨	1285		501	-18.6282
ベックチョウ	別宮町	1293		501	-17.7008
ベルトーネ		1292		168	-12.9551
ベルガー		1289		63	-12.9029
ベスト		1285		318	-10.3748
ベンチャーキギョウ	ベンチャー企業	1288		378	-11.8408
ベルマーク		1288		486	-14.8249
ベンバク	弁駁	1283		501	-17.2809
ベンジル	便じる	619		501	-18.2480
ベンギョク	弁玉	1291		501	-18.1724
ベラルーシゴ	ベラルーシ語	1288		340	-13.8691
ベゴノシタ	牛の舌	1285		501	-19.4167
ベンドウ	辦道	1285		501	-18.6282
ベツマ	別間	1285		332	-16.5858
ベツ	べつ	1287		99	-17.5369
ベタベタ	べたべた	1281		501	-13.1335
ベイシュウ	米収	1285		501	-18.1929
ベルニーニ		1288		130	-14.2573
ベルケンキュウジョ	ベル研究所	1292		210	-11.5886
ベツコウ	別項	1285		327	-16.5171
ベネトン		1292		421	-11.4824
ベッシ	別子	1293		501	-17.7008
ベイガワ	米側	1285		501	-18.1358
ベッピョウジンジャ	別表神社	1288		404	-12.8804
ベッテル		1288		63	-13.4378
ベーキングパウダー		1285		75	-13.5677
ベッタリ		1282		501	-12.8391
ベーブェーファオ	BWV	1288		458	-13.6066
ベースボール		1285		362	-12.8570
ベンギ	便宜	1285		468	-12.1156
ベイドク	米独	1285		501	-18.6282
ベニバナ	べに花	1285		501	-19.2344
ベニワビスケ	紅侘助	1285		501	-18.7236
ベタツキ	ベタつき	1285		501	-18.0817
ベッ	蔑	1288		501	
ベッ	鼈	1288		501	
ベイエイグン	米英軍	1285		501	-18.6282
ベネズエラ		1294		272	-10.1391
ベーシックインカム		1288		154	-12.5605
ベーア		1289		210	-13.9781
ベージュ		1285		242	-12.2932
ベツギョウ	別業	1285		238	-15.0377
ベクトル		1285		447	-10.9940
ベンギク	弁菊	1288		501	-18.5231
ベツガク	別学	1285		501	-18.7236
ベロッ	べろっ	1281		501	-17.6734
ベイテツ	べいてつ	1285		501	-18.9467
ベッショタケヒコ	別所毅彦	1289		310	-13.6877
ベツノ	別の	1298	368	17	-10.6490
ベツゴ	別後	1285		501	-17.1760
ベートーヴェン		1290		416	-9.7672
ベンガル		1293		359	-11.8791
ベニハ	紅覇	1285		17	-13.3444
ベンキョウシタ	勉強した	1283	435	17	-11.0402
ベストエイト	ベスト8	1288		178	-11.5859
ベタッ	べたっ	1281		501	-17.6734
ベンジー		1288		11	-14.7974
ベッピン	べっぴん	1285		113	-18.9467
ベタツキ	べたつき	1285		501	-19.2344
ベキ	汨	1288		501	
ベラベラ		1281		501	-14.1317
ベル	🔔	5		501	-21.6431
ベツセン	別線	1285		162	-13.9256
ベイグンキチ	米軍基地	1288		410	-12.6873
ベータテスト	βテスト	1288		172	-14.6545
ベツノウ	別納	1283		163	-16.6270
ベンカイ	弁開	1285		501	-18.6282
ベリベリ	べりべり	1281		501	-15.1760
ベースト	ベースと	1285	150	17	-11.2747
ベヤ	部屋	1285		290	-13.9077
ベン	辧	1288		501	
ベツダイ	別大	1288		321	-14.8193
ベルヌーイ		1288		65	-14.4622
ベンジヨ	弁じよ	624		501	-16.0960
ベンジヨ	弁じよ	621		501	-16.0992
ベンピカイショウ	便秘解消	1283		17	-13.3544
ベティ		1289		25	-12.2161
ベビーブーム		1285		422	-13.7711
ベタ	下手	1283		17	-10.1911
ベストイレブン		1288		428	-12.8997
ベンキョウアカ	勉強垢	1283	1285	17	-13.4620
ベンゼヨ	便ぜよ	596		501	-14.5313
ベツニ	別に	1285	151	17	-9.6269
ベクレル	bq	1300		501	-16.5146
ベリベリベリ	べりべりべり	1281		501	-17.6734
ベイビーギャング		1289		122	-18.5300
ベンキョウフソク	勉強不足	1283		17	-12.0549
ベネディクトジュウロクセイ	ベネディクト16世	1288		199	-13.5832
ベイソン	米邨	1291		501	-18.1724
ベリリウム		1285		405	-13.2832
ベンジン	便じん	620		501	-18.2403
ベツモノ	別もの	1285		56	-14.8079
ベンショウ	弁証	1288		88	-14.8004
ベレス		1288		62	-14.6618
ベースニ	ベースに	1285	151	17	-10.4250
ベンズル	便ずる	592		501	-14.5328
ベネ		1285		501	-14.2887
ベンボウ	弁棒	1285		501	-18.6282
ベッド		1285		290	-10.1885
ベツジ	別字	1285		327	-18.6282
ベツギ	別義	1285		501	-18.6282
ベッピン	別品	1285		501	-17.7680
ベラ	べら	1285		150	-13.8168
ベツモリ	別盛り	1285		501	-18.6282
ベンセイ	便性	1285		501	-18.8289
ベンリサ	便利さ	1287	1304	17	-12.3387
ベニヒメ	紅姫	1285		501	-18.7236
ベタ	べた	1287		389	-18.2300
ベイエフエム	bayfm	1288		476	-14.1016
ベラ	篦	1285		219	-18.9467
ベジータ		1289		26	-10.9988
ベンゴシサン	弁護士さん	1285	1302	17	-12.5419
ベミン	部民	1285		135	-14.5035
ベツニ	べつに	1281		486	-11.1455
ベッショ	別所	1290		330	-12.6876
ベシ	べし	538		495	-4.7586
ベニハコベ	紅はこべ	1285		401	-18.7236
ベッショハルナガ	別所長治	1289		498	-13.6194
ベレロフォン		1288		230	-15.7047
ベニバナ	紅花	1285		75	-14.1968
ベンゴシカイ	弁護士会	1288		300	-13.3217
ベツ	蔑	1288		501	
ベンカン	弁官	1285		403	-18.6282
ベキ	べき	539		468	-4.5913
ベタ		1285		66	-11.7159
ベンシャ	便しゃ	582		501	-14.3854
ベッコ	別戸	1285		501	-18.6282
ベイサク	米作	1285		55	-14.5823
ベンジ	便じ	625		501	-18.3221
ベク	べく	541		282	-4.7378
ベイテイ	米帝	1288		126	-14.9982
ベルモンド		1288		25	-14.3267
ベン	卞	1290		128	-17.9586
ベツアカ	別アカ	1285		501	-14.7727
ベルーナ		1292		501	-13.0605
ベンテンダイバ	弁天台場	1293		394	-13.8090
ベッカク	別格	1285		127	-12.7795
ベンガルチホウ	ベンガル地方	1288		373	-14.1324
ベン	麪	1288		501	
ベーブ		1289		1	-14.8445
ベッサツタカラジマ	別冊宝島	1288		136	-13.8582
ベキト	べきと	539	164	17	-11.1137
ベヤ	室	1300		414	-20.4108
ベタ	べた	1285		389	-14.2992
ベッサツハナトユメ	別冊花とゆめ	1288		396	-14.6634
ベ	敝	1288		501	
ベタ		1287		66	-16.6614
ベニカナメ	紅要	1285		501	-18.7236
ベキ	べき	1285		468	-19.9275
ベーリングカイ	ベーリング海	1288		410	-13.8008
ベネスエラ		1285		373	-14.9577
ベンジ	弁事	1285		501	-18.6282
ベントウ	べんとう	1285		437	-14.6403
ベゴノシタ	ベゴのシタ	1285		501	-18.0817
ベンギテキ	便宜的	1285	1299	17	-13.4227
ベツ	べつ	1285		99	-12.7925
ベリアル		1288		26	-13.0129
ベルギービール		1288		391	-14.0230
ベ	米	1288		501	
ベロ	べろ	1281		501	-17.6734
ベンガルズ		1288		62	-14.9515
ベ		1289		277	-17.9060
ベッリーニ		1288		416	-14.2710
ベム		1285		459	-17.4098
ベンキョウガ	勉強が	1283	148	17	-11.0044
ベスト・アルバム		1288		478	-12.1342
ベキダト	べきだと	539	164	17	-10.4169
ベッコン	別懇	1287		501	-17.4416
ベッタラヅケ	べったら漬け	1285		501	-19.2344
ベツゲン	別言	1283		340	-15.0017
ベツジョウ	別状	1285		247	-14.2576
ベンジヨ	便じよ	624		501	-18.2399
ベロンベロン		1285		501	-15.4218
ベン	抃	1288		501	
ベッコ	別箇	1287		465	-17.5369
ベルーガ		1288		407	-14.2361
ベース		1285		168	-9.1096
ベニショウガ	紅生姜	1285		93	-13.4107
ベッカ	別課	1285		501	-18.6282
ベンベン	便々	1285		501	-18.8289
ベザイテン	弁財天	1285		404	-13.5693
ベツジンミタイ	別人みたい	1285	1311	17	-13.4227
ベコ		1285		501	-18.0817
ベッショウ	蔑称	1285		408	-13.0511
ベロア		1285		242	-15.2252
ベツズリ	別刷	1285		501	-18.6282
ベッツイ	べっつい	1285		501	-19.6398
ベツアイ	別愛	1285		501	-18.6282
ベーコン		1285		75	-11.5034
ベーダ	吠陀	1285		501	-18.3181
ベイソ	米ソ	1285		501	-18.3181
ベンエキ	便益	1285		286	-13.4353
ベイコクジン	米国人	1288		408	-12.9087
ベンモウ	便蒙	1285		501	-17.0558
ベンジャミン・ブリテン		1289		416	-13.7725
ベンキョウカイ	勉強会	1288		154	-10.9621
ベジタリアン		1288		75	-12.7836
ベッサツコロコロコミック	別冊コロコロコミック	1288		396	-14.2611
ベンジタテル	弁じ立てる	619		501	-18.4303
ベータホウカイ	ベータ崩壊	1288		339	-13.8507
ベク		1292		34	-13.6026
ベテラン		1285		334	-10.9620
ベンチスタート		1288		178	-14.4008
ベクチャン	ベクちゃん	1285	1302	17	-13.1434
ベラベラ	べらべら	1281		501	-13.5090
ベタボメ	ベタ褒め	1285		501	-18.0817
ベイエイ	米英	1285		501	-19.2344
ベニタケ		1288		382	-14.9008
ベルリンコクサイエイガサイ	ベルリン国際映画祭	1288		313	-13.0931
ベンガルジン	ベンガル人	1288		160	-14.8928
ベーコン	bacon	1289		501	-16.8764
ベイ	屏	1293		3	-18.7703
ベッセイ	別姓	1285		97	-13.7535
ベンポウ	便法	1285		227	-15.7248
ベタホメ	べた褒め	1288		501	-14.3557
ベッシテ	別して	1281		28	-15.0875
ベイエイセンソウ	米英戦争	1288		417	-13.6348
ベネヴェント		1288		34	-14.6061
ベルタ		1288		329	-14.2661
ベチャリ	べちゃり	1281		501	-17.6734
ベンエン	弁円	1291		392	-15.7214
ベキ	壁	1288		501	
ベツ	瞥	1288		501	
ベト	べと	1281		54	-14.0571
ベイチュウ	米中	1285		209	-18.8289
ベンキョウネッシン	勉強熱心	1283	1287	17	-12.9017
ベキデアル	べきである	539	403	17	-10.9774
ベイケイ	米系	1285		501	-18.6282
ベースボール・チャレンジ・リーグ		1288		372	-13.6809
ベイ	屏	1285		3	-18.7703
ベネ		1289		501	-16.7429
ベレー		1285		149	-14.8914
ベンチガイ	ベンチ外	1288		488	-14.3433
ベイ	袂	1288		501	
ベルバラ	ベルばら	1288		170	-14.3099
ベンケイ	鞭刑	1285		501	-18.6282
ベースバンド		1288		20	-14.8405
ベツヤク	別訳	1285		501	-18.6282
ベンチャーキャピタル		1288		378	-13.0448
ベリー	very	1285		121	-17.9351
ベスパ		1288		190	-13.7300
ベイコクホンド	米国本土	1288		288	-14.8342
ベン	泯	1288		501	
ベタン	べたん	1281		501	-14.8083
ベツダン	別段	1287		455	-17.5369
ベッテン	別添	1283		501	-18.0694
ベーシック	basic	1287		461	-16.7040
ベスト	BEST	1289		40	-11.2681
ベッドタウン		1285		480	-12.3388
ベア		1289		149	-17.4360
ベンキョウニナリマス	勉強になります	1283	491	17	-11.3852
ベッキョコン	別居婚	1288		501	-14.5632
ベストデンキ	ベスト電器	1292		35	-12.4083
ベロンベロン	べろんべろん	1281		501	-17.6734
ベンソン		1290		255	-12.7179
ベストゴジュウ	ベスト50	1288		318	-14.8875
ベースカバー		1288		211	-14.8181
ベヤ	べや	1285		501	-19.2344
ベニゾメ	紅染め	1285		501	-18.7236
ベツ	韈	1288		501	
ベイカ	米花	1293		501	-17.7008
ベニマス	紅鱒	1285		501	-17.9351
ベイコクセイ	米国製	1288		168	-14.2320
ベヤ	室	1290		414	-20.4108
ベント		1289		64	-12.9191
ベッサツマーガレット	別冊マーガレット	1288		396	-14.1426
ベン	俛	1288		501	
ベストオブ		1288		113	-14.6874
ベビーリーフ		1288		501	-14.2399
ベンケイ	汴京	1293		58	-17.7008
ベクレル	㏃	1288		501	-20.0000
ベイセイ	米製	1285		501	-18.5412
ベン	冕	1285		128	-18.6282
ベイカー		1289		255	-11.9413
ベタグミ	べた組み	1285		501	-19.2344
ベンザイ	弁才	1285		238	-16.6592
ベルサイユノバラ	ベルサイユのばら	1288		477	-13.3166
ベイ	米	1285		209	-18.1358
ベキデハナイ	べきではない	539	473	17	-11.3981
ベリサリウス		1289		146	-13.4429
ベトナムホクブ	ベトナム北部	1288		166	-14.1287
ベンチャービジネス		1288		419	-14.8175
ベンポウ	鞭法	1285		501	-18.6282
ベスラン		1293		373	-14.5228
ベッカ	別科	1288		501	-13.9412
ベニフデ	紅筆	1285		501	-18.7236
ベーカリー		1285		442	-13.5777
ベビーベッド		1285		256	-13.7611
ベニコ	紅粉	1285		501	-17.1591
ベンキョウホウホウ	勉強方法	1283	1285	17	-12.1618
ベンパツ	弁髪	1285		440	-18.6282
ベンチョウ	弁長	1291		10	-15.6074
ベン	緜	1288		501	
ベンシ	弁士	1285		449	-14.4306
ベンジル	辨じる	619		501	-18.2480
ベンザ	便坐	1285		501	-18.6282
ベネズエラダイヒョウ	ベネズエラ代表	1288		428	-14.9821
ベンキョウホウ	勉強法	1288		85	-11.8445
ベニスズメ	紅雀	1285		501	-16.1403
ベニ		1285		400	-18.0817
ベチャ〜ッ	べちゃ〜っ	1281		501	-17.6734
ベッサラビア		1293		373	-15.9091
ベル		1285		149	-11.2091
ベンゼ	弁ぜ	595		501	-12.5318
ベッショ	別所	1285		330	-13.5286
ベキジャ	べきじゃ	539	308	17	-10.7372
ベニマス	紅ます	1285		501	-18.7236
ベンジル	弁じる	619		501	-16.1040
ベタボメ	べたぼめ	1285		501	-19.2344
ベチャッ	べチャっ	1281		501	-17.6734
ベンブ	抃舞	1285		501	-21.4027
ベイシュウ	米州	1293		19	-12.9175
ベニー	BENNIE	1290		122	-21.6000
ベーリングカイキョウ	ベーリング海峡	1288		410	-14.2725
ベラ	遍羅	1285		501	-18.7236
ベッチョ	別著	1285		501	-18.6282
ベリ		1285		462	-17.5604
ベッショ	別墅	1285		501	-17.6588
ベースタントウ	ベース担当	1288		501	-14.8342
ベツベツノ	別々の	1287	368	17	-11.4234
ベポ		1288		501	-15.5826
ベトナム		1294		240	-8.4827
ベツジン	別人	1285		97	-11.4863
ベイニチ	米日	1285		501	-18.8289
ベンタツ	鞭撻	1283		501	-15.6223
ベオ		1293		501	-16.6022
ベンゾキノン		1288		83	-14.9606
ベイ	べい	1285		501	-19.6398
ベンホウ	鞭砲	1285		501	-18.6282
ベコベコ	べこべこ	1281		501	-15.9462
ベッサツブンゲイシュンジュウ	別冊文藝春秋	1288		184	-14.5723
ベストスリー	ベスト3	1288		318	-12.7492
ベチ	べち	1287		501	-18.0477
ベルツ		1285		402	-15.3772
ベイショウ	米商	1285		501	-18.6282
ベガルタセンダイ	ベガルタ仙台	1288		372	-12.7341
ベップエキ	別府駅	1293		321	-12.7204
ベットウカオル	別当薫	1289		310	-13.6128
ベツイ	別異	1285		501	-18.6282
ベイリス		1288		225	-14.8928
ベイアン	米案	1285		501	-18.6282
ベイ		1285		347	-12.0940
ベイル		1289		470	-12.9058
ベッコウ	べっこう	1285		501	-18.9467
ベンゴシヒヨウ	弁護士費用	1285		17	-13.2289
ベニショウガ	紅しょうが	1285		93	-14.1047
ベーム		1289		416	-12.7921
ベンザ	便座	1285		95	-13.2412
ベキダッ	べきだっ	539	457	17	-10.8542
ベンナン	弁難	1283		501	-17.6899
ベットリ	べっとり	1281		501	-14.0150
ベルト		1285		64	-11.0026
ベイカン	米韓	1288		209	-14.7986
ベンテン	弁天	1285		231	-13.6162
ベイエイ	米英	1288		501	-12.8605
ベンヤミン		1288		204	-14.9536
ベースヨシモト	baseよしもと	1288		409	-14.2364
ベン	胼	1288		501	
ベッタベタ	べったべた	1281		501	-15.4142
ベツゴウ	別号	1285		501	-18.6282
ベンネイ	便侫	1285		501	-18.6282
ベン		1285		255	-13.0630
ベニショウガ	紅ショウガ	1288		501	-14.2643
ベニヤ	紅屋	1288		311	-18.5231
ベンキ	便器	1285		174	-12.2318
ベヤ	室	1298		414	-20.4108
ベトナムジン	ベトナム人	1288		408	-12.3103
ベライゾン	verizon	1288		501	-17.6581
ベイブ		1289		448	-13.2981
ベキコト	べきこと	539	1310	17	-10.2266
ベンゼツ	弁舌	1285		127	-14.1067
ベツムラ	別村	1285		501	-18.6282
ベッシ	別使	1285		501	-18.8289
ベイセン	米僊	1291		501	-18.1724
ベ	裴	1288		501	
ベンスレ	べんすれ	581		501	-16.4169
ベター	べたー	1281		501	-17.6734
ベトナムミンシュキョウワコク	ベトナム民主共和国	1288		19	-13.8458
ベッカム		1288		62	-13.4306
ベルナドット		1285		329	-13.4444
ベタリ	べたり	1281		501	-15.0670
ベビーフク	ベビー服	1285		501	-14.3088
ベルリンダイガク	ベルリン大学	1288		314	-12.7463
ベンザイテン	弁才天	1285		404	-14.2576
ベンカク	弁覚	1289		501	-17.9060
ベジタリアン	vegetarian	1285		501	-17.9351
ベストショット		1285		211	-14.4759
ベス	bess	1288		501	-14.5158
ベンドウ	弁道	1285		501	-18.6282
ベツアツカイ	別あつかい	1285		501	-18.6282
ベアー		1292		149	-12.9411
ベンジリャ	便じりゃ	618		501	-18.2213
ベキ		1285		447	-14.3013
ベリ		1289		462	-16.7429
ベイス	BASE	1288		40	-13.7469
ベルトーチカ		1288		177	-14.5448
ベッコウ	別項	1285		327	-14.0171
ベンギ	辨義	1285		501	-18.6282
ベルティエ		1285		417	-15.3674
ベンズル	べんずる	592		501	-15.5137
ベギン		1289		326	-13.0327
ベツノ	別の	1285	1310	17	-13.0453
ベニヤイタ	ベニヤ板	1285		284	-14.3878
ベンコウ	弁公	1285		501	-18.6282
ベベト		1289		501	-15.6868
ベルリナー		1288		6	-14.9327
ベーシック	basic	1288		461	-14.3923
ベッサツショウジョコミック	別冊少女コミック	1288		396	-14.6730
ベイテイ	米帝	1294		126	-17.5567
ベビーザラス	ベビーザらス	1288		501	-15.6609
ベラボウ	べら棒	1287		501	-17.7600
ベット	bet	1288		207	-14.6853
ベガス		1285		203	-14.7863
ベララベラトウ	ベララベラ島	1288		37	-14.5341
ベゴニア		1285		116	-15.2174
ベッドニ	ベッドに	1285	151	17	-10.9326
ベンドウ	辧道	1285		501	-18.6282
ベットウ	別棟	1285		414	-14.0988
ベニザケ	べにざけ	1285		501	-19.2344
ベン	辨	1285		128	-18.6282
ベンチュウ	便柱	1285		501	-18.6282
ベニハシ	紅嘴	1285		501	-18.7236
ベニウツギ	紅空木	1285		501	-18.7236
ベンロン	辯論	1283		501	-18.0694
ベイバク	米麦	1285		55	-16.0425
ベツジョウ	別条	1285		247	-15.8845
ベイメイ	米名	1285		501	-18.6282
ベンチャー		1285		378	-11.6737
ベルリン		1293		463	-9.1238
ベロベロ		1281		420	-13.3599
ベル	bell	1289		121	-16.8074
ベイグン	米軍	1285		53	-18.2535
ベンヤミン・ネタニヤフ		1289		68	-13.8951
ベルギーセン	ベルギー戦	1288		428	-14.4430
ベストファイブ	ベスト5	1288		318	-13.1958
ベイナス	米なす	1285		501	-18.6282
ベツバラ	別腹	1285		501	-18.6282
ベニバナ	べにばな	1285		2	-19.2344
ベッシ	蔑視	1283		252	-12.9916
ベンジン	弁じん	620		501	-16.0964
ベンゼヨ	弁ぜよ	596		501	-12.4966
ベンイ	便衣	1285		501	-17.0224
ベンジロウ	弁次郎	1291		501	-18.1724
ベンズリャ	便ずりゃ	591		501	-14.5313
ベキボウ	幎冒	1285		501	-18.6282
ベタ		1283		66	-17.8617
ベンメイ	弁名	1288		501	-18.5231
ベータ		1285		9	-12.6506
ベーコン	🥓	1285		501	-24.9670
ベンリ	べんり	1287		80	-18.0477
ベタボメ	べた褒め	1285		501	-19.2344
ベラ	平	1288		501	
ベンニョウキ	便尿器	1285		501	-18.6282
ベイゴウ	米豪	1285		501	-18.6282
ベッポウ	別法	1285		501	-17.1803
ベン	諞	1288		501	
ベラ		1289		149	-16.8074
ベレニケ		1288		492	-14.9334
ベン・アフレック		1289		496	-13.6211
ベイ	平	1288		501	
ベツダン	別段	1281		455	-17.2679
ベ	倍	1288		501	
ベンカイ	弁解	1283		133	-12.9856
ベイサク	米作	1291		55	-17.0823
ベッテン	別天	1291		501	-16.2265
ベッ	瞥	1288		501	
ベルマーレ		1288		372	-14.5323
ベクトルバ	ベクトル場	1288		447	-12.9123
ベニコウジ	紅麹	1285		501	-18.7236
ベリン		1288		463	-15.2689
ベッキョン		1289		501	-13.0456
ベルガモ		1293		463	-15.9091
ベンゼ	べんぜ	595		501	-15.5474
ベン	べん	1285		501	-19.9275
ベツロ	別路	1285		501	-18.6282
ベニヤ	紅谷	1290		501	-13.3504
ベントウ	弁当	1285		442	-9.9401
ベイゴマ	貝独楽	1285		501	-17.3126
ベイブリッジ		1288		129	-14.8193
ベンドウ	辨道	1285		501	-18.6282
ベイヘイ	米兵	1285		490	-13.4237
ベンフィカ		1288		348	-13.7827
ベタベタ		1281		247	-11.5883
ベッショセン	別所線	1288		280	-14.9543
ベントレー		1292		168	-12.6430
ベンジリャ	弁じりゃ	618		501	-16.0773
ベンリヤ	便利屋	1288		290	-13.2280
ベイハン	米飯	1285		75	-13.3321
ベルリンノカベホウカイ	ベルリンの壁崩壊	1288		298	-13.7317
ベッカンコウ	べっかんこう	1285		501	-17.5857
ベンロン	弁論	1283		456	-12.8201
ベンゼヨ	弁ぜよ	594		501	-12.4966
ベッカイ	別解	1285		501	-18.6282
ベーシック		1287		315	-12.6153
ベニザケ	紅ざけ	1285		501	-18.7236
ベンキョウスル	勉強する	1283	599	17	-10.3821
ベルギー		1294		463	-8.9323
ベアーズ		1289		62	-12.9197
ベツドウ	別働	1285		501	-18.6282
ベクトルカイセキ	ベクトル解析	1288		65	-14.2714
ベーシック	basic	1285		461	-17.9351
ベアトリクス		1289		492	-14.9285
ベンジ	勉次	1291		501	-18.1724
ベイセン	米潜	1285		501	-18.6282
ベンシキ	弁識	1283		501	-18.0694
ベラウ		1294		483	-15.1808
ベツダテ	別建て	1285		501	-18.6282
ベンセン	弁尖	1285		501	-18.6282
ベツベツ	別々	1287		468	-9.8290
ベツレヘム		1293		199	-12.3353
ベトナムゴ	ベトナム語	1288		340	-12.8419
ベアトリーチェ		1289		429	-12.9940
ベレット		1288		168	-15.0771
ベリイ	VERY	1288		302	-14.3472
ベツニイイ	別にいい	1281	19	17	-10.9200
ベントウバコ	弁当箱	1289		270	-11.1674
ベニシジミ	紅小灰蝶	1285		501	-18.7236
ベツヨウ	別様	1287		501	-15.7653
ベンベツ	弁別	1283		339	-13.4232
ベートーベン		1290		416	-12.1907
ベタグミ	ベタ組み	1285		501	-18.0817
ベロ		1285		149	-13.9456
ベツニ	別に	1281		468	-7.8161
ベツニ	別に…	1288		501	-13.5354
ベロビーチ		1293		372	-14.5668
ベイコクセイフ	米国政府	1288		209	-13.1252
ベタアシ	べた足	1285		501	-19.2344
ベクレル		1288		23	-14.1034
ベルカ		1289		326	-13.2961
ベネチア		1293		463	-12.8451
ベータマックス		1288		315	-14.2580
ベジ		1285		501	-14.8975
ベントウノ	弁当の	1285	368	17	-11.3877
ベッド	bed	1289		121	-13.6277
ベンスル	べんする	583		501	-16.4201
ベスト・キッド		1288		103	-14.9960
ベストセラーショウセツ	ベストセラー小説	1288		179	-14.2478
ベトナムキョウワコク	ベトナム共和国	1288		326	-14.1164
ベンジル		1288		83	-14.8595
ベタボレ	ベタ惚れ	1285		501	-18.0817
ベイジュ	米寿	1285		482	-15.2647
ベンベン	便便	1285		501	-18.8289
ベツアツラエ	別あつらえ	1285		501	-18.6282
ベンズ	弁ず	593		501	-12.4971
ベツベツ	別別	1287		501	-17.5369
ベストフォー	ベスト4	1288		491	-11.6927
ベイフツ	米仏	1285		501	-18.4612
ベトミン		1292		53	-11.9592
ベルガラス		1289		222	-13.7534
ベイノウ	米納	1285		275	-18.6282
ベッセイ	別製	1285		501	-17.5418
ベーシック	BASIC	1288		431	-11.6330
ベンセイ	鞭声	1285		501	-18.6282
ベンキ	便壺	1285		501	-18.6282
ベトナム	🇻🇳	1285		501	-24.9094
ベッチョ	べっちょ	1285		501	-19.2344
ベロニカ		1289		25	-13.6865
ベトナムジンミングン	ベトナム人民軍	1288		188	-14.9606
ベイドウ	米道	1285		501	-18.6282
ベイエン	米塩	1285		501	-17.2239
ベット	別途	1282		118	-9.8012
ベスター		1289		393	-13.8714
ベロ	べろ	1285		501	-14.6624
ベンキョウツクエ	勉強机	1283	1285	17	-13.2869
ベッタライチ	べったら市	1285		501	-19.2344
ベンキョウカ	勉強家	1283	1298	17	-13.3595
ベツミョウ	別名	1285		429	-12.5650
ベンチレーター		1285		284	-13.9371
ベニバラ	紅ばら	1285		501	-18.7236
ベストテン	BEST10	1288		318	-14.5992
ベイコクジカン	米国時間	1288		12	-14.7642
ベルモパン		1293		501	-15.0618
ベース	BASE	1289		40	-10.5282
ベップシ	別府市	1293		18	-12.5800
ベツジョ	別除	1285		501	-18.6282
ベスト・オブ		1288		203	-14.2650
ベトナムキョウサントウ	ベトナム共産党	1292		215	-13.2867
ベンチャラ	べんちゃら	1285		501	-18.1469
ベチャッ	べちゃっ	1281		501	-17.6734
ベンショウ	弁償	1283		474	-13.4476
ベツアカ	別垢	1285		501	-12.7488
ベースライン		1285		17	-12.5548
ベンサム		1289		291	-12.8580
ベイカ	米加	1285		501	-18.8289
ベイカブ	米株	1285		501	-19.2344
ベツバライ	別払い	1285		501	-18.6282
ベツクチ	別口	1285		49	-15.3204
ベノワ		1285		141	-15.0818
ベッキー		1289		25	-12.3455
ベニヤミン		1288		222	-14.9975
ベンカン	弁官	1290		403	-12.7011
ベノ	倍	1288		501	
ベンキョウカイ	勉強会	1283	1298	17	-12.3837
ベストワン	ベスト1	1288		318	-14.7115
ベッキ	別器	1285		501	-18.6282
ベトベト	べとべと	1281		501	-14.4505
ベニート・ムッソリーニ		1289		326	-12.2641
ベレゾフスキー		1289		68	-13.8064
ベイテツ	餅鉄	1285		501	-18.6282
ベンザイ	弁財	1293		501	-13.6485
ベリ		1288		462	-14.2392
ベルリン	伯林	1293		308	-17.5467
ベルリン・フィル		1292		98	-12.3228
ベニカネ	紅鉄漿	1285		501	-18.7236
ベッコク	別国	1285		501	-18.6282
ベッカン	別巻	1285		136	-13.7892
ベンゴシジムショ	弁護士事務所	1288		269	-13.7654
ベンズレ	便ずれ	590		501	-14.5313
ベイグン	米軍	1288		53	-10.4465
ベッタク	別宅	1285		311	-14.5955
ベンズリャ	弁ずりゃ	591		501	-12.4966
ベッチョウ	別蝶	1285		501	-18.6282
ベイロ	米露	1285		501	-18.9467
ベンコウ	弁甲	1285		501	-18.6282
ベタツケ	ベタつけ	675		501	-12.9359
ベンレイ	駢儷	1285		501	-16.4723
ベテ	べて	1289		17	-13.0103
ベリル		1289		470	-13.7880
ベイサイド		1289		2	-13.3367
ベンシヨ	便しよ	585		501	-14.3869
ベルゲン		1293		463	-12.0978
ベイビー		1289		203	-11.6716
ベイリクグン	米陸軍	1288		188	-13.5025
ベンゾ		1289		111	-13.3413
ベッサツ	別冊	1285		136	-12.0409
ベキ	覓	1288		501	
ベジタブル		1285		391	-14.9435
ベラスケス		1289		204	-13.0281
ベッピョウ	別表	1285		86	-12.4820
ベンジョ	便所	1285		414	-12.0141
ベア	べあ	1285		437	-14.5492
ベシ	餅子	1285		501	-18.6282
ベンジャミン・フランクリン		1289		38	-12.8490
ベロリ	べろり	1281		501	-15.9285
ベ	邊	1288		501	
ベキジョウ	べき乗	1285		447	-18.9467
ベンキョウハ	勉強は	1283	261	17	-11.0463
ベルビル		1289		140	-15.0728
ベキ	幎	1288		501	
ベップオンセン	別府温泉	1293		228	-12.9862
ベツデン	別伝	1285		10	-15.0041
ベトナムリョウリ	ベトナム料理	1288		391	-12.5999
ベチ	別	1287		468	-18.2300
ベニスズメ	べにすずめ	1285		501	-19.2344
ベ	べ	284		437	-5.6741
ベツヤク	別役	1290		170	-13.6750
ベイボク	米墨	1285		501	-18.6282
ベツニ	別に	1298	151	17	-10.3784
ベンギ	弁義	1285		501	-18.6282
ベネト		1293		501	-15.5529
ベル	べる	1289		80	-11.7849
ベイツガ	米栂	1285		501	-18.6282
ベライゾン		1288		181	-14.8862
ベストヒットユーエスエイ	ベストヒットUSA	1288		302	-14.7980
ベル		1289		149	-16.8074
ベンコウ	弁口	1285		501	-17.4708
ベタツキ	ベタつき	689		501	-12.9508
ベークライト		1285		142	-15.0017
ベツ	別	1287		468	-10.4832
ベルヌジョウヤク	ベルヌ条約	1288		456	-13.3068
ベイズ		1285		65	-14.3772
ベンガジ		1293		373	-13.6578
ベンキュー	BenQ	1292		501	-12.9863
ベトベト		1281		501	-13.2101
ベリー	berry	1289		277	-13.4843
ベッソウ	別送	1283		501	-16.1707
ベタヤキ	べた焼き	1285		501	-19.2344
ベチャーッ	べちゃーっ	1281		501	-17.6734
ベンキョウシテ	勉強して	1283	307	17	-9.8749
ベンツウ	便通	1285		457	-14.5913
ベリーズ		1294		272	-12.0794
ベンモウ	べん毛	1285		501	-18.9467
ベンス	べんす	584		501	-16.4225
ベイジン	米人	1285		324	-15.5397
ベタツク	ベタつく	679		501	-12.9317
ベー		1285		448	-15.1734
ベリ	べり	1298		3	-12.5848
ベンム	弁務	1285		346	-15.6199
ベンプク	便服	1285		501	-16.6823
ベッショウ	別章	1285		501	-18.6282
ベンエ	弁慧	1285		501	-18.6282
ベッパイ	別杯	1285		501	-17.0558
ベルゼブブ		1288		429	-14.2643
ベ	邉	1288		501	
ベイシ	米誌	1285		501	-18.5412
ベトナムセンソウ	ベトナム戦争	1288		298	-11.2765
ベッカ	別火	1285		501	-18.6282
ベンチマーキング		1288		294	-14.9536
ベ	頭	1288		501	
ベンキョウギライ	勉強嫌い	1283	1298	17	-13.5598
ベビーヨウヒン	ベビー用品	1285		17	-13.4562
ベヤ	室	1285		414	-19.9275
ベッケ	別家	1283		108	-13.4688
ベンキョウニ	勉強に	1283	151	17	-10.0262
ベクター	vector	1288		5	-14.4933
ベルサイユ		1293		98	-13.3683
ベップウ	別封	1283		193	-16.8731
ベトナムコウクウ	ベトナム航空	1292		483	-13.0829
ベツガ	別駕	1285		501	-18.6282
ベティー	betty	1289		501	-16.8074
ベブ		1289		501	-16.7429
ベリル		1288		470	-14.8608
ベースジャンピング		1288		362	-14.6061
ベ	弁	1288		501	
ベタグミ	ベタ組	1285		501	-18.0817
ベイラー		1290		62	-13.1661
ベルナルド		1289		329	-12.9510
ベータバン	ベータ版	1288		77	-12.8235
ベニイロ	紅色	1285		333	-15.6901
ベンバコ	弁箱	1285		501	-18.6282
ベルガモケン	ベルガモ県	1288		33	-14.9606
ベビーメタル	BABYMETAL	1288		67	-14.8367
ベツダ	別だ	1285	453	17	-11.1803
ベッタラヅケ	べったら漬	1285		501	-16.4702
ベッチョウ	別調	1285		501	-18.6282
ベッケイ	別掲	1283		501	-16.5234
ベラルーシ		1293		19	-13.5769
ベタッ	ベタっ	1281		501	-16.9196
ベコ	べこ	1288		150	-14.1290
ベン	眄	1288		501	
ベキカ	べきか	539	359	17	-10.1350
ベアリング		1285		95	-13.1265
ベッチョウ	別丁	1285		501	-18.6282
ベチョベチョ	べちょべちょ	1281		501	-14.5621
ベニカナメ	紅カナメ	1285		501	-18.7236
ベシャンコ	べしゃんこ	1287		501	-18.0477
ベクター	vector	1285		5	-17.8906
ベアルン		1289		34	-13.2030
ベン		1289		255	-16.8074
ベンラン	便覧	1285		342	-14.4119
ベンモウ	鞭毛	1288		355	-12.4597
ベリヤ		1285		215	-14.0129
ベンチ		1285		198	-10.7830
ベーメ		1288		366	-14.5623
ベドウィン		1288		408	-14.2333
ベアテ		1291		204	-13.3319
ベイカ	米価	1285		422	-13.8951
ベケット		1290		25	-12.3429
ベーシスト		1285		196	-11.9560
ベソ		1285		462	-15.4072
ベツアツカイ	別扱い	1285		501	-18.6282
ベクター	Vector	1289		453	-11.2573
ベガ		1289		459	-11.4082
ベムペルグ	ベムぺルグ	1289		501	-16.7429
ベーゴマ	べーごま	1285		501	-18.9467
ベンテン	弁天	1293		231	-13.2582
ベンフタ	便ふた	1285		501	-18.6282
ベイベー		1285		302	-15.1072
ベンカン	弁韓	1288		135	-14.9756
ベンシキ	弁色	1285		501	-18.6282
ベントウヤ	弁当屋	1288		501	-13.4476
ベンシュツ	娩出	1283		457	-18.0694
ベッカイ	別海	1293		371	-15.7549
ベナレス		1285		222	-15.1257
ベチョ	べちょ	1281		99	-14.6714
ベニオトメ	紅乙女	1288		501	-18.5231
ベリベリベリッ	べりべりべりっ	1281		501	-17.6734
ベツエン	別宴	1285		501	-18.6282
ベッショチョウ	別所町	1293		200	-15.4672
ベス	bes	1289		226	-10.4811
ベルリンフウサ	ベルリン封鎖	1288		298	-14.6211
ベンケイ	べんけい	1289		501	-18.1292
ベンイヘイ	便衣兵	1288		444	-14.8519
ベトミン	越盟	1288		501	-18.5231
ベッド	🛏	1285		501	-25.2132
ベニ	BENI	1289		122	-13.5720
ベントク	勉得	1285		501	-18.6282
ベルベット		1285		295	-14.1817
ベコッ	べこっ	1281		501	-17.6734
ベッセカイ	別世界	1285		212	-12.9212
ベルトコンベアー		1285		270	-15.2007
ベント	べんと	1285		501	-18.9467
ベン	汳	1288		501	
ベランダ		1285		414	-11.5223
ベンチ	澠池	1293		501	-17.7008
ベロン	べろん	1281		501	-15.6225
ベキデハ	べきでは	539	261	17	-10.5381
ベック		1289		255	-11.8560
ベンス	便す	584		501	-14.3911
ベンセヨ	べんせよ	589		501	-16.4169
ベッテイ	別邸	1285		404	-13.0753
ベンキョウニナリ	勉強になり	1283	788	17	-10.8074
ベニダマ	紅玉	1285		484	-16.9002
ベルルスコーニ		1290		68	-12.4994
ベンニョウ	便尿	1285		501	-18.6282
ベイビィ		1285		501	-15.2331
ベットウ	別当	1285		403	-12.4372
ベリベリッ	べりべりっ	1281		501	-17.6734
ベッキョウ	別境	1285		501	-18.6282
ベニズリ	紅摺	1285		501	-18.7236
ベースシャ	ベース車	1285	1298	17	-13.4973
ベニイロ	紅いろ	1285		501	-18.7236
ベッセル		1288		210	-14.8908
ベルセルク		1289		164	-12.8189
ベストアルバム		1288		478	-11.9423
ベンサク	鞭索	1285		501	-18.6282
ベニタケ	紅茸	1285		501	-18.7236
ベッキョ	別居	1283		46	-11.9253
ベリー		1285		149	-12.0732
ベイチョウ	米朝	1285		73	-18.8289
ベイチュウカンケイ	米中関係	1288		422	-14.8882
ベル	Belle	1289		44	-13.2732
ベルーナドーム		1285		501	-14.3722
ベース	base	1289		5	-11.7929
ベレロポーン		1289		222	-13.6462
ベレン		1289		222	-12.3038
ベタヌリ	ベタ塗り	1288		29	-14.4418
ベンジ	弁じ	622		501	-16.1107
ベイセイ	米西	1285		501	-18.6282
ベッ	戸	1288		501	
ベッカン	別館	1285		414	-12.7584
ベンチュリ		1288		95	-14.9129
ベンシン	弁辰	1293		501	-17.7008
ベイカ	米菓	1285		35	-18.6282
ベン	べん	1300		501	-18.1241
ベラ		1285		149	-13.5216
ベレッタ		1285		413	-14.1256
ベースキャンプ		1285		410	-14.7435
ベッサン	別産	1285		501	-18.8289
ベラボウ	可坊	1287		501	-17.2745
ベンゼン		1285		83	-12.8227
ベンブ	抃舞	1283		501	-18.0694
ベタアマ	ベタ甘	1287		501	-17.0669
ベツ	襪	1288		501	
ベイダー		1289		26	-12.1849
ベストタイム		1289		317	-13.5659
ベン	弁	1285		395	-12.2615
ベニマル	紅丸	1289		420	-13.4456
ベ	幤	1288		501	
ベンリ	便利	1287		169	-8.4609
ベリー	Berry	1288		151	-14.6837
ベネディクトゥス		1288		273	-13.5042
ベルギー	白耳義	1294		501	-17.0867
ベストニジュウ	ベスト20	1288		318	-14.7332
ベイト		1285		417	-15.3230
ベンキョウノ	勉強の	1283	368	17	-10.9478
ベッカン	べっかん	1285		501	-18.9467
ベタツカ	べたつか	683		501	-13.0824
ベルクソン		1289		291	-12.5193
ベキナ	べきな	539	454	17	-10.7587
ベンキ	卞喜	1289		501	-17.9060
ベツジ	別事	1285		501	-18.6282
ベツユデ	別ゆで	1283		501	-18.0694