レンカン	聯関	1283		501	-18.0694
レッコウ	裂溝	1285		304	-18.6282
レッティ	Retty	1288		501	-14.9210
レパートリー		1285		416	-11.5935
レミリア		1288		501	-14.2096
レスター・シティ		1288		348	-14.7503
レオパルト		1288		213	-14.7998
レンベン	蓮弁	1285		501	-18.6282
レンキ	連記	1283		13	-14.8654
レイショク	冷食	1285		501	-18.6282
レンラクサセ	連絡させ	1283	876	17	-11.3736
レイジョ	麗女	1291		501	-15.2637
レイサイ	零細	1287		169	-13.8470
レイドウ	霊道	1285		501	-18.6282
レンゴウカンタイシレイチョウカン	連合艦隊司令長官	1288		343	-12.9724
レン	臠	1288		501	
レキハマ	礫浜	1285		501	-18.6282
レン	漣	1291		122	-13.1690
レイシ	麗姿	1285		501	-17.5922
レッドパイク	赤峰	1293		3	-17.3127
レポートキジ	レポート記事	1283	1285	17	-13.3104
レイガ	麗雅	1287		501	-17.5369
レンジャー		1288		190	-12.0489
レッスルキングダム		1288		250	-13.9857
レンゾクリッタイコウサジギョウ	連続立体交差事業	1288		469	-13.1205
レイセイ	令正	1285		501	-18.6282
レイセンゴ	冷戦後	1288		388	-13.4616
レポタノシミ	レポ楽しみ	1285		17	-13.1911
レナクナッ	れなくなっ	873	786	17	-10.8179
レイノウ	霊能	1285		501	-18.3181
レンジファインダー		1288		139	-14.5566
レイバ	冷罵	1283		501	-17.8249
レイブツ	霊物	1285		501	-18.6282
レオンハルト・オイラー		1289		210	-13.3505
レンギョウ	連翹	1285		93	-15.9010
レゾリューション		1288		230	-14.9334
レイレイシキャ	麗々しきゃ	42		501	-17.0678
レタホウニ	れた方に	876	151	17	-10.6345
レイテンサンパーセント	0.3%	1288		248	-13.3306
レタッ	れたっ	876	307	17	-11.0421
レム		1285		254	-15.4833
レンコウ	練功	1285		501	-18.6282
レオ		1291		25	-9.8851
レックウザ		1288		501	-14.4275
レフレックス		1285		139	-15.4211
レイサイ	れいさい	1287		501	-17.6422
レイセイサ	冷静さ	1287	1304	17	-12.9860
レンラク	連絡	1283		271	-8.1925
レン	れん	871		331	-3.1205
レキホウ	歴訪	1283		271	-13.3897
レビューイチラン	レビュー一覧	1283		17	-11.3344
レンダリング		1288		431	-12.6705
レイシュン	麗春	1285		501	-18.6282
レディット	Reddit	1288		363	-14.9055
レイシー		1289		255	-14.1905
レイカ	霊化	1283		501	-15.9393
レイセイ	礼制	1285		501	-18.6282
レツメ	列目	1300	1298	17	-13.2686
レンゾクカンスウ	連続関数	1288		447	-14.2412
レクイエム		1285		416	-12.8507
レインボーブリッジ		1293		2	-12.2449
レツコ	烈子	1291		501	-15.3630
レコ		1289		141	-16.7429
レリ		1288		392	-14.5680
レタノハ	れたのは	876	261	17	-10.1246
レテシマッタ	れてしまった	876	435	17	-10.2755
レギンス		1285		295	-14.1315
レジリエンス		1288		419	-13.1001
レッツゴー		1285		302	-13.9456
レンコ	恋子	1291		501	-18.1724
レイシュウ	霊鷲	1288		501	-18.5231
レンジャク	連雀	1285		233	-16.1851
レッドストーン		1288		413	-14.2657
レイブンクロー		1285		501	-14.2318
レンスケ	蓮介	1291		122	-21.5140
レッカ	裂果	1285		501	-18.6282
レンアイソング	恋愛ソング	1283	1285	17	-13.4620
レーン	lane	1285		501	-17.8906
レンシュウメニュー	練習メニュー	1288		198	-13.8876
レルコトニ	れることに	870	151	17	-10.0469
レイガイテキ	例外的	1285	1299	17	-12.3852
レイビョウ	霊猫	1285		501	-18.6282
レンヨウ	連用	1283		192	-13.6898
レジーム	regime	1285		501	-17.9351
レチノールノアイガ	レチノールの愛が	1285	148	17	-11.0294
レルン	れるん	870	1310	17	-9.5838
レンダイ	蓮台	1285		297	-15.4935
レイ	鴒	1288		501	
レイハ	例は	1285	261	17	-10.9936
レキドウ	歴道	1285		501	-18.6282
レイジュウ	隷従	1283		186	-14.9651
レチノールノアイ	レチノールの愛	1285		17	-11.0294
レンパ	連破	1283		178	-14.6873
レイ	驪	1288		501	
レイカン	冷感	1285		457	-18.6282
レキガク	暦学	1285		251	-14.7387
レコ		1285		141	-13.6053
レッズ		1292		306	-11.4778
レンゴウセキグン	連合赤軍	1292		131	-12.1037
レイカ	れいか	1291		150	-13.2825
レバニラ		1288		501	-14.8218
レンアイモノ	恋愛もの	1283	1310	17	-13.1709
レコードレーベル		1288		196	-13.1272
レチノールノ	レチノールの	1285	368	17	-10.9710
レーシング		1288		421	-11.8390
レブロン		1292		62	-11.8638
レイオン	冷温	1285		112	-15.3290
レイジツ	例日	1285		501	-18.6282
レベルガ	レベルが	1285	148	17	-10.5759
レツシート	列シート	1300	1285	17	-13.0351
レルホウ	れる方	870	1310	17	-10.4198
レン	嗹	1288		501	
レーヴァテイル		1285		212	-14.5776
レット		1291		149	-11.3954
レニ		1289		366	-13.8346
レンダ	連打	1283		211	-11.3569
レキセイ	瀝青	1285		142	-15.5298
レンコン	蓮根	1285		93	-13.6135
レンザブロウ	錬三郎	1291		501	-15.9752
レイゲンドウシ	霊幻道士	1288		401	-14.6934
レイショウ	霊障	1288		457	-14.1225
レイナ	礼奈	1291		159	-15.4643
レオ		1288		25	-17.6581
レンニョ	蓮如	1293		238	-13.7509
レイ	霊	1285		212	-10.6482
レイケン	藜莧	1285		501	-18.6282
レッシャハ	列車は	1285	261	17	-10.9466
レビューキジ	レビュー記事	1283	1285	17	-12.8229
レイジー		1289		67	-13.0958
レキダイオウチョウ	歴代王朝	1288		135	-13.9541
レイタン	霊丹	1285		501	-18.6282
レルト	れると	870	164	17	-9.7235
レンゴウタイ	連合体	1285		388	-13.2130
レキ	酈	1290		440	-17.7354
レイコク	嶺谷	1285		501	-18.6282
レイシ	犂嘴	1285		501	-18.6282
レイセイ	令婿	1285		501	-18.6282
レントゲン		1285		192	-12.6573
レンカク	蓮角	1285		501	-18.6282
レミ	麗美	1291		49	-17.7414
レンセツ	連節	1285		501	-18.6282
レンダイ	れんだい	1285		501	-18.9467
レポーター		1285		409	-12.2293
レイキ	令輝	1291		501	-18.1724
レキダイ	歴代	1285		318	-9.8097
レクイエスカトインパーセ	R.I.P.	1288		367	-14.9850
レオ	礼央	1291		501	-18.1724
レイ	靈	1288		501	
レタク	れたく	876	451	17	-10.1761
レ	レ゚	1288		501	-20.0000
レイネン	例年	1285		380	-11.3396
レンセツシャ	連接車	1288		426	-13.0813
レンシン	連紳	1291		501	-18.1724
レイホク	れいほく	1293		501	-18.3940
レイシツ	麗質	1285		501	-18.6282
レンジ	連子	1285		399	-18.7236
レッドカーペット		1288		451	-14.5063
レイトウコ	冷凍庫	1285		487	-11.8580
レイ	醴	1288		501	
レテルシ	れてるし	876	304	17	-11.2339
レイセン	霊泉	1285		32	-15.1301
レイ		1288		25	-17.7693
レイノウ	靈能	1285		501	-18.5412
レタノデス	れたのです	876	460	17	-11.2229
レンチョク	廉直	1287		66	-15.8729
レイヨウ	羚羊	1285		499	-18.6282
レイザーラモン		1288		170	-15.1177
レンソウ	連装	1285		264	-11.4783
レッグプレス		1288		501	-14.8557
レンタイ	聨隊	1285		501	-18.6282
レンシュウホウ	練習法	1283	1298	17	-13.4010
レンギョウ		1285		382	-15.2616
レイセン	冷泉	1285		369	-13.7003
レモン	lemon	1285		501	-17.8906
レイトウキ	冷凍機	1288		384	-14.2194
レンジュン	蓮淳	1289		108	-15.0966
レオ	礼生	1291		501	-15.5623
レイアン	冷暗	1285		501	-18.4767
レイタツ	令達	1283		193	-15.8894
レ	礼	1288		501	
レベルニ	レベルに	1285	151	17	-10.7151
レキシガ	歴史画	1288		84	-14.3376
レルコトトナッ	れることとなっ	870	786	17	-11.0211
レイテンイチパーセント	0.1%	1288		248	-12.9552
レコ	れこ	1285		293	-14.8832
レンキンジュツシ	錬金術師	1288		429	-12.9357
レンポウ	連峯	1285		501	-18.6282
レンレン	恋恋	1285		501	-18.8289
レオンハルト		1289		0	-14.9346
レストレード		1289		51	-13.8490
レイカーズ		1288		62	-12.3054
レイシロウ	礼司郎	1291		501	-18.1724
レイサ	令さ	586		343	-13.4272
レイバイ	霊媒	1285		252	-13.6148
レンザン	連山	1285		385	-13.7811
レイチ	霊地	1285		32	-15.1159
レンシュウセイ	練習生	1288		364	-12.3295
レジオネラ		1288		100	-14.8299
レッドオーシャン		1288		501	-14.2457
レイトウチョキン	冷凍貯金	1283		17	-13.3748
レッドカード		1285		211	-13.6594
レイトウヤサイ	冷凍野菜	1283	1285	17	-13.3056
レイムサン	霊夢さん	1285	1302	17	-13.4118
レラ		1288		51	-17.6581
レイダー		1285		190	-12.8119
レタリング		1285		242	-14.8880
レギオン	region	1289		5	-13.9111
レンサツ	憐察	1283		501	-18.0694
レイショ	冷所	1285		501	-18.6282
レイチャ	れいちゃ	1285		501	-13.7604
レガリア		1288		429	-14.6006
レタサイ	れた際	876	1313	17	-10.9498
レンゾクサンシン	連続三振	1288		501	-14.1296
レイテツ	冷徹	1287		66	-12.0231
レキシモンダイ	歴史問題	1288		388	-14.1001
レイレイシカラ	麗々しから	47		501	-17.0678
レッ	劣	1288		501	
レッ	裂	1288		501	
レオナルド・ディカプリオ		1289		179	-13.3121
レツアク	劣悪	1287		169	-11.3351
レイヤード		1288		207	-14.9334
レイスケ	礼助	1291		501	-17.0738
レインボウ	RAINBOW	1289		40	-13.5690
レギオン	Region	1289		107	-11.9132
レン	れん	1291		331	-11.5596
レンジャク	れんじゃく	1285		501	-18.9467
レタ	れた	876	435	17	-6.5041
レギュレータ		1288		384	-14.8538
レイセン	玲川	1291		501	-17.0738
レッ	烈	1288		501	
レイボウ	冷房	1283		426	-18.0694
レッドライン		1289		87	-13.0499
レク		1288		184	-13.7514
レイズ		1285		306	-14.8893
レイホウ	霊峰	1291		385	-18.1724
レンショウ	連勝	1283		178	-11.3477
レキホン	暦本	1285		465	-16.6342
レッドアロー		1288		202	-14.8095
レッシャホウ	列車砲	1288		264	-14.5397
レイシツ	令室	1285		501	-18.6282
レイセイ	励声	1285		501	-18.6282
レナケレ	れなけれ	873	470	17	-11.2743
レッコク	裂谷	1285		501	-18.6282
レイン	rain	1285		121	-17.9351
レコードタイム		1288		245	-13.2364
レヌ		1289		501	-16.7429
レコードヤ	レコード屋	1288		501	-14.2710
レーダーハンシャダンメンセキ	レーダー反射断面積	1288		264	-14.8292
レキシガクブ	歴史学部	1288		314	-14.8243
レディ	ready?	1288		501	-14.9843
レイ	藜	1288		501	
レンラクサ	連絡さ	1283	605	17	-11.3142
レンタイホショウニン	連帯保証人	1288		474	-13.8739
レベルダ	レベルだ	1285	453	17	-10.8443
レンポウシュギ	連邦主義	1288		388	-14.2963
レジェンド	Legend	1289		367	-12.6467
レイシ	霊姿	1285		501	-18.6282
レンゾクハイシン	連続配信	1283		17	-13.3544
レキシシュウセイシュギ	歴史修正主義	1288		126	-13.8590
レジス		1289		140	-15.5414
レイ	蠡	1288		501	
レイヘイ	例幣	1285		231	-18.6282
レンコウ	蓮香	1291		501	-18.1724
レンゴクサン	煉獄さん	1285	1302	17	-11.0992
レンタルカノジョ	レンタル彼女	1283	1306	17	-13.3957
レテミレバ	れてみれば	876	318	17	-11.4109
レンシュウジョウ	練習場	1288		316	-12.1484
レイメイ	れいめい	1288		293	-14.9990
レイボウ	礼帽	1285		501	-17.6588
レイアン	霊安	1285		501	-18.6282
レルヨウナ	れるような	870	454	17	-10.3612
レイア	嶺亜	1291		501	-13.0378
レ	糲	1288		501	
レバ		1289		76	-16.8074
レリャ	れりゃ	869		468	-3.0331
レイコ	禮子	1291		159	-14.8283
レアル		1289		163	-12.0401
レアルクルブデポルティーボマヨルカ	RCDマヨルカ	1288		348	-14.9821
レルモノ	れるもの	870	1310	17	-10.0739
レイセイ	礼成	1293		501	-17.7008
レタノダ	れたのだ	876	453	17	-11.4279
レンド	練度	1285		501	-12.9675
レポート		1283		363	-9.9215
レン	連	1300		395	-8.7039
レギュラーメンバー		1289		409	-12.2010
レイショウ	冷照	1285		501	-18.6282
レンガ	連火	1285		501	-18.5580
レヴォーグ		1288		501	-14.9901
レーク		1285		149	-14.9178
レイレイシ	麗麗し	39		501	-17.1718
レイソウ	礼装	1285		295	-12.8071
レストラン		1285		442	-10.0688
レジウチ	レジ打ち	1285	1298	17	-13.1830
レッソク	裂足	1285		501	-18.6282
レフェリング		1288		211	-14.6961
レン		1289		149	-16.7429
レンポウセイ	連邦制	1288		388	-13.0235
レンゴウコクグンソウシレイブ	連合国軍総司令部	1288		209	-14.8862
レイナ	令奈	1291		501	-16.1442
レバノンナイセン	レバノン内戦	1288		298	-14.4130
レキダイテンノウ	歴代天皇	1285		17	-13.4281
レンギョウ	練行	1283		501	-18.0694
レイゾク	隷属	1283		135	-12.8145
レペゼン		1288		501	-14.1405
レオ	怜雄	1291		122	-21.6850
レンアイショウセツ	恋愛小説	1288		393	-12.2767
レイニー		1292		448	-13.0555
レイエン	冷延	1285		501	-18.6282
レツヅケ	れ続け	876	930	17	-10.6997
レオナ	玲於奈	1291		501	-15.7565
レイキジョウタイ	励起状態	1288		339	-13.5845
レ・ズアン		1289		215	-15.6868
レルカモシレナイ	れるかもしれない	870	473	17	-11.1893
レン	戀	1285		389	-18.7236
レファレンダム		1285		153	-15.9763
レーシングバイク	🏍	5		501	-22.0801
レキフ	暦譜	1285		501	-18.6282
レイレイシ	麗々し	39		501	-17.1718
レンラクサキ	連絡先	1283	1298	17	-13.0556
レイ	鱧	1288		501	
レイレイ	麗玲	1291		501	-18.1724
レイボウ	冷房	1285		426	-10.6515
レベルテン	レベル10	1289		283	-13.0456
レンサクカキョク	連作歌曲	1288		416	-14.9536
レッカイ	裂開	1285		333	-18.6282
レジスタ		1285		45	-11.8603
レンコ	連呼	1283		451	-11.8456
レンシュク	れんしゅく	1285		501	-18.9467
レクチン		1288		100	-14.0076
レンタルビデオテン	レンタルビデオ店	1288		501	-13.8366
レオニ		1292		501	-13.2334
レタリシテ	れたりして	876	307	17	-11.3677
レツザ	列座	1285		403	-16.3934
レテルヨ	れてるよ	876	288	17	-11.1947
レイテンヨンパーセント	0.4%	1288		248	-13.7948
レンタロウ	連太郎	1291		439	-14.6228
レッピョウ	裂氷	1285		501	-18.6282
レン	濂	1288		501	
レンタカー		1285		319	-12.2343
レンコダイ	連子鯛	1285		501	-17.3729
レイゾウ	礼蔵	1291		501	-16.1442
レイチョウ	霊寵	1285		501	-18.6282
レイタイ	霊体	1285		501	-18.6282
レテルノカ	れてるのか	876	359	17	-11.2994
レイキ	厲鬼	1285		501	-18.6282
レースチュウ	レース中	1288		63	-12.6620
レキシジジツ	歴史事実	1288		153	-14.8280
レイモン		1289		25	-13.4662
レキシガク	歴史学	1288		88	-11.6576
レンシュウダイ	練習台	1283	1298	17	-13.3957
レンタン	煉炭	1285		501	-18.6282
レキシソウゴウ	歴史総合	1288		501	-13.7913
レミントンランド		1292		92	-13.4296
レムス		1289		222	-13.0382
レースデ	レースで	1285	149	17	-11.3413
レンシュウセン	練習船	1288		343	-14.7338
レイリ	玲里	1291		501	-16.9486
レンタイセキニン	連帯責任	1288		243	-13.6736
レンタルサーバー		1288		206	-14.4434
レメディ		1288		257	-14.1986
レイショウ	霊象	1285		501	-18.6282
レントウ	連投	1285		178	-12.8387
レンキュウサイシュウビ	連休最終日	1288		501	-13.2282
レン	憐	1291		495	-12.2674
レイコ	レイ子	1291		501	-14.4491
レイ	Rei	1289		277	-13.4075
レジブクロ	レジ袋	1288		118	-12.5525
レベチ		1288		501	-13.3676
レースカー		1288		168	-14.4200
レイジ	礼司	1291		501	-14.3481
レブントウ	礼文島	1288		410	-14.3188
レモン	檸檬	1288		389	-13.7267
レズビアン		1285		216	-12.8197
レプリロイド		1285		212	-14.6597
レンカ	恋歌	1285		389	-16.8807
レイイ	霊異	1285		365	-16.0102
レイタイ	霊体	1285	1298	17	-12.9765
レヴェル		1285		351	-14.8445
レキ	癧	1288		501	
レキシテキハイケイ	歴史的背景	1285		501	-13.4427
レイミア		1289		501	-14.9658
レンシュウフソク	練習不足	1283		17	-13.4677
レツジツ	烈日	1285		501	-16.3041
レイゼイ	冷泉	1290		369	-15.3592
レジェンド		1285		203	-15.8880
レベルアゲ	レベル上げ	1285		17	-11.7785
レイジュツ	霊術	1288		251	-14.3203
レジスタンス		1285		326	-12.6089
レンビン	憐憫	1285		252	-14.8289
レンズ		1285		95	-10.3892
レツレツ	烈烈	1285		501	-18.8289
レキネン	歴年	1285		394	-16.6146
レディー	Ready	1288		367	-14.0387
レビューワダイ	レビュー話題	1283	1285	17	-12.6366
レゲエ		1285		412	-12.7630
レモンドウ	檸檬堂	1288		501	-14.5045
レンザセイ	連座制	1288		12	-14.5140
レンジュウ	連中	1285		17	-18.9467
レンタロウ	廉太郎	1291		501	-14.6942
レイショウ	零證	1285		501	-18.6282
レイケイ	麗景	1285		501	-18.6282
レンタイ	連対	1285		318	-14.2311
レンラクバス	連絡バス	1283	1285	17	-13.2077
レユーナ	rejuna	1288		501	-17.6581
レジオンドヌールクンショウ	レジオンドヌール勲章	1288		313	-13.7109
レフト		1285		198	-12.7525
レギン		1288		222	-14.4363
レイレイシケレ	麗々しけれ	40		501	-17.1216
レイガイショリ	例外処理	1288		45	-13.8994
レナイコト	れないこと	873	1310	17	-11.2104
レイビョウ	0秒	1288		501	-13.0522
レテイマス	れています	876	491	17	-8.9780
レンダイ	輦台	1285		501	-18.1929
レキダイハンシュ	歴代藩主	1285		17	-12.8203
レサ		1289		426	-16.7429
レン		1285		149	-12.0828
レールウォーズ	RAIL WARS!	1288		501	-14.8921
レツアク	劣悪	1285		169	-15.3460
レック		1292		149	-12.1824
レンサイジン	連載陣	1283	1298	17	-12.8847
レレ	れれ	868		47	-3.1234
レサン	レさん	1285	1302	17	-13.1093
レンチャン	連荘	1285		283	-18.6282
レイホウ	霊宝	1285		233	-15.0332
レイス		1288		255	-12.8559
レガース		1288		295	-14.8849
レストランチェーン		1288		442	-14.2686
レドーム		1288		95	-13.9666
レッセイ	劣勢	1287		411	-11.7537
レンアイアドベンチャー	恋愛アドベンチャー	1288		501	-14.7316
レキシ	れきし	1283		331	-13.5328
レンケイ	連携	1283		154	-9.3874
レイ	禮	1285		128	-18.4612
レイギョク	霊玉	1285		501	-18.6282
レシピカードヅケトレイ	レシピカード付トレイ	1285		17	-13.0284
レンシ	連詩	1288		297	-14.5786
レッパイ	劣敗	1285		501	-18.2289
レンキュウ	連休	1285		380	-11.5775
レムスイミン	レム睡眠	1288		192	-12.9580
レイレイシキャ	れいれいしきゃ	42		501	-17.0678
レイワニネンド	令和2年度	1288		501	-12.7739
レンジョウ	蓮杖	1291		279	-18.1724
レナイヨウ	れないよう	873	1312	17	-10.4502
レモンスカッシュ		1285		501	-15.0523
レインコート		1285		295	-13.6927
レルコトガアル	れることがある	870	772	17	-10.6637
レアメタル		1288		405	-13.5951
レジエレキ		1288		501	-14.8380
レテルケド	れてるけど	876	301	17	-10.7507
レイイチ	零一	1291		501	-15.9317
レンシュウシテ	練習して	1283	307	17	-10.4023
レスト	rest	1285		184	-17.9351
レディース		1285		362	-12.3933
レキガッ	暦学	1285		251	-18.4887
レンサハンノウ	連鎖反応	1288		339	-13.6305
レイタイサイ	例大祭	1288		482	-13.0408
レナ	怜奈	1291		122	-13.3400
レッソ	列祖	1285		501	-18.6282
レンフ	連符	1300	1285	17	-13.2161
レンカン	聯歡	1285		501	-18.6282
レイガン	霊眼	1285		501	-18.6282
レイレイシケリャ	れいれいしけりゃ	41		501	-17.0678
レッスレ	列すれ	581		403	-9.4753
レイレイシク	麗麗しく	51		501	-17.2313
レフリー		1288		211	-13.4442
レンゾウ	練三	1291		501	-18.1724
レシピドオリ	レシピ通り	1285	1298	17	-12.3219
レッカーシャ	レッカー車	1285		319	-15.2007
レツダイ	列代	1285		501	-17.5986
レノ		1289		255	-13.9876
レイキ	霊亀	1288		21	-13.8306
レイシロ	れいしろ	588		501	-16.4175
レテイ	れてい	876	930	17	-7.7959
レイセン	礼仙	1291		501	-18.1724
レイレイシケリャ	麗麗しけりゃ	41		501	-17.0678
レインボーツー	レインボーII	1288		467	-14.7503
レイ	鈴	1285		4	-15.9861
レッピン	列品	1283		501	-18.0694
レオ	leo	1288		398	-17.6581
レナ	玲那	1291		501	-14.4802
レイホウ	霊峯	1285		501	-18.6282
レイノウシャ	霊能者	1288		51	-13.2028
レマスネ	れますね	876	279	17	-11.3657
レイコ	黎子	1291		501	-15.7271
レンガ	煉瓦	1285		284	-12.2987
レイクサイド		1288		448	-14.8718
レンソウ	れんそう	1283		501	-19.2480
レイイチロウ	礼一郎	1291		501	-15.5574
レソウニ	れそうに	876	151	17	-10.7400
レイシュ	黎首	1285		501	-18.6282
レイレイシイ	麗々しい	19		501	-18.0407
レン	匳	1288		501	
レイヤー		1289		45	-10.3252
レイショウ	冷笑	1283		252	-13.0582
レイスケ	礼亮	1291		501	-18.1724
レイヒョウ	冷評	1283		501	-16.8731
レイセイニ	冷静に	1287	329	17	-10.2080
レンサイシュウリョウ	連載終了	1283		17	-12.3718
レキハク	れきはく	1285		501	-18.9467
レイテンロクパーセント	0.6%	1288		248	-13.7275
レイワニネン	令和2年	1288		501	-10.8752
レタトキニ	れた時に	876	151	17	-11.1291
レンニュウ	練乳	1285		75	-13.5178
レイ	齡	1288		501	
レンケイ	連係	1283		211	-13.7678
レイショウ	霊障	1285		457	-18.6282
レダマ	れだま	1285		501	-18.5412
レンヨウケイ	連用形	1285		327	-13.6722
レンジ	錬司	1291		501	-18.1724
レイ	囹	1288		501	
レイジ	怜二	1291		501	-18.1724
レイコウ	霊光	1285		32	-16.2571
レイトウ	冷凍	1283		487	-10.1100
レタカラ	れたから	876	297	17	-9.9706
レンサ		1285		355	-15.3446
レルンデス	れるんです	870	460	17	-10.7880
レイセツ	嶺雪	1288		501	-18.5231
レイレイシカレ	麗麗しかれ	48		501	-17.0678
レイナ	REINA	1289		122	-19.7730
レッコウ	裂孔	1285		183	-18.6282
レッドデータブック		1288		475	-13.9471
レイテン	礼典	1285		199	-15.0641
レフェリー		1285		211	-12.1952
レブフロムディーブイエル	Rev.fromDVL	1289		122	-21.6760
レ	令	1288		501	
レンミョウ	蓮妙	1289		501	-17.9060
レッシャムセン	列車無線	1292		20	-11.8946
レッキ	れっき	1285		501	-19.2344
レック	LEC	1288		383	-14.9459
レナード		1290		255	-11.8051
レイキ	励起	1283		339	-12.7352
レスト		1289		203	-13.6388
レーザーユウドウ	レーザー誘導	1288		264	-14.7872
レター		1285		363	-12.5390
レコードテン	レコード店	1288		501	-13.3599
レーズン		1285		75	-13.0299
レイセイ	霊性	1285		88	-18.5412
レブン	禮文	1285		501	-20.8800
レッドスター・ベオグラード		1288		348	-14.7276
レオス		1285		17	-13.3904
レズビアン	⚢	1288		501	-20.0000
レッドライス	REDRICE	1289		122	-20.3020
レンキョク	連曲	1285		501	-18.4767
レハジメ	れ始め	876	930	17	-11.3454
レンチョウ	孌鳥	1289		501	-17.9060
レモン	Lemon	1289		376	-12.7093
レベ		1288		501	-13.2496
レアキャラ		1285		501	-14.5653
レイシ	霊視	1285		460	-18.6282
レノン		1288		196	-11.4628
レンタイケイ	連体形	1288		327	-13.5867
レンシュウフウケイ	練習風景	1283	1285	17	-13.2289
レッショウ	裂傷	1285		337	-14.1798
レイトウ	れいとう	1283		501	-18.8426
レキドウ	暦道	1285		251	-18.6282
レタノガ	れたのが	876	148	17	-10.6815
レンラクガ	連絡が	1283	148	17	-10.3788
レイコ	怜子	1291		49	-13.9588
レイチェル	rachel	1289		501	-16.8074
レンチュウ	簾中	1285		10	-17.2696
レイミ	麗美	1291		49	-14.3152
レシートオウボキャンペーン	レシート応募キャンペーン	1285		17	-12.3000
レイセイ	冷静	1287		66	-9.1095
レクサス	LEXUS	1288		40	-14.7170
レテン	れてん	876	1310	17	-11.1661
レンチ	廉恥	1285		501	-16.7412
レーキ		1285		405	-14.3894
レタコトヲ	れたことを	876	156	17	-11.0594
レイジ	励磁	1283		384	-14.1478
レロレロ	れろれろ	1281		501	-15.2709
レンウン	連運	1285		501	-18.6282
レイウン	麗韞	1291		501	-18.1724
レミ		1289		149	-17.0306
レンソウホウトウ	連装砲塔	1285		17	-13.2641
レミー		1289		25	-12.9056
レナータ		1289		492	-15.2613
レットイットビー	let it be	1288		501	-14.9843
レオ	LEO	1289		485	-12.8758
レンゴク	煉獄	1285		429	-11.8722
レクリエーション	れくりえーしょん	1285		501	-18.5412
レオナ	れおな	1291		54	-13.4616
レトルトショウヒン	レトルト商品	1285		17	-11.3385
レタモノ	れたもの	876	1310	17	-9.6840
レッドホーン		1288		190	-14.3740
レイ	癘	1288		501	
レタクナイ	れたくない	876	473	17	-10.4608
レタケド	れたけど	876	301	17	-10.1082
レイレイシキ	れいれいしき	44		501	-17.0679
レイゲン	霊元	1289		501	-17.9060
レンキョウ	連京	1285		501	-18.6282
レイテオキカイセン	レイテ沖海戦	1288		53	-13.0415
レマセン	れません	876	515	17	-10.5065
レコンキスタ		1288		359	-12.9886
レナ	伶奈	1291		501	-16.1183
レオナ	ReoNa	1289		122	-17.3160
レスト	REST	1288		232	-14.9494
レンシュウリョウ	練習量	1288		127	-13.8400
レンバイ	廉売	1283		275	-15.7470
レナガラ	れながら	876	314	17	-10.4194
レキニンシ	歴任し	1283	610	17	-11.3703
レンアイジジョウ	恋愛事情	1288		501	-14.1176
レンコ	連弧	1285		501	-18.6282
レチタティーヴォ		1288		458	-14.0702
レテ		1292		11	-13.4796
レフバン	レフ板	1288		29	-14.6076
レイフン	0分	1288		501	-12.7394
レイミ	玲美	1291		501	-14.9723
レジオンドヌールクンショウ	レジオン・ドヌール勲章	1288		313	-14.6842
レアアイテム		1288		283	-14.0390
レンカ	れんか	1287		331	-13.6812
レキシキョウカショモンダイ	歴史教科書問題	1288		216	-14.8988
レターボックス		1288		305	-13.0770
レキシテキジジツ	歴史的事実	1288		88	-13.0064
レイ	綟	1288		501	
レイキン	麗均	1291		501	-18.1724
レンゾウ	廉藏	1291		501	-18.1724
レポートケイシキ	レポート形式	1283	1285	17	-13.4118
レンチャク	恋着	1283		501	-16.7884
レルマエ	れる前	870	1314	17	-11.0852
レタヨウナ	れたような	876	454	17	-11.2773
レインボーマン		1288		164	-14.5108
レッドウィングス		1288		62	-14.6740
レタノ	れたの	876	282	17	-11.3228
レンサイシュウリョウゴ	連載終了後	1283	1305	17	-13.4620
レンラクツウロ	連絡通路	1283	1285	17	-12.5660
レイガン	霊岸	1293		501	-17.7008
レコハツ	レコ発	1285		172	-18.0304
レスバ		1288		501	-13.8111
レテハ	れては	876	261	17	-10.9314
レキシ	轢死	1283		490	-14.6275
レイジ	霊轜	1285		501	-18.6282
レンセイ	連生	1285		501	-18.6282
レンレン	れんれん	1287		501	-12.6583
レーニンビョウ	レーニン廟	1293		130	-13.7955
レテオラズ	れておらず	876	487	17	-10.9138
レゴ		1288		296	-15.5813
レルケド	れるけど	870	301	17	-10.3416
レッド	れっど	1285		484	-15.2108
レイジ	れい志	1291		501	-17.8847
レキ	歷	1288		501	
レイリョウ	冷涼	1287		112	-17.4416
レイダース		1289		70	-12.8835
レイシロ	令しろ	588		343	-13.3417
レッツノート		1288		501	-13.6256
レンズ	れんず	1285		501	-18.5412
レン	煉	1288		501	
レンポウダイトウリョウ	連邦大統領	1288		13	-13.5247
レンゴウコク	連合国	1288		209	-10.8672
レス	れす	1283		80	-13.6589
レテルカラ	れてるから	876	297	17	-10.6159
レンサイショウセツ	連載小説	1288		136	-13.1619
レモン	lemon	1289		501	-13.8380
レルヨ	れるよ	870	288	17	-10.5073
レコード		1285		478	-10.1510
レン	廉	1291		246	-10.6996
レソウ	れそう	876	1301	17	-9.1509
レンテンマルク		1288		286	-15.0041
レイ	蛉	1288		501	
レイタク	麗沢	1285		501	-18.6282
レンシュウ	蓮舟	1291		501	-17.0738
レンジョウ	連声	1285		327	-15.4724
レッシャバンゴウ	列車番号	1288		426	-12.5090
レンドリースホウ	レンドリース法	1288		209	-14.7406
レンノウ	蓮能	1289		501	-17.9060
レンハク	連泊	1285	1283	17	-13.2552
レッシ	列子	1289		342	-15.3138
レンポウギカイカイン	連邦議会下院	1288		501	-14.7503
レンポウサンギイン	連邦参議院	1288		13	-14.6313
レイゴン	礼厳	1291		501	-15.9752
レジャーシセツ	レジャー施設	1288		480	-13.1438
レギュ		1285		501	-14.7268
レンチン		1288		501	-12.4739
レイヨウ		1285		116	-15.3111
レイイ	霊位	1285		3	-16.1883
レンアイヨウソ	恋愛要素	1283	1285	17	-12.8412
レグ		1285		178	-12.9733
レンソウ	蓮崇	1291		501	-18.1724
レベル	level	1285		5	-17.8481
レテイルヨウ	れているよう	876	1312	17	-10.5566
レン	恋	1285		51	-13.5272
レンキュウアケ	連休明け	1285	1298	17	-13.0250
レベルダカスギ	レベル高すぎ	1285	1305	17	-13.2823
レイカ	玲佳	1291		122	-16.2940
レグ		1289		178	-16.7429
レイカ	冷夏	1285		112	-14.9821
レイゴ	囹圄	1285		501	-18.6282
レイジョウ	礼譲	1285		241	-16.8518
レイジ	礼二	1291		159	-13.8055
レンラク	✉	1283		501	-23.6970
レビキ	レビ記	1288		454	-14.1712
レンタツ	練達	1283		251	-14.9292
レキモト	暦本	1285		465	-19.1342
レルコトニナッ	れることになっ	870	786	17	-10.7355
レイカン	霊鑑	1288		501	-18.5231
レイコ	reiko	1291		501	-16.5629
レンシュウスル	練習する	1283	599	17	-11.1733
レンホウ	蓮舫	1290		278	-11.4255
レンシュウ	練習	1283		364	-8.6254
レイトウホゾン	冷凍保存	1283		17	-11.8292
レオン	れおん	1289		501	-13.8367
レプリカント		1288		164	-13.6872
レイ	鈴	1291		4	-15.9861
レミオロメン		1289		67	-13.1398
レイコウ	麗紅	1285		501	-18.6282
レイノウ	隷農	1285		501	-17.1760
レンタイ	聯隊	1285		123	-14.2604
レイシキカンジョウセントウキ	零式艦上戦闘機	1288		413	-13.5861
レプリケーター		1288		89	-14.1819
レンポウトウ	連邦党	1288		38	-14.2818
レッドガワ	レッド川	1288		501	-14.8595
レジ		1285		118	-10.9802
レバンテ		1288		348	-14.4609
レイセイナ	冷静な	1287	454	17	-11.3830
レキ	礫	1285		220	-15.9742
レナイシ	れないし	873	304	17	-11.3157
レイク	例句	1285		501	-18.6282
レイショウ	禮鐘	1291		501	-18.1724
レキシヲ	歴史を	1285	156	17	-10.3501
レンシュウシ	練習し	1283	610	17	-9.8892
レキシガクシャ	歴史学者	1288		291	-11.8404
レイシキスイジョウテイサツキ	零式水上偵察機	1288		343	-14.6061
レタ		1285		501	-17.6051
レイショウ	霊照	1289		501	-17.9060
レイチョウ	黎朝	1288		135	-14.2292
レイオウ	霊応	1285		501	-18.6282
レイ	lay	1289		121	-13.8339
レヨ	れよ	872		78	-3.1238
レンケイカイジョ	連携解除	1283		17	-13.2119
レツ	れつ	1291		331	-14.8546
レムリア		1289		429	-13.3808
レンゴウカンタイ	聯合艦隊	1288		343	-14.9865
レオポルトイッセイ	レオポルト1世	1288		273	-13.9666
レーガン		1290		38	-11.3885
レツレツ	烈々	1285		501	-17.0943
レイリ	怜悧	1287		56	-14.5573
レモンティー		1285		22	-14.3579
レコードプレーヤー		1285		139	-14.4268
レルト	れると	870	309	17	-9.2101
レルヨウニナリ	れるようになり	870	788	17	-10.6767
レイヨシ	零余子	1291		501	-16.4860
レガッタ		1285		362	-14.6600
レソウナ	れそうな	876	454	17	-10.5735
レンレン	恋々	1285		501	-15.8927
レイミ	玲実	1291		501	-16.8914
レッシャシュベツ	列車種別	1288		426	-12.3263
レイナ	麗奈	1291		370	-14.8713
レキシマンガ	歴史漫画	1288		393	-14.8468
レス		1285		64	-18.0817
レタシ	れたし	876	304	17	-11.0787
レツワ	列和	1285		501	-18.6282
レンダン	聯弾	1283		501	-18.0694
レヴィストロース	レヴィ=ストロース	1288		501	-14.6201
レイスル	れいする	583		501	-16.4201
レトルト	れとると	1285		501	-18.5412
レイカ	玲花	1291		501	-14.9143
レイジ	霊璽	1285		501	-18.6282
レキシ	歴仕	1283		501	-18.0694
レーシングカー		1285		168	-12.9474
レニ	れに	1291		122	-12.6880
レイチ	霊知	1285		501	-16.9588
レポ	repo	1288		501	-14.9055
レイキョウ	霊境	1285		501	-17.8906
レイジン	霊神	1285		32	-14.8079
レイタン	れいたん	1287		501	-18.0477
レジュメ		1285		419	-13.9366
レキシキョウカショ	歴史教科書	1288		59	-13.3465
レキシテキ	歴史的	1288		88	-10.0272
レザノフ		1290		146	-13.2577
レンシュウアイテ	練習相手	1283	1285	17	-13.3904
レイ	冷	1285		487	-12.8921
レッド	RED	1289		40	-11.4146
レルカモ	れるかも	870	330	17	-10.6453
レルホウガ	れる方が	870	148	17	-11.4056
レイテキ	霊的	1287		66	-11.0537
レイハク	霊魄	1285		501	-18.6282
レルタメ	れるため	870	1313	17	-10.5894
レンタイク	連隊区	1288		489	-13.8691
レッシング		1288		204	-14.8218
レッシ	劣子	1285		501	-18.6282
レンコウ	連衡	1285		430	-15.8740
レルヨウ	れるよう	870	1312	17	-8.9808
レテイルトイウ	れているという	876	173	17	-11.2948
レイカイモノガタリ	霊界物語	1288		28	-14.5767
レルカ	れるか	870	359	17	-10.0625
レッス	れっす	584		501	-16.4225
レディン		1289		501	-15.7826
レンポウケンポウサイバンショ	連邦憲法裁判所	1288		436	-14.8035
レイ	れい	1298		437	-18.5163
レシピホン	レシピ本	1285		17	-11.9892
レイレイシカロ	れいれいしかろ	46		501	-17.0678
レッドフィッシュ		1288		37	-14.8595
レイセヨ	れいせよ	589		501	-16.4169
レマス	れます	876	491	17	-8.7857
レツコウ	烈公	1289		501	-17.9060
レンキンジュツ	錬金術	1285		212	-12.5158
レイン		1288		25	-13.7764
レベルデ	レベルで	1285	149	17	-9.9934
レナート		1288		492	-14.8868
レイコウ	冷光	1285		501	-18.6282
レイナン	霊南	1293		501	-17.0077
レイゲン	霊言	1288		323	-14.6634
レツジョ	列女	1285		501	-18.6282
レンジャース		1288		62	-14.4853
レンラクチョウ	連絡帳	1283	1298	17	-12.5679
レテイナカッ	れていなかっ	876	480	17	-10.7657
レルコトモ	れることも	870	262	17	-9.8367
レンゴ	れんご	1285		78	-13.9459
レアル・バリャドリード		1288		348	-14.8988
レッセヨ	れっせよ	589		501	-16.4169
レア		1285		283	-17.1675
レバニラ	レバ韮	1285		501	-18.0304
レッドリスト		1288		475	-12.7102
レイコン	霊魂	1285		212	-12.7338
レンタサイクル		1285		118	-13.6042
レーテ		1289		326	-13.3674
レイゲン	冷厳	1287		501	-14.9079
レタトキ	れたとき	876	1313	17	-10.6131
レッジーナ		1288		348	-15.2554
レムニスケートシュウリツ	ϖ	1288		501	-18.4167
レツイ	劣位	1285		287	-14.3936
レンダン	連弾	1283		416	-13.6734
レイ・チャールズ		1289		196	-13.5452
レー		1285		189	-13.8124
レーシングスーツ		1288		295	-14.9272
レンギン	連銀	1292		163	-13.5205
レイカイ	例会	1285		224	-13.9617
レグルス		1289		485	-13.1911
レキモト	暦本	1290		465	-17.7354
レンサイ	廉斎	1291		501	-18.1724
レーン		1288		64	-12.2302
レイコク	冷酷	1285		66	-14.0267
レーザーポインター		1288		289	-14.7932
レイ	唳	1288		501	
レイセン	冷戦	1285		298	-11.1727
レキカン	礫間	1285		501	-18.6282
レンアイロン	恋愛論	1288		103	-14.7327
レイキャクザイ	冷却材	1288		174	-13.9943
レキシガ	歴史が	1285	148	17	-10.9981
レンギ	連木	1285		501	-17.4708
レンラク	れんらく	1283		501	-18.8426
レイリョウ	冷凉	1287		501	-17.4416
レマシ	れまし	876	501	17	-8.8017
レンポウチサイ	連邦地裁	1288		38	-14.8816
レンラクシマス	連絡します	1283	491	17	-11.2643
レイスケ	令助	1291		501	-18.1724
レルコトト	れることと	870	150	17	-10.7267
レイシ	令旨	1285		193	-14.2776
レンメン	練綿	1285		501	-18.6282
レキシノオワリ	歴史の終わり	1288		291	-14.7938
レンソウゲーム	連想ゲーム	1288		409	-13.8790
レースゲーム		1288		296	-12.9881
レイタ	冷多	1291		501	-18.1724
レイボウカイゾウ	冷房改造	1285	1283	17	-13.3852
レイトウ	霊塔	1285		501	-18.6282
レイアウト	layout	1283		501	-17.5433
レイジ	Rage	1289		250	-13.7566
レッシ	列氏	1285		501	-18.6282
レンポウシュショウ	連邦首相	1288		215	-13.7130
レイバン		1288		496	-14.8576
レベリング	レべリング	1285		501	-17.8481
レン	楝	1288		501	
レイ	礼	1285		193	-11.3874
レンサイチュウ	連載中	1288		136	-11.8675
レイ	黎	1288		501	
レイゼイケ	冷泉家	1288		464	-14.2265
レシチン		1288		142	-14.7607
レン		1291		149	-10.1841
レディー・ガガ		1289		196	-13.1786
レンシャ	連写	1283		501	-18.0694
レーナ	RENA	1289		122	-18.7210
レイヤク	霊薬	1285		429	-14.7567
レビューイチランデス	レビュー一覧です	1283	460	17	-11.3458
レイガイ	例外	1285		468	-10.1447
レモラ		1288		501	-14.8711
レイワ	例話	1285		501	-17.4206
レイノアレ	例のアレ	1288		501	-14.1155
レフ・トルストイ		1289		204	-13.3446
レンゲ		1285		93	-14.1106
レルノヲ	れるのを	870	156	17	-11.3126
レイチェル		1289		25	-11.8590
レンタイチョウ	連隊長	1288		123	-12.4183
レキシショ	歴史書	1288		59	-12.0400
レイヒツ	麗筆	1285		501	-17.9816
レブン	礼文	1293		385	-13.1396
レンザ	連座	1283		133	-12.3370
レンゾクコウシンチュウ	連続更新中	1283	1305	17	-12.9924
レンジ	Range	1289		453	-12.6133
レイショク	冷食	1283		501	-13.7421
レッセ	列せ	586		52	-9.4659
レテオラ	れておら	876	1145	17	-10.9116
レンゴウグン	連合軍	1288		53	-10.4678
レンサク	連作	1283		84	-11.6513
レナ		1291		149	-11.3074
レギュラー	regular	1285		5	-17.8906
レンセイ	練成	1283		501	-18.0694
レキシエイガ	歴史映画	1288		179	-14.8666
レイフク	礼服	1285		295	-13.4194
レタタメ	れたため	876	1313	17	-10.3907
レコードガイシャ	レコード会社	1288		478	-11.2293
レディオヘッド		1288		196	-14.3717
レンイン	蓮胤	1291		501	-18.1724
レディ		1285		25	-12.1878
レモン	🍋	5		501	-21.6776
レンケイシ	連携し	1283	610	17	-10.8164
レイ	れい	1295		437	-16.7714
レイテンシ		1288		351	-13.8428
レツバク	裂爆	1285		501	-18.6282
レイカ	隷下	1285		171	-12.3108
レイリー		1289		65	-12.5151
レイガイ	冷害	1285		422	-14.1747
レディオ		1288		476	-14.1194
レプリカ		1285		414	-14.9467
レイセツ	冷雪	1285		501	-18.6282
レイモンド・チャンドラー		1289		393	-13.6316
レタッテ	れたって	876	307	17	-11.1220
レリーフ		1285		130	-12.9051
レオ	礼保	1291		501	-18.1724
レンタイサイム	連帯債務	1288		455	-14.1179
レキホン	暦本	1290		465	-19.1342
レントウ	蓮頭	1285		501	-18.6282
レイシズム		1288		388	-13.8183
レイ	羚	1288		501	
レイゾウ	霊像	1285		501	-17.3126
レイテンハチパーセント	0.8%	1288		248	-13.9894
レソウデス	れそうです	876	460	17	-10.9513
レイジュウ	霊獣	1285		429	-14.9129
レンラクセン	連絡線	1288		469	-12.3977
レイメイ	令明	1289		501	-17.9060
レイゼン	霊膳	1285		501	-18.6282
レイ	rei	1289		121	-13.6760
レコーディングマイク	🎙	5		501	-22.6184
レンポウギカイ	連邦議会	1288		13	-11.7803
レイジロウ	礼次郎	1291		501	-14.7846
レジヨコ	レジ横	1285		17	-13.1709
レタトイウ	れたという	876	173	17	-11.0231
レキ		1288		142	-15.5630
レフト	left	1289		226	-11.4987
レイトレーシング		1288		431	-14.5806
レイネツ	冷熱	1285		142	-15.5674
レテタン	れてたん	876	1310	17	-11.1040
レネ		1288		448	-14.8138
レイゲンテンノウ	霊元天皇	1289		369	-13.0697
レイゼイ	冷泉	1289		369	-15.3592
レタラ	れたら	876	433	17	-8.8214
レンチャン	連荘	1288		283	-13.6301
レイサツ	霊刹	1285		501	-18.1929
レイゼイテンノウ	冷泉天皇	1289		369	-12.9701
レイン		1291		25	-12.7352
レンレイ	連嶺	1285		501	-18.6282
レオ	怜央	1291		122	-13.7470
レオナ	玲緒奈	1291		501	-18.1724
レナ	れな	1291		36	-11.0435
レキ	暦	1298		482	-10.3097
レモンジル	レモン汁	1288		75	-12.4722
レッシロ	れっしろ	588		501	-16.4175
レンアイケイ	恋愛系	1283	1298	17	-12.5831
レンギン	連銀	1285		163	-18.6282
レンラク	連らく	1283		501	-18.0694
レキシシミュレーションゲーム	歴史シミュレーションゲーム	1288		296	-14.5295
レイマ	麗磨	1291		501	-18.1724
レダ		1289		429	-13.5150
レイ	戻	1288		501	
レイゾウ	冷ぞう	1283		501	-18.0694
レクター		1289		25	-13.1073
レイシスト		1288		462	-13.7693
レタサクヒン	れた作品	876	1285	17	-11.1886
レポート	report	1283		121	-17.5433
レースマエ	レース前	1288		63	-13.5984
レンシュ	れんしゅ	1283		78	-14.9325
レミ	remi	1289		501	-13.0330
レンゲ	蓮華	1285		32	-13.2997
レキスウ	暦数	1285		501	-16.5375
レンジ	連辞	1285		501	-18.6282
レイド		1285		203	-12.2289
レンドウキカク	連動企画	1288		24	-13.3223
レンド	錬度	1285		501	-18.6282
レイブン	麗文	1291		501	-16.1355
レイソク	令息	1285		97	-15.9336
レッショ	烈暑	1285		501	-18.6282
レイジ	黎時	1291		501	-18.1724
レイシ	霊視	1288		460	-12.8324
レキシントン		1289		138	-11.3391
レンゴウコク	連合国	1283	1298	17	-13.3852
レイ	聆	1288		501	
レヴュー		1288		318	-13.5330
レイノウ	霊能	1285		17	-13.3494
レキウン	暦運	1285		501	-18.6282
レンソウ	聯想	1283		501	-18.0694
レル	れる	870		468	-3.0723
レイジロウ	礼二郎	1291		501	-18.1724
レコーディング		1283		478	-10.0541
レンケツキ	連結器	1283	1298	17	-12.6553
レンシュウ	れんしゅう	1283		501	-18.8426
レモン		1285		75	-10.9749
レキカ	轢過	1283		289	-18.0694
レイリョク	霊力	1285		212	-13.5304
レンブンスウ	連分数	1285		447	-15.3164
レルコトガオオイ	れることが多い	870	19	17	-10.4643
レオンカヴァッロ		1285		0	-15.1855
レール		1285		284	-10.9156
レッチェ		1285		348	-14.9085
レツデン	列伝	1285		342	-12.6555
レベルデス	レベルです	1285	460	17	-11.3240
レイボウカ	冷房化	1285	1297	17	-12.5275
レイタロウ	令太郎	1291		501	-18.1724
レンシュウサンカ	練習参加	1288		306	-14.6021
レオナルド		1289		204	-11.1881
レイルズ	Rails	1288		232	-13.8004
レイナ	鈴奈	1291		501	-14.8120
レキシトウロクザイ	歴史登録財	1288		475	-13.9356
レト		1289		180	-13.0333
レンジョウ	連乗	1283		501	-18.0694
レール	rail	1285		453	-17.8906
レイコク	冷酷	1287		66	-11.8779
レモン	檸檬	1289		389	-12.6306
レクチャー		1283		451	-12.0908
レイユウ	霊祐	1291		501	-18.1724
レキダイユウショウ	歴代優勝	1285	1283	17	-13.3748
レキシノ	歴史の	1285	368	17	-10.7477
レイジュ	霊寿	1293		501	-17.7008
レキシシュウセイ	歴史修正	1288		501	-14.7695
レイ	玲	1291		370	-11.1120
レンサテキ	連鎖的	1285		501	-13.8773
レナク	れなく	873	481	17	-9.8397
レンアイタイショウ	恋愛対象	1288		127	-12.6435
レイン	rain	1289		121	-13.1040
レイテンゴミリメートル	0.5mm	1288		194	-13.9530
レイヤ	玲也	1291		501	-11.7570
レスポンス	response	1289		5	-12.6870
レガロ	regalo	1285		501	-17.9816
レブロン・ジェームズ		1289		62	-13.2019
レイジン	伶人	1285		297	-16.2470
レコードタイショウ	レコード大賞	1288		313	-14.2180
レイセイ	霊性	1288		88	-12.3867
レイセイニ	冷静に	1287	151	17	-11.0905
レタコト	れた事	876	1310	17	-10.9328
レテキタ	れてきた	876	435	17	-9.7613
レモンカジュウ	レモン果汁	1288		75	-13.6186
レジスター	register	1285		207	-17.9351
レッドパージ		1288		131	-14.4765
レイゲン	例言	1285		501	-16.9486
レイヨシ	零余子	1285		501	-20.2360
レイ	勵	1288		501	
レイチョウルイ	霊長類	1288		355	-12.7970
レイカ	麗華	1291		370	-12.8977
レウホク	嶺北	1288		397	-13.9479
レカイレカイ	レ回レ回	1285	1300	17	-13.3957
レイガッ	霊学	1285		501	-18.9467
レゴ	LEGO	1288		315	-13.3357
レイブン	礼文	1285		385	-18.8289
レースゴ	レース後	1288		245	-12.5966
レシピカードヅケ	レシピカード付	1285	1298	17	-13.0284
レトロフィット		1285		288	-15.7749
レンシ	聯詩	1285		501	-18.1929
レイコロモ	霊衣	1285		17	-13.2777
レイナ		1291		25	-12.0394
レトロニム		1288		288	-14.3229
レイティング		1288		318	-13.1119
レンジ	櫺子	1285		501	-18.6282
レイイン	霊隠	1288		501	-18.5231
レイ	礼	1291		193	-14.4845
レジリメンス		3		501	-15.9703
レタノ	れたの	876	1310	17	-9.1978
レッテルハリ	レッテル貼り	1288		186	-13.5678
レイグウ	冷遇	1283		133	-12.4404
レアル	Real	1289		367	-11.6119
レキケン	歴研	1285		501	-18.6282
レイエン	霊苑	1285		501	-18.6282
レタレトルト	れたレトルト	876	1285	17	-11.3438
レッカウランダン	劣化ウラン弾	1288		407	-14.2857
レッパク	裂帛	1285		501	-18.1929
レテイルカラ	れているから	876	297	17	-11.2012
レイレイシ	麗麗し	45		501	-17.0910
レス・ポール		1289		196	-13.6473
レンジャーズ		1289		306	-12.0893
レンゴウ	聨合	1283		265	-17.9953
レイスウ	霊枢	1285		501	-18.6282
レイワシンセングミ	れいわ新選組	1292		501	-11.2100
レンケツメン	連結面	1283	1298	17	-12.8932
レイコ	玲香	1291		262	-14.6963
レストハウス		1285		414	-14.4184
レンタロウ	練太郎	1291		501	-16.2265
レコーダー		1285		139	-12.4393
レオポルド・ストコフスキー		1289		98	-13.7164
レディーフォー	READYFOR	1288		501	-14.4502
レユーナ	れゆーな	1288		501	-18.5231
レキゼン	歴然	1285		249	-13.7879
レカイ	レ回	1285	1300	17	-13.2731
レバント		1288		373	-14.5481
レースノ	レースの	1285	368	17	-11.4225
レミントン		1288		413	-13.5749
レシートオウボ	レシート応募	1285	1283	17	-12.2947
レム		1300		254	-16.2782
レスラー		1285		334	-11.4786
レルモノデ	れるもので	870	458	17	-11.2936
レイゲンジョウコウ	霊元上皇	1288		399	-14.9190
レンジ	RANGE	1291		122	-12.7780
レンビン	憐愍	1285		501	-18.6282
レフ・トロツキー		1289		326	-13.3129
レテルン	れてるん	876	1310	17	-10.1835
レーニンシュギ	レーニン主義	1288		388	-13.9346
レイメン	冷麺	1285		93	-18.6282
レジ	れじ	1285		150	-14.8574
レオン	麗音	1291		501	-18.1724
レイジョウ	令状	1285		243	-13.2612
レツキ	列機	1285		501	-18.6282
レキ	轢	1288		501	
レタモノノ	れたものの	876	319	17	-11.1613
レジスト		1285		384	-14.2253
レイジ	例示	1283		375	-12.3668
レンサイマンガ	連載漫画	1288		136	-13.4315
レインボー	Rainbow	1289		367	-13.5381
レンケツノウゼイ	連結納税	1288		350	-14.9909
レンドラ	連ドラ	1285		476	-18.6282
レンモク	練沐	1285		501	-18.6282
レイカ	冷菓	1285		374	-15.3277
レスギ	れすぎ	876	930	17	-11.0840
レンゲ	蓮花	1290		3	-13.5177
レモネード	Lemonade	1289		501	-13.8449
レゴランド		1288		2	-14.5840
レッスン	lesson	1285		501	-17.8906
レンゾクサツジンジケン	連続殺人事件	1288		501	-13.9564
レモンノカワ	レモンの皮	1288		501	-14.7944
レキシ	れきし	1285		331	-18.9467
レッシャウンコウ	列車運行	1285	1283	17	-13.3957
レオ		1292		25	-10.2123
レンベイ	連袂	1283		501	-16.4296
レンタン	連檐	1285		501	-18.6282
レイジ	令仁	1291		501	-18.1724
レレバ	れれば	868	318	17	-10.3308
レイジン	霊人	1285		501	-18.6282
レンメイ	連名	1285		12	-12.7151
レイトウ	嶺東	1288		117	-15.0041
レボリューション	Revolution	1288		367	-13.4847
レンタロウ	錬太郎	1291		501	-15.7990
レイカ	霊華	1291		392	-16.0682
レタノ	れたの	876	368	17	-11.1028
レインズ		1289		141	-13.0955
レモンピール		1288		501	-14.9095
レテシマイ	れてしまい	876	1273	17	-10.1955
レルヨウニ	れるように	870	151	17	-9.3006
レナクテモ	れなくても	873	262	17	-11.3657
レザレクションズ		1285		501	-15.0559
レナ	伶菜	1291		501	-18.1724
レンソウ	連層	1285		501	-18.6282
レ	れ゙	1288		501	-20.0000
レルベキ	れるべき	870	539	17	-10.6827
レイオウ	厲王	1289		246	-17.9060
レンソウ	斂葬	1283		501	-18.0694
レットウセイ	劣等生	1285	1298	17	-13.2686
レイキ	玲熙	1291		501	-18.1724
レイトウショクヒン	冷凍食品	1288		442	-12.0086
レンチュウ	連忠	1291		501	-18.1724
レイン	Rain	1289		367	-11.7356
レオン	LEON	1289		40	-13.4151
レツ	列	1285		304	-10.2173
レイシ	霊鵄	1285		501	-18.6282
レヨウ	れよう	872	506	17	-10.7919
レルコトヲ	れることを	870	156	17	-10.7811
レイカン	冷感	1288		457	-14.6545
レントゲニウム		1288		501	-15.8858
レイブ	RAVE	1288		40	-14.8367
レンビン	れんびん	1285		501	-18.9467
レンバク	連瀑	1285		501	-18.6282
レッキトシタ	れっきとした	1315		56	-12.0600
レンアイカンケイ	恋愛関係	1288		501	-12.2948
レンコン		1285		75	-13.2133
レイショク	令色	1285		501	-18.6282
レターパック		1288		118	-14.3611
レキセキ	礫石	1285		55	-18.6282
レイ	玲偉	1291		501	-18.1724
レンコン	れんこん	1285		93	-18.3871
レシピカード		1285		17	-12.5329
レンシュウゴ	練習後	1288		337	-14.1470
レイニュウ	戻入	1283		501	-16.7143
レオナルド・ダ・ヴィンチ		1288		84	-13.2158
レンリツセイケン	連立政権	1288		430	-12.1863
レアナ	レアな	1287	454	17	-11.4140
レキダイサイタ	歴代最多	1285		17	-13.3199
レ	余	1288		501	
レルンジャ	れるんじゃ	870	308	17	-11.0711
レンダー	lender’s	1285		501	-17.9351
レンジ	櫺	1288		501	
レツ	れつ	1285		331	-14.2840
レンポウツウシンイインカイ	連邦通信委員会	1292		181	-13.1286
レンサハンバイトリヒキ	連鎖販売取引	1288		486	-14.2197
レン	歛	1288		501	
レテイッタ	れていった	876	435	17	-11.0474
レパード		1288		168	-14.9231
レアル・ソシエダ		1288		348	-14.2601
レイジ	澪次	1291		501	-18.1724
レイレイシケレ	れいれいしけれ	40		501	-17.1216
レンク	連句	1285		312	-14.2908
レビ		1288		149	-17.7122
レッコウ	列侯	1285		246	-14.3355
レイジョウ	令肇	1291		501	-18.1724
レイミ	礼実	1291		122	-13.6450
レップウ	烈風	1285		264	-14.4187
レン	奩	1288		501	
レテクル	れてくる	876	897	17	-11.2053
レイジ	黎二	1291		501	-18.1724
レオニード・ブレジネフ		1289		215	-13.3974
レッカー		1283		149	-14.3222
レイセンシュウケツ	冷戦終結	1285	1283	17	-13.0487
レンツォ		1289		501	-15.4865
レイキ	礼器	1285		501	-18.6282
レッシャ	列車	1285		109	-8.5910
レーエン		1288		446	-14.4250
レモネード		1285		75	-13.3429
レキセイ	歴青	1285		501	-18.6282
レンブン	連分	1300	1298	17	-12.5239
レルンダヨ	れるんだよ	870	288	17	-11.1910
レビュー	review	1283		5	-17.5433
レジェンド	LEGEND	1288		40	-14.0289
レファレンス		1288		85	-14.2789
レイ	櫺	1288		501	
レイメン	冷麵	1285		501	-18.6282
レンケイ	濂渓	1289		501	-17.9060
レイコク	例刻	1285		501	-18.6282
レイユウカイ	霊友会	1292		131	-13.0876
レットウ	劣等	1287		287	-13.6240
レイプ		1283		490	-15.1164
レイジ	礼治	1291		159	-15.7745
レイセン	麗仙	1291		501	-16.2555
レーモン		1289		273	-12.7644
レンミツヒメ	れんみつ姫	1289		501	-18.1292
レテイマシ	れていまし	876	501	17	-10.2625
レイ	麗	1291		128	-12.2300
レイミョウ	霊妙	1287		66	-14.8935
レナクナル	れなくなる	873	772	17	-11.3682
レタヨ	れたよ	876	288	17	-10.8445
レッドキング		1288		26	-13.6831
レンタン	連担	1285		501	-18.6282
レオ	玲欧	1291		501	-18.1724
レキジョ	歴女	1285		51	-18.6282
レイキュウシャ	霊柩車	1285		290	-14.1580
レンタルビデオヤ	レンタルビデオ屋	1288		501	-14.9858
レーザーディスク		1288		24	-13.1188
レタコトニ	れたことに	876	151	17	-11.3822
レガチ	れがち	876	1299	17	-10.6121
レツゼン	烈膳	1291		501	-18.1724
レイゲン	霊言	1285		323	-18.6282
レッグ		1288		63	-13.9603
レイケツ	冷血	1285		66	-15.3751
レッスル	れっする	583		501	-16.4201
レイブン	禮文	1293		501	-20.0467
レムノス		1293		166	-15.7549
レイトウゴハン	冷凍ご飯	1288		501	-14.5728
レッセン	列仙	1285		501	-18.6282
レベルファイブ	レベル5	1288		283	-13.4705
レップ		1285		419	-14.7894
レンセツダイシャ	連接台車	1288		426	-14.4464
レイヴ		1289		412	-13.2202
レン	輦	1285		117	-18.6282
レディー	ready	1289		453	-13.4314
レトルト		1285		270	-12.0932
レンタルリョウ	レンタル料	1283	1298	17	-13.5094
レンブ	蓮霧	1285		501	-18.6282
レイワゴネン	令和5年	1288		501	-13.1346
レナイト	れないと	873	164	17	-11.4162
レンラクヨウ	連絡用	1283	1298	17	-13.2915
レガシー		1288		315	-12.5599
レオノーラ		1285		11	-15.1501
レイナ	玲菜	1291		501	-15.9604
レイボウ	冷ぼう	1283		501	-18.0694
レッペン	裂片	1285		333	-18.6282
レーシングドライバー		1285		334	-12.9497
レザ		1289		501	-15.1435
レキシジョウノジンブツ	歴史上の人物	1288		393	-13.0005
レセップ	れせっぷ	1289		501	-18.1292
レンゴウソシキ	連合組織	1288		501	-14.2857
レップク	列福	1288		199	-14.1473
レイウン	嶺雲	1291		501	-16.2265
レイミョウ	霊明	1285		501	-18.6282
レアード		1289		1	-13.7292
レタイ	れたい	876	444	17	-9.8054
レテキテ	れてきて	876	307	17	-11.3834
レオ		1289		25	-16.5710
レイサイキギョウ	零細企業	1288		378	-13.6103
レガート		1285		458	-14.3496
レアル・マドリード		1288		348	-11.6939
レモンミ	レモン味	1285	1298	17	-13.4794
レイハイドウ	礼拝堂	1283	1298	17	-13.5469
レキシコウエン	歴史公園	1288		475	-14.0558
レイタク	麗澤	1285		501	-18.6282
レイカン	冷間	1285		501	-18.6282
レンニョ	蓮如	1289		238	-12.5291
レキショウ	暦象	1285		28	-15.6280
レルダロ	れるだろ	870	455	17	-11.1830
レイギサホウ	礼儀作法	1288		501	-13.3994
レンアイカン	恋愛観	1288		501	-13.7588
レテイテ	れていて	876	307	17	-9.8382
レイヨウ	麗容	1285		501	-17.9816
レリーズ	release	1285		121	-17.9351
レイマボロシ	霊幻	1285		17	-12.8820
レー		1289		189	-16.8074
レイシ	霊視	1285	1297	17	-13.2869
レーダ		1285		173	-14.3756
レキシキョウイク	歴史教育	1288		239	-13.7986
レイテトウ	レイテ島	1288		37	-12.9898
レチ	洌	1288		501	
レイバー		1288		190	-13.2519
レルトハ	れるとは	870	261	17	-11.3377
レンリツ	聯立	1283		501	-17.9953
レイ・ブラッドベリ		1289		393	-13.7446
レイセヨ	令せよ	589		343	-13.3411
レツゴ	列伍	1285		501	-18.6282
レア		1288		283	-12.4498
レツスウ	列数	1285		501	-18.6282
レンタイクシレイブ	連隊区司令部	1288		171	-14.5067
レイヤ	玲弥	1291		122	-18.5330
レキシテキ	歴史的	1285	1299	17	-11.2621
レンシ	恋矢	1285		501	-18.6282
レナカッタ	れなかった	873	435	17	-9.7479
レン	靚	1285		440	-18.3181
レンジツ	連日	1314		380	-10.2820
レンタイ	連体	1285		327	-14.8717
レツジョウ	列状	1285		501	-18.6282
レンチ		1285		95	-13.7898
レタス		1285		75	-11.8768
レイウン	霊雲	1288		501	-18.5231
レテマシタ	れてました	876	435	17	-10.7292
レイキャヴィーク		1288		272	-14.7748
レイカ	霊歌	1285		416	-16.8894
レイゾウシャ	冷蔵車	1288		319	-14.3051
レンラクキ	連絡機	1288		413	-14.9334
レツ	列	1300		304	-9.2882
レンアイシジョウシュギ	恋愛至上主義	1288		501	-14.9048
レベリング		1288		289	-13.1006
レン	臉	1288		501	
レンコ	れん子	1291		501	-15.5972
レアル	real	1289		5	-12.2602
レイレイシイ	れいれいしい	19		501	-18.0407
レテシマイマシ	れてしまいまし	876	501	17	-10.7391
レイセイ	冷靜	1287		501	-17.4416
レイジロウ	禮次郎	1291		285	-14.7192
レイソウ	霊草	1285		501	-17.6588
レン	縺	1288		501	
レアル・ベティス		1288		348	-14.3334
レンシュウヲ	練習を	1283	156	17	-10.6249
レナカッ	れなかっ	873	480	17	-9.6700
レタワケ	れたわけ	876	1310	17	-11.4198
レジデンス		1285		347	-14.2358
レイサイ	零細	1285		169	-13.3498
レイアース		1288		501	-15.0041
レテン	れ点	1285		501	-18.9467
レイサイ	霊犀	1285		501	-18.6282
レイド		1289		203	-14.3832
レイカ	伶花	1291		501	-18.1724
レンカバン	廉価版	1288		24	-12.0993
レズ	れず	873	487	17	-9.8005
レルガワ	れる側	870	1298	17	-11.1917
レイゲン	黎元	1289		501	-17.9060
レイモンド		1288		255	-13.2516
レン	鍊	1288		501	
レイカイ	例解	1285		501	-18.6282
レルノハ	れるのは	870	261	17	-9.7090
レイトウシツ	冷凍室	1288		55	-14.3948
レットイットビー	LIB	1288		232	-14.9807
レンゴウコクグンサイコウシレイカン	連合国軍最高司令官	1288		215	-14.4205
レカロ		1292		105	-13.6241
レンアイケイケン	恋愛経験	1288		56	-13.2011
レタンデス	れたんです	876	460	17	-10.8261
レイコ		1291		370	-13.1847
レオン	Leon	1289		151	-13.3960
レキシテキケイイ	歴史的経緯	1288		468	-12.4673
レタバアイ	れた場合	876	1314	17	-11.0864
レリダ		1293		501	-15.5036
レオノール		1289		329	-13.6020
レイチャン	れいちゃん	1285	1310	17	-13.1472
レルッテ	れるって	870	167	17	-10.9090
レンシュウキ	練習機	1288		413	-12.5232
レイショウ	例証	1283		88	-14.5898
レンケツケッサン	連結決算	1288		286	-14.1088
レイコ	冷子	1291		501	-13.4749
レイディ	LADY	1288		40	-14.2326
レイトク	霊徳	1285		501	-17.7303
レイ・ミステリオ		1288		141	-14.7282
レイテイ	令弟	1285		501	-18.6282
レビューサイト		1288		318	-14.4687
レイカク	冷覚	1285		501	-18.6282
レイレイシ	れいれいし	39		501	-17.1718
レスビアン		1285		186	-15.9635
レイブ		1288		412	-14.9196
レヴィン		1289		255	-13.6305
レイシャブ	冷しゃぶ	1285		501	-18.6282
レイラ		1291		25	-12.1355
レツベン	列弁	1285		501	-18.6282
レンゾクタイ	連続体	1288		65	-13.7354
レンカ	恋花	1291		501	-18.1724
レンジ	れんじ	1285		501	-19.0802
レヤスイ	れやすい	876	113	17	-10.8380
レッシヨ	列しよ	585		403	-9.4767
レイク		1285		347	-13.0782
レテマシ	れてまし	876	501	17	-10.7055
レナイノ	れないの	873	1310	17	-10.7353
レイニク	霊肉	1285		501	-16.5672
レンゾクタイカセツ	連続体仮説	1288		65	-14.5772
レイカン	冷汗	1285		501	-18.6282
レイナード		1292		421	-12.9105
レーザ		1285		384	-14.4973
レイトウノウリョク	冷凍能力	1288		31	-14.3800
レンゴクキョウジュロウ	煉獄杏寿郎	1289		501	-13.5596
レンラクシ	連絡し	1283	610	17	-9.8914
レーマン		1289		463	-13.2524
レ	禮	1288		501	
レイゲン	霊験	1285		32	-18.6282
レイズ		1289		306	-11.8990
レイナ	玲那	1291		501	-16.7401
レンゲ	蓮花	1285		3	-18.6282
レフ		1300		149	-16.3323
レキシジダイ	歴史時代	1288		94	-14.3903
レセプション		1285		224	-13.7148
レイトン		1288		417	-14.9424
レイアウト		1285		95	-12.7164
レンゾクトウコウ	連続投稿	1283		17	-11.3429
レイザン	霊山	1291		404	-15.7745
レイモツ	礼物	1285		193	-15.9827
レンゴウコクサイコウシレイカン	連合国最高司令官	1288		209	-14.7677
レンジュ	連珠	1285		137	-14.6593
レツ	裂	1288		501	
レーダーチャート		1288		501	-13.7392
レイホウ	礼砲	1285		230	-14.8595
レイワハツ	令和初	1288		501	-14.5927
レンテイ	連綴	1283		501	-18.0694
レタリ	れたり	876	360	17	-9.4281
レア		1289		283	-11.8344
レンゾクホンルイダ	連続本塁打	1283	1285	17	-13.3748
レンシュ	連取	1283		63	-15.4161
レンゴウコッカ	連合国家	1288		19	-14.4752
レギュラーシュツエン	レギュラー出演	1288		409	-11.1803
レンシュウモンダイ	練習問題	1288		85	-14.0986
レチノール		1285		100	-12.1777
レイヨウ	黎陽	1293		501	-17.7008
レッス	列す	584		403	-9.4809
レイ	〇	1295		343	-7.5332
レイ		1291		25	-10.2396
レイノ	麗乃	1291		501	-15.0027
レグザ	REGZA	1288		315	-14.8224
レーガー		1289		416	-13.5971
レイカ	例歌	1285		501	-18.6282
レナイカ	れないか	873	359	17	-11.4238
レイオフ		1285		474	-14.4397
レンオン	連音	1288		327	-14.5594
レイショ	隷書	1285		342	-14.5159
レギュラーボーナス		1288		283	-14.6333
レコーズ		1289		196	-13.1958
レビューヲ	レビューを	1283	156	17	-11.2658
レキ	靂	1288		501	
レイジ	玲司	1291		501	-13.6807
レンタルイセキ	レンタル移籍	1288		348	-11.9136
レチャッ	れちゃっ	876	307	17	-10.5307
レイ		1289		25	-17.0306
レイホウ	霊峰	1285		385	-14.7593
レイハイ	零敗	1285		501	-18.6282
レンサイトウジ	連載当時	1283	1314	17	-13.3199
レイサク	令作	1291		343	-13.5874
レナイン	れないん	873	1310	17	-10.9611
レキレキ	歴々	1285		501	-16.7248
レイ		1285		25	-11.5973
レイリア		1289		41	-15.0728
レジェンズ		1289		415	-12.6355
レッド・ツェッペリン		1288		196	-12.6932
レキダイコクオウ	歴代国王	1288		273	-14.9606
レベルジャナイ	レベルじゃない	1285	473	17	-11.1217
レッシャ	れっしゃ	582		501	-16.4169
レイゼン	霊前	1285		392	-15.2831
レイン	RAIN	1289		302	-13.5690
レイカイ	霊怪	1285		501	-18.6282
レンユウ	蓮祐	1289		501	-17.9060
レイレイシイ	麗麗しい	19		501	-18.0407
レイキャク	冷却	1283		174	-10.7178
レズリー		1289		11	-14.0896
レイイ	礼意	1285		501	-18.6282
レンサイシ	連載し	1283	610	17	-11.3344
レイレイシカレ	れいれいしかれ	48		501	-17.0678
レイカ	玲可	1291		501	-17.0738
レキソウ	礫層	1285		501	-18.6282
レイキュウ	霊きゅう	1285		501	-18.6282
レンボ	恋慕	1283		161	-13.9986
レンサイサ	連載さ	1283	605	17	-11.0128
レインボー	れいんぼー	1285		501	-18.5412
レンケツコガイシャカ	連結子会社化	1283		501	-14.8054
レンキャク	連客	1285		501	-18.8289
レベルデザイン		1288		501	-14.7054
レンスイ	連翠	1288		501	-16.3830
レルバアイ	れる場合	870	1314	17	-10.5248
レロ	れろ	874		468	-3.0368
レーニン		1289		326	-10.5242
レダマ	連玉	1285		501	-18.3181
レオ	嶺緒	1291		501	-18.1724
レイキョウ	礼教	1285		501	-18.6282
レオス・キャピタルワークス		1288		501	-14.5623
レキ	轣	1288		501	
レンゴウオウコク	連合王国	1288		446	-12.8295
レッコウ	裂肛	1285		501	-18.6282
レンカ	蓮加	1291		122	-18.6410
レイイチ	麗一	1291		501	-16.2853
レニン		1288		83	-14.8487
レキレン	歴練	1285		501	-18.6282
レイバイシ	霊媒師	1288		161	-13.8592
レキシテキカナヅカイ	歴史的仮名遣	1288		327	-13.8533
レルワケ	れるわけ	870	1310	17	-11.0222
レンドウソウチ	連動装置	1293		384	-13.3570
レイコ	礼子	1291		370	-18.1724
レイ・セフォー		1289		250	-13.7534
レイ	隸	1288		501	
レジェンズ	Legends	1288		367	-14.8206
レイレイシカロ	麗々しかろ	46		501	-17.0678
レッシャダッセンジコ	列車脱線事故	1288		425	-14.8132
レタワ	れたわ	876	291	17	-10.8202
レギャン		1293		501	-15.4816
レペゼンフォックス	RepezenFoxx	1289		122	-12.3570
レソト		1294		272	-12.5365
レンサイチュウ	連載中	1283	1305	17	-12.3136
レイブ	礼部	1285		403	-18.6282
レンシン	蓮心	1291		501	-18.1724
レンポウジュンビギンコウ	連邦準備銀行	1288		13	-14.7463
レン	斂	1288		501	
レーン		1285		64	-12.1589
レシピヲ	レシピを	1285	156	17	-10.9461
レッシャ	れっしゃ	1285		99	-14.7851
レンケツシャ	連結車	1288		426	-14.5538
レギュラーバングミ	レギュラー番組	1288		305	-11.7247
レンゴウカイ	連合会	1283	1298	17	-13.3296
レファレンス	reference	1285		5	-17.9351
レッドハットリナックス	Red Hat Linux	1288		77	-14.9129
レンゲ	れんげ	1293		437	-13.0064
レイテンニパーセント	0.2%	1288		248	-13.4231
レイゲキ	霊撃	1285		501	-18.6282
レンゾクシテ	連続して	1283	307	17	-11.4065
レイカ	麗火	1291		501	-18.1724
レイワヨネン	令和4年	1288		501	-11.6213
レーベル		1285		478	-10.5181
レッドウォーリアーズ	REDWARRIORS	1289		122	-21.7130
レオ	れお	1291		501	-18.1724
レイサイ	冷菜	1285		501	-18.6282
レカイレ	レ回レ	1285		17	-13.2731
レイ	隷	1285		128	-18.6282
レンアイ	れんあい	1283		331	-15.0017
レツゴ	劣後	1285		456	-14.7072
レアンドロ		1289		348	-13.6924
レンポウケイサツ	連邦警察	1292		188	-13.4518
レイテンキュウパーセント	0.9%	1288		248	-13.9575
レイリーサンラン	レイリー散乱	1288		423	-14.9692
レイトシテ	例として	1285	179	17	-10.6443
レシフェ		1285		272	-15.2516
レッシャヘン	列車編	1285	1298	17	-12.8546
レイウ	冷雨	1285		501	-17.0409
レルトイウ	れるという	870	173	17	-10.5495
レインボウ	れいんぼう	1285		501	-18.5412
レナール		1285		1	-15.1861
レイガク	霊学	1285		501	-18.3871
レーシングカー	🏎	1285		501	-24.7202
レンタイシテ	連帯して	1288		444	-14.1200
レイディオン	Radeon	1288		315	-14.3361
レイカク	霊格	1285		501	-18.6282
レンアイモノ	恋愛もの	1283	1298	17	-13.2552
レイシ	茘枝	1285		501	-16.3817
レタコト	れたこと	876	1310	17	-9.2317
レイタク	令鐸	1291		501	-18.1724
レイエン	霊園	1285		229	-13.3929
レギュラーガソリン		1288		315	-14.1706
レンショウキロク	連勝記録	1288		178	-12.9971
レイセン	醴泉	1285		58	-18.6282
レタト	れたと	876	164	17	-9.8340
レイテンゴパーセント	0.5%	1288		248	-12.7989
レックスデカルヘックス	Lex	1289		44	-13.6123
レンゾクシ	連続し	1283	610	17	-11.1423
レンポウシュウ	連邦州	1288		13	-14.3919
レイタイ	冷態	1285		501	-18.6282
レキ	暦	560		482	-13.2982
レース	race	1288		121	-14.5313
レイボ	鈴慕	1291		501	-18.1724
レジマエ	レジ前	1285	1314	17	-12.9367
レマスヨ	れますよ	876	288	17	-10.9741
レンジャク	連尺	1285		200	-16.9486
レイダイ	例題	1285		45	-13.3594
レテイク	れていく	876	992	17	-10.1828
レンコン	漣痕	1285		501	-18.6282
レンゾクセイ	連続性	1283	1298	17	-12.3191
レッコウ	裂口	1285		501	-18.6282
レストア		1288		319	-13.2642
レツハバ	列幅	1285		501	-18.6282
レオパルトツヴォー	レオパルト2	1288		413	-14.1842
レルヨウニナル	れるようになる	870	772	17	-10.9491
レコーディング・エンジニア		1288		196	-13.7398
レイデン	礼電	1285		501	-18.6282
レシーブ		1283		377	-13.0868
レイジョウ	霊場	1285		404	-13.0303
レイソク	霊速	1285		501	-18.6282
レタッチ		1288		139	-12.5757
レタレトルトショウヒン	れたレトルト商品	876	1285	17	-11.3503
レイ	れい	1285		437	-12.2554
レンサイカイシ	連載開始	1283		136	-11.7066
レベルヲ	レベルを	1285	156	17	-11.2382
レギュラーシーズン		1288		377	-11.3490
レイコ	れい子	1291		370	-13.3888
レビュ		1292		501	-12.3902
レク		1285		184	-16.6170
レッスルワン	WRESTLE-1	1288		141	-14.4541
レベ		1285		501	-15.1024
レンメ	連目	1300	1298	17	-12.3095
レンペイ	錬平	1291		501	-18.1724
レフ	REV	1289		315	-13.3388
レッドフレーム		1288		190	-14.9008
レイキャクソウチ	冷却装置	1288		174	-14.0117
レイ	令	1298		275	-9.3868
レイヤー		1285		45	-14.1178
レキチュウ	暦注	1288		482	-14.0317
レイワナナネン	令和7年	1288		501	-14.6869
レキシチク	歴史地区	1288		347	-13.6430
レッドサン	レッドさん	1285	1302	17	-13.4736
レツニク	裂肉	1285		382	-18.6282
レンショ	連署	1283		193	-12.8183
レテカラ	れてから	876	147	17	-10.6852
レンタン	練炭	1285		270	-13.6982
レンシャ	輦車	1285		501	-18.6282
レンパ	連覇	1283		7	-10.8484
レイイ	霊威	1285		365	-15.5700
レイカ	令下	1285		501	-18.6282
レキシカ	歴史家	1288		189	-11.1804
レグホン	れぐほん	1285		501	-18.5412
レインボー	RAINBOW	1288		40	-14.9699
レシピ	recipe	1285		501	-17.8906
レンポウセイフ	連邦政府	1292		13	-9.9316
レイエキ	霊液	1285		501	-18.6282
レア		1287		283	-10.2791
レナクテ	れなくて	873	307	17	-10.5197
レイゾウ	冷蔵	1283		270	-12.2558
レルホド	れるほど	870	354	17	-11.3839
レンアイモヨウ	恋愛模様	1288		322	-13.7140
レンテツ	練鉄	1285		501	-18.6282
レオーネ		1289		179	-12.1094
レンソウ	聯奏	1283		501	-18.0694
レンザ	連坐	1283		440	-18.0694
レイコ	怜以子	1291		501	-18.1724
レンラクスル	連絡する	1283	599	17	-10.9370
レイ	犂	1288		501	
レナケレバ	れなければ	873	318	17	-11.2762
レート		1285		286	-11.4337
レンネン	連年	1285		8	-14.6013
レイ	例	1285		468	-8.1809
レコチョク		1292		24	-12.9397
レティ		1289		11	-14.1002
レンアイキンシ	恋愛禁止	1283		17	-13.2552
レ	les	1285		260	-17.8906
レンシュウヨウ	練習用	1283	1298	17	-12.7727
レイイキ	霊域	1285		435	-15.9879
レム		1289		254	-11.8231
レート	rate	1285		5	-17.8481
レン	簾	1288		501	
レナ	玲奈	1291		370	-12.3242
レッドゾーン		1288		31	-14.3592
レイナ	玲奈	1291		370	-14.6651
レイセンジダイ	冷戦時代	1285		17	-12.8654
レイハイ	霊牌	1285		501	-18.6282
レツリツ	列立	1283		501	-16.7425
レンアイソウダン	恋愛相談	1288		451	-13.0962
レイジ	怜史	1291		122	-19.3080
レイ	伶	1288		501	
レンヨウ	蓮蓉	1288		501	-18.0376
レイセン	令箭	1285		501	-18.6282
レイボウシャ	冷房車	1285	1298	17	-12.7301
レンゾクチュウゾウ	連続鋳造	1288		270	-14.8855
レスナー		1288		250	-14.2116
レキチョウ	歴朝	1285		501	-16.5375
レッシン	劣紳	1285		501	-18.6282
レンリツホウテイシキ	連立方程式	1288		447	-13.7620
レルトキ	れる時	870	1313	17	-11.3216
レイカン	冷寒	1287		501	-17.4416
レイモ	例も	1285	262	17	-10.8784
レネ		1289		448	-16.7429
レンバン	連判	1283		193	-14.5412
レイキチ	礼吉	1291		501	-17.0738
レイジ	霊示	1285		501	-18.6282
レンポウホウ	連邦法	1285	1298	17	-13.5033
レンポウソウサキョク	連邦捜査局	1292		490	-12.6680
レイヒョウ	嶺表	1293		501	-17.7008
レンシュウカイ	練習会	1283	1298	17	-12.5311
レノボ		1292		315	-12.4141
レイキン	礼金	1285		474	-14.4438
レッシャノ	列車の	1285	368	17	-10.9478
レイケン	霊験	1285		32	-13.8960
レズ		1289		122	-12.1538
レイミン	隷民	1285		501	-18.6282
レン	錬	1291		281	-17.6615
レンガ	連歌	1285		251	-12.9423
レイウン	霊雲	1289		501	-17.9060
レイキュウ	霊柩	1285		233	-15.0302
レイマイ	令妹	1285		501	-18.0304
レレツレ	れれつれ	3		501	-16.9819
レポジトリ		1288		197	-14.8968
レンヌ		1293		463	-15.9662
レキシテキケンゾウブツ	歴史的建造物	1288		480	-12.5455
レンシュウカンタイ	練習艦隊	1288		343	-14.4288
レテイキ	れていき	876	1012	17	-11.4347
レンアイマンガ	恋愛漫画	1288		322	-13.8770
レイトウシーフードミックス	冷凍シーフードミックス	1288		501	-14.7748
レコードガチ	レコード勝ち	1288		245	-14.3125
レンク	聯句	1285		501	-18.6282
レンケイ	連繫	1283		501	-18.0694
レイブン	禮文	1285		501	-18.7236
レイスイ	霊水	1285		114	-16.3571
レオナペタス	レオナ・ペタス	1289		122	-20.9660
レチノールクリーム		1285		501	-13.6286
レベルジャネーゾ	レベルじゃねーぞ	1288		501	-14.8500
レキサン	暦算	1285		501	-18.6282
レンズコウカン	レンズ交換	1285	1283	17	-13.3748
レンサイ	連載	1283		136	-8.6292
レンシ	廉子	1291		501	-18.1724
レマクッ	れまくっ	876	1182	17	-11.3189
レイヨウ	峰葉	1291		501	-18.1724
レテルンダ	れてるんだ	876	453	17	-10.9692
レイガイキテイ	例外規定	1288		456	-13.7492
レチナール		1285		83	-14.7929
レベルアップ		1283		283	-11.4644
レガシィ		1288		168	-13.6082
レナ		1289		149	-16.7429
レンジュ	聯珠	1285		279	-18.6282
レッカ	列火	1285		501	-18.4767
レン	櫺	1288		501	
レマセ	れませ	876	495	17	-10.5007
レモン	檸檬	1291		389	-13.0860
レンエイ	蓮英	1291		501	-18.1724
レイワゴネンド	令和5年度	1288		501	-13.8238
レールバス		1288		426	-13.6998
レンケツコガイシャ	連結子会社	1288		378	-12.2890
レヒナー		1289		501	-14.7448
レンラク	聯絡	1283		117	-18.0694
レッツ	Let's	1288		367	-12.6294
レシピシュウ	レシピ集	1285	1298	17	-13.0983
レイザブロウ	麗三郎	1291		501	-17.0738
レジャー		1285		442	-11.9298
レイサ	霊査	1285		501	-18.6282
レツジョウ	劣情	1285		56	-14.4586
レテイルノ	れているの	876	1310	17	-9.7394
レイホク	嶺北	1293		397	-17.7008
レイゲツ	例月	1285		501	-17.5116
レテルト	れてると	876	164	17	-11.1913
レフト	left	1285		226	-17.8906
レン	聯	1285		346	-13.5062
レイハダ	冷肌	1285		501	-18.6282
レモンサン	れもんさん	1285	1302	17	-13.3395
レーサーレプリカ		1288		168	-14.3285
レイボウソウチ	冷房装置	1285	1283	17	-12.2304
レンメイ	連盟	1285		131	-10.2644
レイコ	令湖	1291		501	-18.1724
レンタイカン	連帯感	1285		501	-14.1425
レプチン		1288		100	-14.1914
レ	連	1288		501	
レッキョ	列挙	1283		375	-11.1908
レシーブ	receive	1283		501	-17.5433
レキレキ	瀝瀝	1285		501	-18.8289
レイトウハンバーグ	冷凍ハンバーグ	1288		501	-14.3968
レテイルモノ	れているもの	876	1310	17	-10.7753
レジェンドシップ		1285		501	-15.2061
レアケース		1288		227	-13.9055
レタノデ	れたので	876	316	17	-10.0996
レッドヨシダ	レッド吉田	1289		122	-20.9040
レグニッツガワ	レグニッツ川	1288		120	-15.0041
レンアイ	戀愛	1283		501	-18.0694
レンパイ	連敗	1283		178	-11.8219
レイドウ	霊童	1285		501	-18.6282
レキシテキナ	歴史的な	1285	454	17	-11.3236
レイヨウ	霊鷹	1285		501	-18.6282
レウス		1285		400	-14.9147
レイグウ	礼遇	1283		193	-14.0968
レツチョウ	列長	1285		501	-18.6282
レイスレ	れいすれ	581		501	-16.4169
レンアイバナシ	恋愛話	1283	1297	17	-13.1168
レツガイ	列外	1285		501	-18.6282
レイ	零	1295		26	-9.1511
レッドブル・レーシング		1288		421	-14.6226
レイコ	Reiko	1289		501	-13.8686
レイセイ	靈精	1285		501	-18.6282
レンクウ	蓮空	1289		501	-17.9060
レンズツキフィルム	レンズ付きフィルム	1288		227	-14.8595
レンセン	連戦	1283		178	-11.4590
レッシロ	列しろ	588		403	-9.4759
レンタロウ	蓮太郎	1291		501	-14.1687
レーダーサイト		1293		171	-12.9310
レンメン	連綿	1285		312	-13.3385
レイシュ	冷酒	1285		501	-17.3863
レイテツ	冷徹	1285		66	-15.1943
レンアイドラマ	恋愛ドラマ	1283	1285	17	-12.5698
レシピドウガ	レシピ動画	1285		17	-13.2507
レスポール		1289		168	-12.4798
レイスレ	令すれ	581		343	-13.3411
レイサ	れいさ	586		501	-16.5029
レルナンテ	れるなんて	870	348	17	-11.3724
レンシュウホウホウ	練習方法	1283	1285	17	-12.9074
レイレイシカラ	麗麗しから	47		501	-17.0678
レンゼン	連銭	1285		501	-18.6282
レンゾクテキ	連続的	1288		501	-12.7146
レコハツ	レコ発	1288		172	-14.9771
レジスター		1285		64	-14.3813
レイレイ	麗黎	1291		501	-18.1724
レクレーション		1285		419	-15.1978
レーシングカート		1288		421	-14.3188
レツジャク	劣弱	1287		501	-15.8321
レテマス	れてます	876	491	17	-9.9652
レズ		1285		122	-15.4578
レイジン	麗人	1285		22	-15.3177
レントウ	連闘	1285		501	-18.6282
レンパク	連泊	1285		501	-18.6282
レタヨウ	れたよう	876	1312	17	-10.6258
レンガ	れんが	1285		256	-15.1126
レルコト	れる事	870	1310	17	-10.3818
レンラクシツレイ	連絡失礼	1283		17	-12.9103
レモン	れもん	1285		80	-13.4821
レンゲツ	蓮月	1291		285	-14.6113
レンゾクテキ	連続的	1283	1299	17	-12.5401
レンスイ	れんすい	1288		501	-18.5231
レディ	Lady	1289		367	-12.2388
レン	錬	1298		281	-18.1108
レンダク	連濁	1283		327	-14.5362
レール	れーる	1285		501	-14.0329
レイモンド・スプルーアンス		1289		343	-13.5042
レッカバン	劣化版	1283	1298	17	-13.2333
レンセンレンパイ	連戦連敗	1288		411	-14.9713
レジェンド	LEGEND	1289		40	-13.8602
レイ	0	1295		361	-15.8551
レイレイシキ	麗々しき	44		501	-17.0679
レンドバトウ	レンドバ島	1288		37	-14.7854
レッカ	れっか	1285		501	-18.9467
レンゴウカイギ	連合会議	1288		13	-14.5350
レンタルスペース		1288		501	-13.9793
レイシ	令姉	1285		501	-18.3451
レイグウ	霊宮	1285		501	-18.6282
レビン		1289		168	-13.1583
レイシャ	令しゃ	582		343	-13.3411
レッドブル		1292		421	-10.8796
レンアイジョウジュ	恋愛成就	1283		17	-13.3697
レバナス		1285		501	-14.8590
レッシン	烈震	1285		120	-16.4310
レヴィナス		1289		291	-13.4291
レギュラージン	レギュラー陣	1285	1298	17	-13.3444
レイレイシュウ	麗々しゅう	49		501	-17.0678
レスリー		1288		255	-13.4884
レキシケンキュウカ	歴史研究家	1288		323	-14.6687
レヴュースタァライト		1285		501	-14.6319
レルカナ	れるかな	870	275	17	-11.4356
レイシ	令嗣	1285		501	-17.6183
レイレイシュウ	れいれいしゅう	49		501	-17.0678
レード	raid	1285		501	-17.9351
レンシュウカン	練習艦	1288		230	-13.7490
レプティリアン		1288		484	-14.5054
レイジ	0時	1288		501	-10.9057
レイテンナナパーセント	0.7%	1288		248	-13.7751
レイジ	零児	1291		501	-17.1428
レキシスキ	歴史好き	1285	1299	17	-13.4337
レイゲン	励言	1283		501	-18.0694
レタリスル	れたりする	876	599	17	-10.8684
レンパツ	連発	1283		211	-10.9507
レイネ	玲音	1291		501	-18.1724
レイレイシカロ	麗麗しかろ	46		501	-17.0678
レンポウジュンビセイド	連邦準備制度	1292		286	-12.5583
レテイタ	れていた	876	435	17	-8.1842
レンゾクドラマ	連続ドラマ	1288		305	-11.7253
レンポウコッカ	連邦国家	1288		19	-13.6033
レイノルズ		1290		255	-12.4922
レンアイハ	恋愛は	1283	261	17	-11.3981
レップク	列福	1285		199	-18.6282
レンケイ	聯繋	1283		501	-18.0694
レ	玲	1288		501	
レアカード		1288		283	-13.8318
レルヨテイ	れる予定	870	1283	17	-11.2310
レンシュウジカン	練習時間	1283	1314	17	-12.9641
レキダン	轢断	1283		418	-15.7290
レンダイ	蓮台	1293		297	-17.7008
レンアイノウ	恋愛脳	1283	1285	17	-13.5598
レンサイサクヒン	連載作品	1283	1285	17	-12.6723
レン	len	1289		461	-13.8665
レンソ	蓮祖	1289		501	-17.9060
レッシャアイショウ	列車愛称	1288		202	-13.5060
レーザー		1285		384	-11.3263
レッシ	烈士	1285		238	-14.8760
レイハイドウ	礼拝堂	1288		130	-12.1484
レルシ	れるし	870	304	17	-10.5265
レイ	励	1288		501	
レジナルド		1288		255	-14.5874
レイセン	零戦	1288		343	-11.7242
レンブ	練武	1285		501	-17.1262
レンボウ	連帆	1288		501	-18.5231
レンガ	蓮賀	1291		501	-18.1724
レシプロエンジン		1292		264	-11.4594
レイベ	礼部	1290		403	-13.0350
レッキ	歴	1285		334	-14.6044
レシピカードメモリツキ	レシピカードメモリ付き	1285	1298	17	-13.4010
レビュアー		1288		363	-12.3335
レトロゲーム		1288		296	-13.3289
レンゴウカイ	連合会	1288		300	-12.0113
レイセイパスタ	冷製パスタ	1288		501	-14.6247
レイメイ	令名	1285		279	-16.7805
レギオン		1289		459	-12.3170
レンデ	連で	1300	149	17	-11.2328
レンアイモノガタリ	恋愛物語	1288		501	-14.7831
レンホウ	人和	1288		137	-15.0026
レイゲン	靈元	1289		501	-17.9060
レイホウ	鈴法	1288		501	-18.5231
レキジツ	暦日	1285		482	-14.6450
レカタ	れ方	876	1304	17	-11.0822
レイコ	励子	1291		501	-18.1724
レイユウ	霊友	1288		501	-18.5231
レア		1291		283	-11.6473
レイザン	霊山	1285		404	-13.8332
レッシン	烈臣	1291		501	-18.1724
レンポウ	連峰	1285		385	-14.1830
レディーシックスティーン	L16	1288		501	-14.1461
レゴ		1292		296	-10.0770
レポータ		1288		501	-13.6868
レトロウイルス		1285		355	-14.4696
レプトン		1288		339	-13.9287
レンヌ		1285		463	-14.0770
レポートテイシュツ	レポート提出	1283		17	-13.3345
レッカ	烈火	1285		74	-13.9177
レンパイ	連俳	1285		501	-17.3126
レイセン	礼銭	1285		275	-18.6282
レンシ	錬士	1288		491	-14.7299
レヴィ		1289		255	-12.1926
レアアース		1289		405	-12.4381
レタンダ	れたんだ	876	453	17	-10.2831
レシップ		1285		467	-15.0149
レイン		1289		25	-12.9301
レイフウ	零封	1283		488	-15.6452
レンセイ	蓮生	1289		497	-17.9060
レイザーラモンエイチジー	レイザーラモンHG	1289		122	-13.9060
レ	れ	876		468	-2.9598
レイロウ	玲ろう	1285		501	-18.8289
レイコウ	霊公	1289		246	-14.1011
レッジョ		1285		34	-14.6562
レンソウ	連奏	1283		501	-15.1790
レクリエーション		1285		480	-12.5983
レスキュー		1285		190	-13.2509
レ	れ	551		468	-6.7032
レンケイ	連けい	1283		501	-18.0694
レク	REC	1288		302	-13.7170
レンチョウ	蓮長	1289		501	-17.9060
レンリツ	連立	1283		430	-11.5905
レールガン		1288		190	-13.3651
レイタイ	冷帯	1285		501	-18.6282
レゴラス		1288		222	-14.8274
レレレ		1285		415	-15.0257
レンサ		1283		355	-14.5535
レイラ	麗楽	1291		122	-19.6550
レッツ		1292		203	-11.5359
レーティング		1288		318	-12.4431
レツ	律	1288		501	
レテイルタメ	れているため	876	1313	17	-10.9573
レニエ		1289		492	-14.8807
レーナ		1289		11	-13.4978
レンジ	蓮二	1291		501	-13.8338
レーシック		1288		457	-13.9593
レ・ミゼラブル		1288		98	-13.5890
レンサ	れんさ	1285		331	-15.3124
レブン	禮文	1293		501	-17.5467
レンコウ	連行	1283		490	-11.5262
レイセイ	冷清	1287		501	-17.5369
レジーナ		1289		25	-13.0178
レキガン	レキ岩	1285		501	-18.0304
レンタン	連坦	1285		501	-18.6282
レタカ	れたか	876	359	17	-10.8356
レイゾク	隸属	1283		501	-18.0694
レイシュ	霊主	1285		501	-18.6282
レイラク	零落	1283		464	-13.9074
レイカ	麗果	1291		122	-18.7720
レックス		1289		25	-11.8412
レンサ	連鎖	1285		339	-11.5695
レップ	烈婦	1285		501	-17.6588
レキ	櫪	1288		501	
レツゴーサンビキ	レツゴー三匹	1289		122	-21.7670
レンケツ	連結	1283		109	-9.8362
レルノ	れるの	870	368	17	-10.4989
レイカ	麗香	1291		159	-14.1051
レンゴウニュース	聯合ニュース	1292		201	-13.3757
レンショウ	蓮聖	1291		501	-16.2265
レースクイーン		1288		324	-13.3116
レプリカ		1289		414	-10.9887
レーニャ		1289		501	-15.0291
レイ	Ray	1289		151	-12.0655
レキシカン	歴史観	1288		88	-12.8839
レイホク	苓北	1293		501	-16.6361
レキシテツガク	歴史哲学	1288		291	-13.9060
レテソウ	れてそう	876	1282	17	-10.9899
レナ		1293		149	-16.6022
レンタル		1283		118	-10.6055
レッド	red	1285		5	-17.8481
レタガ	れたが	876	299	17	-9.3589
レイ	○	1295		244	-8.0054
レキユウ	歴游	1283		501	-18.0694
レツヅケテ	れ続けて	876	307	17	-11.2018
レナクナッタ	れなくなった	873	435	17	-11.2898
レイノウリョクシャ	霊能力者	1288		501	-14.2919
レーガンダイトウリョウ	レーガン大統領	1288		215	-14.5604
レンジ	蓮司	1291		501	-14.6266
レース		1285		63	-9.1775
レルコトガ	れる事が	870	148	17	-11.4320
レキシントンキュウ	レキシントン級	1288		230	-14.6364
レイモンド	raymond	1289		501	-16.8074
レルノデ	れるので	870	458	17	-11.1720
レア	れあ	1287		150	-12.7527
レソウデ	れそうで	876	458	17	-11.2706
レッキ	列記	1283		375	-12.5713
レスター		1289		255	-11.9465
レタサイニ	れた際に	876	151	17	-11.4229
レンジョウ	憐情	1285		501	-18.6282
レンヒ	攣痺	1285		501	-18.6282
レシート		1285		445	-12.1854
レキシニンシキ	歴史認識	1288		388	-13.1163
レオパ		1288		501	-14.4380
レシピカードメモリ		1285		17	-13.4010
レイテン	冷点	1285		501	-18.6282
レンゲン	連言	1285		336	-16.3202
レオナ	礼緒奈	1291		501	-18.1724
レヴ		1289		448	-13.7880
レイシュウ	霊鷲	1293		501	-19.7008
レ		1285		149	-10.7254
レンサイサイカイ	連載再開	1283		17	-13.4736
レギュラー		1285		198	-10.0058
レープクーヘン		1288		391	-14.9997
レソウダ	れそうだ	876	453	17	-10.5010
レイワサンネンド	令和3年度	1288		501	-12.3888
レイカ	玲香	1291		262	-15.8489
レルカモシレ	れるかもしれ	870	622	17	-11.1665
レオン	礼音	1291		122	-16.6050
レヂ		1285		501	-17.8073
レベルジャ	レベルじゃ	1285	334	17	-10.8866
レイキュウ	齢級	1285		501	-18.6282
レッド		1285		203	-11.1616
レツセン	列線	1285		501	-18.6282
レイケツ	冷結	1285		501	-18.6282
レンサイキジ	連載記事	1288		201	-13.6573
レイサイ	例祭	1285		482	-13.3704
レイオウ	舲翁	1289		501	-17.9060
レイソル		1292		372	-12.8696
レイチン	麗珍	1291		501	-18.1724
レイシキ	例式	1285		501	-17.6588
レイカイ	嶺海	1288		501	-18.5231
レトロゲー		1285		501	-15.8036
レイゾウコデ	冷蔵庫で	1285	149	17	-10.9878
レンキ	蓮基	1291		501	-18.1724
レイウン	霊運	1291		501	-18.1724
レイカンショウホウ	霊感商法	1288		216	-13.7298
レイアウト		1283		95	-11.0357
レコード	record	1285		121	-17.8906
レイテ		1293		37	-11.6657
レタノチ	れた後	876	1313	17	-10.5058
レイキ	冷気	1285		174	-13.2165
レッドウッド		1288		347	-14.2285
レモ	れも	1289		80	-11.4621
レビル		1289		190	-13.2030
レギュレーター		1285		289	-15.4833
レイシ	れいし	587		501	-16.4259
レオ	玲於	1291		122	-20.3120
レイトウシ	冷凍し	1283	610	17	-11.3292
レエ		1289		501	-16.7429
レキシニ	歴史に	1285	151	17	-11.0407
レイギ	れいぎ	1285		501	-18.9467
レンボウ	連坊	1290		501	-16.1340
レキ	鬲	1285		4	-18.6282
レキガン	礫岩	1285		381	-18.6282
レンサン	連産	1285		501	-18.6282
レトロ		1289		66	-10.8249
レギュラーホウソウ	レギュラー放送	1285	1283	17	-12.5239
レイセイ	霊精	1285		501	-18.6282
レンゾクシャゾウ	連続写像	1288		447	-14.5217
レタコトガ	れたことが	876	148	17	-10.5166
レーション		1288		319	-13.9055
レオ	玲王	1291		501	-12.4735
レンラクハ	連絡は	1283	261	17	-11.3056
レタホウ	れた方	876	1310	17	-10.0525
レルノデ	れるので	870	316	17	-10.3699
レイキ	霊機	1285		501	-18.6282
レイジャ	霊蛇	1285		501	-18.6282
レキフネ	歴舟	1293		501	-17.7008
レン	れん	1285		331	-12.3096
レイコ	令以子	1291		501	-18.1724
レボリューション		1289		203	-12.2555
レイイチ	玲一	1291		501	-16.6038
レンダコ	連だこ	1285		501	-18.6282
レンペイ	練兵	1285		271	-13.7596
レッサーパンダ		1289		499	-12.3323
レイゼン	冷然	1285		392	-16.2172
レイホウ	礼法	1285		251	-13.6365
レイテイ	霊帝	1289		246	-12.5542
レキサツ	轢殺	1283		501	-16.3115
レンホウ	蓮舫	1289		278	-14.0315
レンゾクコウシン	連続更新	1283		17	-12.3387
レルカラ	れるから	870	297	17	-10.1319
レーム		1289		215	-12.1716
レイノウリョク	霊能力	1288		51	-13.7751
レイシ	霊芝	1285		75	-18.6282
レツオウ	列王	1285		501	-18.6282
レンブツ	蓮佛	1290		122	-13.7420
レトルトショクヒン	レトルト食品	1288		75	-13.5756
レイケン	霊剣	1285		429	-15.7929
レンポウジュンビセイド	連邦準備制度理事会	1288		214	-14.4401
レキガンネン	暦元年	1298	1314	17	-13.5598
レンウツシ	連写	1285		17	-13.2507
レンアイヲ	恋愛を	1283	156	17	-11.4370
レンアイ	恋愛	1283		322	-9.0949
レッセイ	列世	1285		501	-18.6282
レジストリ		1288		431	-13.7596
レイレイシケレ	麗麗しけれ	40		501	-17.1216
レックス	rex	1289		44	-16.5710
レフトスタンド		1288		501	-14.4584
レスポンス		1285		431	-12.5942
レンパ	廉頗	1289		501	-17.9060
レイセンキ	冷戦期	1285	1298	17	-13.2962
レェ	れぇ	1289		501	-11.9648
レンケイキョウテイ	連携協定	1283		17	-13.3852
レベルセブン	レベル7	1288		485	-14.5561
レンショウ	連称	1285		501	-18.6282
レビュー	review	1288		5	-13.7371
レンカク	輦閣	1285		501	-18.6282
レッシャショウトツジコ	列車衝突事故	1288		425	-14.8218
レ	レ゙	1288		501	-20.0000
レンチン		1285	1283	17	-12.2933
レルワ	れるわ	870	291	17	-11.0332
レルナラ	れるなら	870	452	17	-10.9912
レッカ	裂罅	1285		501	-16.7663
レンメン	練緜	1285		501	-18.6282
レイ	令	1285		275	-12.2745
レンアイウン	恋愛運	1288		501	-13.4054
レイヘイ	黎平	1293		501	-17.7008
レルヨネ	れるよね	870	279	17	-11.3320
レイコ	れいこ	1291		36	-12.6045
レルヨウニ	れるように	870	329	17	-10.8242
レソウニナッ	れそうになっ	876	786	17	-11.1404
レンポウグン	連邦軍	1288		53	-11.5718
レナイカラ	れないから	873	297	17	-11.0310
レイイチ	礼一	1291		501	-15.9752
レテルンデス	れてるんです	876	460	17	-11.2796
レン	攣	1288		501	
レルマデ	れるまで	870	355	17	-10.5792
レッスンプロ		1288		362	-14.8731
レンバン	連番	1285		501	-12.4826
レンアイケッコン	恋愛結婚	1288		97	-14.0690
レンラクウンユ	連絡運輸	1288		162	-12.9005
レンケイシテ	連携して	1283	307	17	-11.2125
レンアイシミュレーションゲーム	恋愛シミュレーションゲーム	1288		296	-13.9097
レンイン	連印	1285		501	-18.6282
レイジ	玲二	1291		501	-14.3837
レオニード		1289		1	-14.4824
レタモノデ	れたもので	876	458	17	-10.4917
レンルイ	連累	1285		501	-16.9486
レンポウキョウワコク	連邦共和国	1288		19	-13.1056
レルノ	れるの	870	1310	17	-8.7330
レッド・ホット・チリ・ペッパーズ		1288		196	-14.4418
レンアイタイシツ	恋愛体質	1288		501	-14.6056
レイク		1289		347	-13.6524
レンザ	蓮座	1285		501	-18.6282
レツジョ	烈女	1285		401	-16.4230
レオナ	玲央名	1291		501	-17.0738
レス		1283		64	-10.9896
レテ	れて	876	307	17	-6.4069
レフ	れふ	1285		501	-15.3590
レンコウジ	連光寺	1293		371	-13.8090
レッテル		1285		252	-12.3011
レングス		1285		448	-15.8986
レルコトモアル	れることもある	870	772	17	-10.4371
レズル	レズる	772		501	-17.3250
レイスイ	戻水	1285		501	-18.6282
レッセイ	劣性	1285		355	-14.0675
レイワガンネンヒガシニホンタイフウ	令和元年東日本台風	1288		501	-14.2361
レイワ	れいわ	1292		501	-11.3241
レルンジャナイ	れるんじゃない	870	473	17	-11.2321
レーシングゲーム		1288		296	-14.2347
レキシノモガタリ	歴史物語	1288		189	-14.3736
レオマワールド		1288		274	-14.9778
レイレイシ	麗々し	45		501	-17.0910
レイコ	玲子	1291		370	-11.9283
レテウレシイ	れて嬉しい	876	43	17	-11.4379
レルバアイガ	れる場合が	870	148	17	-11.4167
レンコン	連婚	1285		501	-18.6282
レイジョ	霊女	1285		501	-18.6282
レイカイ	冷灰	1285		501	-18.6282
レイクン	霊訓	1285		501	-18.6282
レイナ	怜奈	1291		170	-14.3054
レキシ		1289		122	-14.4970
レイスイ	冷水	1285		487	-12.3399
レイレイシカレ	麗々しかれ	48		501	-17.0678
レン	連	1285		395	-10.6479
レイヤ	麗矢	1291		501	-18.1724
レイジュ	令呪	1288		501	-14.7010
レイコ	霊狐	1285		501	-18.6282
レスリングドンタク	レスリングどんたく	1288		141	-14.8868
レン	廉	1290		246	-12.3261
レアチーズケーキ		1288		501	-14.0286
レンゾクデ	連続で	1283	149	17	-10.3727
レテキ	れてき	876	904	17	-9.5457
レキシテキシュンカン	歴史的瞬間	1288		152	-14.7712
レテン	レ点	1285		501	-18.0304
レンアイゲーム	恋愛ゲーム	1288		296	-13.7926
レキシゲキ	歴史劇	1288		204	-14.7573
レヴァント		1285		167	-14.7964
レイレイシ	れいれいし	45		501	-17.0910
レアー		1288		429	-14.7602
レイノルズスウ	レイノルズ数	1288		339	-13.9761
レンゾクシュツジョウ	連続出場	1283		17	-12.9797
レークプラシッド		1293		7	-13.7756
レナウン		1292		230	-11.7872
レギオス		1288		89	-14.8016
レンシ	連枝	1285		148	-14.8297
レンシュウニ	練習に	1283	151	17	-11.0505
レイゾウ	れいぞう	1283		501	-18.8426
レイキュウ	れいきゅう	1285		501	-18.9467
レントウ	連禱	1285		501	-18.6282
レイハイ	礼拝	1283		199	-11.1929
レヲル	れをる	1289		122	-20.0640
レイハラカミ	レイ・ハラカミ	1289		122	-20.3750
レマシタ	れました	876	435	17	-8.8343
レイレイシュウ	麗麗しゅう	49		501	-17.0678
レマリア		1285		501	-15.2896
レイトウ	霊湯	1285		501	-17.8906
レマンコ	レマン湖	1293		463	-13.4571
レイレイシカッ	麗麗しかっ	50		501	-17.1259
レイクン	麗君	1291		501	-18.1724
レンゴ	連子	1293		399	-17.5467
レバー		1285		95	-11.3649
レジーム		1285		79	-15.1995
レンチャン	連チャン	1288		283	-12.9030
レイスウ	例数	1285		501	-18.6282
レンタイ	連隊	1285		53	-10.7733
レンポ	れんぽ	1285		331	-14.2372
レルノカ	れるのか	870	359	17	-10.5333
レテイナイ	れていない	876	473	17	-9.3113
レイキ	霊気	1285		365	-14.5788
レモングラス		1288		75	-14.3128
レッシ	列し	587		108	-9.4299
レジャーシート		1288		501	-13.7292
レンシュク	攣縮	1285		192	-18.6282
レオナルドクマ	レオナルド熊	1289		122	-21.7540
レテイマセ	れていませ	876	495	17	-11.4122
レイア		1291		25	-13.1792
レジェ		1288		6	-13.7022
レイ	苓	1288		501	
レンラクサキ	連絡先	1288		445	-11.3295
レンサイジ	連載時	1283	1305	17	-13.2463
レイワロクネン	令和6年	1288		501	-14.8737
レオンオウコク	レオン王国	1288		446	-14.2999
レツセイ	烈聖	1291		501	-18.1724
レヨナ	玲葉奈	1291		501	-18.1724
レンラクサセテ	連絡させて	1283	307	17	-11.3800
レイデン	霊殿	1285		501	-16.3202
レンケツ	れんけつ	1287		331	-18.0477
レテイルノデ	れているので	876	316	17	-10.6372
レイシャ	れいしゃ	582		501	-16.4169
レイチョウ	霊鳥	1285		443	-15.8534
レイテトウノタタカイ	レイテ島の戦い	1288		53	-14.9396
レイシン	励振	1283		339	-15.6576
レイ	齢	1288		501	
レバ		1288		76	-14.1173
レキ	歴	1298		334	-9.1113
レンポ	蓮歩	1285		501	-18.6282
レラ		1289		51	-12.9984
レオン		1290		329	-10.2917
レオイッセイ	レオ1世	1288		273	-14.4670
レイバイ	冷媒	1285		384	-13.4371
レイレイシク	れいれいしく	51		501	-17.2313
レイショ	黎鉏	1289		501	-17.9060
レン	蓮	1290		3	-11.9731
レキダイダイトウリョウ	歴代大統領	1288		38	-14.2496
レキシ	歷史	1285		501	-18.5412
レンアイカンジョウ	恋愛感情	1288		501	-11.9357
レンジョウ	恋情	1285		462	-14.9708
レンパイキロク	連敗記録	1288		501	-14.9931
レンサク	錬作	1291		501	-16.2265
レイゲン	零元	1288		447	-14.8163
レイサイ	零砕	1283		501	-18.0694
レイビン	麗敏	1291		501	-18.1724
レイワロマン	令和ロマン	1289		122	-15.4400
レイ	犁	1288		501	
レッシャナイ	列車内	1285	1298	17	-13.5469
レコメン		1288		501	-14.4401
レイエイ	麗英	1291		501	-18.1724
レ	れ	554		468	-6.9083
レテイルン	れているん	876	1310	17	-11.0852
レツ	劣	1285		447	-13.8664
レイシュウ	苓州	1293		501	-17.7008
レイゲン	麗源	1288		501	-18.5231
レ	ㇾ	1288		501	-20.0000
レイコウ	励行	1283		456	-14.2117
レテ		1285		11	-17.8481
レイニー		1289		448	-14.7810
レツオウキ	列王記	1288		501	-13.9417
レメク		1289		443	-15.2250
レノ		1292		255	-12.5207
レンマ	練磨	1283		495	-14.6677
レイダンボウ	冷暖房	1285		414	-13.2687
レイキ	嶺基	1293		501	-17.7008
レイレイシカラ	れいれいしから	47		501	-17.0678
レビゾク	レビ族	1288		160	-14.1327
レイカ	霊火	1285		501	-18.6282
レーマー		1288		308	-14.9334
レバレッジ		1288		286	-12.4858
レイゼイ	冷泉	1288		369	-15.3592
レイセンカ	冷戦下	1285	1298	17	-13.4227
レイビョウ	霊廟	1285		130	-12.9329
レベル		1285		351	-8.5757
レアル・サラゴサ		1288		348	-14.4413
レビュー		1283		318	-9.2244
レンガシ	連歌師	1288		10	-14.1799
レキシシリョウ	歴史資料	1288		229	-13.0297
レインボー		1285		203	-12.1153
レズニ	れずに	873	151	17	-10.8537
レッポウ	列邦	1285		501	-18.6282
レンラクヲ	連絡を	1283	156	17	-10.3614
レイシキ	礼式	1285		403	-14.2253
レトリック		1285		88	-13.2166
レンタン	錬丹	1285		501	-18.6282
レンゴウカンタイ	連合艦隊	1288		343	-11.4085
レイキャビク		1293		272	-14.2053
レンム	煉夢	1285		501	-18.6282
レッチリ		1288		501	-14.5957
レイジョウ	令嬢	1285		97	-12.4398
レキシカイヘン	歴史改変	1288		322	-14.3899
レイジョウ	礼状	1285		445	-14.7148
レテイルカ	れているか	876	359	17	-11.1886
レディーファースト		1285		479	-14.3955
レオタード		1285		295	-13.9508
レキシヨウゴ	歴史用語	1288		186	-14.5313
レディス		1285		274	-14.6199
レンシュウ	練修	1283		501	-18.0694
レイジ	零士	1291		501	-14.2724
レルコト	れること	870	1310	17	-8.5001
レストランデ	レストランで	1285	149	17	-11.3381
レンシャ	連射	1283		320	-11.9977
レイクツ	霊崛	1285		501	-18.6282
レキップ	l’equipe	1285		501	-17.9351
レテイ	れてい	876	925	17	-9.1698
レトルトショウヒンノ	レトルト商品の	1285	368	17	-11.3393
レイカ	れいか	1289		150	-13.7091
レイワヨネンド	令和4年度	1288		501	-13.4289
レキセン	歴宣	1289		501	-17.9060
レッシ	列士	1285		501	-18.6282
レキカン	歴観	1283		501	-18.0694
レイナ	Reina	1289		122	-19.4670
レキ	曆	1288		501	
レイレイシケリャ	麗々しけりゃ	41		501	-17.0678
レオポルト		1288		329	-13.0039
レクサス		1288		168	-12.4536
レンラクセン	連絡船	1283	1298	17	-13.4913
レイジ	玲次	1291		501	-15.9388
レン	練	1298		395	-13.6393
レルコトガ	れることが	870	148	17	-9.5054
レツ	烈	1291		128	-10.9428
レイソン	令孫	1285		501	-17.1888
レイコ	麗子	1291		370	-11.7352
レ	れ゚	1288		501	-20.0000
レイダン	冷暖	1285		501	-18.6282
レトリカ		1285		501	-15.2216
レッチュウ	列柱	1285		501	-18.6282
レキシセン	歴史戦	1288		501	-14.3709
レッドスター		1288		348	-14.7271
レンゴウグン	連合軍	1283	1298	17	-12.6896
レフ		1285		149	-13.9133
レイコ	令子	1291		370	-12.9254
レベルカン	レベル感	1285	1298	17	-13.4337
レイインキョクカン	冷陰極管	1288		423	-14.9480
レキショ	暦書	1288		59	-13.9280
レルクライ	れるくらい	870	331	17	-11.2613
レボリューション	revolution	1285		461	-17.8906
レン	聨	1288		501	
レセプト		1288		455	-14.7187
レイ	茘	1288		501	
レテモ	れても	876	262	17	-9.0415
レイトショー		1288		172	-13.4381
レツメイ	列名	1285		501	-18.6282
レシプロ		1288		413	-12.6400
レイガン	冷眼	1285		501	-17.7452
レニー		1289		25	-12.6043
レザー		1285		64	-12.4628
レンテツ	錬鉄	1285		270	-14.5204
レイセイサ	冷静さ	1288		127	-13.0463
レッ	列	1288		501	
レルノガ	れるのが	870	148	17	-10.1761
レン	鰊	1288		501	
レンマ	錬磨	1283		491	-18.0694
レンゴク	れんごく	1285		501	-15.2503
レナード・バーンスタイン		1289		98	-12.9558
レイキ		1292		239	-11.6521
レイトウギョウザ	冷凍餃子	1288		257	-13.8706
レベル	level	1288		5	-13.5412
レイチ	れいち	1288		293	-14.8411
レスピーギ		1288		416	-14.5854
レイシツ	冷湿	1287		501	-17.5369
レンケツリスト	連結リスト	1288		45	-14.3334
レノファヤマグチエフシー	レノファ山口FC	1288		372	-14.7372
レキユウ	歴遊	1283		135	-16.2649
レイギ	礼儀	1285		252	-11.7480
レターセット		1285		17	-13.3697
レポ		1285		113	-11.6162
レパルス		1289		230	-12.5595
レッシャ	列しゃ	582		403	-9.4753
レトルトショウヒンノパッケージ	レトルト商品のパッケージ	1285		17	-11.3503
レタコトハ	れたことは	876	261	17	-11.3499
レンキン	錬金	1285		501	-18.6282
レンゾク	れんぞく	1283		331	-14.8635
レキガン	れき岩	1285		501	-18.9467
レンダイジ	蓮台寺	1293		358	-14.4312
レオポルド		1285		329	-13.3678
レッカウラン	劣化ウラン	1288		405	-14.1832
レベルナ	レベルな	1285	454	17	-11.3324
レイノスケ	礼之助	1291		501	-18.1724
レイキュウ	霊鳩	1285		501	-18.6282
レイシツ	霊室	1285		501	-17.1760
レベル	Lv	1288		221	-11.4925
レンホ	れんほ	3		501	-16.9819
レンペイ	廉平	1291		159	-17.0738
レム	れむ	1291		122	-13.9310
レーザービーム		1288		60	-14.3630
レンポウ	連邦	1285		13	-10.5576
レンセンレンショウ	連戦連勝	1288		411	-13.9900
レイリ	麗俐	1291		501	-18.1724
レキシテキイサン	歴史的遺産	1288		475	-14.7980
レンゴウコクグンセンリョウカノニホン	連合国軍占領下の日本	1288		298	-14.8790
レンブツミサコ	蓮佛美沙子	1289		122	-13.7420
レンラクジムショ	連絡事務所	1288		265	-14.6390
レイ	糲	1288		501	
レイケン	冷研	1285		501	-18.6282
レノックス		1289		255	-12.7885
レンク	れんく	1285		501	-13.6747
レンタイ	連帯	1283		388	-11.7646
レットウ	劣等	1285		287	-13.0365
レイショウ	冷床	1285		501	-18.6282
レルニ	れるに	870	151	17	-11.3955
レバノンシンコウ	レバノン侵攻	1288		298	-14.8731
レンアイノ	恋愛の	1283	368	17	-11.2921
レンカン	聯歓	1285		501	-18.6282
レイヴン		1289		190	-12.7412
レキシハクリカエス	歴史は繰り返す	1288		501	-14.7974
レン	鏈	1288		501	
レンニュウ	煉乳	1285		501	-18.6282
レンラクモウ	連絡網	1288		126	-14.4147
レットウ	列島	1285		410	-12.9204
レンシュク	れん縮	1285		501	-18.9467
レッシ	れっし	587		501	-16.4259
レンフク	連複	1300	1285	17	-12.8075
レイキャクキ	冷却器	1288		384	-14.3380
レイセツ	礼節	1285		252	-13.7350
レンポウサイコウサイバンショ	連邦最高裁判所	1288		38	-13.9658
レゴリス		1288		381	-14.8035
レイキ	例規	1285		86	-15.2246
レシピサイト		1288		501	-14.3147
レイスウェイク		1288		338	-15.0041
レオーン		1288		273	-13.7488
レンゾクテレビショウセツ	連続テレビ小説	1288		476	-12.5161
レイメン	冷麺	1288		93	-12.8910
レンカン	連関	1283		287	-13.5553
レイハイ	礼はい	1283		501	-18.0694
レニウム		1285		405	-14.8726
レンズマウント		1288		139	-14.6853
レンアイエイガ	恋愛映画	1288		179	-13.5806
レイクツ	霊窟	1285		501	-18.6282
レントウ	連騰	1283		501	-16.0974
レイコウ	冷光	1291		501	-18.1724
レプロエンタテインメント		1292		14	-13.4549
レッスレ	れっすれ	581		501	-16.4169
レーザーコウセン	レーザー光線	1285		174	-14.5324
レッスン		1285		364	-10.5877
レイス	令す	584		343	-13.3467
レイコウ	麗光	1288		501	-18.5231
レテタケド	れてたけど	876	301	17	-11.3724
レッシャガ	列車が	1285	148	17	-10.7213
レイアーク		1292		501	-13.5768
レン	れん	876	1310	17	-11.2717
レイカ	麗佳	1291		501	-16.0441
レルバアイモ	れる場合も	870	262	17	-11.4118
レンセツバス	連節バス	1288		319	-13.8064
レイタン	冷淡	1287		66	-12.1364
レイヤー		1285	1287	17	-13.5279
レイゾウコ	冷蔵庫	1285		270	-10.1094
レテルノ	れてるの	876	1310	17	-10.0547
レイサン	霊賛	1285		501	-18.6282
レフト	Left	1289		367	-13.0290
レンドウシ	連動し	1283	610	17	-11.4144
レッシャコウカン	列車交換	1288		109	-12.0237
レントウシツレイ	連投失礼	1285	1283	17	-13.5533
レンタン	煉丹	1285		365	-15.4794
レキハク	歴博	1285		39	-15.8868
レンラクオネガイ	連絡お願い	1283		17	-12.2722
レイノ	例の	1285	368	17	-10.2476
レンタイホショウ	連帯保証	1288		345	-14.8816
レイメイ	霊名	1285		501	-18.6282
レイコ	伶子	1291		501	-15.8370
レヨ	れよ	875		78	-3.0331
レナイヨウニ	れないように	873	329	17	-10.9847
レイズアスイレン	RAISEASUILEN	1289		122	-19.8400
レイケイ	令兄	1285		501	-17.8906
レイトウウドン	冷凍うどん	1288		501	-13.7762
レキショ	暦書	1285		59	-18.6282
レンタルサーバ		1288		206	-14.9487
レイジ	嶺二	1291		501	-12.4854
レキゲツ	暦月	1285		501	-18.6282
レッキョウ	列強	1285		240	-11.8552
レディー		1285		203	-13.6574
レーヴ		1288		398	-13.6563
レイワサンネン	令和3年	1288		501	-10.9852
レイキャクキカン	冷却期間	1288		156	-14.6196
レットウ	裂頭	1285		218	-18.6282
レキシシュギ	歴史主義	1288		88	-14.4986
レンジュウ	簾中	1285		10	-18.5412
レイセイ	令政	1285		501	-18.6282
レコメンド		1288		185	-12.9567
レンチュウ	れんちゅう	1285		501	-18.9467
レッセイ	劣勢	1285		411	-12.4097
レテナイ	れてない	876	473	17	-9.7619
レント		1285		98	-15.1699
レイセキ	霊跡	1285		501	-18.6282
レンポウ	聯邦	1285		501	-18.6282
レベルサ	レベル差	1285	1298	17	-13.2915
レイレイシカッ	れいれいしかっ	50		501	-17.1259
レベッカ		1292		25	-11.6182
レルダロウ	れるだろう	870	506	17	-11.2830
レディ	lady	1289		121	-13.4260
レベルジョウゲン	レベル上限	1285		17	-13.5033
レンゴウ	連合	1283		131	-10.0356
レイカ	礼香	1291		501	-16.4860
レンジャーズフットボールクラブ	レンジャーズFC	1288		348	-14.8218
レンラクシテ	連絡して	1283	307	17	-10.3040
レントウ	連祷	1285		501	-18.6282
レイスイ	麗水	1291		117	-13.9013
レンポウカイギ	連邦会議	1288		13	-14.8790
レトルトカレー		1288		75	-13.0565
レンテイ	廉貞	1288		501	-18.5231
レッスンチュウ	レッスン中	1285	1305	17	-13.5342
レン	蓮	1291		3	-11.2270
レッドブル	Red Bull	1288		107	-14.9176
レター	letter	1289		121	-13.1997
レイレイシカッ	麗々しかっ	50		501	-17.1259
レンポウサイバンショ	連邦裁判所	1288		243	-13.5722
レイガエシ	礼返し	1285		501	-18.6282
レッセキ	列石	1285		435	-15.3264
レイ	戾	1288		501	
レイレイシキャ	麗麗しきゃ	42		501	-17.0678
レッドパイク	赤峰	1290		3	-17.3127
レイアンショ	冷暗所	1285		487	-14.6847
レンゴウ	連合	1292		131	-9.9859
レオナ		1291		89	-11.2438
レブ		1285		149	-17.5542
レツゴ	列語	1285		501	-18.6282
レーザーコウ	レーザー光	1288		339	-13.7056
レイタロウ	玲太郎	1291		501	-18.1724
レキセイ	歴世	1285		465	-16.8244
レンパン	連判	1283		193	-17.0412
レッドマイン	Redmine	1288		501	-14.7736
レオ	Leo	1289		151	-12.6267
レノボ	Lenovo	1288		115	-14.4267
レディースコミック		1288		393	-14.3697
レンノスケ	鏈之助	1291		501	-18.1724
レキニン	歴任	1283		258	-10.0585
レッセイ	列聖	1285		199	-13.6723
レイジュツ	霊術	1285		251	-18.6282
レイシヨ	令しよ	585		343	-13.3425
レキ	歴	1285		334	-11.1386
レナイ	れない	873	473	17	-8.4034
レツ	唳	1288		501	
レベルダカ	レベル高	1285	1298	17	-12.7301
レキレキ	歴歴	1285		501	-18.8289
レッサ	列さ	586		403	-9.5614
レイショ	令書	1285		12	-16.3533
レツツ	れつつ	876	306	17	-11.2610
レテルノデ	れてるので	876	316	17	-11.3994
レタヒト	れた人	876	435	17	-10.6160
レーベボール	レー‐ベ‐ヴォール	1285		501	-17.8481
レイメイキ	黎明期	1288		356	-11.3590
レッシャジコ	列車事故	1288		425	-14.8888
レッシャメイ	列車名	1285	1298	17	-12.8412
レイレイシキ	麗麗しき	44		501	-17.0679
レッスル	列する	583		403	-9.4786
レイレイ	麗麗	1281		501	-17.3549
レタン	れたん	876	1310	17	-9.7074
レッセキ	列席	1283		193	-13.0792
レルガ	れるが	870	299	17	-9.7671
レンシュウチュウ	練習中	1288		337	-12.3826
レキド	礫土	1285		120	-16.2470
レンゲ	れんげ	1285		437	-18.9467
レイスル	令する	583		343	-13.3443
レイピア		1288		64	-14.2510
レキシ	歴史	1285		356	-8.0204
レオ	玲央	1288		501	-14.2423
レンソウハイレツ	連想配列	1288		45	-14.4713
レンゾクユウショウ	連続優勝	1283		17	-13.3199
レンソウ	連操	1285		501	-18.6282
レイカン	霊感	1285		252	-12.8453
レキチ	礫地	1285		501	-18.6282
レイ・カーツワイル		1289		90	-13.8878
レツゲキ	裂隙	1285		457	-18.6282
レキ	瀝	1285		501	-18.6282
レ	餘	1288		501	
レキシケンキュウ	歴史研究	1285	1283	17	-13.2915
レルノモ	れるのも	870	262	17	-10.8610
レストラン	れすとらん	1285		501	-18.5412
レンゾクサラ	連続更	1283	1287	17	-13.4562
レンシュウキョク	練習曲	1288		458	-13.1173
レテシマウ	れてしまう	876	1253	17	-9.8174
レイ	莉	1291		74	-11.0932
レンシュウセイ	練習生	1283	1298	17	-13.0983
レバンテウニオンデポルティーバ	レバンテUD	1288		348	-14.8855
レテシマッ	れてしまっ	876	1269	17	-10.0229
レイワガンネン	令和元年	1288		501	-11.0882
レタノカ	れたのか	876	359	17	-10.8251
レイシヨ	れいしよ	585		501	-16.4183
レンモク	練沐	1283		501	-20.6494
レイシャ	礼者	1285		501	-17.7680
レモンサワー		1288		501	-12.7410
レスリング		1285		362	-11.7870
レンネット		1288		487	-14.8988
レイゾウホゾン	冷蔵保存	1288		501	-14.1626
レッカ	劣化	1283		174	-10.9326
レイニ	例に	1285	151	17	-10.7002
レルナド	れるなど	870	344	17	-10.7129
レイン	玲音	1288		501	-14.7765
レセプター		1285		83	-14.4502
レミ		1291		149	-11.7035
レイトウパイシート	冷凍パイシート	1288		501	-14.3316
レイネンドオリ	例年通り	1285	1298	17	-12.8875
レティクル		1285		95	-15.0539
レンゾクワザ	連続技	1288		501	-14.3304
レイガ	例が	1285	148	17	-10.6046
レイチョウルイガク	霊長類学	1288		239	-14.7400
レテル	れてる	876	307	17	-8.2474
レツバン	列番	1285		501	-18.6282
レイコ	聆子	1291		501	-18.1724
レイヤ		1285		431	-13.3680
レタダケ	れただけ	876	338	17	-11.2773
レイメイ	黎明	1285		389	-12.8794
レンダリングエンジン		1288		77	-14.2894
レイジ	玲児	1291		477	-14.1650
レリーズ	release	1283		121	-20.0433
レンラククダサイ	連絡ください	1283	1239	17	-10.6667
レン	練	1288		501	
レイセイ	冷製	1285		501	-18.6282
レンケツキ	連結器	1288		95	-11.6183
レンラクオマチ	連絡お待ち	1283		17	-12.0411
レタトキ	れた時	876	1313	17	-10.1057
レンケツ	廉潔	1287		403	-16.1259
レンサ	連鎖	1283		339	-18.0694
レイゾウコノ	冷蔵庫の	1285	368	17	-11.1570
レイム	霊夢	1285		32	-13.6022
レンブラント		1291		84	-11.7656
レンズマメ	レンズ豆	1288		391	-13.8732
レンズマン		1288		89	-14.3312
レシオ		1289		95	-12.8023
レンゲキ	連撃	1283		501	-13.5980
レンリ	連理	1285		392	-16.0494
レマン		1293		448	-14.8012
レーヨン		1285		281	-14.0218
レテミレ	れてみれ	876	915	17	-11.4065
レットウカン	劣等感	1288		252	-11.7319
レンジ		1285		64	-10.8336
レンセイ	連星	1285		466	-18.6282
レイナン	嶺南	1289		135	-12.2881
レイゾウコキカク	冷蔵庫企画	1285	1283	17	-13.4913
レディオアイ	RADIO-i	1288		476	-14.8988
レンセイ	連星	1288		466	-12.4816
レイツウ	霊通	1285		501	-18.6282
レンシュウジアイ	練習試合	1288		198	-12.2396
レキミチ	歴みち	1285		501	-18.6282
レスボス		1293		167	-13.7243
レイジ	怜治	1291		501	-17.0738
レイビョウ	霊びょう	1285		501	-18.6282
レヒ		1293		373	-16.6022
レンキュウチュウ	連休中	1285	1305	17	-12.7301
レツ	冽	1288		501	
レイナ	嶺衣奈	1291		122	-16.8480
レンラクシュダン	連絡手段	1283	1285	17	-12.5927
レイヲ	例を	1285	156	17	-10.8276
レタコトモ	れたことも	876	262	17	-10.9936
レッカイ	裂壊	1285		501	-18.6282
レジンキャスト		1288		270	-14.8243
レンダコ	連凧	1285		501	-18.6282
レイジ	霊畤	1285		501	-18.6282
レンセイ	錬成	1283		395	-12.4470
レテイル	れている	876	919	17	-7.2469
レンジン	連仁	1291		501	-18.1724
レキセン	歴戦	1285		411	-13.6289
レイホン	零本	1285		28	-17.5986
レイボク	霊木	1285		32	-15.4189
レテイルト	れていると	876	164	17	-10.5543
レジェンド		1289		203	-10.6444
レジスタファイル		1288		45	-14.7115
レルンダ	れるんだ	870	453	17	-10.3417
レイレイシク	麗々しく	51		501	-17.2313
レイト		1289		448	-12.5345
レイジロウ	怜二郎	1291		501	-18.1724
レッシャ	劣者	1285		501	-18.6282
レナ	玲凪	1291		501	-18.1724
レビ		1290		149	-12.1557
レマスガ	れますが	876	299	17	-10.8246
レン	練	1291		395	-13.6393
レンジデ	レンジで	1285	149	17	-10.7791
レイジ		1289		89	-12.2558
レタトイウ	れたという	876	818	17	-11.4247
レイセイ	鈴声	1285		501	-18.6282
レテテ	れてて	876	307	17	-9.9195
レンジファインダーカメラ		1288		139	-14.5072
レイシ	令し	587		343	-13.3501
レイダイ	霊台	1285		76	-18.6282
レイワキタミナミ	令和喜多みな実	1289		122	-16.8150
レビ		1289		149	-17.9060
レンタルビデオ		1285		442	-14.1112
レンチュウ	連中	1285		17	-11.0496
レイリ	れいり	1287		501	-18.0477
レイジロウ	伶二郎	1291		501	-18.1724
レイイキ	冷域	1285		501	-18.6282
レンソウホウ	連装砲	1285	1298	17	-13.4620
レンタン	連たん	1285		501	-18.6282
レキバク	礫漠	1285		501	-18.6282
レキガン	礫岩	1288		381	-14.0775
レイシ	霊祠	1285		501	-18.6282
レイ	怜	1291		370	-11.4875
レッグス	legs	1288		501	-17.5115
レンショウ	連嶂	1285		501	-18.6282
レイレイ	麗々	1281		501	-16.9196
レッソウ	列宗	1285		501	-18.6282
レトロ		1285		17	-12.2814
レンセツ	連接	1283		95	-12.5885
レイス	れいす	584		501	-16.4225
レイ	澪	1288		501	
レ	れ	873		468	-3.1221
レイチャ	冷茶	1285		501	-16.5695
レギオナルリーガ		1288		348	-13.8981
レテイルホウ	れている方	876	1310	17	-10.9912
レンゴ	連語	1285		352	-16.0888
レンセイ	連成	1285		501	-18.6282
レンギン	連吟	1283		501	-17.6899
レイゾウ	礼三	1291		501	-16.3265
レイゾウコニ	冷蔵庫に	1285	151	17	-10.7282
レイ	例	1300		468	-9.2730
レベルノ	レベルの	1285	368	17	-9.8772
レイジン	澪人	1291		501	-18.1724
レイセイチンチャク	冷静沈着	1288		127	-13.9379
レティシア		1289		25	-13.2280
レンソ	連組	1289		501	-17.9060
レーススウ	レース数	1285	1298	17	-12.7703
レイブン	例文	1285		327	-12.7821
レジスタンスウンドウ	レジスタンス運動	1288		326	-13.9237
レンドラ	連ドラ	1288		476	-13.4045
レンメイ	聯盟	1285		131	-14.4189
レッドマン		1288		225	-13.9892
レイト	黎人	1291		501	-18.1724
レイナ	れいな	1291		36	-12.4659
レイフウ	冷風	1285		284	-14.0828
レテオリ	れており	876	1197	17	-8.9744
レッツ	Let’s	1288		501	-14.5908
レイチョウモク	霊長目	1288		501	-14.1976
レイニク	冷肉	1285		501	-18.1929
レンゴウキヤク	連合規約	1288		13	-14.4205
レテイルガ	れているが	876	299	17	-9.9095
レイワ	れいわ	1285		501	-13.1169
レックス	rex	1285		44	-18.0817
レッパン	列藩	1285		498	-14.1319
レキシジョウ	歴史上	1285	1305	17	-11.4073
レンドウ	連動	1283		182	-10.5020
レイマワリ	礼回り	1285		501	-18.1247
レテルホウ	れてる方	876	1310	17	-11.4302
レイアップ		1292		211	-13.4960
レイゴエ	礼肥	1285		501	-18.6282
レイキャクスイ	冷却水	1288		174	-13.1869
レイカン	鈴寛	1291		122	-19.4200
レインボー	rainbow	1289		398	-13.7782
レイク	麗句	1285		501	-17.7528
レキダイサイコウ	歴代最高	1288		501	-13.0231
レイキュウ	霊匣	1285		501	-18.6282
レールモントフ		1288		90	-13.9642
レイ	嶺	1285		3	-13.6868
レンギョウ	れんぎょう	1285		501	-18.9467
レンパツ	れんぱつ	1283		501	-18.6884
レシフェ		1293		272	-15.9091
レイア		1289		25	-12.3679
レルノデス	れるのです	870	460	17	-11.2665
レートー		1288		222	-14.7332
レチャッタ	れちゃった	876	435	17	-10.9568
レイボク	零墨	1285		501	-18.6282
レルヒト	れる人	870	1285	17	-10.8130
レンケイジ	蓮馨寺	1288		501	-14.9473
レンゾウ	廉蔵	1291		501	-16.2265
レニングラード		1293		463	-11.1242
レイガク	礼楽	1285		365	-15.5751
レンギョ	鰱魚	1285		501	-18.6282
レイセオン		1292		181	-12.6118
レンカ	廉価	1287		169	-11.8081
レイキョウ	冷恭	1289		501	-17.9060
レキシチリガク	歴史地理学	1288		239	-14.2974
レイド	RAID	1288		431	-13.5200
レイ	儷	1288		501	
レンジローバー		1288		168	-14.8274
レイケツ	冷血	1287		66	-14.0029
レイデ	例で	1285	149	17	-11.2342
レンキチ	廉吉	1291		501	-15.4643
レルコトハ	れることは	870	261	17	-10.3973
レルトオモウ	れると思う	870	817	17	-11.4091
レンアイテキ	恋愛的	1283	1299	17	-12.5831
レイジーライクレイジー	LazyLieCrazy	1289		122	-18.0580
レイユウ	霊裕	1289		501	-17.9060
レタリシ	れたりし	876	610	17	-10.7192
レンヤ	廉也	1291		501	-15.4511
レンツ		1290		329	-13.3813
レター	letter	1285		121	-17.8906
レンケイ	連繋	1283		53	-14.8542
レイケイ	令閨	1285		501	-18.6282
レイセイ	れいせい	1287		501	-18.0477
レッグウォーマー		1288		501	-14.6788
レツ	洌	1288		501	
レイガイテキ	例外的	1288		468	-11.5271
レキネン	暦年	1285		143	-13.8954
レコンストラクション		1288		38	-14.8855
レル	RHEL	1288		77	-14.6421
レディング		1285		138	-14.6393
レッサ	れっさ	586		501	-16.5029
レター	Letter	1289		367	-12.9684
レテタラ	れてたら	876	433	17	-11.2577
レッドソックス		1288		306	-12.3376
レイコク	霊告	1285		501	-18.6282
レンク	連区	1285		501	-18.6282
レイワ	令和	1291		501	-9.4202
レンゴウ	聯合	1283		346	-13.5757
レッコク	列国	1285		209	-14.0968
レキシショウセツ	歴史小説	1288		393	-12.3710
レシピ		1285		75	-9.7026
レイジ	礼次	1291		501	-16.3478
レキ	れき	1285		331	-13.9208
レンケイ	連系	1283		501	-18.0694
レンタルショップ		1288		501	-14.4342
レルコトニナル	れることになる	870	772	17	-11.1354
レプ		1285		501	-15.2986
レイリョウ	冷涼	1285		112	-13.0404
レーダー		1285		320	-10.8222
レイヘキ	霊璧	1293		501	-17.7008
レポ	Repo	1288		501	-14.2632
レイテン	零点	1285		447	-17.3126
レルダケ	れるだけ	870	338	17	-10.7886
レシーバー		1285		95	-13.3028
レモン	檸檬	1285		389	-18.3181
レマスカ	れますか	876	359	17	-11.3503
レイロウ	玲瓏	1285		392	-16.0522
レンカ	廉価	1285		169	-13.0137
レアリティ		1288		283	-13.3453
レマシタガ	れましたが	876	299	17	-11.2417
レイジ	RAGE	1289		302	-12.9890
レイチ	霊智	1285		501	-18.6282
レッシヨ	れっしよ	585		501	-16.4183
レルヨウニナッ	れるようになっ	870	786	17	-9.6841
レンガ		1285		130	-11.9681
レンナー		1285		434	-15.1972
レキホウ	暦法	1285		342	-13.3972
レイカイ	霊界	1285		212	-13.5249
レンコン	れんこん	1288		93	-13.3117
レイタク	霊託	1285		501	-18.6282
レーサー		1285		334	-12.2368
レギュラーカ	レギュラー化	1285	1297	17	-13.1511
レテイッ	れていっ	876	1008	17	-10.9071
レテイルコト	れていること	876	1310	17	-10.0870
レイト	late	1285		461	-18.0304
レンソウ	連想	1283		208	-10.7642
レイケイ	玲景	1291		501	-18.1724
レンサイサレ	連載され	1283	876	17	-11.0537
レジン		1288		270	-12.6113
レンサ	連瑣	1289		501	-17.9060
レイ	岑	1291		246	-13.5033
レンポウコウクウキョク	連邦航空局	1288		173	-14.2854
レーゲンスブルク		1285		463	-14.2109
レッセヨ	列せよ	589		403	-9.4753
レンドウ	孌童	1285		501	-18.6282
レキテイ	歴程	1285		57	-15.9712
レチャウ	れちゃう	876	307	17	-10.2718
レミ	れみ	1289		150	-13.3739
レテシマッテ	れてしまって	876	307	17	-11.3328
レイトウ	冷とう	1283		501	-18.2364
レンカン	連環	1285		395	-14.8135
レテタ	れてた	876	435	17	-9.3557
レイチ	冷池	1285		501	-18.6282
レイセイニカンガエ	冷静に考え	1287	625	17	-11.3373
レット・イット・ビー		1288		180	-13.8575
レイチョウ	霊長	1285		218	-15.6154
レッセイ	劣性	1287		355	-13.3028
レトロカン	レトロ感	1288		501	-14.3871
レン	REN	1289		277	-13.7991
レンゴウコクグン	連合国軍	1288		53	-11.6620
レギュレーション		1288		421	-11.8991
レンシュウチュウ	練習中	1283	1305	17	-12.3733
レイナ	伶菜	1291		122	-18.9910
レンサイヲ	連載を	1283	156	17	-11.3847
レイチ	礼智	1285		501	-18.6282
レイナ	れいな	1288		36	-14.8317
レスニック	lesnik	1289		501	-16.8074
レイ	れい	1291		437	-11.1579
レイカ	零下	1285		112	-14.6890
レンガ	楝瓦	1285		501	-18.5412
レッスルマニア		1288		141	-12.9139
レン	瀲	1288		501	
レコメンデーション		1288		206	-14.9699
レッドバロン		1288		89	-14.8243
レキシハ	歴史は	1285	261	17	-11.2097
レイメ	例目	1300	1298	17	-12.8024
レバノン		1294		326	-10.1703
レンシュウ	練しゅう	1283		501	-18.0694
レナ	麗奈	1291		370	-12.4047
レンゾク	連続	1283		178	-8.5115
レンオン	連音	1285		327	-18.6282
レーザープリンター		1288		139	-14.1937
レンヤ	連夜	1285		290	-14.6423
レビュー	revue	1283		501	-17.5433
レイ	零	1291		26	-9.3466
レツリ	裂離	1285		501	-18.6282