ローマシ	ローマ市	1288		130	-13.5745
ロジョウセイカツ	路上生活	1288		11	-14.8849
ロブツ	露仏	1285		209	-16.6592
ロキツ	櫨橘	1285		501	-18.6282
ロードストウ	ロードス島	1288		359	-14.2000
ロクジュウビョウ	60秒	1288		317	-12.7677
ロクレンキン	6連勤	1288		501	-13.6399
ロッカッ	六角	1285		148	-18.7236
ロクガツゲジュン	6月下旬	1288		380	-12.8572
ロウシュ	楼主	1285		290	-16.6849
ロウ	狼	1288		501	
ロールプレイングゲーム		1288		296	-12.5097
ロンジャ	論者	1285		88	-12.3949
ロマノス		1288		273	-13.8001
ロウフ	老夫	1285		501	-18.8289
ロボ	ろぼ	1285		437	-14.8449
ロウシャ	牢舎	1285		501	-17.3126
ロンジアウ	論じ合う	817		501	-17.9992
ローザンヌ		1293		463	-12.1869
ロンセツイイン	論説委員	1288		201	-13.4928
ロクダイガクヤキュウ	六大学野球	1288		491	-14.7087
ロンドン	ろんどん	1293		501	-18.1063
ロウキ	朗希	1291		122	-12.0400
ロウセン	滝千	1291		501	-18.1724
ロク	勒	1288		501	
ロウケツ	蠟纈	1285		501	-18.6282
ロ	老	1288		501	
ロアン	潞安	1293		501	-17.7008
ロンジレ	論じれ	617		88	-10.0565
ロンバルディア		1293		34	-12.5140
ロングビーチ		1288		138	-13.4531
ロシアガワ	ロシア側	1288		209	-12.5532
ロクノヘ	六戸	1290		371	-17.5531
ロウケイ	老兄	1285		501	-18.1929
ロジョウ	露場	1285		501	-18.6282
ロッポンギヒルズ	六本木ヒルズ	1288		2	-12.9925
ロズウェル		1285		138	-14.3078
ロリータ・ファッション		1288		295	-14.7748
ロイン	露印	1285		501	-18.6282
ロウコ	漏壷	1285		501	-18.6282
ロケットダン	ロケット弾	1288		320	-12.3914
ロン	論	1285		88	-11.8774
ロッキーサンミャク	ロッキー山脈	1288		432	-12.9237
ロウマン	浪漫	1285		389	-13.2975
ローマリャクダツ	ローマ略奪	1288		446	-14.6166
ロンジュツ	論述	1283		88	-13.1499
ロウ	琅	1294		246	-17.0867
ロクロウ	陸朗	1291		501	-18.1724
ロウエン	労演	1288		501	-18.5231
ロウ	廊	1285		435	-13.1945
ロウグン	狼群	1285		501	-18.6282
ロシ	沪紙	1285		501	-18.6282
ロクロウタ	六郎太	1291		501	-17.3251
ロビーニョ		1289		348	-14.0357
ロマネスクヨウシキ	ロマネスク様式	1288		130	-14.0775
ロクノスケ	録之助	1291		501	-18.1724
ロペス		1290		255	-11.8668
ロングトーン		1288		458	-14.1957
ロウサ	労さ	586		501	-13.8317
ロック	lock	1283		5	-17.5898
ロ	廬	1285		58	-13.5873
ロウドウシャハケン	労働者派遣	1288		486	-14.9224
ロン・ハバード		1288		493	-15.0041
ロジョウチュウシャ	路上駐車	1288		109	-14.4562
ロボ	鹵簿	1285		501	-17.1760
ロゴウサクセン	ろ号作戦	1288		343	-14.7503
ロ	炉	1298		384	-10.6300
ロンド・ベル		1288		190	-13.8613
ロチョク	魯直	1291		501	-18.1724
ロンリー	lonely	1287		302	-16.7040
ロクボウセイ	✡	1285		501	-24.8478
ロンハー		1288		501	-15.2718
ロクネンマエ	6年前	1288		161	-12.6077
ロウ	臘	1288		501	
ロウ	蠟	1285		4	-18.5412
ロー・スクール		1288		314	-13.8204
ロウガク	老学	1285		501	-18.6282
ロブ・ヴァン・ダム		1289		141	-13.4610
ロケ		1285		224	-11.0151
ロムルス		1288		273	-14.2618
ロウナン	老男	1285		501	-18.6282
ロクセツ	麓屑	1285		501	-18.6282
ロクジュウサンサイ	63歳	1288		46	-13.3580
ロウヌケ	牢脱け	1285		501	-18.6282
ロジョウ	路上	1285		290	-11.5511
ロウドウホウ	労働法	1288		456	-13.0643
ロセンメイ	路線名	1288		129	-11.7968
ロッピャクネン	600年	1288		94	-12.5417
ロビンス		1289		255	-13.5596
ロクガシテ	録画して	1283	307	17	-11.1329
ロクジュウハチネン	68年	1288		386	-13.3798
ロジスティックホウテイシキ	ロジスティック方程式	1288		65	-14.4126
ログイ	櫓杭	1285		501	-18.6282
ロレ		1285		0	-15.1705
ロウク	老軀	1285		501	-18.6282
ロボットコウガク	ロボット工学	1288		239	-13.6264
ロム		1285		203	-17.8481
ロット	ろっと	1285		501	-13.9031
ローストビーフ		1288		75	-12.4802
ロホウ	露鋒	1285		501	-18.6282
ロクセヨ	ろくせよ	589		501	-14.6391
ロウカイ	ろうかい	1287		501	-18.0477
ロウヘイ	労兵	1285		501	-18.6282
ロンド		1285		458	-13.3348
ロクマク	肋膜	1285		457	-16.2882
ローレンス・オリヴィエ		1289		179	-13.1155
ロシュツ	露出	1283		182	-10.4422
ロチ		1289		501	-16.7429
ロイヤル		1285		347	-12.1352
ロドニー		1289		417	-13.4507
ロウサイ	労災	1285		455	-13.3158
ロンコウ	論考	1285		59	-12.7507
ローレライ		1288		429	-13.7920
ロンリ	∧	1288		501	-21.1667
ロービジ		1285		501	-15.9093
ロカビリー	ろかびりー	1285		501	-18.5412
ロクジュウゴサイ	65歳	1288		46	-10.8411
ロクジュウイチネン	61年	1288		386	-13.6399
ロウコク	鏤刻	1283		501	-18.0694
ロクヤネ	陸屋根	1285		220	-16.6823
ロクボク	肋木	1285		501	-18.0008
ロウシン	老心	1285		501	-18.6282
ローナ		1289		11	-14.6072
ロディー		1289		501	-15.8570
ローリー		1291		138	-11.3399
ローダン		1289		448	-12.4502
ロウセイ	労政	1285		156	-15.5598
ロクデモナカロ	ロクでもなかろ	25		501	-13.3578
ロンソウ	論創	1288		501	-18.5231
ロウカボウシ	老化防止	1283		17	-13.4913
ロクリガハラ	六里ケ原	1290		501	-17.5531
ロマニ		1288		501	-14.7242
ローキック		1288		211	-13.1889
ロウ	榔	1288		501	
ロリョウ	路粮	1285		501	-18.6282
ロマノフチョウ	ロマノフ朝	1288		446	-14.0261
ロクエン	6円	1288		163	-14.2952
ロウシ	労資	1285		131	-15.9827
ロヨウ	露葉	1291		501	-16.1442
ロス		1291		149	-11.3421
ロクゲン	六限	1314		228	-14.9009
ロクガツハツカ	6月20日	1288		195	-11.3866
ロクロウ	禄郎	1291		501	-14.9403
ロムニー		1288		38	-14.4614
ロワールガワ	ロワール川	1288		432	-13.7935
ローシュ		1289		366	-15.1384
ロゴマーク		1288		242	-11.5163
ロレンソ		1290		63	-13.0077
ロッピャクロクジュウネン	660年	1288		360	-13.6754
ロールキャベツ		1288		75	-13.5582
ローゼンメイデン		1288		415	-14.8187
ロールプレイ		1288		287	-13.2717
ロウデン	ろう電	1283		501	-18.8426
ロッカイ	6階	1288		414	-12.3622
ロー	law	1285		5	-17.9351
ロウナイ	楼内	1285		501	-18.6282
ロクザエモン	六左衛門	1291		501	-17.3251
ロウジュウカク	老中格	1288		108	-14.9190
ロンケツ	論結	1283		501	-18.0694
ロ	露	1294		346	-9.3435
ロリョウ	鷺梁	1293		501	-17.7008
ロウドウキジュンカントクカン	労働基準監督官	1292		265	-12.7436
ロクセイ	鹿西	1290		501	-16.7954
ロッカク	六角	1285		148	-18.2535
ロケットランチャー		1288		264	-13.6974
ロクジュウキュウパーセント	69%	1288		248	-12.9056
ロク	仂	1288		501	
ロクガツジュウキュウニチ	6月19日	1288		195	-11.5389
ロングレンジ		1285		64	-15.0193
ロクロ	ろくろ	1289		437	-12.6525
ロクジュウミリメートル	60mm	1288		194	-13.7073
ロウドウリョク	労働力	1283	1298	17	-12.7487
ロア		1288		89	-17.6068
ローダ		1285		64	-14.1419
ロクマイ	禄米	1285		501	-18.6282
ロッピャクグラム	600g	1288		194	-13.8701
ロウオン	労音	1288		131	-18.5231
ロクガツサンジュウニチ	6月30日	1288		195	-10.8842
ロクシンホウ	六進法	1288		501	-14.7332
ロウキュウ	労宮	1285		501	-18.6282
ロウ	龍	1288		501	
ロサンゼルスゴリン	ロサンゼルス五輪	1288		7	-14.5434
ロメイ	露命	1285		501	-17.8994
ローダー		1285		64	-14.2264
ロウカン	瘻管	1285		501	-18.6282
ロ	驢	1285		392	-18.6282
ロウカ	弄花	1285		501	-16.9486
ロッポンギエキ	六本木駅	1293		341	-13.5662
ロミュラン		1285		459	-14.6292
ロコツ	ろこつ	1287		501	-17.6422
ロクマクエン	肋膜炎	1285		46	-14.7800
ロザイ	濾材	1285		142	-18.6282
ロウ	隴	1285		58	-18.6282
ロウフク	老福	1285		501	-18.6282
ロボットミタイ	ロボットみたい	1285	1311	17	-13.1749
ロジャー・ベーコン		1289		210	-13.8463
ロペス	呂比須	1289		488	-17.9060
ロウフウ	陋風	1285		501	-18.6282
ロシアカガクアカデミー	ロシア科学アカデミー	1288		314	-14.1993
ロウバイ	老梅	1285		501	-18.6282
ロビンウィリアムズ	ロビン・ウィリアムズ	1289		122	-13.9120
ロウバイ	狼狽	1283		161	-13.1806
ロクダイ	鹿台	1288		297	-18.5231
ロウガ	蝋画	1285		501	-18.6282
ロウライ	老萊	1289		501	-17.9060
ロサンゼルスオリンピック		1288		7	-13.3112
ロウシ	聾し	587		501	-14.7364
ローソン	LAWSON	1288		40	-14.0560
ロキ		1289		222	-11.5338
ロウド	臘土	1285		501	-18.6282
ロオレンゾ	ろおれんぞ	1289		501	-18.1292
ロニチ	露日	1285		501	-18.6282
ロウキョ	蝋炬	1285		501	-18.6282
ロクデン	六田	1290		76	-14.7558
ロアルド		1289		501	-15.9209
ロウザン	籠山	1290		128	-20.2354
ロクスケ	ろくすけ	1291		501	-17.8847
ロケ	ろけ	1285		150	-15.2102
ロテキ	蘆笛	1285		501	-18.6282
ロンドン・スクール・オブ・エコノミクス		1292		314	-12.4093
ロジ	露路	1285		501	-18.6282
ローカルワイドバングミ	ローカルワイド番組	1288		305	-14.6837
ロンジュン		1289		501	-13.1504
ローライ		1288		105	-15.1541
ロシアキョウワコク	ロシア共和国	1288		19	-13.8435
ロンドンコウキョウガクダン	ロンドン交響楽団	1288		98	-14.0807
ロウハチ	臘八	1285		501	-17.3126
ロクジュッポン	60本	1288		143	-13.7130
ロン	ろん	1289		331	-10.9719
ログ	㏒	1288		501	-20.0000
ロウ	窶	1288		501	
ロウシュツ	漏出	1283		174	-13.5015
ロンシャ	論者	1285		88	-20.3330
ロードムービー		1288		322	-13.9095
ロクシャク	陸尺	1285		501	-18.6282
ロンパ	論破	1283		133	-12.0960
ロウドウキジュン	労働基準	1288		214	-14.5267
ロ	籠	1288		501	
ロシナンテ		1289		462	-13.8265
ロンリセキ	論理積	1288		447	-14.9327
ロイヤルティー		1288		474	-14.9122
ログアウト		1285		197	-12.9869
ローレンツヘンカン	ローレンツ変換	1288		447	-13.7937
ロウキョク	浪曲	1285		73	-13.2954
ロマ		1293		408	-17.8831
ロクガンネン	禄元年	1285	1314	17	-13.5469
ロショウ	露商	1285		501	-18.6282
ロジック		1285		431	-11.8589
ロウリュ		1288		501	-14.5542
ロウイ	労委	1285		501	-18.6282
ロシア		1294		240	-7.1211
ロウニン	浪人	1283		74	-11.1931
ローカルバングミ	ローカル番組	1288		305	-12.5962
ロ	櫚	1288		501	
ロッカクシンジ	六角慎司	1289		122	-18.6310
ロンショウ	論証	1283		287	-12.6311
ロクダイトシ	六大都市	1288		13	-14.9055
ロクオン	ろくおん	1283		293	-18.8426
ロウ	瑯	1288		501	
ロウドウ	郎党	1285		498	-15.9979
ロッパ	緑波	1291		439	-14.8765
ロキソニン		1288		501	-12.8885
ロウシ	蝋紙	1285		501	-18.6282
ロクジュッサイ	60歳	1288		46	-11.3785
ロードアイランド	ろーどあいらんど	1293		501	-18.3940
ローカルセールス		1288		305	-13.0928
ロウ	癆	1288		501	
ロクセンニン	6000人	1288		387	-12.7652
ロンコウ	論稿	1285		501	-18.6282
ロ	枦	1288		501	
ロウケン	労研	1285		501	-18.6282
ロキツ	盧橘	1285		501	-18.6282
ロナウジーニョ		1289		62	-12.6113
ロスコ		1289		204	-13.2721
ロウカイオウシン	老界王神	1289		26	-13.6621
ロバート・オウエン		1289		291	-13.6806
ロクマンエン	6万円	1288		163	-12.9460
ロウテイ	老帝	1285		501	-18.6282
ローマコウテイ	ローマ皇帝	1288		273	-11.8893
ロウノキ	蝋の木	1285		501	-18.6282
ローガン		1288		255	-13.4185
ロウコツ	鏤骨	1285		501	-18.6282
ロウ	労	1285		346	-12.0948
ロゲン	露厳	1291		501	-18.1724
ロックウェル		1289		255	-13.3991
ロッコウ	六甲	1293		385	-11.7523
ロンドンケイシチョウ	ロンドン警視庁	1288		171	-14.2402
ロクデモナカラ	ろくでもなから	27		501	-12.1296
ロクザン	碌山	1291		76	-14.1650
ロッコウエキ	六甲駅	1293		321	-13.8090
ロス		1293		149	-9.7882
ロコウ	廬江	1293		501	-17.7008
ロックンロール		1285		412	-12.3369
ロンティー	ロンt	1285		501	-17.8481
ロトスコープ		1288		139	-14.9272
ロウサン	ろうさん	1285	1302	17	-13.0118
ロウショク	老職	1285		501	-18.7236
ロクガツヨッカ	6月4日	1288		195	-11.5231
ロックオン		1292		283	-11.6689
ローチ		1289		470	-13.5255
ロム		1289		203	-12.9607
ロウ	ろう	1285		36	-11.4853
ロザシ	絽刺し	1285		501	-18.6282
ロウ	瘻	1298		183	-18.1108
ロウジン	老人	1285		290	-10.8220
ロシン	炉芯	1285		501	-18.6282
ロク	祿	1285		440	-18.6282
ロクデモナケレ	ロクでもなけれ	13		501	-13.3578
ロウロウ	朗々	1285		460	-14.8494
ロウドウシャカイキュウ	労働者階級	1288		408	-12.2618
ロキ		1285		222	-15.4540
ロココ		1285		84	-13.4967
ロウヒカ	浪費家	1283	1298	17	-13.2915
ロクイノクロウド	六位蔵人	1288		403	-14.7854
ロッコウダイチョウ	六甲台町	1293		501	-16.4015
ローズ		1290		255	-11.9559
ロメントウケツ	路面凍結	1288		112	-14.3445
ロクレンパイ	6連敗	1288		178	-13.6377
ロクガツムイカ	6月6日	1288		195	-11.4922
ローロー	roro	1289		501	-19.3074
ロクジュウニン	60人	1288		387	-12.3300
ロクサン	緑衫	1285		501	-18.6282
ロクジョウ	六条	1293		238	-13.3055
ロッケンヤチョウ	六軒家町	1293		501	-17.1900
ロソン	蘆村	1291		501	-18.1724
ロウキン	ろうきん	1285		293	-15.3365
ロイヤル・オペラ・ハウス		1292		98	-13.3661
ロコウ	蘆溝	1293		501	-17.7008
ロマン	浪漫	1285		389	-18.3871
ロウシカンケイ	労使関係	1288		79	-13.9582
ロクデモナキ	ロクでもなき	21		501	-13.3580
ロボット	🤖	5		501	-22.2958
ロクジュウイッカイ	61回	1288		134	-13.4829
ロージー		1289		25	-13.5126
ロールパン		1288		391	-14.4304
ロク	肋	1288		501	
ロンリ	∵	1288		501	-22.6667
ロウジョウ	老嬢	1285		501	-17.1425
ロウソウ	老荘	1285		365	-18.6282
ロッショク	6色	1288		242	-13.6371
ロマンスノカミサマ	ロマンスの神様	1288		501	-14.9431
ロルカ		1288		335	-14.6961
ローラン		1293		329	-12.1855
ロテキ	蘆荻	1285		501	-18.1929
ロンコウ	論攷	1285		501	-18.6282
ロンピョウ	論評	1283		216	-12.4029
ロクボウセイ	六芒星	1288		242	-14.3327
ロータリーコウサテン	ロータリー交差点	1288		129	-14.9821
ロチュウ	路駐	1288		501	-14.5058
ローマジ	ローマ字	1285		327	-12.3932
ローザンヌジョウヤク	ローザンヌ条約	1288		209	-14.8724
ロゴ	logo	1285		501	-17.9351
ロロ	roro	1285		501	-21.8074
ロ	ろ゚	1288		501	-20.0000
ロウドウホケン	労働保険	1288		455	-14.6146
ロウジ	榔子	1285		501	-18.6282
ロンジ	論じ	622		88	-10.0701
ロッカゲツカン	6か月間	1288		143	-13.8010
ロクセヨ	録せよ	589		501	-14.4301
ロンテキ	論敵	1285		88	-14.6356
ロウガイ	老害	1285		501	-12.4007
ロクシチジッ	六、七十	1295		501	-17.4645
ロセン	ろせん	1285		99	-15.0955
ロセンジョウキョウ	路線状況	1285		17	-12.3429
ロード		1285		347	-11.1746
ロクレンパ	6連覇	1288		7	-13.7242
ログ	log	1288		447	-12.6732
ロッコ		1288		11	-14.5397
ロマンティック・コメディ		1288		179	-14.2714
ローマ	ろーま	1293		501	-18.3940
ロウハイブツ	老廃物	1283	1298	17	-12.8151
ロクロクビ	ろくろ首	1285		499	-14.5049
ロジ	鷺鶿	1285		501	-18.6282
ロテイ	路程	1285		227	-16.1388
ロクハラ	六波羅	1290		498	-12.2188
ロネン	炉年	1285		501	-18.6282
ロッコウ	禄剛	1293		501	-17.5467
ロウチン	労賃	1285		286	-15.5192
ローレンツリョク	ローレンツ力	1288		339	-14.7509
ロバン	路盤	1285		469	-12.9322
ロベスピエール		1288		326	-12.6382
ロメン	路麺	1285		501	-18.6282
ロケットスタート		1288		63	-14.5286
ロ	路	1298		469	-8.9584
ロクインチ	6インチ	1288		194	-13.2706
ロボウ	ろぼう	1285		437	-14.4668
ロマネスク		1285		130	-14.2629
ロウ	勞	1288		501	
ロウキュウ	籠球	1285		41	-18.6282
ロセイ	櫓声	1285		501	-18.6282
ロッカクケイ	⬣	1288		501	-19.8333
ロウバン	蠟盤	1285		501	-18.6282
ロクギョウ	禄行	1291		501	-18.1724
ロールスロイス		1285		168	-14.6433
ローマテイコク	ローマ帝国	1294		359	-9.5750
ロウコ	浪虎	1288		501	-18.5231
ロクガ	録画	1283		20	-10.0399
ロスジェネ		1288		501	-14.6778
ロウシヨ	労しよ	585		501	-13.7470
ロクネンセイ	6年生	1288		364	-11.9743
ロウ	聾	1285		365	-14.5042
ロ	ㇿ	1288		501	-20.0000
ロンテキ	論的	1298	1299	17	-12.5204
ロッショウ	6勝	1288		377	-11.6816
ロクリョウヘンセイ	6両編成	1288		426	-11.0420
ロッカゲツ	6か月	1288		143	-11.7557
ロウバイ	ろうばい	1283		501	-18.8426
ロクドウ	六道	1285		32	-14.0438
ローレンツ		1289		65	-11.6713
ロクゾウ	六蔵	1291		285	-15.5098
ロタ		1285		37	-16.5353
ロウゾメ	蝋染	1285		501	-18.6282
ロクガヨヤク	録画予約	1283		17	-12.4705
ロウドウジンコウ	労働人口	1288		248	-13.4470
ロウイ	老医	1285		501	-18.6282
ロリータ		1291		307	-11.3886
ロンドントクベツク	ロンドン特別区	1288		501	-14.8035
ロマン・ロラン		1289		204	-13.4988
ロッテオリオンズ		1288		310	-13.1320
ロッカッケイ	六角形	1285		304	-13.1145
ロストック		1288		463	-14.5067
ロクエン	¥6	1288		501	-14.8016
ロック		1283		412	-9.4359
ロウヒヘキ	浪費癖	1288		11	-14.3666
ロクジュウニネン	62年	1288		360	-13.7394
ロンキュウ	論及	1283		291	-15.2920
ロウコウ	ろうこう	1287		501	-18.0477
ロクジュウヨンカイ	64回	1288		134	-13.6565
ロバート・フック		1289		210	-13.6411
ロクチャク	6着	1288		245	-12.8454
ロクジュウハッサイ	68歳	1288		46	-13.3572
ロッソ		1288		462	-15.0026
ロードレースセカイセンシュケン	ロードレース世界選手権	1288		421	-13.1409
ロウイツ	労逸	1285		501	-18.6282
ロシュウ	潞州	1293		440	-17.7008
ロンドン	倫敦	1293		389	-13.7131
ロクセン	6千	1295		501	-17.4645
ロヘイ	魯兵	1285		501	-18.6282
ロウフ	老父	1285		49	-15.6620
ロクジュウオク	60億	1288		354	-13.9569
ロドス		1293		359	-15.7549
ロウジ	臈次	1285		501	-18.6282
ローリング・ストーン		1288		318	-12.4025
ロンチュウ	論注	1285		501	-18.6282
ロシアスウェーデンセンソウ	ロシア・スウェーデン戦争	1288		501	-14.7854
ロクエモン	六衛門	1291		501	-17.3251
ロンシュウ	論集	1285		59	-13.9250
ローレンシウム		1285		501	-15.9058
ロードローラー		1288		142	-14.6762
ロウホ	老舗	1285		442	-18.8603
ロマ		1288		408	-15.3285
ローリングストーン		1288		318	-14.7631
ロウジョウ	籠城	1283		501	-11.8018
ロビ		1288		462	-14.6880
ロウシ	労し	587		501	-13.7546
ロウムカンリ	労務管理	1288		350	-13.9669
ロンリ	∄	1288		501	-20.6667
ロクダイメナカムラ	六代目中村勘九郎	1289		122	-15.7330
ロジャー・テイラー		1289		196	-13.7673
ロウソウ	潦草	1285		501	-18.6282
ロンド	rondo	1285		501	-17.9351
ロートセイヤク	ロート製薬	1292		274	-12.1804
ローバー		1292		168	-11.1534
ローマカトリックキョウカイ	ローマ・カトリック教会	1288		199	-13.0283
ロンドンタイカ	ロンドン大火	1288		130	-14.9122
ローマシンワ	ローマ神話	1288		429	-12.9448
ロクジ	6次	1288		134	-13.5829
ロープウェイ		1288		469	-12.2936
ロックフェラー		1290		255	-12.0609
ロセンデータ	路線データ	1285		17	-12.5329
ロクネンカン	6年間	1288		143	-11.4216
ロッピャクワット	600W	1288		501	-13.0540
ロクミ	六味	1285		501	-16.7635
ロンバルドベネト	ロンバルド=ヴェネト	1294		501	-16.0751
ロコク	露国	1294		346	-17.0867
ロトセンソウ	露土戦争	1288		298	-13.1264
ロナン		1289		459	-15.1112
ロクサ	ろくさ	586		501	-14.7252
ロクガツジョウジュン	6月上旬	1288		380	-13.2580
ロウガイ	労咳	1285		192	-16.3166
ロクロウ	録郎	1291		501	-14.6189
ロクオウ	麓王	1285		501	-18.6282
ロクシ	録し	587		501	-14.4391
ロスチャイルドケ	ロスチャイルド家	1288		329	-14.2402
ロシアブンガク	ロシア文学	1288		323	-13.6797
ロクデナシ	ろくでなし	1285		420	-14.5094
ロウ	労	1298		346	-12.1876
ロクゴウ	麓郷	1293		501	-17.7008
ロジーナ		1285		11	-15.2851
ロクバン	6番	1288		332	-11.1030
ロクロク	碌々	1285		501	-16.9218
ロボットアニメ		1288		322	-12.2673
ロシアリクグン	ロシア陸軍	1288		188	-14.6582
ロクシチジッ	六七十	1295		501	-17.4645
ローストチキン		1288		391	-14.4037
ロ	櫓	1285		435	-11.6568
ロングブーツ		1288		295	-14.5180
ロクネンメ	6年目	1288		306	-12.8730
ロンナン	ろんなん	1283		501	-13.7023
ローマジニュウリョク	ローマ字入力	1288		327	-14.4422
ロンドンシチョウ	ロンドン市長	1288		38	-14.5397
ロードバイク		1288		168	-12.7347
ロディ・パイパー		1289		141	-13.9170
ローヤル		1285		223	-15.3338
ロッコウオロシ	六甲おろし	1288		113	-14.0469
ロク	朸	1288		501	
ロマーリオ		1289		62	-13.1751
ロウシャ	聾しゃ	582		501	-14.7274
ロボットキョウギ	ロボット競技	1288		362	-14.9258
ロクジュウニサイ	62歳	1288		46	-13.1393
ロウオウ	老桜	1285		501	-18.6282
ロクジュウロクネン	66年	1288		386	-13.6740
ロロ		1292		149	-11.8024
ロクジロウ	六次郎	1291		501	-17.3251
ロウ	薐	1288		501	
ロウ	弄	1283		495	-13.2905
ロッピャクヨンジュウエン	640円	1288		501	-13.7352
ロクガツニジュウロクニチ	6月26日	1288		195	-11.4575
ロクガツジュウシチニチ	6月17日	1288		195	-11.5844
ロリコン		1285		393	-12.4533
ロウバ	老婆	1285		161	-12.4305
ロウガン	老顔	1285		501	-18.6282
ロチェスター		1293		138	-14.8676
ロミジュリ		1288		501	-14.5652
ロウセツ	漏洩	1283		243	-12.1783
ロー	Raw	1289		367	-13.2426
ロウロウ	瓏々	1285		501	-18.8289
ロガイ	ろがい	1285	1298	17	-12.9579
ロ	鑢	1288		501	
ローソク		1289		501	-13.0342
ロザ	露座	1285		501	-17.3626
ロック	rock	1289		121	-12.7735
ロンパード		1285		501	-14.9624
ロカタ	路肩	1285		469	-13.3715
ロンテン	論点	1285		468	-11.7288
ロッカン	肋間	1285		183	-15.2429
ロンドンブーツイチゴウニゴウ	ロンドンブーツ1号2号	1289		409	-13.3760
ロウワ	漏話	1285		339	-18.6282
ロ	梠	1288		501	
ロリ		1285		324	-14.8940
ロケン	潞県	1293		501	-17.7008
ロクモンセン	六文銭	1289		285	-13.4738
ロクボルト	6v	1288		501	-14.9642
ロッピャクナナジュウニネン	672年	1288		263	-13.2277
ロンナン	論難	1283		133	-14.5984
ロクジュッテン	60点	1288		318	-13.1108
ロシアセン	ロシア戦	1288		428	-14.3121
ロシェ		1289		184	-14.8711
ロンセイ	論勢	1285		501	-18.6282
ロヘキ	炉壁	1285		501	-18.6282
ロジスティクス		1289		378	-12.3427
ロウカ	狼火	1285		501	-16.9901
ロカビリー		1285		412	-13.6879
ロウ	裲	1288		501	
ローリエ		1292		149	-12.4860
ロクゾン	禄存	1285		501	-18.6282
ロウドクゲキ	朗読劇	1283	1285	17	-12.1721
ローウェル		1289		255	-13.3636
ロウジュ	老儒	1285		501	-18.1929
ロクオク	6億	1288		354	-12.3344
ロッド・スチュワート		1289		196	-13.4620
ロクワ	6話	1288		424	-12.3584
ローテ		1285		198	-13.5433
ロードレース		1285		362	-12.8175
ロクシチジュウ	六七十	1295		501	-17.4645
ロタリンギア		1288		446	-14.8035
ロクオウ	鹿王	1288		501	-18.5231
ロル		1288		329	-14.1355
ロウケツ	蝋纈	1285		501	-18.6282
ロルフ		1289		25	-13.8764
ロイロ	ろいろ	1285		501	-14.5297
ロータス		1289		421	-11.0883
ロ	樂	1288		501	
ローションカーリング		1285		17	-12.4395
ロウガイ	癆痎	1285		501	-18.6282
ロクセンエン	6000円	1288		163	-12.5694
ロッコツ	ろっ骨	1285		501	-18.9467
ロザノフ		1285		239	-15.0297
ロセンバス	路線バス	1288		162	-9.9619
ロワールケン	ロワール県	1288		501	-13.9825
ロイヤル・シェイクスピア・カンパニー		1288		179	-14.6837
ロップク	六福	1291		501	-15.7271
ロ	閭	1288		501	
ロレツ	呂律	1285		54	-14.6809
ロクダイ	6代	1288		134	-11.3698
ロールシャッハ		1289		210	-15.1460
ロショウ	炉床	1285		501	-18.6282
ロジウム		1285		405	-14.5369
ロト		1289		462	-11.5554
ロンリ	¬	1288		501	-23.1667
ローマノキュウジツ	ローマの休日	1288		401	-13.9267
ロウラク	篭絡	1283		8	-18.0694
ロビラキ	炉開き	1285		501	-16.8990
ロンリジッショウシュギ	論理実証主義	1288		88	-14.0810
ロード	load	1283		5	-17.6386
ロクジュウナナパーセント	67%	1288		248	-12.7997
ロバタ	炉端	1285		84	-15.6809
ロウドウイヨク	労働意欲	1288		350	-14.4485
ロザリア		1288		443	-14.6708
ロウス	弄す	731		501	-17.3208
ローズ	Rose	1289		367	-12.0124
ローンチタイトル		1288		296	-14.4867
ロウガンドウ	老頑童	1289		501	-17.9060
ロウニャクナンニョ	老若男女	1285		307	-12.4824
ロジ	鸕鷀	1285		501	-18.6282
ロシアミンヨウ	ロシア民謡	1288		416	-14.4456
ロザリー		1289		11	-13.6333
ロボコップ		1288		89	-14.0144
ロウ	蘢	1288		501	
ロンベン	論弁	1283		501	-17.1439
ロンリカイロ	論理回路	1288		431	-13.6414
ロクジュウゴネン	65年	1288		386	-13.1691
ロンドンハーツ		1288		476	-14.4451
ロウケイ	老計	1285		501	-18.6282
ロッケンヤ	六軒家	1293		501	-16.7200
ロースカツ		1288		501	-14.7492
ロウ	莨	1288		501	
ロクジュウグラム	60g	1288		194	-13.9177
ロウシグミ	浪士組	1288		106	-13.8910
ローチケ		1288		501	-14.1115
ロビンソン・クルーソー		1288		189	-14.6503
ロウゾメ	蝋染め	1285		501	-18.6282
ロア		1293		89	-16.6022
ロンテイ	論定	1283		501	-17.6899
ロウエイ	ろうえい	1283		501	-18.8426
ローカル	local	1287		5	-16.7949
ロウゴク	牢獄	1285		490	-13.1562
ロクジュウニパーセント	62%	1288		248	-12.9064
ロクジュウゴパーセント	65%	1288		248	-12.3214
ロウア	ろうあ	1285		300	-18.9467
ロープレ		1288		501	-14.4614
ロックカシュ	ロック歌手	1288		196	-14.1505
ロテイ	蘆底	1285		501	-18.6282
ロ	論	1288		501	
ロンジヨ	論じよ	621		88	-10.0586
ロウスル	労する	583		501	-13.7489
ロスター		1288		306	-14.7777
ロバート		1291		255	-9.7749
ロクジュウネンダイ	60年代	1288		356	-11.9431
ロバ	驢馬	1285		74	-15.1716
ロウガンキョウ	老眼鏡	1285		147	-14.3702
ロウフク	労福	1285		501	-18.6282
ロイターツウシン	ロイター通信	1292		201	-12.8322
ロウ	郎	1290		497	-17.9586
ローテーション		1285		198	-12.2644
ローマ	羅馬	1293		342	-17.5467
ロックン・ロール		1288		412	-14.5791
ロクゼンキョウ	六全協	1288		131	-14.9210
ロウカ	ろうか	1285		501	-19.0802
ロボットヘイキ	ロボット兵器	1288		190	-13.7048
ロ	ロ゚	1288		501	-20.0000
ロナ		1300		501	-12.2610
ロショウ	ろ床	1285		501	-18.9467
ロマンチスト		1285		56	-13.8893
ロウヤシキ	牢屋敷	1285		501	-18.6282
ロモ		1288		470	-17.5206
ロショウ	路床	1285		501	-18.6282
ローマホウ	ローマ法	1288		88	-12.8662
ロウオウ	老鶯	1285		501	-18.6282
ロウヅケ	ろう付け	1285		270	-18.9467
ロウキョ	蠟炬	1285		501	-18.6282
ロングショット		1288		89	-14.7418
ロクケン	6件	1288		12	-13.4120
ローズベリー		1288		38	-14.9909
ロヒコ	州	1288		501	
ロマンシュゴ	ロマンシュ語	1288		340	-14.5439
ロウコ	老虎	1293		501	-17.7008
ロクスル	ろくする	583		501	-14.6424
ロウエイ	漏曳	1283		501	-18.0694
ロウソク		1285		60	-13.3582
ローズ	RoHS	1288		20	-14.7748
ローラ		1285		25	-14.5713
ロダイ	炉台	1285		501	-18.6282
ロンズリャ	ろんずりゃ	591		501	-15.5121
ロクデモナウ	ろくでもなう	31		501	-12.1381
ロケット	Rocket	1289		453	-12.9948
ロセンデ	路線で	1285	149	17	-11.2822
ロッカン	6巻	1288		424	-11.6546
ロンキュウ	論究	1283		88	-15.5284
ロッピャクメートル	600m	1288		235	-12.3393
ロサンゼルス		1293		138	-9.4419
ロエキ	濾液	1285		501	-18.6282
ロコウ	蘆江	1291		501	-18.1724
ロウニャク	老若	1285		465	-15.6555
ロ	婁	1288		501	
ロドク	露獨	1285		501	-18.7236
ロービーム		1288		95	-14.5514
ロクガシ	録画し	1283	610	17	-10.6653
ロシン	蘆津	1285		501	-18.6282
ロメンデンシャ	路面電車	1288		280	-10.9040
ロリー		1289		25	-15.0588
ロウスレ	聾すれ	581		501	-14.7274
ロウドウクミアイ	労働組合	1288		131	-10.9034
ロッコウ	ろっこう	1293		501	-18.3940
ロクガツジュウヨッカ	6月14日	1288		195	-11.5533
ロストリバーデルタ		1288		39	-14.9361
ロンモク	論目	1285		501	-18.6282
ロマン	浪曼	1285		501	-18.3871
ロッキ	六輝	1285		501	-18.4612
ロクジュウシュウネン	60周年	1288		224	-12.2802
ロッペイタ	六平太	1291		501	-17.3251
ロクネンゴ	6年後	1288		143	-12.7335
ローリー	ROLLY	1289		122	-18.0890
ロッピャクニン	600人	1288		387	-12.1391
ロウドウリョク	労働力	1288		79	-11.3442
ロリン	呂林	1289		501	-17.9060
ロヘン	路辺	1285		501	-17.5922
ロンドンチカテツ	ロンドン地下鉄	1288		87	-13.8792
ロクデモナカレ	ろくでもなかれ	29		501	-12.1287
ロクバンニンキ	6番人気	1288		245	-13.7801
ロブス		1288		391	-14.8237
ロッカー		1285		64	-12.2469
ロートレック		1288		329	-14.3907
ロザ		1285		1	-17.5357
ロシア	露西亞	1294		501	-17.0867
ロ	滷	1288		501	
ロン		1291		25	-9.8005
ローマキョウコウチョウ	ローマ教皇庁	1292		13	-11.8148
ロシュツキョウ	露出狂	1288		56	-14.2710
ローレン		1288		149	-14.0269
ローディ		1289		196	-13.1583
ロンケン	論憲	1285		501	-18.6282
ロング		1287		64	-14.0926
ロケット	🚀	5		501	-21.4884
ロー	ろー	1287		80	-9.4189
ロロ		1289		149	-16.7429
ローグ		1289		25	-12.6411
ロダイ	露台	1285		297	-16.8244
ロンドケイシキ	ロンド形式	1288		458	-14.4413
ログボ		1285		501	-14.2467
ロソク	路側	1285		469	-14.9945
ロウシロ	聾しろ	588		501	-14.7280
ロクジュウキュウネン	69年	1288		386	-13.4252
ロウクミ	労組	1285		131	-14.9973
ロバートアーソンハインライン	ロバート・A・ハインライン	1288		393	-14.3110
ロジテック		1288		274	-15.5162
ロマンポルノ		1288		449	-13.8199
ロクジュウサンネン	63年	1288		386	-13.5300
ロングスリーパー		1288		501	-14.6950
ロイヤルランブル		1288		141	-13.4656
ロートン		1289		138	-14.0134
ロサンゼルス・タイムズ		1288		201	-14.2966
ロウショウ	老将	1285		501	-18.6282
ロダナ	炉棚	1285		501	-18.6282
ロッポウ	六方	1285		297	-14.5085
ロンメル		1289		53	-11.2051
ロクジュウヨンギガバイト	64GB	1288		315	-13.7852
ロッ	肋	1288		501	
ロクデモナイ	ロクでもない	19		501	-13.8818
ロッキードジケン	ロッキード事件	1288		278	-13.1496
ロングリート		1293		501	-15.9091
ロスラヴェッツ		1285		416	-14.7126
ロウラク	籠絡	1283		501	-18.0694
ロレーヌ		1293		34	-11.5715
ロウシン	老身	1285		501	-17.6588
ローム		1285		381	-14.0590
ロゼリア	Roselia	1289		122	-20.5520
ロム	lomb	1289		501	-16.8074
ロ	鷺	1288		501	
ロウタク	浪宅	1285		501	-18.4767
ロクガツ	6月	1288		195	-8.3373
ロンシャク	論釈	1283		501	-18.0694
ロドプシン		1288		355	-14.9203
ロソクタイ	路側帯	1288		469	-14.1395
ロクスツポ	ろくすつぽ	1281		501	-17.1138
ロタール		1288		273	-13.3150
ロクサブロウ	六三郎	1291		497	-15.0398
ロッキンオンジャパン		1288		501	-14.0673
ロンシ	論旨	1285		287	-14.0425
ロトセブン	ロト7	1288		501	-14.4774
ローズ	rose	1289		376	-13.1306
ロ	爐	1288		501	
ロウジャク	老弱	1285		501	-17.5986
ロンリテンカイ	論理展開	1288		186	-14.4172
ロシアセイフ	ロシア政府	1288		209	-12.9563
ロタ		1289		37	-12.9866
ロム	ろむ	1289		36	-12.7249
ロックフェスティバル		1288		172	-14.4515
ロンドン	london	1293		501	-16.7845
ロンドンゴリン	ロンドン五輪	1288		428	-13.7265
ロンリ	∨	1288		501	-21.6667
ロク	ⅵ	1295		501	-15.8959
ロウ	郞	1288		501	
ロウスイ	漏水	1283		174	-13.5595
ロテンボリ	露天掘り	1285		55	-14.3918
ロサンジェルス		1285		138	-15.0564
ロコ		1289		168	-17.1176
ロゲ		1289		50	-16.7429
ログ	log	1285		447	-17.9351
ローズワム	ローズwam	1288		501	-17.6068
ローヌケン	ローヌ県	1288		501	-14.8218
ロングヘア		1288		295	-13.2304
ロウドウ	労動	1283		501	-18.0694
ロウドウウンドウ	労働運動	1288		131	-12.3116
ロマンス		1285		412	-12.3943
ロウク	老躯	1285		501	-17.4708
ロン	崘	1288		501	
ロクオンスタジオ	録音スタジオ	1288		347	-14.3960
ロソン	路村	1285		501	-18.6282
ロエキ	沪液	1285		501	-18.6282
ロク	勠	1288		501	
ロウドウキョウヤク	労働協約	1288		455	-13.9272
ロス		1289		149	-16.6822
ロクカクケイ	六角形	1285		304	-16.4479
ロンジロ	論じろ	623		88	-10.0555
ロリンズ		1285		141	-14.7309
ロウチュウ	老抽	1285		501	-18.3181
ロジック	logic	1289		5	-13.7224
ロホウ	濾胞	1285		183	-18.6282
ロイヤリスト		1288		417	-14.7926
ロク	碌	1285		247	-13.9715
ロロ	ろろ	1285		17	-12.0987
ロッテリア		1292		274	-12.4025
ロックステディ		1288		412	-14.7926
ロウエイ	漏洩	1283		243	-13.0500
ロクガチュウケイ	録画中継	1283		17	-13.4794
ロクジュウニミリメートル	62mm	1288		264	-13.1083
ロクブテ	ろくぶて	1285		501	-19.2344
ローマシミンケン	ローマ市民権	1288		408	-14.5027
ロックオンガク	ロック音楽	1288		412	-14.0905
ロカン	露艦	1285		501	-18.6282
ロンドンコウガイ	ロンドン郊外	1288		347	-13.9389
ロクジュウキロ	60キロ	1288		259	-13.2429
ロクジュウイチパーセント	61%	1288		248	-12.8922
ロサンゼルス・ドジャース		1288		306	-13.0078
ロウネン	老年	1285		42	-13.1435
ロッカ	六花	1285		74	-13.7510
ロジン	魯迅	1289		323	-12.1508
ロクジュウロッカイ	66回	1288		134	-13.6059
ロクタイ	鹿胎	1285		501	-18.6282
ロウユ	漏油	1285		501	-18.6282
ロクベエ	六兵衛	1291		497	-17.3251
ロシュンギ	盧俊義	1289		8	-13.4346
ロンリセイ	論理性	1285	1298	17	-12.7209
ロン・ウッド		1289		196	-13.6128
ロックダウン		1289		141	-11.3687
ロウモウ	老耄	1285		501	-18.6282
ロクガツミッカ	6月3日	1288		195	-11.5034
ロスト	lost	1289		121	-13.1215
ロッカ		1285		149	-15.0812
ロッカ	ろっか	1283		150	-13.8397
ロクブンギ	六分儀	1285		173	-14.7666
ロクジュウゴキログラム	65kg	1288		158	-13.7283
ロウ	露	1288		501	
ローテク		1288		350	-14.8181
ロクメイ	鹿鳴	1285		501	-18.6282
ローション		1285		75	-12.9768
ロックマンエグゼ		1288		415	-14.5571
ロ	ろ゙	1288		501	-20.0000
ロブン	魯文	1291		28	-14.3973
ロウドウジカン	労働時間	1288		286	-11.5077
ローカルワク	ローカル枠	1288		305	-12.9435
ロッピャクエン	600円	1288		163	-11.8308
ロケッツ		1289		62	-13.5062
ロキシー		1288		25	-14.3460
ロウトウ	老頭	1285		501	-18.6282
ロクデモナカラ	ロクでもなから	27		501	-13.3586
ロボットアーム		1288		173	-13.8240
ロクシタン		1288		501	-13.9214
ロングコート		1285		17	-12.7924
ロシア	🇷🇺	1285		501	-24.3891
ロッピャクワット	600w	1288		501	-12.8907
ローテンブルク		1288		34	-14.4176
ロクジョウ	鹿茸	1285		501	-18.6282
ロクデモネエ	ロクでもねえ	19		501	-13.8818
ロッカクシ	六角氏	1288		498	-12.8320
ローズ	rhodes	1289		501	-16.7429
ローゼンベルク		1288		434	-14.3099
ロウソク	ろうそく	1285		60	-13.0732
ロシアシ	ロシア史	1288		501	-14.6880
ロクゾウ	六造	1291		501	-17.3251
ロウエン	老猿	1285		501	-18.6282
ロラゼパム	lorazepam	1285		501	-17.9351
ロー		1289		255	-16.8074
ロサンジン	魯山人	1291		57	-12.5395
ローバー	rover	1285		501	-17.9351
ロシアレンポウホアンチョウ	ロシア連邦保安庁	1288		188	-14.7282
ロウソク	蝋燭	1285		60	-13.0589
ロクシュウネン	6周年	1288		172	-13.5625
ロクデナシ	陸でなし	1285		501	-18.6282
ロ	輅	1288		501	
ロウジ	﨟次	1285		501	-18.6282
ロボティクス		1289		294	-13.0202
ロウ	臈	1288		501	
ロゼ		1289		391	-12.1103
ロクオン	🎤	1283		501	-22.2469
ローカルルール		1288		283	-13.2504
ローマ		1293		446	-8.2697
ロ	絽	1285		256	-15.7439
ロテキ	芦荻	1285		501	-18.6282
ロクジョウ	六條	1293		128	-17.1900
ロシアタイカイ	ロシア大会	1288		428	-14.5869
ロウシ	娘子	1285		104	-18.6282
ロッ	6	1295		361	-16.1836
ロシアレンポウグン	ロシア連邦軍	1288		188	-13.6258
ロウサイホケン	労災保険	1288		455	-13.5252
ロッキン		1288		501	-13.8288
ロスカット		1288		501	-14.9251
ロキュウ	呂伋	1289		501	-17.9060
ロー		1285		255	-12.2296
ロラン	loran	1285		501	-17.9351
ロウジョ	老女	1285		74	-13.5305
ロウガ	籠鵞	1285		501	-18.6282
ロセンズ	路線図	1288		469	-12.3327
ロワール		1285		400	-14.3009
ロクダイメ	6代目	1288		73	-12.0197
ロネガン		1285		161	-15.1568
ロボク	蘆木	1285		501	-18.6282
ローストポーク		1288		391	-14.7276
ロッシーニ		1290		416	-11.8866
ロードアイランドシュウ	ロードアイランド州	1288		138	-13.2591
ロウス	労す	584		501	-13.7512
ロチュウ	露中	1285		501	-18.3871
ロッシ		1289		63	-11.8812
ロクガツニジュウサンニチ	6月23日	1288		195	-11.4816
ロボット		1285		190	-9.9068
ロクジュウキログラム	60kg	1288		158	-12.9843
ロキ	炉気	1285		501	-18.6282
ロシアエンセイ	ロシア遠征	1288		298	-14.1731
ロシアンブルー		1288		462	-14.9663
ロシアコクボウショウ	ロシア国防省	1292		413	-13.2693
ロクサ	録さ	586		501	-14.5162
ロバートソン		1288		255	-13.3809
ロウレイネンキン	老齢年金	1288		455	-14.3729
ロモ	lomo	1288		501	-17.6581
ロンシャン		1292		303	-13.4998
ロウアン	朗庵	1289		501	-17.9060
ロニー		1288		25	-14.3199
ロクダ	6打	1288		377	-14.8101
ロックフィルダム		1288		102	-13.3597
ロクジュウロクパーセント	66%	1288		248	-12.8596
ロンジ	論事	1285		501	-18.6282
ロケテスト		1288		24	-14.2601
ロミオトジュリエット	ロミオとジュリエット	1288		179	-13.4294
ロックバンド		1285		67	-11.4117
ローマキョウコウ	ローマ教皇	1288		446	-11.1430
ロネ		1289		501	-16.7429
ロウドウキジュンカントクショ	労働基準監督署	1292		12	-12.0356
ロウダン	壟断	1283		133	-14.6569
ロッピャク	六百	1295		501	-17.4645
ロングセラー		1285		356	-12.8656
ロードストウセンキ	ロードス島戦記	1288		415	-13.8521
ロボ		1289		190	-12.8455
ロクセン	六阡	1295		501	-17.4645
ロウオク	陋屋	1285		501	-18.6282
ロクデモナク	ロクでもなく	35		501	-13.4410
ロクカゲツ	6カ月	1288		143	-13.3408
ロクジュウセンチメートル	60cm	1288		194	-12.8779
ロッコウ	祿剛	1293		501	-17.5467
ロメロ		1289		25	-12.4041
ロンリエンザン	論理演算	1288		45	-13.8964
ロクシアイ	6試合	1288		377	-12.0824
ロウドウカ	労働歌	1288		416	-14.6634
ローラシアタイリク	ローラシア大陸	1288		381	-14.7677
ロクハラ	六原	1290		501	-17.5531
ロクセン	六千	1295		501	-17.4645
ロソウ	濾層	1285		501	-18.6282
ロミ	鏡	1288		501	
ローマン・コンクリート		1288		130	-15.0041
ロッカショムラ	六ヶ所村	1293		397	-13.8787
ロディ		1289		459	-12.7773
ローザ		1289		25	-11.9568
ロサ		1289		448	-12.8706
ロンドンギテイショ	ロンドン議定書	1288		446	-14.7974
ロウギ	螻蟻	1285		501	-18.6282
ロウゼン	老前	1285		501	-18.6282
ロウジュウ	郎従	1285		501	-18.6282
ロクジュウキュウサイ	69歳	1288		46	-13.1433
ロンポウ	論法	1285		287	-13.1197
ロンリノヒヤク	論理の飛躍	1288		28	-14.3300
ログ	ろぐ	1283		150	-14.3509
ロシア・アヴァンギャルド		1288		84	-14.9829
ロシアリンジセイフ	ロシア臨時政府	1288		434	-14.9606
ロッパツ	6発	1288		501	-13.2135
ロウ	郎	1285		497	-10.7432
ロサンゼルスコクサイクウコウ	ロサンゼルス国際空港	1288		87	-14.5918
ロウハン	労判	1285		501	-18.6282
ロコ		1288		168	-13.0964
ロフト		1288		2	-12.4868
ロクシロ	録しろ	588		501	-14.4307
ロンズ	論ず	593		481	-9.0758
ロウギン	労銀	1285		501	-18.1929
ロウキュウ	老朽	1283		494	-18.0694
ロウノウハ	労農派	1288		131	-14.3259
ロース		1285		149	-13.1583
ロードス		1293		459	-13.5764
ロウドウキジュンホウ	労働基準法	1288		455	-12.2138
ロシアセイキョウ	ロシア正教	1288		199	-14.2306
ロスト	LOST	1289		415	-13.0450
ロッカク	六角	1290		148	-12.3052
ロッカショ	六ヶ所	1290		81	-16.8600
ロレツ	ろれつ	1285		147	-18.9467
ローラーコースター		1285		414	-14.8910
ロボカップ		1288		362	-14.6896
ロウ	蝋	1285		270	-13.0931
ログインボーナス		1285		17	-12.6144
ロクブ	6部	1288		134	-12.7397
ロクリ	甪里	1289		501	-17.9060
ロギン	路銀	1285		290	-16.0453
ロンリガクシャ	論理学者	1288		291	-13.9645
ロセンノ	路線の	1285	368	17	-10.8873
ロップン	6分	1288		317	-11.4638
ロクナ	ろくな	1315		247	-11.0853
ローズマリー		1291		25	-12.2171
ロセンハイシ	路線廃止	1285	1283	17	-13.3544
ロ	賂	1288		501	
ロウロウ	老老	1285		501	-18.6282
ローン	loan	1285		44	-17.8073
ロウカイ	老獪	1287		66	-13.7004
ロウヤ	瑯邪	1293		104	-17.7008
ロク	綠	1288		501	
ロシアグン	ロシア軍	1288		53	-11.2936
ロメイ	驢鳴	1285		501	-18.6282
ロンドン		1293		463	-8.3171
ロクガツイツカ	6月5日	1288		195	-11.4299
ローゼ		1288		284	-14.7299
ロクシュウカン	6週間	1288		143	-12.6970
ロコツ	露骨	1285		66	-15.1625
ロココ	露湖子	1291		501	-18.1724
ロスイ	潞水	1285		501	-18.6282
ロンパン	論判	1283		501	-18.0694
ロクネン	6年	1288		299	-9.6168
ロコク	魯国	1294		246	-17.0867
ロクジュウパーセント	60%	1288		248	-11.0459
ローン		1285		474	-11.4905
ローズステークス		1288		245	-14.8163
ロケット		1285		173	-10.7130
ロウドウキホンケン	労働基本権	1288		456	-14.0929
ログハウス		1285		414	-13.3948
ロッピ	六臂	1285		501	-18.4612
ロウドクシャ	朗読者	1288		0	-14.5313
ロバン	露盤	1285		392	-15.5265
ロ	蝋	1285		270	-19.4167
ロンズル	論ずる	592		481	-9.0769
ロスタイム		1285		178	-13.5212
ロウボ	老母	1285		74	-14.9385
ロクセンケイ	6000形	1288		426	-13.2421
ロウカ	廊下	1285		501	-18.6282
ロクカイメ	6回目	1288		178	-12.9134
ロウドウトウ	労働党	1292		430	-10.2461
ロケットホウ	ロケット砲	1288		264	-13.5989
ロ	二	1288		501	
ロダン		1290		84	-12.0749
ロタウイルス		1288		457	-13.9964
ロコンガ		1285		501	-14.7413
ローティーン		1285		324	-15.0902
ロードショー		1285		172	-13.7905
ロクヤ	録弥	1291		501	-18.1724
ロンリー		1289		302	-13.7049
ロイヤルミルクティー		1288		501	-14.5514
ロッキー		1293		25	-13.0405
ロッキード		1292		413	-10.9312
ロウケイ	労経	1285		501	-18.6282
ロッカ	ろっか	1285		150	-13.6814
ロク	禄	1285		403	-10.6873
ロッシア	ろっしあ	1294		501	-17.2202
ロウトウ	郎党	1285		498	-13.4979
ロベツ	沪別	1283		501	-18.0694
ロウソウ	老壮	1285		501	-18.6282
ロウシコウショウ	労使交渉	1288		422	-14.5467
ロウエキジョウ	労役場	1288		243	-14.9334
ロクジョウ	六条	1289		238	-17.4360
ロウシ	浪子	1291		49	-18.1724
ロウキョウ	老境	1285		46	-15.0833
ローリ		1289		11	-15.4413
ロンズリャ	論ずりゃ	591		481	-9.0753
ロン	論	1298		88	-8.1877
ロンゴ	論語	1288		342	-18.5231
ロンドンマラソン		1288		7	-14.6262
ロレンツォ		1288		329	-13.5678
ロースクール		1288		314	-13.4054
ロクザエモン	六左エ門	1291		501	-17.3251
ロウキュウ	老朽	1285		494	-11.9500
ロンケツ	論決	1283		501	-18.0694
ローザ		1291		25	-12.4173
ロウ	褸	1288		501	
ロドリーゴ		1288		329	-14.8218
ロープ		1285		60	-11.6799
ロウシキョウテイ	労使協定	1288		455	-14.1884
ロクマンジチョウ	六万寺町	1293		501	-16.7200
ロアン		1285		273	-15.0939
ロクチョウノメ	六丁目	1293		489	-11.3135
ロジ	露地	1285		220	-14.0111
ローラー		1285		95	-12.1924
ロス		1283		149	-17.5433
ロジン	漏尽	1285		501	-18.6282
ロングストローク		1288		95	-14.5796
ローズ		1291		255	-9.9522
ロウ	篭	1288		501	
ロクガ	ろくが	1283		293	-14.6022
ロチョウ	炉頂	1285		501	-18.6282
ロボ		1285		190	-11.9795
ロシアケイ	ロシア系	1288		408	-13.3097
ロンコウコウショウ	論功行賞	1285		193	-14.0507
ロンダン	論断	1283		501	-17.2003
ロウゼキ	狼藉	1285		193	-14.3052
ロミ	露美	1291		501	-17.7024
ロクジュウゴカイ	65回	1288		134	-13.5867
ロジェストヴェンスキー		1289		308	-13.6930
ロウ	朗	1288		501	
ロウク	労苦	1285		252	-14.4623
ロングシート		1285		426	-11.9263
ローゼンクロイツ	薔薇十字団	1289		291	-13.3938
ロンドントウ	ロンドン塔	1288		329	-13.4252
ロジスティック		1288		336	-14.7932
ロウドウアンゼンエイセイホウ	労働安全衛生法	1288		86	-13.1123
ロセッティ		1288		204	-14.5690
ロウニンセイ	浪人生	1288		364	-13.2796
ロウレン	老練	1287		66	-13.8873
ロクデモナ	ロクでもな	11		501	-13.5200
ロキュウ	濾丘	1293		501	-17.7008
ロテン	露店	1285		442	-13.4142
ロウス	聾す	584		501	-14.7330
ロクニュウ	六入	1285		501	-18.4612
ローア		1289		164	-13.7019
ロ	郞	1288		501	
ロゲツ	露月	1291		251	-17.0738
ロウドウショウ	労働省	1292		265	-12.2861
ロズベルグ		1288		63	-14.7695
ロッドマン		1288		62	-14.3863
ロリータファッション		1288		389	-14.8634
ロリポップ		1288		80	-14.5244
ロール	roll	1283		121	-17.5433
ロクモト	六本	1290		220	-12.5166
ロンドンバシ	ロンドン橋	1288		130	-14.8083
ロウ	粱	1288		501	
ロウブツジ	老仏爺	1289		501	-17.9060
ロウ	撈	1288		501	
ロシアキョウサントウ	ロシア共産党	1288		131	-14.4627
ロウジン	隴人	1291		501	-18.1724
ロウシ	ろうし	1285		331	-14.4511
ローリングス		1289		261	-15.9544
ロイロ		1285		501	-15.1170
ロッポンギ	六本木	1293		2	-10.5289
ロシアカクメイ	ロシア革命	1288		298	-11.7766
ロクロ	ろくろ	1285		437	-18.9467
ロシアクウグン	ロシア空軍	1288		413	-14.5411
ローランド		1292		255	-10.8912
ロウショウ	朗笑	1283		501	-18.0694
ロクデモナカロ	ろくでもなかろ	25		501	-12.1287
ロビンソン		1290		255	-11.1129
ロマンスショゴ	ロマンス諸語	1288		340	-13.8984
ロブ		1289		25	-12.4910
ローゼン		1289		255	-12.9032
ロクジョウ	6条	1293		86	-11.1480
ロビン	Robin	1289		151	-13.8965
ロウ	瓏	1288		501	
ロウガッコウ	ろう学校	1288		253	-14.8822
ロクトクテン	6得点	1288		377	-13.2589
ロン	乱	1288		501	
ロン	Ron	1289		151	-13.2721
ロイヤルズ		1289		306	-12.5099
ロンリテキシコウ	論理的思考	1288		287	-13.2657
ロウバイ	蠟梅	1285		501	-18.6282
ログン	露軍	1285		501	-15.8728
ロウノウ	老農	1285		251	-16.2470
ロシア	Russia	1288		15	-14.2485
ログイン		1285		363	-10.8621
ロルバーン		1285		501	-15.0923
ロマーニャ		1293		34	-12.1971
ロク		1285		149	-12.7435
ロクシリーズ	6シリーズ	1288		134	-13.8260
ロケラン		1285		17	-13.0874
ロックチョウ	ロック調	1288		501	-14.8230
ローマン		1285		149	-14.1760
ロウジ	漏示	1285		501	-18.6282
ロクメイカン	鹿鳴館	1293		312	-12.5149
ロウ	楼	1285		3	-18.7236
ロク	淕	1288		501	
ロウドウキジュンカントクショチョウ	労働基準監督署長	1288		455	-14.3960
ロシュツケイ	露出計	1288		384	-14.1461
ロッカクヨシカタ	六角義賢	1289		498	-13.2464
ロビン		1285		25	-12.8963
ロンドンカイグングンシュクジョウヤク	ロンドン海軍軍縮条約	1288		209	-14.1761
ロテンショウ	露天商	1285		442	-14.3722
ロンサール		1289		492	-13.6936
ロンドンダイガク	ロンドン大学	1288		314	-13.0456
ロンブー		1288		476	-14.7825
ロッセツ	6節	1288		332	-14.3021
ロー	low	1285		5	-17.8906
ロッカクバシ	六角橋	1293		450	-13.6132
ロウバク	老莫	1285		501	-18.6282
ロウウン	労運	1285		501	-18.6282
ロコツ	露骨	1287		66	-10.8095
ローズウッド		1288		270	-14.2292
ロッカ	漉過	1283		501	-18.0694
ロバーツ		1288		255	-13.0844
ロフウ	露風	1291		501	-16.4496
ロシアコウテイ	ロシア皇帝	1288		329	-12.7035
ロッコウサンチョウ	六甲山町	1293		501	-17.1900
ローサ		1291		448	-14.4112
ロウカ	廊下	1285		414	-11.2834
ロハ		1285		467	-14.2145
ロウシロ	労しろ	588		501	-13.7462
ロン	崙	1285		58	-18.6282
ロンリ	∴	1288		501	-22.1667
ロウア	聾唖	1285		406	-14.5321
ロバート・デ・ニーロ		1289		179	-12.8202
ローカルタレント		1289		324	-12.0375
ロウソ	労組	1285		131	-12.4973
ロウム	労務	1285		265	-12.8465
ロムカセット		1288		139	-13.6313
ロクガツヨウカ	6月8日	1288		195	-11.6149
ロクデモネエ	ろくでもねえ	19		501	-12.6528
ロクジュウヨンケルビン	64K	1288		45	-13.6835
ロブソン		1290		62	-12.7690
ロカセッショク	濾過摂食	1288		116	-14.4631
ロリィタ		1288		227	-14.1568
ロッポンギドオリ	六本木通り	1288		450	-14.9564
ロンジン	論じん	620		88	-10.0557
ロクロ	鹿路	1293		501	-16.0331
ロウドウダイジン	労働大臣	1288		191	-13.7764
ロデオ		1289		362	-12.4800
ロクガツ	六月	1314		482	-12.1418
ロクガツニジュウイチニチ	6月21日	1288		195	-11.4787
ロ	ろ	1285		437	-9.9494
ロウジンタチ	老人たち	1285	1298	17	-13.3800
ロンジン	論陣	1285		388	-13.8543
ロウバイ	臘梅	1285		501	-18.6282
ロク	轆	1288		501	
ロクロウセ	六郎瀬	1293		501	-17.1900
ロウザン	老残	1285		501	-16.3385
ロンリ	論理	1285		65	-10.5300
ロンドン	London	1288		107	-13.0464
ロッピャクキロメートル	600km	1288		259	-13.7312
ローン	ろーん	1285		501	-14.1294
ロクド	6度	1288		377	-12.3783
ロンシ	論師	1285		501	-18.6282
ロウ	老	560		74	-9.8386
ロクジッ	六十	1295		501	-17.4645
ロッカクサダヨリ	六角定頼	1289		498	-13.0388
ローレ		1288		366	-14.7048
ロクタロウ	録太郎	1291		501	-17.0738
ローカル		1287		305	-12.0870
ロウコク	漏刻	1285		482	-14.8713
ロウダイ	老台	1285		501	-18.1929
ロクワリ	6割	1288		248	-11.3729
ロジャー		1288		255	-12.4198
ロンリ	∃	1288		501	-20.1667
ロショク	盧植	1289		246	-13.8050
ロンポウ	論鋒	1285		501	-18.1929
ロッカク	6角	1285		501	-18.0817
ロクジュウヨンパーセント	64%	1288		248	-12.8475
ロウドウケイヤク	労働契約	1288		455	-13.2856
ロシアリョウ	ロシア領	1288		373	-13.0646
ロウ	粮	1288		501	
ロカ	ろか	1283		437	-12.4188
ロアッソクマモト	ロアッソ熊本	1288		372	-13.7982
ロフン	盧墳	1285		501	-18.6282
ロクガツジュウゴニチ	6月15日	1288		195	-11.3483
ロッカテイ	六花亭	1292		274	-12.5596
ロンジツメル	論じ詰める	619		501	-18.0939
ロンソウ	論叢	1285		239	-16.2156
ロクガツニジュウハチニチ	6月28日	1288		195	-11.3786
ロミー		1289		11	-12.9189
ロクスケ	六輔	1291		297	-13.9980
ロン・ノル		1289		326	-13.3505
ロクジュウシケ	六十四卦	1288		297	-13.9409
ロビンズ	Robins	1289		501	-13.8143
ロジャー・イーバート		1289		393	-13.5190
ロワ		1289		1	-16.7429
ロウショウ	労相	1285		191	-14.9764
ローマホウオウ	ローマ法王	1288		199	-14.1543
ロッキング		1285		95	-14.6739
ロウヤ	琅邪	1293		58	-17.7008
ロングアイランド		1293		138	-11.7619
ローブロー		1289		211	-13.6598
ロウドウシャ	労働者	1288		42	-9.7708
ロクジュウエン	60円	1288		163	-13.6201
ロップ	六腑	1285		297	-17.0711
ロペ		1289		164	-16.8074
ロクモン	鹿門	1293		501	-17.7008
ロヒン	呂彬	1289		501	-17.9060
ロッカクケイ	⬢	1288		501	-19.3333
ロックミュージシャン		1285		324	-14.0468
ロッキュウ	6級	1288		501	-14.1040
ロベルト・コッホ		1289		210	-13.9023
ロサン	ろさん	1285	1302	17	-11.8397
ロサンゼルス・ギャラクシー		1288		348	-14.6061
ロンセツ	論説	1285		59	-12.8761
ロメオ		1288		203	-13.7444
ロウコウ	瘻孔	1285		183	-18.6282
ロースト		1285		75	-13.2600
ロク		1289		149	-16.9505
ロクロウ	六郎	1291		497	-12.0547
ロクジュップン	60分	1288		317	-11.3097
ロウラ	楼蘭	1291		94	-12.5352
ロックフェラーザイダン	ロックフェラー財団	1288		314	-14.5942
ロウドクブン	朗読文	1283	1285	17	-13.2204
ロウ	樓	1290		128	-17.7354
ロセ		1289		501	-16.7429
ロッカー	ろっかー	1285		501	-18.5412
ロウ	婁	1290		128	-17.7354
ロクロク	碌碌	1285		501	-18.8289
ローマジヒョウキ	ローマ字表記	1288		327	-12.7277
ロマンハオンガク	ロマン派音楽	1288		416	-13.4357
ローソン		1290		35	-9.6326
ロウエキ	漏液	1283		501	-18.0694
ロクゴウ	六郷	1293		231	-12.6480
ロケハン		1288		224	-13.5949
ロンガイ	論外	1287		252	-11.2033
ロジ	路地	1285		220	-11.7524
ロウトウ	郎等	1285		148	-17.7120
ロウア	聾啞	1285		501	-18.6282
ロクネンレンゾク	6年連続	1288		377	-13.0235
ロ	侶	1288		501	
ロウサク	労作	1285		458	-14.4808
ロン		1289		25	-16.8764
ロセンヘンコウ	路線変更	1288		422	-12.9323
ロクス	ろくす	584		501	-14.6447
ローター		1285		95	-15.5863
ロタンチョウ	ロ短調	1288		458	-13.8165
ロウ	櫻	1288		501	
ロッキー		1285		25	-13.4848
ロクジュッカイ	60回	1288		134	-12.9916
ロム	rom	1285		501	-17.9351
ロンドンオリンピック		1288		7	-13.0341
ロバート・ケネディ		1289		38	-13.0870
ロウドウモンダイ	労働問題	1288		154	-13.4401
ロゲツ	露月	1293		251	-20.4071
ロオン	路温	1285		501	-18.6282
ロマーノ	romano	1289		501	-16.8074
ロクガ	🎥	1283		501	-23.0475
ロクゴウキ	6号機	1288		501	-13.4486
ロシアン		1288		203	-13.9310
ロクシュ	録取	1283		501	-18.0694
ロクジュウシアイ	60試合	1288		377	-13.7680
ロック	Rock	1289		367	-11.1105
ロンブンハクシ	論文博士	1288		85	-13.5870
ロンブンヲ	論文を	1285	156	17	-11.2325
ロス		1285		149	-13.8554
ロセンバンゴウ	路線番号	1285		17	-13.0767
ロッピャクゴジュウマン	650万	1288		354	-13.9603
ロードサービス		1288		118	-14.2268
ロクスレ	録すれ	581		501	-14.4301
ロッピャクキュウジュウサンエン	693円	1288		501	-13.7398
ロ	郎	1288		501	
ロ	篭	1288		501	
ロクセン	6戦	1288		178	-12.7636
ロクジュウメートル	60m	1288		235	-12.6009
ロチョウ	ロ朝	1285		501	-18.0304
ロアン	魯庵	1291		501	-18.1724
ロクジョウ	六条	1290		238	-17.0423
ロツウ	露通	1291		501	-18.1724
ロウシャ	聾者	1285		325	-15.0282
ロベルト	Roberto	1288		151	-14.9543
ロッ	緑	1288		501	
ロマンチック		1287		66	-11.4638
ロウゲツ	臘月	1285		501	-17.0188
ローマシミン	ローマ市民	1288		199	-13.4954
ローマグン	ローマ軍	1288		411	-12.1723
ローマ・カトリック		1288		325	-12.8036
ロウクン	老君	1293		501	-17.7008
ロッカッ	6角	1285		501	-18.4612
ロクシテンアンモンジケン	六四天安門事件	1288		298	-14.5444
ロセイ	盧生	1289		501	-17.9060
ロウザン	籠山	1283		128	-18.0694
ロクデモナキャ	ろくでもなきゃ	17		501	-12.1287
ロウヤ	老鴉	1285		501	-18.6282
ロスイ	炉水	1285		501	-18.6282
ロクロウ	六朗	1291		501	-15.2105
ロウ	僂	1288		501	
ロウセヨ	労せよ	589		501	-13.7456
ロイヤルブルー		1289		242	-13.4278
ロッテ		1292		310	-9.3351
ロベルト		1291		329	-11.3902
ロウノウ	労農	1285		131	-14.9353
ロ	鱸	1288		501	
ロンコウ	論功	1285		369	-16.1978
ロウキ	老驥	1285		501	-18.6282
ローサン	ろーさん	1287	1302	17	-12.6104
ロウカイ	労改	1285		501	-18.6282
ロクスレ	ろくすれ	581		501	-14.6391
ロクダイメ	六代目	1289		73	-11.3742
ロティーナ		1285		501	-15.3466
ロイス		1288		329	-13.7127
ロウドウシュウヤク	労働集約	1288		79	-14.0216
ロッシュ		1288		329	-14.3499
ロート		1292		149	-12.0242
ロウハイ	老輩	1285		501	-18.3451
ロウカイ	老かい	1287		501	-17.4416
ロッピャクロクジュウエン	660円	1288		501	-12.9131
ロウキン	労金	1285		266	-14.9684
ロイズ		1292		347	-12.4618
ロウニン	老忍	1285		501	-18.6282
ロードヒーティング		1288		469	-14.7896
ロクシチジュッ	六七十	1295		501	-17.4645
ロコウキョウ	盧溝橋	1293		346	-13.6427
ロロ	漏盧	1285		501	-18.6282
ロクセイキ	6世紀	1288		94	-11.5853
ロンカイ	論介	1291		501	-18.1724
ロクダカ	禄高	1285		501	-18.6282
ロウハイ	老俳	1285		501	-18.6282
ロウズ	ろうず	1285		501	-18.9467
ロードランナー		1288		296	-14.5509
ロショク	盧埴	1285		501	-18.6282
ロブチ	炉ぶち	1285		501	-18.6282
ロイ		1289		25	-11.5983
ロウジンカイゴ	老人介護	1288		486	-14.6740
ロクシヨ	録しよ	585		501	-14.4316
ロクジュウニチ	60日	1288		143	-13.1232
ロボテック		1288		296	-13.1537
ロチョウ	顱頂	1285		501	-18.6282
ロヨラ		1288		325	-14.7226
ロシュク	魯粛	1289		8	-12.9925
ロサリオ		1288		400	-14.4601
ロワ		1285		1	-17.8481
ロクサブロウ	緑三郎	1291		501	-18.1724
ロクエモン	六右衛門	1291		148	-17.3251
ロクジュウマイ	60枚	1288		163	-13.8677
ロウヒ	浪費	1283		43	-11.6069
ロクスケ	六助	1291		49	-14.5852
ロールケーキ		1288		75	-12.9736
ロクジュウ	六十	1295		501	-17.4645
ローカルニュース		1285		305	-12.7612
ローヌガワ	ローヌ川	1293		432	-13.1661
ロクヘイ	六平	1290		219	-16.7630
ロ	魯	1290		246	-17.7354
ロコウ	露香	1291		465	-18.1724
ロウコツ	老骨	1285		501	-16.8037
ロッククライミング		1285		220	-14.5785
ロクジュウマンエン	60万円	1288		354	-13.3381
ロッケン	禄券	1285		501	-18.6282
ロクニ	ロクに	1281		501	-13.0118
ロッテルダム		1293		463	-11.9979
ロウ	螂	1288		501	
ロ	呂	1285		128	-12.1636
ロビー		1285		414	-11.9127
ロベール		1288		329	-12.7873
ロクガツココノカ	6月9日	1288		195	-11.6614
ロ	瀘	1288		501	
ロウコ	漏壺	1285		501	-18.6282
ロスタン		1289		91	-15.8266
ロクヤ	禄弥	1291		501	-18.1724
ロチョウチョウ	ロ長調	1288		458	-14.8041
ロクジュウナナカイ	67回	1288		134	-13.7048
ローマジン	ローマ人	1288		359	-11.8068
ロンショ	論書	1288		342	-14.9543
ロセンアンアイ	路線案内	1288		341	-14.9334
ロクジュウキロメートル	60km	1288		259	-12.7752
ロウザン	狼山	1293		104	-17.7008
ローソクアシ	ローソク足	1288		501	-14.5058
ロクサイ	6歳	1288		364	-10.9605
ロウ	朗	1285		497	-13.0673
ロク	6	1295		361	-15.8959
ロウセツ	漏泄	1283		501	-18.0694
ロクイ	6位	1288		318	-10.5441
ロウキョ	籠居	1283		501	-18.0694
ロボコサン	ロボ子さん	1289		501	-13.8401
ロウグ	郎虞	1289		501	-17.9060
ロクガツニジュウヨッカ	6月24日	1288		195	-11.4489
ロングパス		1285		198	-14.9120
ロウワ	朗話	1285		501	-18.6282
ロズイ	露髄	1283		501	-18.0694
ロンジヨ	論じよ	624		88	-10.0553
ローランド	Roland	1288		151	-13.9080
ロー	ρ	4		447	-9.1028
ロッカクケイ	⬡	1288		501	-18.8333
ロンセン	論戦	1283		388	-13.3676
ロケットマン		1288		113	-14.5054
ロ	顱	1288		501	
ローファット		1289		501	-13.1886
ロン	亂	1288		501	
ロガマ	炉釜	1285		501	-18.6282
ロウ	籠	1288		501	
ロウモウ	朧朦	1285		501	-18.6282
ロウビョウ	老猫	1285		501	-18.6282
ロギョ	魯魚	1285		501	-18.6282
ロンブン	論文	1285		59	-9.7321
ロスチャイルド		1289		329	-12.0580
ロナルド		1291		255	-12.0047
ロンコク	論告	1283		243	-14.5874
ロマン		1285		389	-11.7978
ロケットエンジン		1288		413	-12.8955
ロウ	鑞	1285		405	-18.6282
ロシアサン	ロシア産	1288		391	-14.5500
ローザ・ルクセンブルク		1289		434	-13.4142
ロウキ	牢記	1283		501	-17.9397
ロクセンチメートル	6cm	1288		194	-13.3960
ロクヘイ	六平	1291		219	-14.2630
ロクオンジ	鹿苑寺	1288		404	-14.7187
ロウシュ	老手	1285		501	-18.1929
ロッハイ	6敗	1288		377	-11.9940
ロンシャ	論者	1298		17	-12.3792
ロスケ	露助	1285		501	-18.6282
ロクジュウヨネン	64年	1288		386	-13.6051
ローラ		1292		25	-10.8737
ロウソウシソウ	老荘思想	1288		365	-14.1575
ロシアレンポウダイトウリョウ	ロシア連邦大統領	1288		215	-14.0609
ロテン	露点	1285		423	-15.5176
ロウヒ	老婢	1285		501	-17.8906
ロクキロメートル	6km	1288		259	-12.0822
ロッパ		1285		73	-14.7800
ログ		1283		431	-11.2695
ロッコン	六昆	1293		501	-17.1900
ローンチカスタマー		1288		413	-14.2640
ロウヨウ	朗謡	1285		501	-18.6282
ローマグンダン	ローマ軍団	1288		146	-14.2818
ロスイ	鷺水	1291		501	-18.1724
ロシアシャカイミンシュロウドウシャトウ	ロシア社会民主労働党	1288		131	-14.5675
ロドン	魯鈍	1287		501	-16.2841
ロクガキノウ	録画機能	1283		17	-13.5279
ロウジンカイ	老人会	1288		39	-14.2437
ロング		1285		64	-11.0108
ロウカン	蝋管	1285		501	-18.6282
ロッカクタカヨリ	六角高頼	1289		501	-13.2929
ロクダイ	六代	1290		73	-12.3670
ローカライズ		1288		296	-13.1550
ロンバルド		1288		34	-14.1167
ロシアワールドカップ	ロシアW杯	1288		501	-14.9061
ロマゴ	ロマ語	1288		340	-14.5481
ロックガメン	ロック画面	1283	1285	17	-12.2748
ロウ	老	1298		74	-10.9449
ロッ	6	1285		361	-30.8959
ロングレール		1288		469	-14.9778
ロク	鹿	1288		501	
ロッキ	6期	1288		134	-12.4792
ロゾー		1293		241	-15.2159
ロータリーエンジン		1288		168	-13.1476
ロードレーサー		1288		168	-14.5022
ロカ	沪過	1283		501	-18.0694
ロベルト・カルロス		1288		62	-14.8928
ロガタ	炉型	1285		501	-18.6282
ロウオウ	老媼	1285		501	-17.4708
ロホウ	露鵬	1289		124	-17.9060
ロウキュウカ	老朽化	1285	1297	17	-12.1384
ロウホウ	朗報	1285		366	-12.6234
ロケットウチアゲ	ロケット打ち上げ	1288		501	-14.5135
ロウボク	老僕	1285		501	-17.5418
ロウチャ	臘茶	1285		501	-18.6282
ロウシヌサ	老師幣	1285		17	-13.5405
ロコ	ろこ	1288		150	-13.2653
ロングバージョン		1288		24	-14.5613
ロンギ	論議	1283		436	-12.0434
ロッカクケイ	六角形	1285		304	-16.4479
ロウガン	老眼	1285		457	-13.2959
ロウショウ	朗誦	1283		199	-14.7966
ロウユウ	老雄	1285		501	-17.6588
ロザン		1288		409	-14.9452
ロウカ	弄火	1285		501	-18.6282
ロウニンギョウ	蝋人形	1288		130	-14.0702
ロッピャクマンニン	600万人	1288		387	-13.5611
ロスチスラフ		1288		273	-14.7677
ロッコウザン	六甲山	1288		385	-13.2964
ロウ	潦	1288		501	
ロウキュウカ	老朽化	1288		494	-10.7844
ローゼンバーグ		1288		470	-14.7475
ロウバン	牢番	1285		74	-16.1555
ロウトウ	潦倒	1285		501	-18.6282
ロクサイ	鹿砦	1285		501	-17.8906
ロウドウソウギ	労働争議	1288		422	-13.0740
ロンリテキシコウリョク	論理的思考力	1288		501	-13.7556
ロスイ	濾水	1285		501	-17.8906
ロマンスゴ	ロマンス語	1288		340	-13.5502
ロウジンフクシシセツ	老人福祉施設	1288		402	-14.8292
ロサンゼルス・ラムズ		1288		62	-14.4041
ロミ	路美	1291		501	-16.6463
ロクパーセント	6%	1288		248	-11.5937
ロジェ		1290		329	-12.9912
ロエベ		1292		501	-13.5733
ロサス		1288		446	-14.5767
ロウ	老	1285		74	-10.9449
ロッコン	六根	1285		297	-16.1464
ロンボ	論母	1285		501	-18.6282
ロクシヨ	ろくしよ	585		501	-14.6405
ロカ		1289		483	-13.7815
ロージャー		1289		501	-15.3198
ロアト	炉跡	1285		501	-18.6282
ロワイヤル		1288		149	-13.8592
ロクジュウダイ	60代	1288		248	-12.1514
ロシアダイヒョウ	ロシア代表	1288		428	-14.0475
ロクガツジュウハチニチ	6月18日	1288		195	-11.4497
ロクガツジュウロクニチ	6月16日	1288		195	-11.5698
ロケイ	露系	1285		501	-18.6282
ロウ	陋	1288		501	
ロクボウセイ	✡	5		501	-23.6864
ロクジ	6時	1288		380	-10.3677
ロクカワ	六川	1290		501	-13.8477
ロクハラタンダイ	六波羅探題	1288		498	-13.0365
ロシ	路次	1285		501	-16.7507
ロードオブザリング		1288		501	-14.7596
ロクドメ	6度目	1288		178	-13.1070
ロウコウ	労工	1285		501	-18.6282
ロックフェス		1288		172	-13.7257
ロータリークラブ		1285		300	-14.9605
ロウジョウ	篭城	1283		411	-13.3855
ロビイスト		1285		38	-14.6450
ロクムサイ	六無斎	1291		501	-17.3251
ロクデモナケレ	ろくでもなけれ	13		501	-12.1287
ロクイ	禄位	1285		501	-18.6282
ロロロロ	ろろろろ	1285		17	-13.1093
ロフツドウメイ	露仏同盟	1288		209	-14.3919
ロンゼ	ろんぜ	595		501	-15.5474
ロウドウカチセツ	労働価値説	1288		88	-14.2265
ロベソ	櫓臍	1285		501	-18.6282
ロウ	踉	1288		501	
ロズニツァ		1288		501	-13.5212
ロッピャクマン	600万	1288		354	-12.3369
ロミオ		1291		11	-12.2109
ロウホウ	拉法	1293		501	-17.7008
ロクニ	ろくに	1281		268	-10.7518
ロンザ	論座	1288		396	-14.3522
ロイコトリエン		1288		83	-14.4814
ローマホウタイゼン	ローマ法大全	1288		189	-14.8280
ロサンゼルス・レイカーズ		1288		62	-13.3371
ロ		1285		149	-12.5966
ロケーションコウカ	ロケーション効果	1285		17	-13.2289
ロベルト・シューマン		1289		416	-12.6700
ロリョウ	露領	1285		501	-18.6282
ロジバン		1288		352	-14.1540
ロウジンホーム	老人ホーム	1293		402	-11.4370
ロサンゼルスシケイサツ	ロサンゼルス市警察	1292		444	-13.5435
ローロー	roro	1285		501	-17.9351
ロテイ	炉底	1285		501	-18.6282
ローマカトリック		1288		325	-14.9713
ロ	炉	1285		384	-12.7437
ロンバク	論駁	1283		88	-14.5295
ローランサン		1289		501	-15.5797
ロリス		1288		329	-14.3980
ロスゴリン	ロス五輪	1288		7	-14.6923
ロードスター		1289		168	-12.0907
ロールプレイング		1288		296	-14.2966
ロ	ロ゜	1288		501	-13.9466
ロブスター		1289		116	-12.5326
ロセンキゴウ	路線記号	1285		17	-13.1550
ローエングリン		1288		416	-13.8505
ロク	麓	1298		385	-15.6081
ロゼイ	炉税	1285		501	-18.6282
ロラン・バルト		1289		291	-13.4671
ロザイ	ろ材	1285		501	-18.9467
ロリ	露里	1300		501	-17.1432
ローアングル		1288		418	-14.8718
ローソンギンコウ	ローソン銀行	1288		501	-14.8418
ロコク	露國	1294		501	-17.0867
ロングスカート		1288		295	-13.7541
ロードサイドテンポ	ロードサイド店舗	1288		480	-13.5366
ロウシヨ	聾しよ	585		501	-14.7288
ロイヤル・アルバート・ホール		1293		98	-13.7118
ロ	舮	1288		501	
ロウドウ	郎等	1285		148	-15.2120
ロッポンマツ	六本松	1290		81	-14.1148
ロクメートル	6m	1288		235	-12.5069
ロドルフォ		1288		11	-14.5767
ロンリ	⇔	1288		501	-23.6667
ローヌ		1293		400	-12.8441
ロンリワ	論理和	1288		447	-14.8921
ロウヤ	牢屋	1285		161	-13.5953
ロラン		1289		459	-12.1515
ロックケイ	ロック系	1288		501	-14.2368
ロシアダイトウリョウ	ロシア大統領	1288		215	-14.1884
ロナイ	炉内	1285		501	-18.9467
ロバタ	炉ばた	1285		501	-18.6282
ロースター		1285		306	-13.5473
ロシアケイジュウミン	ロシア系住民	1288		408	-14.9244
ロウヤ	老爺	1285		54	-15.0003
ロウ		1285		64	-15.3985
ロスト	Lost	1289		367	-12.3507
ロクオンシ	録音し	1283	610	17	-11.0711
ロヒンギャ		1288		408	-14.4858
ロゴデザイン		1288		501	-12.9471
ロクシチ	六、七	1295		501	-17.4645
ロッコウアイランド	六甲アイランド	1288		129	-13.9692
ロールオーバー		1289		45	-13.4291
ロクシロ	ろくしろ	588		501	-14.6397
ロ	魯	1293		246	-17.7008
ロッカクドウ	六角堂	1289		229	-13.2814
ロメオトジュリエット	ロメオとジュリエット	1288		0	-14.6488
ロクマンニン	6万人	1288		387	-12.5569
ロカイ	櫓櫂	1285		501	-18.6282
ローマ	Roma	1289		44	-13.7566
ロハ	ろは	1285		159	-13.6384
ロクタロウ	六太郎	1291		501	-17.3251
ロクナ	ロクな	1315		501	-16.5527
ロマサガ		1288		501	-14.1414
ロク	六	1295		134	-7.4755
ロセンテンカン	路線転換	1288		131	-14.7231
ロウボク	老木	1285		220	-15.0923
ロクジュウロクサイ	66歳	1288		46	-13.2283
ロクボク	ろくぼく	1285		501	-18.9467
ロウヤマ	蠟山	1290		501	-17.7354
ロック・フェスティバル		1288		172	-13.4357
ロエン	芦燕	1291		501	-16.4496
ロクカッケイ	六角形	1285		304	-16.4479
ロクジゾウ	六地蔵	1285		231	-14.8059
ロウハンソク	労判速	1285		501	-18.6282
ロアク	露悪	1285		186	-14.8103
ロノ		1288		501	-15.9467
ロロズ	ロロ’s	1288		501	-17.6068
ロクレンショウ	6連勝	1288		178	-13.1691
ロウカ	老化	1283		192	-11.5957
ロイド		1289		255	-11.6428
ロクダイガク	六大学	1288		491	-13.5689
ロクガツナノカ	6月7日	1288		195	-11.6229
ロクセンチ	6センチ	1288		194	-13.8033
ロウモン	楼門	1285		435	-13.9434
ロムセン	ROM専	1288		501	-14.4818
ロッキング・オン		1288		396	-14.2292
ロック	ろっく	1285		501	-18.6282
ロロ	roro	1289		501	-16.8074
ロールバー		1285		95	-15.2491
ロ		1292		149	-9.3292
ロク	陸	1288		501	
ロクオン	録音	1283		478	-9.4112
ロウ	良	1288		501	
ロウドウケイヤクホウ	労働契約法	1288		86	-14.6488
ロド		1288		501	-17.2352
ロングコートダディ		1288		501	-14.5903
ローマキョウカイ	ローマ教会	1288		199	-13.0639
ロウレツ	陋劣	1287		501	-15.9155
ロウト	ろうと	1285		293	-14.2643
ロフ		1285		501	-15.3085
ロンゼ	論ぜ	595		481	-9.1106
ロウバン	老板	1285		501	-18.6282
ロクシチジュッ	六、七十	1295		501	-17.4645
ロールアウト		1285		413	-13.6706
ロシアセイ	ロシア製	1288		413	-13.8213
ロストフ・ナ・ドヌ		1288		373	-14.9606
ロクサイ	6才	1288		364	-14.5036
ロスエンジェルス	Los Angeles	1288		107	-14.3267
ロクシチジュウ	六、七十	1295		501	-17.4645
ロクデモナシ	ロクでもなし	23		501	-13.3587
ロック	rock	1285		121	-17.8481
ロクジカン	6時間	1288		317	-11.2418
ロロロ	ろろろ	1285		17	-12.7825
ロクシュウ	鹿洲	1289		501	-17.9060
ロドク	露独	1285		501	-19.2344
ロウコウ	老公	1285		148	-15.7369
ロクシチ	六七	1295		501	-17.4645
ロウヒョウ	鏤氷	1285		501	-18.6282
ロウジュウ	老中	1285		108	-11.6221
ロール		1283		64	-11.4469
ロマリオ		1289		501	-15.5758
ロウセキ	蝋石	1285		501	-16.7439
ロウジョウ	狼城	1285		501	-18.6282
ロウホ	老鋪	1285		501	-18.7236
ロンヲ	論を	1298	156	17	-11.3847
ロス		1290		149	-10.9751
ロクザイ	肋材	1285		284	-16.7635
ロウソク	蠟燭	1285		501	-18.6282
ロクハラ	六波羅	1293		498	-17.1900
ロウン		1289		122	-14.2190
ローマスウジ	ローマ数字	1288		327	-13.3613
ロセンガ	路線が	1285	148	17	-11.0749
ロシアナイセン	ロシア内戦	1288		298	-13.5960
ロングインタビュー		1288		201	-14.1803
ロ	盧	1290		246	-17.7354
ロクヨク	六欲	1285		501	-18.4612
ロカ	ろ過	1283		174	-12.6902
ロ	朗	1288		501	
ロングライフデザイン		1288		501	-14.0460
ロンパース		1285		501	-14.8692
ロッカクチュウ	六角柱	1289		501	-13.6766
ロクアン	六安	1293		501	-17.1900
ロード	road	1288		121	-14.0057
ロザムンデ		1288		0	-15.9974
ローマケンコクキゲン	ローマ建国紀元	1288		360	-12.5686
ロウシュウ	老醜	1285		501	-16.5000
ロセンモウ	路線網	1285	1298	17	-12.7051
ロ	艫	1288		501	
ロウドク	朗読	1283		451	-10.6999
ロシアゴ	ロシア語	1288		340	-10.7664
ロミ	璐美	1291		122	-12.4000
ロンドン	龍敦	1293		501	-17.5467
ロウスル	聾する	583		501	-14.7306
ロクジッシンホウ	六十進法	1288		336	-14.8280
ロゴ	露語	1285		501	-18.6282
ロッカクセイジ	六角精児	1289		122	-13.7490
ロンズレ	論ずれ	590		481	-9.0753
ロール	role	1285		277	-17.9351
ロケーションサツエイ	ロケーション撮影	1288		224	-13.6658
ロウガ	狼牙	1291		501	-18.1724
ロメン	路面	1285		174	-11.9340
ロザシ	絽刺	1285		501	-18.6282
ロシン	炉心	1285		174	-13.8150
ロショウ	濾床	1285		501	-18.6282
ロムアンド		1285		501	-15.4014
ロウ	咾	1288		501	
ロシアジン	ロシア人	1288		408	-11.0928
ロク	呂久	1293		501	-15.5846
ロッポウ	六法	1285		297	-14.5458
ロッキンガム		1285		38	-14.8155
ローリング		1283		64	-12.5363
ロンドン・フィル		1288		98	-14.9396
ロレアル		1292		274	-13.6255
ロウチュウ	郎中	1285		501	-18.6282
ロン	RON	1289		31	-13.8373
ロウゼキ	狼籍	1285		501	-18.6282
ロウレイ	老令	1285		501	-18.6282
ロウ	RAW	1288		141	-11.8694
ロッ	ⅵ	1295		501	-16.1836
ロンダイ	論題	1285		456	-14.5823
ロールモデル		1288		420	-12.6889
ロジャーズ		1289		255	-12.4080
ロシ	ろ紙	1285		270	-14.8420
ロウキショ	労基署	1292		12	-13.2364
ロウヤダイ	瑯邪台	1293		501	-17.7008
ロデル	ロデる	772		501	-17.3250
ロンシャンケイバジョウ	ロンシャン競馬場	1288		165	-14.6426
ロサンゼルス・クリッパーズ		1288		62	-14.4801
ロッカセン	六歌仙	1285		10	-15.1411
ロウシ	老子	1289		365	-11.6040
ロールス・ロイス		1292		168	-11.4964
ロシュフォール		1292		417	-13.5665
ロットマン		1289		501	-15.9891
ロボット	ROBOT	1288		96	-14.9836
ロイロ	呂色	1285		501	-18.6282
ロウドウクミアイホウ	労働組合法	1288		86	-14.5013
ロクナ	碌な	1315		501	-17.0323
ロウドウウンドウカ	労働運動家	1288		501	-14.9396
ロクワ	録話	1285		501	-18.6282
ロクシ	ろくし	587		501	-14.6481
ロクジュウサンパーセント	63%	1288		248	-12.8467
ロゴ		1285		242	-10.0359
ロード	ろーど	1285		80	-15.1948
ロメ		1293		149	-12.8574
ロドリゴ		1288		222	-13.8672
ロレンス		1288		417	-13.8536
ローマオリンピック		1288		7	-14.8405
ロイヤル	royal	1285		207	-17.8906
ロウシ	浪士	1285		108	-13.1376
ロジャース		1290		255	-12.1238
ロクキ	6基	1288		264	-12.6091
ロッサクヒン	6作品	1288		424	-13.7306
ロシアセイキョウカイ	ロシア正教会	1292		199	-11.3392
ロクジュウネン	60年	1288		143	-11.8405
ロゴス		1285		88	-13.2563
ロカク	鹵獲	1283		413	-12.1769
ロクガツニジュウシチニチ	6月27日	1288		195	-11.5081
ロクロ	轆轤	1285		4	-14.9344
ロウギン	朗吟	1283		501	-17.5994
ロザン	廬山	1293		3	-17.7008
ロイロ	蠟色	1285		501	-18.6282
ロクマイ	6枚	1288		353	-11.7775
ロウ	浪	1298		128	-14.1324
ロウドウシャトウ	労働者党	1292		430	-12.5979
ロクジュウ	ろくじゅう	1285		17	-13.3056
ロ	艪	1285		297	-18.8289
ロッカショ	六ヶ所	1293		81	-17.1900
ロー		1290		255	-10.2650
ロハン	露伴	1291		57	-12.4486
ロッテファン		1288		501	-14.8367
ロベイ	露米	1285		501	-18.6282
ロンバルディアドウメイ	ロンバルディア同盟	1288		446	-14.7854
ロクロク	ろくろく	1281		335	-15.1123
ローディーチョウ	ローディー朝	1288		359	-14.7503
ロク	録	1298		59	-10.2407
ロマンハ	ロマン派	1288		416	-12.3698
ロウヤブリ	牢破り	1285		501	-17.1760
ロマノフケ	ロマノフ家	1288		329	-14.4094
ロクニンタッグ	6人タッグ	1288		141	-13.4029
ロクシュウ	6週	1288		134	-13.9582
ロウカン	楼観	1285		501	-18.6282
ロッ	六	1295		134	-16.4349
ロームルス		1289		222	-13.0603
ロクデモナ	ろくでもな	11		501	-12.2909
ロペ		1285		164	-17.8481
ロウレイ	老齢	1285		46	-12.7540
ロウヤ	瑯琊	1293		501	-17.7008
ロベル		1289		366	-14.6887
ロストレガシー		1288		501	-14.4713
ロクガツツイタチ	6月1日	1288		195	-10.6047
ロウケン	老健	1285		402	-15.2516
ロブレス		1289		1	-15.4550
ロトウ	路頭	1285		161	-13.8195
ロウゴ	老後	1285		42	-11.8308
ロクジョウニシ	六条西	1293		501	-17.1900
ロクスル	録する	583		501	-14.4334
ロシアツァーリコク	ロシア・ツァーリ国	1288		446	-14.2258
ロクス	録す	584		501	-14.4358
ロシアケイザイ	ロシア経済	1288		79	-14.5472
ロチェスター		1285		138	-13.9194
ロクデモナケリャ	ろくでもなけりゃ	15		501	-12.1287
ロクボルト	6V	1288		501	-13.9846
ロウドウシジョウ	労働市場	1288		79	-12.9750
ロクデモナク	ろくでもなく	35		501	-12.2119
ロカ	濾過	1283		174	-12.5471
ロッコウサンチ	六甲山地	1288		385	-14.5913
ロンサン	論賛	1285		501	-17.1760
ロンドン	龍動	1293		501	-17.5467
ロエキ	ろ液	1285		501	-18.9467
ロウセイ	老生	1285		440	-16.1253
ロジクール	Logicool	1288		501	-13.9292
ロテキ	露滴	1291		501	-16.5629
ロク	ろく	1295		501	-16.8767
ロシアテイコク	ロシア帝国	1288		446	-11.0961
ロスイ	蘆水	1291		501	-18.1724
ロウユウ	老優	1285		501	-17.8906
ロマネスクケンチク	ロマネスク建築	1293		130	-13.0890
ロカ	蘆花	1291		279	-14.4539
ロッテン	6点	1288		377	-12.4335
ロビン・フッド		1288		429	-14.7458
ロンキョ	論拠	1285		468	-12.9073
ロウエイ	漏えい	1283		174	-14.1851
ロカ	芦花	1293		501	-17.7008
ローグライク		1288		501	-14.0983
ローラースケート		1285		362	-14.2851
ロウシャ	ろう者	1285		42	-13.6361
ロ	浪	1288		501	
ロクヨウ	六曜	1288		482	-12.6733
ロッ	ろっ	1295		501	-17.9753
ロウガ	蠟画	1285		501	-18.6282
ロシュツド	露出度	1288		127	-13.4665
ロッパク	六白	1285		501	-17.0749
ロッカクロム	六価クロム	1288		405	-14.5486
ロメンデンシャテイリュウジョウ	路面電車停留場	1288		321	-13.8908
ロンショ	論疏	1285		501	-18.6282
ロレックス		1292		421	-12.0056
ロクジュウキュウカイ	69回	1288		134	-13.8412
ログインシテ	ログインして	1285	307	17	-11.3787
ロウショウ	郎将	1285		501	-18.6282
ロクダカ	祿高	1285		501	-18.6282
ロハ	濾波	1285		501	-18.6282
ロアン	蘆庵	1291		501	-15.7745
ロウロウ	浪々	1285		97	-16.1694
ロサンゼルス・エンゼルス		1288		306	-14.3076
ロウロウ	朗ろう	1285		501	-18.8289
ロト	露土	1285		501	-18.6282
ロケン	露見	1283		133	-12.3344
ローグライクゲーム		1288		296	-14.2090
ロウセイコウ	老正興	1288		501	-18.5231
ローレルショウ	ローレル賞	1288		313	-14.0861
ロストウ	ロス島	1288		501	-14.1868
ロバタ	ろばた	1285		501	-18.9467
ローディー		1288		196	-14.3572
ロ	濾	1288		501	
ロンチョウ	論調	1285		216	-12.5472
ロウヤダイ	琅邪台	1293		501	-17.7008
ロクショウショジ	録尚書事	1288		403	-14.4801
ロンリテツガクロンコウ	論理哲学論考	1288		291	-14.7836
ロケットダン	ロケット団	1289		26	-12.5530
ロックンロール	ろっくんろーる	1285		501	-18.5412
ロフツ	露仏	1285		209	-18.9467
ロセンハ	路線は	1285	261	17	-11.1937
ロンカク	論客	1285		388	-13.1860
ロゼッタ・ストーン		1288		189	-14.1505
ロウヨウ	老幼	1285		160	-16.2812
ロクデモナシ	ろくでもなし	23		501	-12.1297
ロフサギ	炉塞ぎ	1285		501	-18.1929
ロクサブロウ	禄三郎	1291		501	-18.1724
ロウシャ	老舎	1289		392	-14.5401
ロサンゼルスグン	ロサンゼルス郡	1288		140	-14.2093
ロクシュウ	6周	1288		63	-14.6955
ロリン		1289		501	-15.7826
ロクジュウイッサイ	61歳	1288		46	-13.1692
ロパ		1289		501	-16.7429
ロカ	路加	1289		325	-17.9060
ロンジル	論じる	619		88	-10.0634
ロホウ	沪胞	1285		501	-18.6282
ローエンド		1288		315	-13.8826
ロウジ	老司	1291		501	-16.5629
ロンリテキ	論理的	1285	1299	17	-11.6934
ロウビョウ	老病	1285		440	-16.7978
ロウタイ	老体	1285		440	-14.4550
ロウシン	老親	1285		501	-15.8354
ロータス	Lotus	1288		232	-14.5767
ロウ	楼	1298		3	-11.1429
ロクガツフツカ	6月2日	1288		195	-11.4468
ロウヤマ	盧山	1290		440	-14.0346
ロンズ	ろんず	593		501	-15.5126
ロク	錄	1298		28	-18.2931
ログン	魯軍	1285		501	-18.6282
ロウムシャ	労務者	1285		490	-14.4702
ロウドウ	勞動	1283		501	-18.0694
ロクニンメ	6人目	1288		501	-13.3439
ロスト	lost	1285		121	-17.8906
ロクデモナキャ	ロクでもなきゃ	17		501	-13.3578
ロシアカイグン	ロシア海軍	1288		230	-12.8311
ロンドンジョウヤク	ロンドン条約	1288		209	-14.0983
ロウハイ	老廃	1283		405	-13.3715
ロゼット	🏵	1285		501	-24.8815
ローズ	rose	1285		376	-17.9351
ロウカン	琅玕	1285		297	-18.6282
ロマンティック		1287		66	-11.8872
ロウコウ	陋巷	1285		501	-18.6282
ローズマリー		1285		25	-13.4269
ローマレキ	ローマ暦	1288		94	-12.1886
ロンリ	∀	1288		501	-19.6667
ロヘン	炉辺	1285		241	-16.3646
ロッカイ	6回	1288		134	-10.3432
ロンズレ	ろんずれ	590		501	-15.5121
ロクジュウハッカイ	68回	1288		134	-13.6500
ロダ		1285		501	-17.8481
ロシュ		1289		181	-13.1112
ロクヤ	鹿野	1293		330	-17.7008
ロケゲンバ	ロケ現場	1288		501	-14.9340
ロクデモナイ	ろくでもない	19		501	-12.6528
ローロー	ro\u002fro	1285		501	-17.9351
ロウタン	老聃	1289		501	-17.9060
ロウコ	牢固	1287		501	-17.4416
ロッピャクハチジュウエン	680円	1288		163	-13.8311
ロウエイ	朗詠	1283		312	-14.9279
ロウタケル	﨟長ける	619		501	-18.2480
ロジャー・ウォーターズ		1289		196	-13.6877
ロウリョク	労力	1285		351	-11.3217
ロウドウリョクジンコウ	労働力人口	1288		248	-14.5406
ロウゼキ	ろうぜき	1285		501	-18.9467
ローディング		1285		64	-14.1172
ロック	ROCK	1289		40	-11.4949
ローメン	ロー麺	1285		501	-17.8481
ローズ	ROSE	1289		40	-13.1030
ロクジュウニカイ	62回	1288		134	-13.6508
ロクバイ	6倍	1288		23	-12.7363
ロウヘイ	老兵	1285		222	-14.8993
ロウキョ	陋居	1285		501	-18.6282
ロウユウ	老友	1285		501	-18.6282
ロリョウ	路糧	1285		501	-18.6282
ロマンシュギ	ロマン主義	1288		88	-12.1509
ロングテール		1288		105	-14.2170
ロッド		1285		64	-12.4304
ロ	楽	1288		501	
ロクジュウマン	60万	1288		354	-12.3370
ロウシン	老臣	1285		108	-14.3837
ロシア	露西亜	1294		57	-17.0867
ロウコウ	蝋膏	1285		501	-18.6282
ロウ	槞	1288		501	
ロウコ	牢乎	1285		501	-18.8289
ロチョウ	露朝	1285		501	-18.6282
ローマケンチク	ローマ建築	1288		130	-13.9080
ロックスター		1288		196	-13.5650
ロウシ	老死	1283		501	-16.1870
ロウスレ	労すれ	581		501	-13.7456
ロード・オブ・ザ・リング		1288		179	-13.5758
ロック	6区	1288		332	-14.4498
ロブチ	炉縁	1285		501	-18.6282
ロウシャ	労しゃ	582		501	-13.7456
ロクロウ	六郎	1293		497	-13.3847
ロウドウシャ	労働者	1283	1298	17	-11.7523
ロビンソン	魯敏孫	1289		501	-17.9060
ロウタケル	﨟たける	619		501	-18.2480
ローレンス		1291		255	-11.3015
ロシアレンポウ	ロシア連邦	1288		19	-11.5043
ロホウ	露鵬	1288		124	-14.8988
ロタ		1293		37	-16.6022
ローマタイショウ	ローマ大賞	1288		313	-14.7332
ロウ	朧	1288		501	
ロウソク	🕯	1285		501	-24.6460
ローブ		1285		242	-13.1891
ロウジュク	老熟	1283		333	-15.7606
ロケン	露顕	1283		440	-18.0694
ロ	禄	1288		501	
ロウキョ	篭居	1283		501	-18.0694
ロ	魯	1294		246	-17.0867
ロクガツニジュウニニチ	6月22日	1288		195	-11.4519
ロウライ	老来	1281		501	-16.6173
ロ	ろ	927		437	-8.0320
ロスト		1285		203	-12.5561
ロジカルシンキング		1288		501	-13.3886
ロッピャクボルト	600V	1288		501	-12.9483
ロマンスカー		1288		202	-12.8729
ロクミリメートル	6mm	1288		194	-13.5580
ロンパ	論派	1285		501	-18.6282
ロックアウト		1283		306	-13.5908
ロゴタイプ		1288		242	-13.0790
ロンダン	論壇	1285		201	-13.8441
ロジョウライブ	路上ライブ	1288		172	-13.3042
ロッチ		1288		448	-15.5249
ロクエイ	六栄	1293		501	-17.1900
ロクニン	6人	1288		387	-10.2222
ロウドウイインカイ	労働委員会	1288		214	-13.9937
ロクガツトオカ	6月10日	1288		195	-11.4460
ロア		1289		89	-12.6786
ロウアイ	陋隘	1285		501	-18.6282
ロウダイ	楼台	1285		501	-16.8518
ロクトン	6t	1288		501	-12.6536
ロウラン	楼蘭	1293		94	-17.7008
ロクザン	禄山	1291		501	-18.1724
ロドス		1285		359	-14.3493
ロッピャクゴジュウネン	650年	1288		360	-13.8715
ロクガツチュウジュン	6月中旬	1288		380	-12.9926
ロウゴク	牢嶽	1285		501	-18.6282
ロウショウドウ	老松堂	1289		501	-17.9060
ローミング		1288		118	-13.6872
ロクガシッパイ	録画失敗	1288		501	-14.8224
ローウィ	loewy	1289		501	-16.8074
ロオリ	絽織	1285		501	-18.6282
ロドストウ	ロドス島	1288		359	-13.9564
ロウレン	労連	1285		131	-14.4018
ロウサイ	老妻	1285		501	-18.6282
ロナルド・クーマン		1289		261	-13.9170
ロマ		1285		408	-12.9071
ロンハ	崙波	1291		501	-18.1724
ローマケン	ローマ県	1288		400	-13.1677
ロク		1288		149	-14.2153
ロンチン	龍井	1293		371	-17.7008
ロシュウ	芦舟	1291		501	-18.1724
ロウ	漏	1285		395	-18.6282
ロウ	魎	1288		501	
ロウスイ	老衰	1283		46	-12.3356
ロクデモナウ	ロクでもなう	31		501	-13.3671
ロヤ		1285		501	-17.4998
ロウコ	老狐	1285		501	-18.6282
ロクショウ	緑青	1285		4	-14.1867
ロクノスケ	六之助	1291		285	-14.5982
ロウロウ	朗朗	1285		501	-18.8289
ロレンツォ・デ・メディチ		1289		204	-13.7109
ロンサン	論纂	1285		501	-17.8906
ロビーカツドウ	ロビー活動	1292		216	-11.6464
ロケーションミリョク	ロケーション魅力	1285		17	-13.2731
ロウヅケ	鑞付け	1285		501	-18.6282
ロウシ	労使	1285		79	-13.3798
ロクデモナケリャ	ロクでもなけりゃ	15		501	-13.3578
ロンジ	論じ	625		52	-9.9427
ロウビョウ	廊廟	1285		501	-18.6282
ロムルス・アウグストゥルス		1289		273	-13.7919
ロードアイランド		1285		138	-14.8654
ロクタ	六太	1289		501	-17.7237
ロ	鹵	1288		501	
ロナルド	ronald	1289		501	-16.8074
ロセン	路線	1285		469	-8.2801
ロウナン	老男	1289		501	-20.4060
ロウニン	牢人	1285		501	-18.6282
ロリョウ	呂梁	1293		501	-17.7008
ロメイ	魯明	1291		501	-18.1724
ロウタケル	臈たける	619		501	-18.2480
ロショウ	露将	1285		501	-18.6282
ロウキ	労基	1285		501	-14.3064
ロクシュ	6種	1288		218	-12.8948
ローンチ		1288		315	-12.5495
ロウコ	老虎	1289		501	-17.9060
ロクク	6区	1293		332	-12.6598
ロンキャク	論客	1285		388	-15.1860
ロッピャクメートル	600メートル	1288		259	-13.4132
ロキョウ	炉胸	1285		501	-18.6282
ロエイ	露営	1283		271	-15.5591
ロクコン	六根	1285		297	-18.4612
ロクニ	碌に	1281		501	-14.2975
ロウスル	弄する	583		460	-12.4490
ロンキツ	論詰	1283		501	-17.9397
ロウドウセイサクシンギカイ	労働政策審議会	1292		214	-13.4973
ロウサ	聾さ	586		501	-14.8135
ロウトウ	瑯璫	1293		501	-17.7008
ロガイ	炉外	1285		501	-18.6282
ロンソウ	論争	1283		216	-10.1420
ログイ	櫓ぐい	1285		501	-18.6282
ログローニョ		1288		400	-14.4041
ロジスティックシャゾウ	ロジスティック写像	1288		336	-13.7849
ロウショク	朗色	1285		501	-18.6282
ロードサイド		1288		35	-13.3492
ロクオクエン	6億円	1288		354	-13.2560
ロシャ	路車	1285		501	-18.6282
ロウゴシキン	老後資金	1285		17	-13.4794
ロウシ	老師	1285		74	-12.1819
ロタツ	魯達	1289		501	-17.9060
ロウ		1289		64	-11.4887
ロセンヨウ	路線用	1285	1298	17	-13.4677
ロクガツニジュウゴニチ	6月25日	1288		195	-11.2429
ロクホウ	鹿報	1288		501	-18.5231
ロッピャクガタ	600形	1288		426	-12.5489
ロシア	🇷🇺	5		501	-24.1614
ロウバイ	蝋梅	1285		501	-15.3039
ロ	幌	1288		501	
ロートル		1285		225	-15.4441
ローター		1289		95	-11.2642
ロクキョク	6曲	1288		478	-12.5412
ロザ	露坐	1285		501	-18.6282
ロウグ	陋愚	1287		501	-17.5369
ロンゾウ	論蔵	1285		28	-15.9712
ロベルト・バッジョ		1289		261	-13.5653
ロウドウシャハケンホウ	労働者派遣法	1288		86	-14.8374
ロンリ	⇒	1288		501	-24.1667
ロウギ	老妓	1285		501	-18.1929
ロウデン	漏電	1283		174	-13.8992
ロカルノジョウヤク	ロカルノ条約	1288		209	-14.8286
ロチャン	ろちゃん	1285	1302	17	-12.2441
ロッカショ	六ケ所	1290		501	-17.5531
ロマノフ		1288		329	-14.6292
ロン		1283		25	-17.8011
ロー	Lo	1289		367	-12.6406
ローマオウ	ローマ王	1288		273	-12.5131
ロクスッポ	ろくすっぽ	1281		501	-14.1830
ロウショウ	朗唱	1283		416	-15.0486
ロベツ	濾別	1283		501	-18.0694
ロングボール		1288		198	-14.7248
ロッピャッ	6百	1295		501	-17.4645
ロンズ	論ず	593		365	-14.8195
ローランド	ROLAND	1289		122	-13.1840
ロケイ	盧珪	1289		501	-17.9060
ロクガツジュウサンニチ	6月13日	1288		195	-11.5846
ロウガッコウ	聾学校	1288		253	-13.6365
ロクデモナカッ	ロクでもなかっ	33		501	-13.3779
ロウドクカイ	朗読会	1288		224	-13.7966
ロウノウトウ	労農党	1292		430	-13.5631
ロレッタ		1289		11	-15.2250
ロールケーキノヒ	ロールケーキの日	1288		501	-13.4068
ローンスター		1292		181	-13.3672
ロオシ	櫓押し	1285		501	-18.6282
ロシアダイイチカクメイ	ロシア第一革命	1288		298	-14.6676
ロウ	喨	1288		501	
ロウドウ	労働	1283		42	-9.6217
ロクジョウイン	六条院	1288		497	-14.8114
ロウ	糧	1288		501	
ロッキーズ		1288		306	-13.9761
ローマジョウヤク	ローマ条約	1288		209	-14.9606
ロ	蠟	1288		501	
ロナウド		1289		62	-11.5453
ロク	緑	1288		501	
ロフト	Loft	1288		172	-14.8355
ロアシ	櫓脚	1285		501	-18.6282
ロヨウ	路用	1285		341	-15.9712
ロジウラ	路地裏	1285		17	-12.0852
ロースハム		1288		501	-14.7956
ロクネンブリ	6年ぶり	1288		178	-12.1372
ロセンシャ	路線車	1285	1298	17	-12.6984
ロッカショ	六ケ所	1293		501	-15.3719
ロウキョウ	労協	1285		131	-15.6199
ロウロウ	浪浪	1285		501	-18.6282
ロウオウ	老翁	1285		358	-15.7258
ロジョウ	鷺城	1291		501	-14.7384
ロックインジャパンフェスティバル	ROCK IN JAPAN FESTIVAL	1288		172	-14.3572
ロクン	ろくん	1285	1302	17	-13.2419
ロウシ	蠟紙	1285		501	-18.6282
ロウハイ	老廃	1285		405	-18.5412
ロウニ	老尼	1285		501	-18.6282
ロンゼヨ	論ぜよ	594		481	-9.0753
ロクジョウガワラ	六条河原	1288		498	-14.6524
ローマダイガク	ローマ大学	1288		501	-14.7332
ロンサク	論策	1285		501	-18.1929
ロッキード・マーティン		1292		181	-12.2905
ロクジョウノミヤスドコロ	六条御息所	1289		74	-13.8878
ロウセイ	老成	1283		333	-14.8286
ロ	沪	1288		501	
ロザシ	ろざし	1285		501	-14.7540
ロウエイ	漏泄	1283		501	-18.0694
ロクガツジュウイチニチ	6月11日	1288		195	-11.5935
ロビン・ウィリアムズ		1289		496	-13.6047
ロップ		1285		149	-14.8958
ロイホ		1288		501	-14.6719
ロンチョ	論著	1285		501	-18.6282
ロンソウ	論奏	1285		501	-18.6282
ロジ	路次	1285		501	-16.6219
ロジョウセカツシャ	路上生活者	1288		42	-14.2197
ロクバン	肋板	1285		501	-18.6282
ローファイ		1288		180	-14.9075
ローカルセン	ローカル線	1285		280	-13.8560
ロク	6	1285		361	-30.8959
ロウシュ	老酒	1285		501	-16.2172
ロックザ	ロック座	1293		449	-13.1650
ロウドウキンコ	労働金庫	1288		486	-14.1731
ロウ	Low	1288		453	-13.0093
ロクノスケ	六之介	1291		501	-17.3251
ロウマイ	粮米	1285		275	-18.6282
ロジクール		1292		288	-11.4571
ロウス	聾す	731		501	-17.3208
ロウジツ	老実	1287		501	-17.4416
ローカルセン	ローカル線	1285	1298	17	-12.9988
ロチュウ	路駐	1283		501	-18.0694
ローソンストアヒャク	ローソンストア100	1288		35	-14.8348
ローリング・ストーンズ		1289		196	-11.6750
ロテイ	魯廷	1285		501	-18.6282
ロシアレンポウセイフ	ロシア連邦政府	1288		215	-14.8595
ロールバック		1288		197	-14.6666
ロング	long	1285		121	-17.8906
ロウ	鵞	1288		501	
ロンチガハラ	論地ヶ原	1293		501	-17.7008
ロンブンシキシケン	論文式試験	1288		433	-14.9190
ロケット	ろけっと	1285		501	-18.4612
ロウシ	牢之	1291		501	-18.1724
ロッセリーニ		1288		496	-14.2728
ローランキュウスウ	ローラン級数	1288		447	-14.8595
ロブ		1285		25	-16.5131
ロウ	哢	1288		501	
ローハン		1288		222	-13.6320
ローカルキョク	ローカル局	1292		305	-12.0680
ロウドウカンキョウ	労働環境	1288		79	-12.5152
ロ	髏	1288		501	
ロテ	櫓手	1285		501	-18.6282
ロドリゲス		1290		255	-11.7923
ロウショウ	老少	1285		501	-17.0224
ロッピャクヨンジュウゴネン	645年	1288		263	-13.5383
ロバ	ろば	1285		437	-14.6690
ロクジュウナナネン	67年	1288		386	-13.8190
ロウジントウミ	老人と海	1288		103	-14.1361
ロイド・ジョージ		1288		215	-12.6709
ロバート・プラント		1289		196	-13.4383
ロクシャ	ろくしゃ	582		501	-14.6391
ロウメン	廊面	1285		501	-18.6282
ロウキョクシ	浪曲師	1288		73	-13.7788
ロウバ	老馬	1285		501	-18.6282
ロールズ		1289		291	-12.9271
ロヒョウ	路標	1285		501	-17.8153
ロッポン	6本	1288		284	-11.1924
ロウナイ	牢内	1285		501	-18.6282
ロクデモナカレ	ロクでもなかれ	29		501	-13.3578
ロクジュウハチパーセント	68%	1288		248	-12.8275
ローク		1289		11	-15.0799
ロウ	醪	1288		501	
ロクガツニジュウキュウニチ	6月29日	1288		195	-11.4053
ロウドク	ろう読	1283		501	-18.8426
ロバート・オッペンハイマー		1289		210	-13.8814
ロメンテン	路面店	1288		35	-13.8606
ロンギヌス		1289		429	-13.3321
ロクデモナキ	ろくでもなき	21		501	-12.1290
ロビー	ろびー	1285		501	-18.5412
ロングボウ		1288		53	-14.3980
ロウバン	蝋盤	1285		501	-18.6282
ロータリー		1285		469	-11.4729
ロコモコ		1288		184	-14.8994
ロピア		1292		501	-12.5956
ロコウ	盧溝	1293		501	-17.7008
ロクゴウ	6号	1293		332	-10.3716
ロシア	魯西亜	1294		28	-17.0867
ロッカク	鹿角	1285		385	-18.8289
ロボコン		1289		362	-12.2246
ロシュク	露宿	1283		501	-18.0694
ロジ	ろじ	1285		501	-18.9467
ロクガヅカ	六ヶ塚	1293		501	-17.1900
ロイヤリティ		1285		474	-13.6310
ロゼット		1288		333	-13.5019
ローマテイコクノメツボウ	ローマ帝国の滅亡	1288		359	-14.5208
ロッコツ	肋骨	1285		337	-12.4136
ロ	蘆	1288		501	
ロウキホウ	労基法	1285		86	-14.8884
ロウセイ	隴西	1293		58	-17.7008
ロス	loss	1283		5	-17.5898
ロオリ	絽織り	1285		501	-18.6282
ロウレイ	朧伶	1289		501	-17.9060
ロウコウ	老巧	1287		56	-16.4722
ロウカイ	ろう獪	1287		501	-18.0477
ロクジュウヨンサイ	64歳	1288		46	-11.8345
ロジャー・クレメンス		1289		310	-13.6079
ローカル		1285		305	-10.7826
ロク	録	1283		59	-12.8709
ロウセヨ	聾せよ	589		501	-14.7274
ロッピャクゴジュウエン	650円	1288		163	-12.4831
ロウシュウ	陋習	1285		186	-18.6282
ロフト	loft	1285		501	-17.9351
ローバ		1288		501	-14.1007
ロクジュウナナサイ	67歳	1288		46	-13.1571
ロクジュウド	60度	1288		259	-13.0043
ロウオウ	老嫗	1285		501	-18.6282
ロプノール		1288		120	-14.9821
ロンナン	論なん	1283		501	-14.9741
ロクジュッ	六十	1295		501	-17.4645
ロングラン		1285		143	-13.3040
ロシアリョウリ	ロシア料理	1288		75	-13.6290
ロートリンゲン		1288		446	-13.5175
ロゼ		1285		391	-15.6915
ロウ	牢	1285		74	-12.8764
ロクデモナカッ	ろくでもなかっ	33		501	-12.1488
ローバー	Rover	1292		232	-13.1950
ロクビョウ	6秒	1288		317	-12.9739
ロウ	桜	1288		501	
ロッジ		1285		347	-13.0512
ロクガホウソウ	録画放送	1283		17	-13.5279
ロジン		1288		405	-14.7795
ロウシ	老視	1285		457	-18.6282
ロンジタテル	論じ立てる	619		501	-18.4303
ロクセンケイ	6000系	1288		426	-12.0726
ロキ	盧杞	1289		501	-17.9060
ロ	鑪	1288		501	
ロウドウキョク	労働局	1292		265	-12.7833
ロッカールーム		1288		211	-13.2975
ロリオタ	ロリおた	1285		501	-18.0304
ロウカ	ろう下	1285		501	-18.9467
ロックアップ		1285		384	-14.8569
ロ	芦	1288		501	
ローライダー		1288		152	-14.8673
ロッシュルイ	6種類	1288		283	-12.3042
ロウ	婁	1285		128	-18.6282
ローレル		1289		347	-12.5254
ロイヤルティ		1288		181	-13.2207
ロナルド・レーガン		1289		38	-11.7919
ロンズル	ろんずる	592		501	-15.5137
ロクロウ	緑郎	1291		159	-14.2670
ロカン	蘆管	1285		501	-18.6282
ローマキョウワコク	ローマ共和国	1288		359	-14.4122
ロオト	櫓音	1285		501	-18.6282
ロクオン	鹿苑	1285		10	-18.6282
ロクドシー	6℃	1288		23	-14.1597
ロクナナ	六七	1295		501	-17.4645
ロボットソウジキ	ロボット掃除機	1288		185	-13.8142
ロガン	露岩	1285		501	-18.6282
ロウサイニンテイ	労災認定	1288		12	-14.7765
ロンドンショウケントリヒキジョ	ロンドン証券取引所	1292		181	-13.1242
ロクジョウ	鹿場	1285		501	-18.6282
ロクジュウマンニン	60万人	1288		387	-13.2493
ロジ	六時	1289		227	-13.1569
ロ	鈩	1288		501	
ロ	轤	1288		501	
ロウ	壟	1288		501	
ロウドウサイガイ	労働災害	1288		455	-13.4054
ロッポウゼンショ	六法全書	1285		396	-15.1356
ロウドウジョウケン	労働条件	1288		79	-12.6979
ロウカク	楼閣	1285		435	-14.3674
ロセイ	路政	1285		501	-18.6282
ロジン	露人	1285		501	-18.6282
ロンジリャ	論じりゃ	618		88	-10.0366
ロクフッカウラン	六フッ化ウラン	1288		405	-14.6519
ロト	露都	1285		501	-18.6282
ロマン	ろまん	1285		80	-14.9916
ログインシ	ログインし	1285	610	17	-10.9538
ロリン	盧綸	1289		501	-17.9060
ロセンヲ	路線を	1285	156	17	-10.8793
ロゼッタ		1289		429	-12.8079
ロバ		1285		499	-12.7829
ロ	艣	1285		501	-18.8289
ロウ	廊	1288		501	
ロウ	柆	1288		501	
ロウソウ	老僧	1285		501	-18.6282
ロウト	漏斗	1285		333	-13.8627
ロンリガク	論理学	1288		88	-12.0631
ロテイ	露呈	1283		182	-11.7801
ロリ		1288		324	-11.9197
ロクシャ	録しゃ	582		501	-14.4301
ロクサイ	鹿柴	1285		501	-18.6282
ロクジュウサンカイ	63回	1288		134	-13.7810
ロクセンマンエン	6000万円	1288		354	-12.9065
ロウ	簍	1288		501	
ロフト	LOFT	1288		2	-13.9719
ログ		1285		431	-17.8906
ロクセイ	鹿西	1293		501	-15.9091
ロシ	濾紙	1285		487	-15.8523
ロウノウ	老衲	1285		501	-18.6282
ロ	閇	1288		501	
ロッピャクマンエン	600万円	1288		354	-12.6923
ロッカーアーム		1292		95	-12.3822
ロマンティシズム		1285		307	-15.2915
ロバート・ピール		1289		38	-13.8525
ロ	臚	1288		501	
ローンカード		1288		206	-14.9749
ロウノウセキグン	労農赤軍	1288		188	-14.9975
ロショク	慮植	1289		501	-17.9060
ロンリテキ	論理的	1288		65	-11.2164
ロセキ	露石	1291		501	-18.1724
ロワン	盧綰	1289		440	-14.2323
ロッピャク	6百	1295		501	-17.4645
ロクドル	$6	1288		163	-14.8875
ロテン	露天	1285		414	-13.2713
ロウケツ	ろうけつ	1285		501	-18.9467
ロシ	露支	1285		501	-18.6282
ロウジュ	老樹	1285		404	-16.3533
ロウケン	老犬	1285		501	-18.6282
ロコウ	露光	1283		174	-12.8422
ロベルタ		1289		470	-15.8726
ロボトミー		1288		192	-14.4184
ロンバルディアシュウ	ロンバルディア州	1288		33	-13.2377
ロウ	鏤	1288		501	
ロマーノ		1289		470	-15.0313
ロンギヌスノヤリ	ロンギヌスの槍	1288		26	-14.3607
ロクノヘ	六戸	1293		371	-17.1900
ロックカイジョ	ロック解除	1283		17	-13.0453
ロト	魯都	1293		501	-17.7008
ロレイン		1289		470	-14.1101
ロッピー	Loppi	1288		24	-14.5267
ロンゼヨ	論ぜよ	596		481	-9.0753
ローマシングン	ローマ進軍	1288		434	-14.6519
ロウチュウ	籠中	1285		501	-18.6282
ロケーション		1285		414	-11.9272
ロザリンド		1289		11	-13.1132
ロゴイリ	ロゴ入り	1285	1297	17	-13.2823
ロコウキョウジケン	盧溝橋事件	1288		298	-13.5845
ロザリオ		1285		199	-13.8373
ロガイ	路外	1285		501	-18.6282
ロイター		1292		209	-10.7911
ロン	龍	1288		501	
ロンゼヨ	ろんぜよ	596		501	-15.5121
ローファー		1288		203	-13.5405
ロウバイ	ろうばい	1285		501	-18.9467
ロジカル		1287		66	-11.5685
ロクショウ	六勝	1288		501	-18.4053
ロキシー・ミュージック		1288		196	-14.7860
ロンロン		1289		39	-13.3198
ロジャー・フェデラー		1289		178	-13.0606
ロウ	髏	1288		501	
ローデシア		1293		19	-12.7124
ロイヤル・アルバート・ホール		1288		98	-14.5962
ローカルアイドル		1288		324	-14.9095
ロットン		1289		448	-13.8736
ロワ		1288		1	-14.7748
ロープウェー		1285		129	-14.6426
ロンゴ	論語	1285		342	-12.6457
ロッピャッ	六百	1295		501	-17.4645
ロクキログラム	6kg	1288		194	-13.9481
ロム	ROM	1289		431	-10.5012
ロンゼヨ	ろんぜよ	594		501	-15.5121
ロトウ	露頭	1285		381	-14.3350
ロシアンルーレット		1288		211	-14.0589
ロードマップ		1288		294	-12.4276
ロウゲツチョウ	露月町	1293		501	-17.7008
ロハス		1290		255	-12.3834
ロット		1285		168	-11.9658
ロテンブロ	露天風呂	1285		414	-12.3572
ロウバ	老姥	1285		501	-18.6282
ロクネンセイ	六年生	1288		501	-14.6645
ロドン	ろどん	1287		501	-13.6901
ロウジョウ	楼上	1285		501	-18.6282
ローバー	rover	1288		501	-17.6068
ロジック	Logic	1289		453	-12.9446
ロ	ロ゙	1288		501	-20.0000
ロウテイ	老弟	1285		501	-18.6282
ロングヘアー		1285		295	-14.8540
ロ	露	1285		346	-9.9222
ロクジュウセンチ	60センチ	1288		194	-13.8620
ロンナン	論難	1283		501	-18.0694
ロウドウセイサンセイ	労働生産性	1288		79	-13.3935
ロウバシン	老婆心	1285		501	-15.2072
ロケチ	ロケ地	1288		322	-11.8028
ロウエキ	労役	1285		275	-13.7049
ロウシ	牢死	1283		76	-16.7425
ロシアレンポウキョウサントウ	ロシア連邦共産党	1288		430	-14.7677
ロッソ		1289		462	-14.0739
ロウチュウ	老种	1289		501	-17.9060
ロトウ	櫓冬	1291		501	-18.1724
ロン・デニス		1289		421	-13.8319
ロックマンエックス	ロックマンX	1288		177	-14.9649
ロジカル	logical	1288		5	-14.9909
ロイロ	蝋色	1285		501	-17.2284
ロバート・レッドフォード		1289		496	-13.6479
ロクガツジュウニニチ	6月12日	1288		195	-11.5997
ローパー		1291		255	-13.4309
ロウシキョウチョウ	労使協調	1288		388	-14.0529
ロゴ	LOGO	1288		77	-14.3863
ロウシドウトクキョウ	老子道徳経	1288		342	-14.6820
ロンチュウ	論註	1285		501	-18.6282
ロウ	朖	1288		501	
ロクジョウ	六條	1289		128	-17.5695
ロプ		1293		501	-16.6022
ロンドンカイグングンシュクカイギ	ロンドン海軍軍縮会議	1288		209	-14.6477
ロックマン		1289		26	-11.8859
ロンドンデリー		1293		138	-12.8180
ロボウ	路傍	1285		220	-14.2329
ロータ		1288		289	-14.9313