ヲツカワズ	を使わず	156	487	17	-11.3397
ヲオクッテ	を送って	156	307	17	-10.0462
ヲオボエタ	を覚えた	156	435	17	-11.1583
ヲモウケル	を設ける	156	619	17	-11.2971
ヲクチ	を口	156	1285	17	-10.3296
ヲイシキシタ	を意識した	156	435	17	-11.2432
ヲタテ	を立て	156	625	17	-10.2232
ヲト	をと	156	164	17	-11.4113
ヲマワシ	を回し	156	735	17	-10.8217
ヲカクニンスル	を確認する	156	599	17	-10.5998
ヲソシ	を阻止	156	1283	17	-11.3320
ヲサイショ	を最初	156	1285	17	-11.1417
ヲシテイ	をしてい	156	925	17	-10.9731
ヲセメ	を責め	156	625	17	-11.2453
ヲツカワ	を使わ	156	823	17	-10.2436
ヲタカメ	を高め	156	625	17	-10.5610
ヲケントウ	を検討	156	1283	17	-10.5004
ヲヨウキュウ	を要求	156	1283	17	-10.5826
ヲタズネ	を訪ね	156	625	17	-11.4334
ヲテイキョウシ	を提供し	156	610	17	-10.2039
ヲクシシテ	を駆使して	156	307	17	-11.2944
ヲツカッ	を使っ	156	829	17	-8.6200
ヲマエニ	を前に	156	151	17	-10.4910
ヲシテキ	を指摘	156	1283	17	-10.6350
ヲイカシテ	を活かして	156	307	17	-11.1509
ヲケズッ	を削っ	156	786	17	-11.4306
ヲハタキ	を叩き	156	689	17	-11.1635
ヲスコシズツ	を少しずつ	156	337	17	-11.3071
ヲハイジョ	を排除	156	1283	17	-10.9925
ヲモタラス	をもたらす	156	731	17	-10.7767
ヲテイキョウシテ	を提供して	156	307	17	-10.5836
ヲキキ	を聞き	156	689	17	-10.2011
ヲハカッタ	を図った	156	435	17	-11.2713
ヲオシエテクダサイ	を教えてください	156	1239	17	-11.0206
ヲカカエ	を抱え	156	625	17	-9.8343
ヲテイキョウスル	を提供する	156	599	17	-10.3874
ヲカサネル	を重ねる	156	619	17	-10.6623
ヲヨン	を呼ん	156	758	17	-10.5453
ヲボシュウシ	を募集し	156	610	17	-10.6273
ヲツウジテ	を通じて	253		356	-5.3638
ヲカカゲ	を掲げ	156	625	17	-10.7046
ヲワカッ	を分かっ	156	786	17	-11.3817
ヲホウモン	を訪問	156	1283	17	-11.1487
ヲオオハバ	を大幅	156	1287	17	-11.2886
ヲクリカエス	を繰り返す	156	731	17	-10.5130
ヲメイカクニ	を明確に	156	151	17	-11.0738
ヲソンチョウシ	を尊重し	156	610	17	-11.2621
ヲイノッテ	を祈って	156	307	17	-11.3381
ヲシュウロクシ	を収録し	156	610	17	-11.3749
ヲス	をす	731		501	-17.6572
ヲテッテイテキ	を徹底的	156	1287	17	-11.3028
ヲハッピョウシ	を発表し	156	610	17	-9.9314
ヲハサンデ	を挟んで	156	308	17	-11.0796
ヲヤッタ	をやった	156	435	17	-11.0463
ヲアイシテ	を愛して	156	307	17	-10.7575
ヲキメテ	を決めて	156	1285	17	-11.3001
ヲトリ	を撮り	156	788	17	-11.1335
ヲカワキリニ	を皮切りに	156	151	17	-11.3157
ヲトリモドシ	を取り戻し	156	735	17	-10.8926
ヲススメル	を進める	156	619	17	-10.6542
ヲツクッテル	を作ってる	156	307	17	-10.9772
ヲトッ	をとっ	156	786	17	-9.7303
ヲサンショウノコト	を参照のこと	156	1310	17	-11.3990
ヲコロシテ	を殺して	156	307	17	-11.2353
ヲサイヨウシタ	を採用した	156	435	17	-10.9143
ヲココロ	を心	156	1285	17	-11.4149
ヲココロミ	を試み	156	625	17	-11.1583
ヲセズ	をせず	156	487	17	-11.0416
ヲブタイ	を舞台	156	1285	17	-10.7377
ヲトリダシ	を取り出し	156	735	17	-10.8919
ヲイウノ	を言うの	156	1310	17	-11.2837
ヲキッカケ	をきっかけ	156	1285	17	-10.2733
ヲシエンシ	を支援し	156	610	17	-11.3075
ヲコウシンシ	を更新し	156	610	17	-10.8528
ヲツヨメ	を強め	156	625	17	-11.2739
ヲサカイニ	を境に	156	151	17	-11.4012
ヲカンジルコト	を感じること	156	1310	17	-11.0012
ヲギセイ	を犠牲	156	1285	17	-10.9759
ヲシッテイ	を知ってい	156	930	17	-11.0211
ヲシラベル	を調べる	156	619	17	-11.1570
ヲマモルタメニ	を守るために	156	151	17	-10.9749
ヲテーマ	をテーマ	156	1285	17	-10.3470
ヲシュウリョウシ	を終了し	156	610	17	-11.1040
ヲツヅケテイル	を続けている	156	919	17	-11.0773
ヲミツメテ	を見つめて	156	307	17	-11.3032
ヲツウジ	を通じ	156	625	17	-11.2321
ヲミタリ	を見たり	156	360	17	-11.3028
ヲカクホスル	を確保する	156	599	17	-11.0047
ヲアツカウ	を扱う	156	817	17	-10.6016
ヲオソレ	を恐れ	156	625	17	-10.7970
ヲショウチョウ	を象徴	156	1283	17	-11.1174
ヲカクニンシ	を確認し	156	610	17	-10.0917
ヲヨンデ	を呼んで	156	308	17	-10.9777
ヲキタ	を着た	156	435	17	-11.2442
ヲサイヨウ	を採用	156	1283	17	-9.7879
ヲマンキツ	を満喫	156	1283	17	-11.1947
ヲオモッテ	を思って	156	307	17	-10.9360
ヲハアク	を把握	156	1283	17	-10.6216
ヲダイヒョウスル	を代表する	156	599	17	-10.5715
ヲキリ	を切り	156	788	17	-10.9738
ヲアタエ	を与え	156	622	17	-10.2984
ヲエガクノ	を描くの	156	1310	17	-11.2414
ヲクミアワセ	を組み合わせ	156	625	17	-10.7198
ヲカイホウ	を解放	156	1283	17	-11.3728
ヲハジメ	をはじめ	156	1314	17	-9.6793
ヲオシエテクレ	を教えてくれ	156	940	17	-10.9041
ヲカイシテ	を介して	156	307	17	-11.0998
ヲアタエテ	を与えて	156	307	17	-10.0270
ヲカケテ	をかけて	156	1281	17	-10.1982
ヲチュウシントシ	を中心とし	156	610	17	-10.4562
ヲゴカクニン	をご確認	156	1283	17	-11.3947
ヲイッテモ	を言っても	156	262	17	-11.4069
ヲツケタ	をつけた	156	435	17	-10.5367
ヲオコシ	を起こし	156	735	17	-9.7811
ヲカタッテ	を語って	156	307	17	-11.0217
ヲシテイ	を指定	156	1283	17	-11.1629
ヲタベテ	を食べて	156	307	17	-9.9009
ヲトリ	をとり	1285		501	-19.4167
ヲイタメ	を痛め	156	625	17	-11.4034
ヲマナビ	を学び	156	759	17	-10.5361
ヲミアゲ	を見上げ	156	625	17	-11.3640
ヲウミダシ	を生み出し	156	735	17	-10.6235
ヲイエバ	を言えば	156	318	17	-11.2371
ヲメニ	を目に	156	151	17	-10.9328
ヲカンガエテ	を考えて	156	307	17	-9.3230
ヲクワエテツクル	をくわえて作る	156	772	17	-11.2982
ヲコウセイスル	を構成する	156	599	17	-10.8090
ヲヒツヨウ	を必要	156	1287	17	-10.4385
ヲアゲル	を上げる	156	619	17	-10.0037
ヲカンガエテイル	を考えている	156	919	17	-10.6986
ヲショウメイ	を証明	156	1283	17	-10.8750
ヲノンデ	を飲んで	156	308	17	-10.4354
ヲイドウ	を移動	156	1283	17	-11.2894
ヲオヨボス	を及ぼす	156	731	17	-11.3071
ヲスルン	をするん	156	1310	17	-11.3986
ヲシッカリ	をしっかり	156	1282	17	-9.9714
ヲツタエル	を伝える	156	619	17	-10.0455
ヲオネガイイタシマス	をお願い致します	156	491	17	-10.9338
ヲジッシシテ	を実施して	156	307	17	-11.0773
ヲハアクシ	を把握し	156	610	17	-11.1458
ヲウッテ	を打って	156	307	17	-11.2754
ヲトオル	を通る	156	772	17	-10.8349
ヲニギル	を握る	156	772	17	-11.3013
ヲトッテ	を取って	156	307	17	-10.0870
ヲダシテ	を出して	156	307	17	-9.5274
ヲイジスル	を維持する	156	599	17	-10.8917
ヲハッシンスル	を発信する	156	599	17	-11.4279
ヲヒツヨウトスル	を必要とする	156	599	17	-11.1823
ヲカンジラレル	を感じられる	156	870	17	-11.2146
ヲスキニナル	を好きになる	156	772	17	-11.1061
ヲマナンダ	を学んだ	156	436	17	-10.9616
ヲカシナ	をかしな	1315		501	-17.2947
ヲキサイ	を記載	156	1283	17	-11.1285
ヲカンゼンニ	を完全に	156	329	17	-10.9159
ヲゼンテイ	を前提	156	1285	17	-10.5363
ヲケラマイリ	をけら詣り	1285		501	-19.2344
ヲメイカク	を明確	156	1287	17	-10.6684
ヲアゲル	を挙げる	156	619	17	-10.7941
ヲスルタメニ	をするために	156	151	17	-11.3373
ヲミ	を見	156	625	17	-7.7913
ヲトッタ	をとった	156	435	17	-10.7923
ヲアラタメテ	を改めて	156	1281	17	-10.8786
ヲマナブ	を学ぶ	156	754	17	-10.3089
ヲニギッ	を握っ	156	786	17	-10.8766
ヲテイジシ	を提示し	156	610	17	-11.2439
ヲテニイレル	を手に入れる	156	619	17	-10.9777
ヲタントウ	を担当	156	1283	17	-9.6249
ヲモチマシテ	をもちまして	247		501	-7.8171
ヲマモラ	を守ら	156	780	17	-11.4265
ヲノセ	を載せ	156	625	17	-10.7661
ヲカサネタ	を重ねた	156	435	17	-11.4149
ヲオシラセ	をお知らせ	156	1283	17	-10.9946
ヲウケマシ	を受けまし	156	501	17	-11.1279
ヲカクリツ	を確立	156	1283	17	-10.8130
ヲキル	を着る	156	619	17	-11.2917
ヲモトメテ	を求めて	156	1281	17	-10.8698
ヲトリアゲ	を取り上げ	156	625	17	-11.1639
ヲシナケレ	をしなけれ	156	470	17	-11.0313
ヲガンバッ	を頑張っ	156	786	17	-11.1414
ヲハジメ	を始め	156	625	17	-9.2226
ヲオウエン	を応援	156	1283	17	-9.9003
ヲシメシテ	を示して	156	307	17	-10.4056
ヲアラウ	を洗う	156	817	17	-11.3973
ヲツネニ	を常に	156	1281	17	-11.0136
ヲジュショウ	を受賞	156	1283	17	-9.9187
ヲカンリ	を管理	156	1283	17	-11.0214
ヲヌケ	を抜け	156	625	17	-11.3458
ヲネラウ	を狙う	156	817	17	-10.8782
ヲホウソウシ	を放送し	156	610	17	-11.4047
ヲオモッ	を思っ	156	829	17	-10.6064
ヲイタダイテ	を頂いて	156	307	17	-11.3623
ヲカケ	を掛け	156	625	17	-10.7749
ヲオクッテイル	を送っている	156	919	17	-11.3356
ヲコントロール	をコントロール	156	1283	17	-10.9289
ヲカイテイ	を書いてい	156	930	17	-10.5590
ヲタノシムコト	を楽しむこと	156	1310	17	-11.4311
ヲカケラレ	をかけられ	156	876	17	-11.1577
ヲサンコウ	を参考	156	1283	17	-10.3279
ヲシッテル	を知ってる	156	307	17	-10.8711
ヲミツメ	を見つめ	156	625	17	-10.5583
ヲカッテニ	を勝手に	156	329	17	-10.9614
ヲジュウシスル	を重視する	156	599	17	-11.1220
ヲウッテ	を売って	156	307	17	-11.3569
ヲスルヨウニ	をするように	156	151	17	-11.2577
ヲオコナッタ	を行った	156	435	17	-9.5715
ヲメグル	をめぐる	156	772	17	-10.8987
ヲカイシ	を開始	156	1283	17	-9.4772
ヲツカエバ	を使えば	156	318	17	-11.0920
ヲコエ	を越え	156	625	17	-10.3409
ヲヒライテ	を開いて	156	307	17	-10.7590
ヲトウサイ	を搭載	156	1283	17	-10.2288
ヲミナガラ	を見ながら	156	314	17	-10.1405
ヲシジ	を支持	156	1283	17	-10.5393
ヲアルク	を歩く	156	679	17	-11.0316
ヲヤリタイ	をやりたい	156	444	17	-11.1707
ヲジブンノ	を自分の	156	368	17	-10.5667
ヲキクト	を聞くと	156	309	17	-11.1341
ヲクズシ	を崩し	156	735	17	-10.9669
ヲテンカイシテ	を展開して	156	307	17	-11.1223
ヲエ	を得	156	622	17	-9.6433
ヲツカウノ	を使うの	156	1310	17	-11.0525
ヲモッテキ	を持ってき	156	904	17	-11.0316
ヲオサメ	を収め	156	625	17	-10.6473
ヲジッカンシ	を実感し	156	610	17	-11.1414
ヲミセテ	を見せて	156	307	17	-9.9953
ヲチョウセイ	を調整	156	1283	17	-10.8793
ヲハッコウシ	を発行し	156	610	17	-11.2769
ヲショウチョウスル	を象徴する	156	599	17	-11.4118
ヲシテタ	をしてた	156	435	17	-11.0559
ヲカンジタ	を感じた	156	435	17	-10.1355
ヲコロス	を殺す	156	731	17	-10.9081
ヲヨコ	を横	156	1285	17	-11.3707
ヲベース	をベース	156	1285	17	-10.4287
ヲマノアタリ	を目の当たり	156	1282	17	-11.3360
ヲウッ	を打っ	156	742	17	-10.7644
ヲナガシ	を流し	156	735	17	-10.4498
ヲチュウモン	を注文	156	1283	17	-11.1229
ヲテ	を手	156	1285	17	-9.5152
ヲサクセイシテ	を作成して	156	307	17	-11.3964
ヲソウゾウシ	を想像し	156	610	17	-10.5695
ヲアビテ	を浴びて	156	307	17	-11.3181
ヲカマエ	を構え	156	625	17	-11.3332
ヲナガメテ	を眺めて	156	307	17	-10.7960
ヲハカル	を図る	156	772	17	-10.5821
ヲモトメル	を求める	156	619	17	-9.7607
ヲハシル	を走る	156	772	17	-11.0274
ヲカクトクシタ	を獲得した	156	435	17	-10.4475
ヲダイ	を抱い	156	687	17	-10.3490
ヲハッシンシテ	を発信して	156	307	17	-11.1125
ヲキロクシタ	を記録した	156	435	17	-10.6760
ヲサナゴコチ	をさなごこち	1285		501	-19.2344
ヲエナカッ	を得なかっ	156	480	17	-11.4171
ヲソウゾウ	を想像	156	1283	17	-10.1960
ヲムケル	を向ける	156	619	17	-10.9207
ヲモリアゲヨウ	を盛り上げよう	156	506	17	-10.3331
ヲギセイニシ	を犠牲にし	156	610	17	-11.2713
ヲノコシテイル	を残している	156	919	17	-11.3417
ヲスルコトニ	をすることに	156	151	17	-11.0971
ヲオクル	を送る	156	772	17	-10.3090
ヲシラベテ	を調べて	156	307	17	-10.9928
ヲクリックシテ	をクリックして	156	307	17	-10.3821
ヲオソレテ	を恐れて	156	307	17	-11.3063
ヲイダク	を抱く	156	679	17	-10.8635
ヲミタイ	を見たい	156	444	17	-11.0258
ヲカエシテ	を返して	156	307	17	-11.3834
ヲカンジサセル	を感じさせる	156	870	17	-11.4100
ヲモドシ	を戻し	156	735	17	-11.4198
ヲレル	をれる	919		501	-18.7514
ヲカン	を観	156	1285	17	-11.4265
ヲアツカッ	を扱っ	156	829	17	-11.0579
ヲケイゾク	を継続	156	1283	17	-10.5825
ヲミ	を見	156	622	17	-10.2056
ヲタスケ	を助け	156	625	17	-10.7181
ヲウケテ	を受けて	156	1285	17	-10.0493
ヲツカエ	を使え	156	814	17	-11.0920
ヲコノム	を好む	156	762	17	-11.2442
ヲマエ	を前	156	1314	17	-10.4300
ヲユルサ	を許さ	156	733	17	-10.9166
ヲメイジ	を命じ	156	625	17	-11.3429
ヲヤラ	をやら	156	780	17	-10.8072
ヲハッシンシ	を発信し	156	610	17	-10.8124
ヲシテキシ	を指摘し	156	610	17	-11.1452
ヲミレ	を見れ	156	617	17	-10.9304
ヲハコン	を運ん	156	758	17	-10.7805
ヲタイケンシ	を体験し	156	610	17	-11.2990
ヲキッテ	を切って	156	307	17	-10.6932
ヲヤメル	をやめる	156	619	17	-11.1747
ヲチョット	をちょっと	156	1282	17	-11.1125
ヲシハイシ	を支配し	156	610	17	-11.1665
ヲノゾム	を望む	156	762	17	-11.0410
ヲセンタクスル	を選択する	156	599	17	-11.1046
ヲヒロゲル	を広げる	156	619	17	-10.8644
ヲキメタ	を決めた	156	435	17	-10.4901
ヲソダテ	を育て	156	625	17	-10.7202
ヲシゴト	を仕事	156	1283	17	-10.9331
ヲソツギョウシ	を卒業し	156	610	17	-10.6590
ヲハサン	を挟ん	156	766	17	-10.8166
ヲハジメタ	を始めた	156	435	17	-9.9212
ヲツタエタイ	を伝えたい	156	444	17	-11.1704
ヲシュトク	を取得	156	1283	17	-10.1901
ヲトバシ	を飛ばし	156	735	17	-11.2636
ヲタベニ	を食べに	156	151	17	-11.3193
ヲムシ	を無視	156	1283	17	-10.3627
ヲシテイキ	をしていき	156	1012	17	-11.0864
ヲハッキスル	を発揮する	156	599	17	-11.0767
ヲシマシ	をしまし	156	501	17	-10.2910
ヲオモ	を主	156	1287	17	-10.8852
ヲシュウセイ	を修正	156	1283	17	-11.4356
ヲオネガイシ	をお願いし	156	610	17	-10.1184
ヲ	を	156		356	-2.2232
ヲミトメ	を認め	156	622	17	-10.6444
ヲケイケンシテ	を経験して	156	307	17	-11.1988
ヲイタダイ	を頂い	156	687	17	-10.6725
ヲセツリツシ	を設立し	156	610	17	-10.7264
ヲエラブ	を選ぶ	156	754	17	-9.7942
ヲヒョウゲンシ	を表現し	156	610	17	-10.9081
ヲメイン	をメイン	156	1285	17	-11.1168
ヲモクテキト	を目的と	156	150	17	-10.4276
ヲアワセテ	を合わせて	156	307	17	-10.5799
ヲソト	を外	156	1285	17	-10.6915
ヲヘ	を経	156	625	17	-9.3320
ヲヨムト	を読むと	156	309	17	-11.3528
ヲツナグ	を繋ぐ	156	723	17	-11.2963
ヲハタス	を果たす	156	731	17	-10.4658
ヲカケ	をかけ	156	625	17	-9.1170
ヲトワ	を問わ	156	823	17	-10.6712
ヲスルト	をすると	156	164	17	-11.2833
ヲウケルコト	を受けること	156	1310	17	-10.7010
ヲキボウシ	を希望し	156	610	17	-11.0087
ヲヨウイシ	を用意し	156	610	17	-10.3551
ヲミマシ	を見まし	156	501	17	-11.2156
ヲセメル	を責める	156	619	17	-11.2639
ヲヒテイスル	を否定する	156	599	17	-10.7600
ヲオススメ	をオススメ	156	1283	17	-11.1064
ヲツヅケ	を続け	156	625	17	-9.5538
ヲジッシシ	を実施し	156	610	17	-10.3755
ヲモッテイ	を持ってい	156	930	17	-9.9304
ヲカンタン	を簡単	156	1287	17	-11.0228
ヲグナ	をぐな	1289		501	-18.1292
ヲハジメマシタ	を始めました	156	435	17	-11.1903
ヲヒキイ	を率い	156	625	17	-10.8852
ヲムイ	を向い	156	687	17	-10.6203
ヲタップリ	をたっぷり	156	1282	17	-11.3205
ヲジュンビ	を準備	156	1283	17	-11.1632
ヲシ	をし	156	610	17	-7.1708
ヲオカケ	をおかけ	156	1283	17	-11.2591
ヲアツメル	を集める	156	619	17	-10.6206
ヲデ	を出	156	625	17	-10.1150
ヲスルトキ	をするとき	156	1313	17	-11.2602
ヲウタッテ	を歌って	156	307	17	-11.2902
ヲドウニュウシテ	を導入して	156	307	17	-11.4060
ヲセツメイスル	を説明する	156	599	17	-11.0923
ヲフッ	を振っ	156	786	17	-10.6661
ヲミセル	を見せる	156	619	17	-10.4541
ヲサイゴマデ	を最後まで	156	355	17	-10.4048
ヲカイシシ	を開始し	156	610	17	-9.8322
ヲモッタ	をもった	156	435	17	-11.3606
ヲアラワシテ	を表して	156	307	17	-11.0236
ヲツナグ	をつなぐ	156	723	17	-11.0822
ヲハンエイ	を反映	156	1283	17	-11.1439
ヲナシ	をなし	156	735	17	-11.4315
ヲホウキシ	を放棄し	156	610	17	-11.3209
ヲンナ	をんな	1285		501	-18.6282
ヲウシナッ	を失っ	156	829	17	-9.9839
ヲクンデ	を組んで	156	308	17	-10.9857
ヲダシタ	を出した	156	435	17	-10.2203
ヲケイセイシテ	を形成して	156	307	17	-11.2450
ヲヒカク	を比較	156	1283	17	-10.9978
ヲハナス	を話す	156	731	17	-10.7943
ヲカケタ	をかけた	156	435	17	-10.4363
ヲケイユ	を経由	156	1283	17	-10.4921
ヲヤブリ	を破り	156	788	17	-11.2758
ヲキ	を機	156	1285	17	-10.3331
ヲシジシ	を支持し	156	610	17	-11.0368
ヲウケ	を受け	156	625	17	-8.3730
ヲテイシュツ	を提出	156	1283	17	-10.8189
ヲツカウコト	を使うこと	156	1310	17	-10.7328
ヲウケイレル	を受け入れる	156	619	17	-10.9017
ヲカワキリ	を皮切り	156	1285	17	-11.2925
ヲモリアゲヨ	を盛り上げよ	156	621	17	-10.3331
ヲコウムッ	を被っ	156	786	17	-11.1720
ヲジクニ	を軸に	156	151	17	-11.3185
ヲスルコト	をすること	156	1310	17	-9.5994
ヲタップ	をタップ	156	1285	17	-10.4205
ヲクダシ	を下し	156	735	17	-11.2205
ヲナガシテ	を流して	156	307	17	-11.1786
ヲキタイシ	を期待し	156	610	17	-10.6316
ヲアタエタ	を与えた	156	435	17	-10.3356
ヲキニシ	を気にし	156	587	17	-11.1964
ヲケンセツ	を建設	156	1283	17	-10.7729
ヲトゲ	を遂げ	156	625	17	-10.9925
ヲヒッパッ	を引っ張っ	156	786	17	-11.4029
ヲリユウニ	を理由に	156	151	17	-10.5489
ヲサシ	を指し	156	735	17	-10.3674
ヲテーマニ	をテーマに	156	151	17	-10.4735
ヲオトドケ	をお届け	156	1285	17	-10.2600
ヲハイシ	を廃止	156	1283	17	-10.9343
ヲテイシ	を停止	156	1283	17	-11.1493
ヲハタシタ	を果たした	156	435	17	-10.1876
ヲシンヨウ	を信用	156	1283	17	-11.3796
ヲキズツケル	を傷つける	156	619	17	-11.1477
ヲシマス	をします	156	491	17	-10.2974
ヲツクッテイル	を作っている	156	919	17	-10.8855
ヲアキラカニ	を明らかに	156	151	17	-10.8899
ヲセ	をせ	156	604	17	-10.8599
ヲウマク	をうまく	156	35	17	-10.9202
ヲアラワシテイル	を表している	156	919	17	-11.4320
ヲカナエ	を叶え	156	625	17	-11.1920
ヲギセイニ	を犠牲に	156	151	17	-10.9881
ヲシュチョウ	を主張	156	1283	17	-10.4600
ヲニナウ	を担う	156	817	17	-10.8076
ヲセイゾウ	を製造	156	1283	17	-11.2194
ヲオモチ	をお持ち	156	743	17	-11.1195
ヲサゲル	を下げる	156	619	17	-10.8626
ヲイッショ	を一緒	156	1283	17	-10.5214
ヲケイセイ	を形成	156	1283	17	-10.2701
ヲカイセツ	を解説	156	1283	17	-10.9733
ヲオシエテクレル	を教えてくれる	156	933	17	-11.4069
ヲトメ	を止め	156	622	17	-11.2936
ヲサポート	をサポート	156	1283	17	-10.7833
ヲオスゴシ	をお過ごし	156	1285	17	-10.3094
ヲメ	を目	156	1285	17	-10.4568
ヲブンセキシ	を分析し	156	610	17	-11.2917
ヲモッテイル	を持っている	156	919	17	-9.5874
ヲゴ	をご	156	560	17	-9.4324
ヲイカシ	を生かし	156	735	17	-10.7503
ヲキョウユウ	を共有	156	1283	17	-10.2269
ヲミツケル	を見つける	156	619	17	-10.2727
ヲムネ	を胸	156	1285	17	-11.3822
ヲアタエテイル	を与えている	156	919	17	-11.2661
ヲエテ	を得て	156	1285	17	-10.9949
ヲタイショウト	を対象と	156	150	17	-11.1010
ヲシナク	をしなく	156	481	17	-11.0899
ヲシサ	を示唆	156	1283	17	-11.2721
ヲ	を゙	1288		501	-20.0000
ヲケントウシテ	を検討して	156	307	17	-11.3454
ヲアジワッ	を味わっ	156	829	17	-11.2580
ヲオエテ	を終えて	156	307	17	-10.7383
ヲケイセイシ	を形成し	156	610	17	-10.7577
ヲアゲル	をあげる	156	619	17	-10.6460
ヲモッ	を持っ	156	742	17	-8.2847
ヲカツヨウ	を活用	156	1283	17	-10.2176
ヲカッ	を買っ	156	829	17	-9.3803
ヲエランダ	を選んだ	156	436	17	-10.3259
ヲモチイテ	を用いて	156	307	17	-10.0265
ヲシ	をし	156	606	17	-9.4892
ヲミタラ	を見たら	156	433	17	-10.6556
ヲヌッ	を塗っ	156	786	17	-11.4069
ヲモツコトガ	を持つことが	156	148	17	-11.4198
ヲトラレ	を取られ	156	876	17	-11.2371
ヲセイトウカ	を正当化	156	1297	17	-11.4347
ヲゼンブ	を全部	156	1314	17	-10.5569
ヲツカッテ	を使って	156	307	17	-8.9105
ヲヨンダ	を読んだ	156	436	17	-10.3680
ヲカイテイル	を書いている	156	919	17	-10.4959
ヲブタイニ	を舞台に	156	151	17	-11.0182
ヲノゾンデ	を望んで	156	308	17	-11.1373
ヲイミスル	を意味する	156	599	17	-10.0569
ヲツカウ	を使う	156	817	17	-9.2616
ヲジユウ	を自由	156	1287	17	-11.1208
ヲステテ	を捨てて	156	307	17	-11.0645
ヲオトズレタ	を訪れた	156	435	17	-11.1149
ヲヌク	を抜く	156	679	17	-11.2762
ヲサイダイゲン	を最大限	156	1285	17	-11.2382
ヲササエテ	を支えて	156	307	17	-10.9429
ヲトッ	を撮っ	156	786	17	-10.5632
ヲチュウシン	を中心	156	1285	17	-9.0927
ヲタノシミ	を楽しみ	156	767	17	-10.4109
ヲツウカ	を通過	156	1283	17	-10.6856
ヲシテシマッ	をしてしまっ	156	1269	17	-11.1004
ヲケンセツシ	を建設し	156	610	17	-11.3213
ヲイジ	を維持	156	1283	17	-10.1031
ヲフヤス	を増やす	156	731	17	-10.1265
ヲミタ	を観た	156	435	17	-11.2453
ヲヨム	を読む	156	762	17	-9.6816
ヲヨン	を読ん	156	766	17	-8.9953
ヲオウエンシテ	を応援して	156	307	17	-10.8082
ヲツカワナイ	を使わない	156	473	17	-11.0556
ヲソウビシ	を装備し	156	610	17	-11.0654
ヲオイ	を置い	156	687	17	-9.8832
ヲカキマシタ	を書きました	156	435	17	-11.1619
ヲアケタ	を開けた	156	435	17	-11.4144
ヲウエ	を上	156	1285	17	-11.1937
ヲジュショウシ	を受賞し	156	610	17	-10.3175
ヲモサク	を模索	156	1283	17	-11.0036
ヲイツモ	をいつも	156	1281	17	-11.2639
ヲシナクテ	をしなくて	156	307	17	-11.3999
ヲタノ	を他の	156	368	17	-11.2959
ヲキズイテ	を築いて	156	307	17	-11.4284
ヲササエ	を支え	156	625	17	-10.4748
ヲミナイ	を見ない	156	473	17	-11.1766
ヲトオス	を通す	156	731	17	-11.0720
ヲイイ	を言い	156	833	17	-10.4776
ヲツトメタ	を務めた	156	435	17	-9.9732
ヲカクダイシ	を拡大し	156	610	17	-11.2374
ヲナノッ	を名乗っ	156	786	17	-11.2300
ヲオマチシ	をお待ちし	156	610	17	-11.3228
ヲタスウ	を多数	156	1314	17	-11.3677
ヲイタダキ	を頂き	156	689	17	-10.6858
ヲトリモドス	を取り戻す	156	731	17	-11.0363
ヲナリガミ	をなり神	1285		501	-19.2344
ヲヌイテ	を抜いて	156	307	17	-11.0036
ヲイレ	を入れ	156	622	17	-11.1561
ヲミツケルコト	を見つけること	156	1310	17	-11.3942
ヲモタナイ	を持たない	156	473	17	-10.5878
ヲモチイ	を用い	156	625	17	-9.5464
ヲキッシ	を喫し	156	735	17	-11.2219
ヲサキ	を先	156	1285	17	-10.9749
ヲケイケンシタ	を経験した	156	435	17	-11.2963
ヲキロクスル	を記録する	156	599	17	-11.3860
ヲオイカケ	を追いかけ	156	625	17	-11.1934
ヲウマク	を上手く	156	35	17	-11.2799
ヲリカイ	を理解	156	1283	17	-9.5048
ヲメグッテ	をめぐって	243		43	-6.2808
ヲシジスル	を支持する	156	599	17	-11.3312
ヲハッスル	を発する	156	583	17	-11.3732
ヲソダテル	を育てる	156	619	17	-10.8009
ヲヒツヨウト	を必要と	156	164	17	-11.3252
ヲヨウイ	を用意	156	1283	17	-10.0019
ヲコウニュウスル	を購入する	156	599	17	-11.1833
ヲキジュン	を基準	156	1285	17	-11.1830
ヲコエテ	を越えて	156	307	17	-10.8259
ヲデザイン	をデザイン	156	1283	17	-11.4256
ヲトク	を解く	156	679	17	-11.3393
ヲキタイシテ	を期待して	156	307	17	-10.9478
ヲキイタ	を聞いた	156	435	17	-10.1811
ヲヨムコト	を読むこと	156	1310	17	-11.1270
ヲシヨウシタ	を使用した	156	435	17	-10.6449
ヲカタメ	を固め	156	625	17	-11.3636
ヲハタシテ	を果たして	156	307	17	-11.0477
ヲクチニクワエ	を口にくわえ	156	625	17	-11.2728
ヲウシナッタ	を失った	156	435	17	-10.5038
ヲカナエル	を叶える	156	619	17	-11.0455
ヲカクホ	を確保	156	1283	17	-10.2390
ヲツクッタ	を作った	156	435	17	-10.0478
ヲツクルタメ	を作るため	156	1313	17	-11.2695
ヲハイケイニ	を背景に	156	151	17	-11.3059
ヲマネイ	を招い	156	687	17	-11.0971
ヲヒハンスル	を批判する	156	599	17	-11.2551
ヲイレル	を入れる	156	619	17	-9.8170
ヲネガウ	を願う	156	817	17	-11.0176
ヲスギ	を過ぎ	156	625	17	-10.8497
ヲハッ	を張っ	156	786	17	-10.7892
ヲマッテイル	を待っている	156	919	17	-11.4149
ヲシナイト	をしないと	156	309	17	-11.2515
ヲツクッテイ	を作ってい	156	930	17	-10.7299
ヲフル	を振る	156	772	17	-11.2526
ヲメザシテイル	を目指している	156	919	17	-11.2856
ヲトウサイシ	を搭載し	156	610	17	-10.5320
ヲアワセ	を合わせ	156	625	17	-10.1131
ヲタノシミニシ	を楽しみにし	156	610	17	-10.5700
ヲジュウシシ	を重視し	156	610	17	-10.7370
ヲコトテン	をこと点	1285		501	-18.9467
ヲミニ	を身に	156	151	17	-10.1013
ヲワスレル	を忘れる	156	619	17	-11.1545
ヲモトメテイル	を求めている	156	919	17	-10.9749
ヲハナシテ	を話して	156	307	17	-11.1385
ヲフカク	を深く	156	35	17	-11.2566
ヲツクルコト	を作ること	156	1310	17	-10.3960
ヲモクヒョウニ	を目標に	156	151	17	-11.0023
ヲアジワウ	を味わう	156	817	17	-11.2533
ヲトナエ	を唱え	156	625	17	-11.1551
ヲツクル	をつくる	156	772	17	-10.0292
ヲカイニ	を買いに	156	151	17	-11.0015
ヲサゲテ	を下げて	156	307	17	-11.2468
ヲダスコト	を出すこと	156	1310	17	-11.0152
ヲカンジル	を感じる	156	619	17	-9.2926
ヲケイサン	を計算	156	1283	17	-11.2533
ヲオサエ	を抑え	156	625	17	-10.7250
ヲタイケン	を体験	156	1283	17	-10.8016
ヲダシテ	を出して	156	1285	17	-11.0554
ヲメニシ	を目にし	156	610	17	-11.3787
ヲソウテイシ	を想定し	156	610	17	-10.7296
ヲヨギナクサレ	を余儀なくされ	156	876	17	-11.0855
ヲカクニンシヨ	を確認しよ	156	603	17	-11.1423
ヲモッ	をもっ	156	742	17	-9.4538
ヲヨセ	を寄せ	156	625	17	-10.9616
ヲサツエイシ	を撮影し	156	610	17	-11.3661
ヲヨク	をよく	156	1281	17	-9.7864
ヲリリース	をリリース	156	1283	17	-10.7239
ヲレキニンシ	を歴任し	156	610	17	-11.4082
ヲウツシ	を移し	156	735	17	-11.4008
ヲリカイスル	を理解する	156	599	17	-10.7065
ヲ	ヺ	1288		501	-20.0000
ヲソナエテ	を備えて	156	307	17	-11.3809
ヲエル	を得る	156	619	17	-9.6603
ヲイッテル	を言ってる	156	919	17	-10.9777
ヲケラビ	をけら火	1285		501	-19.2344
ヲオコナッ	を行っ	156	831	17	-8.8773
ヲオコナウコトガ	を行うことが	156	148	17	-11.2229
ヲムシシ	を無視し	156	610	17	-10.6011
ヲキ	を気	156	1285	17	-10.6169
ヲマシ	を増し	156	735	17	-11.3499
ヲシメテ	を占めて	156	307	17	-10.9925
ヲバカ	を馬鹿	156	1287	17	-11.3524
ヲリカイシテ	を理解して	156	307	17	-10.3787
ヲトミ	をとみ	1291		501	-17.8847
ヲキク	を聞く	156	679	17	-9.8989
ヲカンガエタ	を考えた	156	435	17	-10.6930
ヲノベ	を述べ	156	625	17	-10.8624
ヲホユウ	を保有	156	1283	17	-11.2335
ヲナノル	を名乗る	156	772	17	-11.0846
ヲセンゲンシ	を宣言し	156	610	17	-11.2788
ヲハナレテ	を離れて	156	307	17	-11.2928
ヲフクンデ	を含んで	156	308	17	-11.3405
ヲタノシミマショ	を楽しみましょ	156	493	17	-11.4109
ヲハジメテ	を初めて	156	1281	17	-10.5885
ヲトドケル	を届ける	156	619	17	-11.4356
ヲリヨウシテ	を利用して	156	307	17	-10.0153
ヲシメス	を示す	156	731	17	-9.7969
ヲアユン	を歩ん	156	766	17	-11.3466
ヲヒキツイ	を引き継い	156	727	17	-11.2710
ヲウゴカシテ	を動かして	156	307	17	-11.1947
ヲオトシテ	を落として	156	307	17	-11.1004
ヲカイセツ	を開設	156	1283	17	-10.9451
ヲクシ	を駆使	156	1283	17	-10.8566
ヲコクフク	を克服	156	1283	17	-11.2788
ヲフセグタメ	を防ぐため	156	1313	17	-10.9910
ヲツイキュウシ	を追求し	156	610	17	-11.2773
ヲツトメル	を務める	156	619	17	-10.2866
ヲアワセル	を合わせる	156	619	17	-10.9624
ヲジッシスル	を実施する	156	599	17	-10.9695
ヲコウヒョウ	を公表	156	1283	17	-11.3071
ヲヤッテルヨ	をやってるよ	156	288	17	-10.9818
ヲケントウシ	を検討し	156	610	17	-10.9629
ヲオボエテイ	を覚えてい	156	930	17	-10.9816
ヲクワエル	を加える	156	619	17	-10.7137
ヲソウゾウシテ	を想像して	156	307	17	-10.9571
ヲトオッ	を通っ	156	786	17	-10.9503
ヲカケル	をかける	156	619	17	-9.9031
ヲセイサク	を製作	156	1283	17	-11.3694
ヲメグッ	を巡っ	156	786	17	-11.1107
ヲモシ	を模し	156	610	17	-11.3482
ヲモタラシタ	をもたらした	156	435	17	-11.3161
ヲテンカイシ	を展開し	156	610	17	-10.6540
ヲヨンデイル	を読んでいる	156	919	17	-10.9941
ヲタノシンデ	を楽しんで	156	308	17	-10.3580
ヲノコシテ	を残して	156	307	17	-10.3327
ヲツタエ	を伝え	156	622	17	-11.2852
ヲケイセイスル	を形成する	156	599	17	-11.0168
ヲトリイレ	を取り入れ	156	625	17	-10.7011
ヲワスレズ	を忘れず	156	487	17	-11.3284
ヲカンガエルノ	を考えるの	156	1310	17	-11.2781
ヲミテ	を見て	156	307	17	-8.2099
ヲカタテ	を片手	156	1285	17	-11.4131
ヲコウニュウ	を購入	156	1283	17	-9.8805
ヲツカッテイ	を使ってい	156	930	17	-10.8655
ヲヒロゲテ	を広げて	156	307	17	-10.8018
ヲコウテイ	を肯定	156	1283	17	-11.0932
ヲフリカエッ	を振り返っ	156	786	17	-10.7999
ヲフォロー	をフォロー	156	1283	17	-9.9653
ヲミ	を身	156	1285	17	-10.0462
ヲタテ	を建て	156	625	17	-11.2515
ヲテニ	を手に	156	151	17	-9.5903
ヲオウ	を負う	156	817	17	-11.2894
ヲイタダク	をいただく	156	679	17	-11.2902
ヲシュトクシ	を取得し	156	610	17	-10.6549
ヲオコナッテイル	を行っている	156	919	17	-10.0453
ヲツクロウト	を作ろうと	156	164	17	-11.2684
ヲツクリダス	を作り出す	156	731	17	-11.4122
ヲシンパイシ	を心配し	156	610	17	-11.4153
ヲイキ	を生き	156	625	17	-10.7072
ヲキニ	を気に	156	151	17	-10.6487
ヲドウニュウ	を導入	156	1283	17	-10.2513
ヲハズシ	を外し	156	735	17	-10.6695
ヲオオク	を多く	156	1314	17	-11.2661
ヲカッタ	を買った	156	435	17	-10.4442
ヲノリコエテ	を乗り越えて	156	307	17	-11.2982
ヲノ	をの	1291		285	-16.3806
ヲショユウ	を所有	156	1283	17	-11.2687
ヲハナッ	を放っ	156	742	17	-11.0574
ヲケンサク	を検索	156	1283	17	-10.9682
ヲイッタ	を言った	156	435	17	-11.1900
ヲモウケテ	を設けて	156	307	17	-11.0932
ヲショウカイシマス	を紹介します	156	491	17	-10.7838
ヲヒハンシ	を批判し	156	610	17	-10.9053
ヲアゲテ	を挙げて	156	307	17	-10.7747
ヲアラッ	を洗っ	156	829	17	-11.2951
ヲトウコウシ	を投稿し	156	610	17	-10.4783
ヲキッカケニ	をきっかけに	156	151	17	-10.3380
ヲマッ	を待っ	156	742	17	-10.2195
ヲショウカイシ	を紹介し	156	610	17	-9.7707
ヲシメシ	を示し	156	735	17	-9.7591
ヲシテクレル	をしてくれる	156	933	17	-11.0047
ヲヒキイテ	を率いて	156	307	17	-11.0726
ヲタイセツニスル	を大切にする	156	599	17	-11.0128
ヲトジ	を閉じ	156	625	17	-10.6092
ヲイッサイ	を一切	156	1314	17	-11.2508
ヲツクッテクレ	を作ってくれ	156	940	17	-11.3032
ヲメザス	を目指す	156	731	17	-9.7316
ヲユルシテ	を許して	156	307	17	-11.3631
ヲソエ	を添え	156	625	17	-10.8090
ヲハッケンシタ	を発見した	156	435	17	-11.0651
ヲフリカエル	を振り返る	156	772	17	-10.9421
ヲモチイル	を用いる	156	619	17	-10.4033
ヲオエタ	を終えた	156	435	17	-10.7653
ヲマッテ	を待って	156	307	17	-10.4453
ヲカキマシ	を書きまし	156	501	17	-11.1570
ヲヤブッ	を破っ	156	786	17	-11.1031
ヲタテル	を立てる	156	619	17	-10.7651
ヲクワエ	を加え	156	625	17	-9.5049
ヲエガイ	を描い	156	687	17	-9.5025
ヲミ	を観	156	625	17	-9.9636
ヲツウカシ	を通過し	156	610	17	-11.2736
ヲカクニンシテ	を確認して	156	307	17	-10.7326
ヲカルク	を軽く	156	35	17	-11.0239
ヲジツゲン	を実現	156	1283	17	-10.0283
ヲヨンデイ	を読んでい	156	930	17	-11.1600
ヲキチント	をきちんと	156	1281	17	-11.0247
ヲウケトッテ	を受け取って	156	307	17	-11.4193
ヲオボエ	を覚え	156	625	17	-9.7213
ヲアゲ	をあげ	156	625	17	-10.0526
ヲモット	をもっと	156	1281	17	-10.2349
ヲイタダイタ	をいただいた	156	435	17	-11.0822
ヲモラウ	をもらう	156	817	17	-10.8836
ヲクミアワセタ	を組み合わせた	156	435	17	-11.3320
ヲタチアゲ	を立ち上げ	156	930	17	-10.9471
ヲスタート	をスタート	156	1283	17	-11.0505
ヲマモルタメ	を守るため	156	1313	17	-10.5554
ヲタオシ	を倒し	156	735	17	-10.9236
ヲクリック	をクリック	156	1285	17	-10.0950
ヲアイテ	を相手	156	1285	17	-10.6233
ヲトクイ	を得意	156	1287	17	-11.3986
ヲハイ	を吐い	156	687	17	-11.3796
ヲツクリタイ	を作りたい	156	444	17	-10.7159
ヲトメ	を止め	156	625	17	-10.2016
ヲセンタク	を選択	156	1283	17	-10.0710
ヲスコシデモ	を少しでも	156	341	17	-11.2275
ヲコウカイ	を公開	156	1283	17	-10.3462
ヲスル	をする	156	599	17	-7.9761
ヲセオッ	を背負っ	156	829	17	-11.1288
ヲカクコト	を書くこと	156	1310	17	-10.6865
ヲヨンダリ	を読んだり	156	308	17	-11.3826
ヲカッテ	を勝手	156	1287	17	-10.8561
ヲサキニ	を先に	156	151	17	-11.0225
ヲハジメト	をはじめと	156	150	17	-10.3922
ヲハッテ	を貼って	156	307	17	-11.2457
ヲモタ	を持た	156	740	17	-9.7521
ヲイッパイ	をいっぱい	156	1281	17	-11.2743
ヲミテミ	を見てみ	156	930	17	-11.0811
ヲオウ	を追う	156	817	17	-10.9365
ヲシッテ	を知って	156	307	17	-9.4155
ヲカイ	を書い	156	687	17	-8.9276
ヲカケテ	を掛けて	156	307	17	-11.4193
ヲハンバイシ	を販売し	156	610	17	-11.2432
ヲハッシン	を発信	156	1283	17	-10.3300
ヲシメ	を占め	156	625	17	-10.6147
ヲカク	を格	1285		501	-18.5412
ヲダイジニ	を大事に	156	151	17	-10.4378
ヲカシ	を貸し	156	735	17	-11.1442
ヲホゴ	を保護	156	1283	17	-11.2012
ヲトウコウ	を投稿	156	1283	17	-10.1139
ヲヒハン	を批判	156	1283	17	-10.3566
ヲトジテ	を閉じて	156	307	17	-11.2012
ヲモッテル	を持ってる	156	307	17	-10.7665
ヲキボウ	を希望	156	1283	17	-10.5635
ヲヨウキュウシ	を要求し	156	610	17	-11.2837
ヲフヤスコト	を増やすこと	156	1310	17	-11.3462
ヲウル	を売る	156	772	17	-10.9102
ヲコウゲキシ	を攻撃し	156	610	17	-11.2275
ヲスギテ	を過ぎて	156	307	17	-11.3864
ヲサクセイシ	を作成し	156	610	17	-10.5916
ヲウメル	を埋める	156	619	17	-11.2548
ヲオイテ	を置いて	156	307	17	-10.1262
ヲユウセンスル	を優先する	156	599	17	-11.4012
ヲキク	を聴く	156	679	17	-10.7989
ヲオカリ	をお借り	156	625	17	-11.3981
ヲヤイ	を焼い	156	687	17	-11.1730
ヲカタムケ	を傾け	156	625	17	-11.2867
ヲタントウシテ	を担当して	156	307	17	-10.7665
ヲケイユシ	を経由し	156	610	17	-10.7950
ヲクレタ	をくれた	156	435	17	-11.1538
ヲコナシ	をこなし	156	735	17	-11.1049
ヲゴランクダサイ	をご覧ください	156	797	17	-10.8212
ヲタクサン	をたくさん	156	1314	17	-10.1016
ヲフクメテ	を含めて	156	307	17	-10.6395
ヲユウセンシ	を優先し	156	610	17	-10.7155
ヲウバワ	を奪わ	156	823	17	-10.6788
ヲツカン	を掴ん	156	766	17	-11.1304
ヲネガイ	を願い	156	832	17	-11.4016
ヲホドコシ	を施し	156	735	17	-11.1652
ヲヨギナク	を余儀なく	156	35	17	-10.8987
ヲツクッテ	をつくって	156	307	17	-10.7076
ヲワカッ	をわかっ	156	786	17	-11.2240
ヲサガス	を探す	156	731	17	-10.1122
ヲノゾキ	を除き	156	689	17	-10.6017
ヲイマ	を今	156	1314	17	-10.5248
ヲスゴシテ	を過ごして	156	307	17	-10.4401
ヲヨンデ	を読んで	156	308	17	-9.2481
ヲダサ	を出さ	156	733	17	-10.4445
ヲダス	を出す	156	731	17	-9.4116
ヲオエル	を終える	156	619	17	-11.4256
ヲツケルコト	をつけること	156	1310	17	-11.4252
ヲシイ	を強い	156	622	17	-11.1567
ヲタビ	を旅	156	1283	17	-11.3405
ヲサガシテイ	を探してい	156	930	17	-10.9616
ヲノバシ	を伸ばし	156	735	17	-10.4343
ヲエラン	を選ん	156	758	17	-9.5888
ヲイッショニ	を一緒に	156	151	17	-10.5302
ヲカイヒ	を回避	156	1283	17	-10.9297
ヲエガイタ	を描いた	156	435	17	-10.3028
ヲスイショウ	を推奨	156	1283	17	-11.2482
ヲナクシ	をなくし	156	735	17	-11.1335
ヲフセグ	を防ぐ	156	723	17	-10.3558
ヲカタリ	を語り	156	788	17	-11.3636
ヲオタノシミクダサイ	をお楽しみください	156	1239	17	-11.1678
ヲカエ	を変え	156	622	17	-10.8989
ヲノゾイ	を除い	156	687	17	-10.3544
ヲユウスル	を有する	156	583	17	-10.0996
ヲノマ	を飲ま	156	764	17	-11.3126
ヲ	ヲ゚	1288		501	-20.0000
ヲオネガイイタシ	をお願い致し	156	1055	17	-10.9301
ヲエラレル	を得られる	156	870	17	-11.1046
ヲシルコト	を知ること	156	1310	17	-10.6012
ヲシヨウト	をしようと	156	164	17	-10.8371
ヲシラ	を知ら	156	780	17	-9.6171
ヲハッケン	を発見	156	1283	17	-10.0462
ヲオシテ	を押して	156	307	17	-10.5280
ヲエガクコト	を描くこと	156	1310	17	-11.3507
ヲタントウシタ	を担当した	156	435	17	-10.8204
ヲミテ	を観て	156	307	17	-10.4949
ヲヨンダ	を呼んだ	156	436	17	-11.4078
ヲカタッ	を語っ	156	786	17	-10.7264
ヲハケン	を派遣	156	1283	17	-11.1957
ヲカクトクシテ	を獲得して	156	307	17	-11.2951
ヲツブシ	を潰し	156	735	17	-11.3130
ヲサゲ	を下げ	156	625	17	-10.7033
ヲチェックシテ	をチェックして	156	307	17	-10.7448
ヲイライ	を依頼	156	1283	17	-10.9677
ヲイノリ	を祈り	156	788	17	-11.3762
ヲモテル	を持てる	156	619	17	-11.4047
ヲトルコト	を取ること	156	1310	17	-11.1370
ヲテイネイ	を丁寧	156	1287	17	-11.3268
ヲハッシ	を発し	156	735	17	-10.9855
ヲシルシ	を記し	156	735	17	-11.2856
ヲカイゼン	を改善	156	1283	17	-10.9097
ヲワタシハ	を私は	156	261	17	-11.2654
ヲタカク	を高く	156	35	17	-11.1846
ヲ	を゚	1288		501	-20.0000
ヲシッタ	を知った	156	435	17	-10.1333
ヲエガキ	を描き	156	689	17	-10.3962
ヲフリ	を振り	156	788	17	-11.3145
ヲキタイ	を期待	156	1283	17	-10.3365
ヲヨブ	を呼ぶ	156	754	17	-10.8584
ヲヒテイ	を否定	156	1283	17	-9.9791
ヲヒラク	を開く	156	679	17	-10.5779
ヲエガイテ	を描いて	156	307	17	-10.0225
ヲオモイダス	を思い出す	156	731	17	-10.3359
ヲシヨ	をしよ	156	603	17	-10.0622
ヲエンソウ	を演奏	156	1283	17	-11.3385
ヲオコナイマス	を行います	156	491	17	-11.2676
ヲフヤシ	を増やし	156	735	17	-9.9842
ヲオトシ	を落とし	156	735	17	-10.3733
ヲオトドケシ	をお届けし	156	610	17	-11.2191
ヲオスゴシクダサイ	をお過ごしください	156	797	17	-10.7636
ヲトル	をとる	156	772	17	-9.9693
ヲシラベ	を調べ	156	625	17	-10.5265
ヲネガッ	を願っ	156	829	17	-10.6691
ヲショウカイシテ	を紹介して	156	307	17	-10.4422
ヲオモイダシマシタ	を思い出しました	156	435	17	-11.1509
ヲモッテ	をもって	156	307	17	-9.5589
ヲタモツ	を保つ	156	738	17	-10.8593
ヲハジメ	をはじめ	156	625	17	-11.0332
ヲケイサイシ	を掲載し	156	610	17	-11.0962
ヲエテイル	を得ている	156	919	17	-11.2332
ヲキネンシ	を記念し	156	610	17	-10.6942
ヲデテ	を出て	156	307	17	-10.5892
ヲヨウイスル	を用意する	156	599	17	-11.2544
ヲプレゼント	をプレゼント	156	1283	17	-10.7364
ヲエルコト	を得ること	156	1310	17	-10.5977
ヲカツヨウシテ	を活用して	156	307	17	-11.1214
ヲコウジョウ	を向上	156	1283	17	-11.1131
ヲイレ	をいれ	156	625	17	-11.0458
ヲジツゲンスル	を実現する	156	599	17	-10.7495
ヲハッピョウシタ	を発表した	156	435	17	-10.4650
ヲツクラ	を作ら	156	780	17	-10.8242
ヲリカイシ	を理解し	156	610	17	-10.0088
ヲカエ	を変え	156	625	17	-9.4833
ヲサクセイスル	を作成する	156	599	17	-11.2526
ヲハイケイ	を背景	156	1285	17	-11.1010
ヲシメシタ	を示した	156	435	17	-10.6904
ヲタノシミニ	を楽しみに	156	151	17	-10.2366
ヲタッセイシ	を達成し	156	610	17	-10.4665
ヲカリテ	を借りて	156	307	17	-11.2769
ヲモ	を模	156	1283	17	-11.3157
ヲイッテイル	を言っている	156	919	17	-10.8924
ヲクワエタ	を加えた	156	435	17	-10.8673
ヲイシキシテ	を意識して	156	307	17	-10.4206
ヲサクセイ	を作成	156	1283	17	-10.1438
ヲオネガイ	をお願い	156	1283	17	-9.6655
ヲハッキ	を発揮	156	1283	17	-10.1455
ヲハナレ	を離れ	156	625	17	-10.5489
ヲノコシ	を残し	156	735	17	-9.7551
ヲタイショウ	を対象	156	1285	17	-10.4169
ヲツイ	を継い	156	727	17	-10.8621
ヲタイセツニ	を大切に	156	329	17	-10.7111
ヲドウニカ	をどうにか	156	1281	17	-11.3686
ヲトドケ	を届け	156	625	17	-10.9451
ヲヤッテミ	をやってみ	156	930	17	-11.3775
ヲスゴセ	を過ごせ	156	625	17	-11.2286
ヲユウセン	を優先	156	1283	17	-10.1202
ヲセッテイ	を設定	156	1283	17	-10.4441
ヲキッ	を切っ	156	786	17	-10.2191
ヲエルコトガ	を得ることが	156	148	17	-11.0811
ヲミカケ	を見かけ	156	625	17	-10.8200
ヲキネンシテ	を記念して	156	307	17	-10.9777
ヲスッ	を吸っ	156	829	17	-11.2442
ヲゼンテイニ	を前提に	156	151	17	-11.1707
ヲヨウゴ	を擁護	156	1283	17	-11.3401
ヲフリカエッテ	を振り返って	156	307	17	-10.9624
ヲカクトクシ	を獲得し	156	610	17	-9.9645
ヲマトメタ	をまとめた	156	435	17	-10.9001
ヲアキラカ	を明らか	156	1287	17	-10.8513
ヲオコナワ	を行わ	156	825	17	-11.0654
ヲドノヨウニ	をどのように	156	329	17	-11.3240
ヲミテモ	を見ても	156	262	17	-10.8553
ヲツク	をつく	156	679	17	-10.9486
ヲツクッテ	を作って	156	307	17	-9.0718
ヲハナシ	を話し	156	735	17	-10.5171
ヲカクノ	を書くの	156	1310	17	-10.9513
ヲスルノ	をするの	156	1310	17	-9.8842
ヲソレゾレ	をそれぞれ	156	1314	17	-10.9377
ヲタベタイ	を食べたい	156	444	17	-11.4029
ヲトメル	を止める	156	619	17	-10.6935
ヲアップシ	をアップし	156	610	17	-11.3565
ヲシュッパン	を出版	156	1283	17	-11.0438
ヲカンガエテミ	を考えてみ	156	930	17	-11.3524
ヲヤメ	を辞め	156	625	17	-10.4748
ヲカカゲテ	を掲げて	156	307	17	-11.2548
ヲハナツ	を放つ	156	738	17	-11.2769
ヲカイケツシ	を解決し	156	610	17	-11.3201
ヲウカベ	を浮かべ	156	625	17	-11.1947
ヲイジシ	を維持し	156	610	17	-10.8097
ヲオススメシ	をおすすめし	156	610	17	-11.2174
ヲバカ	をバカ	156	1285	17	-11.4366
ヲシナガラ	をしながら	156	314	17	-10.1495
ヲアタマ	を頭	156	1285	17	-11.2268
ヲイミ	を意味	156	1283	17	-9.7664
ヲミル	を観る	156	619	17	-10.9551
ヲシヨウシ	を使用し	156	610	17	-9.6123
ヲカイサイシ	を開催し	156	610	17	-10.4866
ヲテイアン	を提案	156	1283	17	-10.6448
ヲタモチ	を保ち	156	743	17	-11.3711
ヲトモニ	を共に	156	1281	17	-10.9316
ヲキテン	を起点	156	1285	17	-11.3933
ヲカク	を書く	156	679	17	-9.3212
ヲススメ	を進め	156	625	17	-9.9842
ヲスキナ	を好きな	156	454	17	-11.1128
ヲチョクセツ	を直接	156	1314	17	-10.9886
ヲミ	をみ	156	625	17	-9.8472
ヲジュショウシタ	を受賞した	156	435	17	-10.6582
ヲミツケテ	を見つけて	156	307	17	-10.1411
ヲタヨウ	を多用	156	1283	17	-11.4347
ヲオサメタ	を収めた	156	435	17	-11.1326
ヲクレ	をくれ	156	635	17	-10.6642
ヲノコス	を残す	156	731	17	-10.6141
ヲアルイテ	を歩いて	156	307	17	-10.7303
ヲオサエル	を抑える	156	619	17	-10.9652
ヲイレマス	を入れます	156	491	17	-11.2822
ヲウケタ	を受けた	156	435	17	-9.2078
ヲオウエンスル	を応援する	156	599	17	-10.8193
ヲイチバン	を一番	156	1314	17	-11.3232
ヲニンシキ	を認識	156	1283	17	-10.8126
ヲセイサク	を制作	156	1283	17	-10.8417
ヲマチ	を待ち	156	743	17	-11.3381
ヲヒライ	を開い	156	687	17	-10.1842
ヲツカイ	を使い	156	832	17	-9.9293
ヲタノシク	を楽しく	156	51	17	-11.3300
ヲジッセン	を実践	156	1283	17	-11.0034
ヲトリ	を取り	156	788	17	-10.0958
ヲモツヨウ	を持つよう	156	1312	17	-11.3248
ヲワタシ	を私	156	1306	17	-10.3885
ヲイエ	を言え	156	815	17	-11.2371
ヲアラワス	を表す	156	731	17	-10.1603
ヲオコナウコト	を行うこと	156	1310	17	-10.3164
ヲセイシ	を制し	156	735	17	-11.3417
ヲインヨウ	を引用	156	1283	17	-11.0923
ヲカクシ	を隠し	156	735	17	-10.7330
ヲカキタイ	を書きたい	156	444	17	-11.2883
ヲツクッテミ	を作ってみ	156	930	17	-11.2562
ヲクン	を組ん	156	766	17	-10.6910
ヲブツケ	をぶつけ	156	625	17	-11.2830
ヲヨムノ	を読むの	156	1310	17	-11.2913
ヲテッテイ	を徹底	156	1283	17	-11.2544
ヲミセ	を見せ	156	625	17	-9.5360
ヲイウ	をいう	156	818	17	-10.6644
ヲテイアンシ	を提案し	156	610	17	-10.9981
ヲマナン	を学ん	156	758	17	-10.3788
ヲイタダキマシタ	をいただきました	156	435	17	-10.8445
ヲコエ	を超え	156	625	17	-9.5733
ヲカイテミ	を書いてみ	156	930	17	-11.3524
ヲツトメテ	を務めて	156	307	17	-10.4715
ヲノバシテ	を伸ばして	156	307	17	-10.9754
ヲナニ	を何	156	1306	17	-10.8666
ヲカカエテイル	を抱えている	156	919	17	-11.0209
ヲツケテ	をつけて	156	307	17	-9.6250
ヲカリ	を借り	156	625	17	-10.7366
ヲシハイ	を支配	156	1283	17	-10.5943
ヲマモリ	を守り	156	788	17	-10.7901
ヲイキテ	を生きて	156	307	17	-11.0784
ヲアルイ	を歩い	156	687	17	-10.5754
ヲハイシン	を配信	156	1283	17	-11.2792
ヲスルヨウ	をするよう	156	1312	17	-10.7090
ヲスルトイウ	をするという	156	173	17	-11.2257
ヲシタラ	をしたら	156	433	17	-10.4622
ヲキロクシ	を記録し	156	610	17	-10.1374
ヲシヨウスル	を使用する	156	599	17	-10.3171
ヲタクサン	を沢山	156	1281	17	-11.0095
ヲウンエイ	を運営	156	1283	17	-10.5897
ヲクリックシ	をクリックし	156	610	17	-10.3185
ヲコウカイシ	を公開し	156	610	17	-10.7286
ヲヨクセイシテ	を抑制して	156	307	17	-10.9839
ヲヌイ	を抜い	156	687	17	-10.7192
ヲアツメテ	を集めて	156	307	17	-10.3790
ヲモト	を基	156	1285	17	-10.8878
ヲオコナッテ	を行なって	156	307	17	-11.2194
ヲコメテ	を込めて	156	307	17	-10.3136
ヲタタク	を叩く	156	679	17	-11.2135
ヲセッチシ	を設置し	156	610	17	-10.5672
ヲワスレテ	を忘れて	156	307	17	-10.2737
ヲシエン	を支援	156	1283	17	-10.5402
ヲケシ	を消し	156	735	17	-10.5607
ヲトウコウシテ	を投稿して	156	307	17	-11.2108
ヲトモナウ	を伴う	156	817	17	-10.8924
ヲミガク	を磨く	156	679	17	-11.3292
ヲトラ	を取ら	156	780	17	-10.4214
ヲクリカエシ	を繰り返し	156	735	17	-9.8356
ヲブンセキ	を分析	156	1283	17	-10.8996
ヲフォローシテ	をフォローして	156	307	17	-10.8434
ヲシアワセニ	を幸せに	156	151	17	-11.1697
ヲエンジタ	を演じた	156	435	17	-11.1363
ヲカイシシタ	を開始した	156	435	17	-10.2242
ヲガマン	を我慢	156	1283	17	-11.2407
ヲイタダキマシ	をいただきまし	156	501	17	-10.8026
ヲチェック	をチェック	156	1283	17	-10.1541
ヲニュウリョクシ	を入力し	156	610	17	-10.8313
ヲハコブ	を運ぶ	156	754	17	-11.2698
ヲセッシュ	を摂取	156	1283	17	-11.2108
ヲフクメ	を含め	156	625	17	-9.7864
ヲモタセル	を持たせる	156	870	17	-11.4334
ヲテイジ	を提示	156	1283	17	-10.7901
ヲオススメシ	をオススメし	156	610	17	-11.3619
ヲネガッテ	を願って	156	307	17	-10.8285
ヲヒテイシ	を否定し	156	610	17	-10.7364
ヲカンタンニ	を簡単に	156	329	17	-11.2300
ヲチャクヨウ	を着用	156	1283	17	-11.1688
ヲセンリョウ	を占領	156	1283	17	-11.2360
ヲケッテイ	を決定	156	1283	17	-10.4685
ヲマモッ	を守っ	156	786	17	-10.4414
ヲコメ	を込め	156	625	17	-10.1377
ヲナデ	を撫で	156	625	17	-11.2428
ヲオマチシテ	をお待ちして	156	307	17	-11.3365
ヲカンゼン	を完全	156	1287	17	-10.6711
ヲソナエタ	を備えた	156	435	17	-11.2346
ヲモッテイ	を持ってい	156	925	17	-11.2191
ヲテンカイスル	を展開する	156	599	17	-11.3365
ヲミニ	を見に	156	151	17	-10.4554
ヲモト	をもと	156	1285	17	-10.4080
ヲオシエテ	を教えて	156	307	17	-9.5708
ヲノセ	を乗せ	156	625	17	-10.5937
ヲカンジテ	を感じて	156	307	17	-9.6478
ヲリツイート	をリツイート	156	1283	17	-11.4370
ヲサ	をさ	156	605	17	-9.1675
ヲコエル	を超える	156	619	17	-9.8783
ヲミズカラ	を自ら	156	1314	17	-11.0399
ヲトウト	をとうと	1285		501	-19.0802
ヲセンゲン	を宣言	156	1283	17	-10.9250
ヲオトズレ	を訪れ	156	625	17	-10.5282
ヲオッ	を追っ	156	829	17	-11.4211
ヲクワエテ	をくわえて	156	307	17	-11.1886
ヲダイジ	を大事	156	1287	17	-10.2248
ヲミンナ	をみんな	156	1306	17	-10.9397
ヲスキ	を好き	156	1287	17	-9.7493
ヲトウニュウ	を投入	156	1283	17	-11.1058
ヲタンノウ	を堪能	156	1283	17	-11.1691
ヲシラナイ	を知らない	156	473	17	-10.1705
ヲタノン	を頼ん	156	766	17	-11.3005
ヲユタカ	を豊か	156	1287	17	-11.2706
ヲイメージ	をイメージ	156	1283	17	-10.4851
ヲキョウカシ	を強化し	156	610	17	-11.4016
ヲアビ	を浴び	156	625	17	-10.5593
ヲオオクリ	をお送り	156	1283	17	-10.6123
ヲアテル	を当てる	156	619	17	-11.3890
ヲカイシスル	を開始する	156	599	17	-11.1174
ヲタイセツニ	を大切に	156	151	17	-9.9583
ヲテイショウ	を提唱	156	1283	17	-11.4144
ヲヒロウ	を披露	156	1283	17	-10.6756
ヲオシ	を押し	156	735	17	-10.0815
ヲモクテキ	を目的	156	1285	17	-9.8893
ヲテイキョウ	を提供	156	1283	17	-9.5951
ヲケシテ	を消して	156	307	17	-11.2721
ヲムカエテ	を迎えて	156	307	17	-10.8695
ヲヨビ	を呼び	156	759	17	-11.2963
ヲヒキオコス	を引き起こす	156	731	17	-11.1998
ヲアケテ	を開けて	156	307	17	-10.6674
ヲウケトッ	を受け取っ	156	786	17	-10.9411
ヲツケ	を付け	156	625	17	-9.9681
ヲシテキ	をしてき	156	904	17	-10.5132
ヲキズイ	を築い	156	687	17	-10.8334
ヲジブン	を自分	156	1285	17	-9.6951
ヲジッコウ	を実行	156	1283	17	-10.7587
ヲワザワザ	をわざわざ	156	1282	17	-11.4003
ヲコエル	を越える	156	619	17	-11.1414
ヲバイシュウ	を買収	156	1283	17	-11.3960
ヲトウゴウ	を統合	156	1283	17	-11.3711
ヲイシキスル	を意識する	156	599	17	-11.1310
ヲキキ	を聴き	156	689	17	-10.8221
ヲミセ	を見せ	156	622	17	-10.9910
ヲタップシテ	をタップして	156	307	17	-10.5426
ヲウケイレ	を受け入れ	156	625	17	-10.5606
ヲソトニ	を外に	156	151	17	-10.8399
ヲコトバ	を言葉	156	1285	17	-11.1688
ヲコウリョ	を考慮	156	1283	17	-10.4086
ヲボク	を僕	156	1306	17	-11.2046
ヲテッテイテキニ	を徹底的に	156	329	17	-11.3619
ヲアゲタ	をあげた	156	435	17	-11.3938
ヲコノ	をこの	156	1315	17	-10.7120
ヲサケ	を避け	156	625	17	-10.6696
ヲカッテ	を買って	156	307	17	-9.7407
ヲノム	を飲む	156	762	17	-10.4142
ヲカコ	を書こ	156	681	17	-10.9954
ヲムケ	を向け	156	625	17	-10.4809
ヲココ	をここ	156	1306	17	-11.0371
ヲソダテテ	を育てて	156	307	17	-11.2905
ヲホジ	を保持	156	1283	17	-11.2339
ヲウン	を生ん	156	766	17	-11.2754
ヲツケ	を付け	156	622	17	-11.2978
ヲキロクシテ	を記録して	156	307	17	-11.3482
ヲゴ	を後	156	1305	17	-11.3352
ヲケイケン	を経験	156	1283	17	-10.1502
ヲウケマシタ	を受けました	156	435	17	-11.1545
ヲコウリョシテ	を考慮して	156	307	17	-11.2042
ヲツカウト	を使うと	156	309	17	-11.2647
ヲタイセツニシ	を大切にし	156	610	17	-10.3768
ヲクリカエシテ	を繰り返して	156	307	17	-10.4437
ヲシヨウシテ	を使用して	156	307	17	-10.0907
ヲモラッ	を貰っ	156	829	17	-10.9578
ヲイキル	を生きる	156	619	17	-10.9190
ヲヨテイシ	を予定し	156	610	17	-11.1379
ヲキカレ	を聞かれ	156	876	17	-11.3193
ヲミセタ	を見せた	156	435	17	-10.8517
ヲメグル	を巡る	156	772	17	-11.1016
ヲカクニンシヨウ	を確認しよう	156	506	17	-11.1430
ヲセイセイ	を生成	156	1283	17	-11.3142
ヲウリ	を売り	156	788	17	-11.4153
ヲキヨウ	を起用	156	1283	17	-11.3316
ヲワスレ	を忘れ	156	622	17	-10.4445
ヲカエル	を変える	156	619	17	-9.7275
ヲオカケシ	をおかけし	156	610	17	-11.3240
ヲイシキシ	を意識し	156	610	17	-9.9886
ヲカクホシ	を確保し	156	610	17	-10.9710
ヲヒラキ	を開き	156	689	17	-10.9865
ヲニナッテ	を担って	156	307	17	-11.1465
ヲマモルコト	を守ること	156	1310	17	-11.4343
ヲカクリツシ	を確立し	156	610	17	-11.2613
ヲチェックシ	をチェックし	156	610	17	-10.6165
ヲモチ	を持ち	156	743	17	-9.5910
ヲサケル	を避ける	156	619	17	-10.5687
ヲドウ	をどう	156	1282	17	-9.7387
ヲミニツケ	を身につけ	156	625	17	-11.0349
ヲタノシン	を楽しん	156	766	17	-10.0976
ヲスルタメ	をするため	156	1313	17	-10.8968
ヲマエニシ	を前にし	156	610	17	-11.4140
ヲオコナッテイ	を行ってい	156	930	17	-10.3418
ヲイッキニ	を一気に	156	1281	17	-11.3933
ヲカイ	をかい	156	687	17	-11.4302
ヲハクシ	を博し	156	735	17	-11.3248
ヲノガシ	を逃し	156	735	17	-11.0631
ヲシンパイ	を心配	156	1283	17	-11.0111
ヲタタイ	を叩い	156	687	17	-11.1658
ヲヤッテ	をやって	156	307	17	-9.3857
ヲカセグ	を稼ぐ	156	723	17	-10.8095
ヲウミダス	を生み出す	156	731	17	-10.5951
ヲマカサ	を任さ	156	733	17	-11.3745
ヲサレタ	をされた	156	435	17	-11.1055
ヲツナイ	を繋い	156	727	17	-11.0125
ヲオワラ	を終わら	156	780	17	-11.1665
ヲモツ	をもつ	156	738	17	-10.2616
ヲイウト	を言うと	156	309	17	-11.1720
ヲカクダイ	を拡大	156	1283	17	-10.7393
ヲモクテキトシ	を目的とし	156	610	17	-10.6904
ヲケイショウシ	を継承し	156	610	17	-11.2860
ヲヘンコウシ	を変更し	156	610	17	-10.9931
ヲイノッ	を祈っ	156	786	17	-11.1195
ヲシヨウ	をしよう	156	506	17	-10.0651
ヲキュウシュウ	を吸収	156	1283	17	-11.0201
ヲタモッ	を保っ	156	742	17	-10.9899
ヲトメヅカ	をとめ塚	1285		501	-19.2344
ヲイクツカ	をいくつか	156	359	17	-11.1629
ヲイレ	を入れ	156	625	17	-8.7279
ヲモトメ	を求め	156	625	17	-9.4986
ヲエンジテ	を演じて	156	307	17	-11.2606
ヲカワ	を買わ	156	823	17	-11.3581
ヲイメージシ	をイメージし	156	610	17	-10.7068
ヲエ	を得	156	625	17	-9.4277
ヲアテ	を当て	156	625	17	-10.7657
ヲコウニュウシタ	を購入した	156	435	17	-11.3544
ヲシテカラ	をしてから	156	147	17	-11.3839
ヲタスケル	を助ける	156	619	17	-10.9292
ヲミツケ	を見つけ	156	625	17	-9.4878
ヲカイシ	を介し	156	735	17	-10.9441
ヲスルカ	をするか	156	359	17	-11.0365
ヲカイハツ	を開発	156	1283	17	-10.4233
ヲシタノ	をしたの	156	1310	17	-10.8181
ヲネラッテ	を狙って	156	307	17	-10.8901
ヲタ		1288		54	-12.0856
ヲツン	を積ん	156	766	17	-11.0327
ヲキイテ	を聞いて	156	307	17	-9.4530
ヲキメテ	を決めて	156	307	17	-10.6368
ヲキョテン	を拠点	156	1285	17	-11.1031
ヲウンエイスル	を運営する	156	599	17	-11.3895
ヲヘンコウ	を変更	156	1283	17	-10.4862
ヲナガク	を長く	156	35	17	-11.3994
ヲカタル	を語る	156	772	17	-10.3901
ヲミル	をみる	156	619	17	-10.6195
ヲサツガイ	を殺害	156	1283	17	-11.3652
ヲインタイ	を引退	156	1283	17	-11.0296
ヲサイヨウシ	を採用し	156	610	17	-10.0537
ヲキル	を切る	156	772	17	-10.5866
ヲソトニハイシュツ	を外に排出	156	1283	17	-11.0291
ヲオコナウ	を行う	156	819	17	-8.9512
ヲコウチク	を構築	156	1283	17	-10.7389
ヲイレテ	を入れて	156	307	17	-9.2222
ヲアップ	をアップ	156	1283	17	-10.9790
ヲオヨボシ	を及ぼし	156	735	17	-11.4158
ヲトトノエル	を整える	156	619	17	-10.8504
ヲカカエテ	を抱えて	156	307	17	-10.2379
ヲオイタ	を置いた	156	435	17	-11.2177
ヲソナエ	を備え	156	625	17	-10.5993
ヲウム	を生む	156	762	17	-10.9198
ヲクミアワセテ	を組み合わせて	156	307	17	-11.4012
ヲカンセイサ	を完成さ	156	605	17	-11.2108
ヲハッ	を貼っ	156	786	17	-11.0209
ヲセンタクシ	を選択し	156	610	17	-10.6838
ヲアツメ	を集め	156	625	17	-9.7159
ヲタイセツ	を大切	156	1287	17	-9.6825
ヲタイリョウ	を大量	156	1287	17	-11.0472
ヲハジメ	を始め	156	1314	17	-10.8022
ヲアキラカニシ	を明らかにし	156	610	17	-11.2219
ヲハッコウ	を発行	156	1283	17	-10.9210
ヲドウゾ	をどうぞ	156	1281	17	-10.9772
ヲヤッテイル	をやっている	156	919	17	-10.6075
ヲハカイ	を破壊	156	1283	17	-10.6254
ヲウンエイシテ	を運営して	156	307	17	-11.2909
ヲミテキ	を見てき	156	904	17	-11.2792
ヲモトニ	を元に	156	151	17	-10.3584
ヲカエテ	を変えて	156	307	17	-10.0460
ヲツイカ	を追加	156	1283	17	-10.3514
ヲキイ	を聞い	156	687	17	-9.1026
ヲカカエタ	を抱えた	156	435	17	-11.4158
ヲハラッ	を払っ	156	829	17	-10.7324
ヲカンジマシタ	を感じました	156	435	17	-10.9941
ヲツカム	を掴む	156	762	17	-11.3216
ヲシュウトク	を習得	156	1283	17	-11.2777
ヲショウカイ	を紹介	156	1283	17	-9.3762
ヲケツイ	を決意	156	1283	17	-10.8306
ヲミテイ	を見てい	156	930	17	-10.1752
ヲニナッ	を担っ	156	829	17	-10.8747
ヲナクス	をなくす	156	731	17	-11.3968
ヲモッテ	をもって	248		494	-5.8676
ヲオムカエ	をお迎え	156	1285	17	-11.4220
ヲショジ	を所持	156	1283	17	-10.0950
ヲツイダ	を継いだ	156	436	17	-11.1580
ヲドウニュウシ	を導入し	156	610	17	-10.6205
ヲハイシシ	を廃止し	156	610	17	-11.3193
ヲトメゴ	をとめ子	1285		501	-19.2344
ヲトッテ	を撮って	156	307	17	-10.9102
ヲマトメ	をまとめ	156	625	17	-9.8137
ヲドコ	をどこ	156	1306	17	-10.9973
ヲシマシタ	をしました	156	435	17	-10.3027
ヲスクウ	を救う	156	817	17	-10.6341
ヲタ	を他	156	1285	17	-11.1532
ヲフリカエリ	を振り返り	156	788	17	-11.3903
ヲワケ	を分け	156	625	17	-11.3079
ヲノゾン	を望ん	156	766	17	-10.8586
ヲハカッ	を図っ	156	786	17	-10.8145
ヲジュウシシテ	を重視して	156	307	17	-11.4311
ヲシテイ	をしてい	156	930	17	-8.8650
ヲカンセイ	を完成	156	1283	17	-11.0893
ヲカンニ	を観に	156	151	17	-11.4270
ヲムケテ	を向けて	156	307	17	-10.9624
ヲイノル	を祈る	156	772	17	-11.0582
ヲツクレル	を作れる	156	619	17	-11.1298
ヲショウヒ	を消費	156	1283	17	-11.2187
ヲナゲ	を投げ	156	625	17	-11.0407
ヲオツタエシ	をお伝えし	156	610	17	-11.0831
ヲシテイク	をしていく	156	992	17	-11.0036
ヲカコウ	を書こう	156	506	17	-10.9957
ヲジク	を軸	156	1285	17	-11.1034
ヲアビル	を浴びる	156	619	17	-11.2339
ヲサダメ	を定め	156	625	17	-10.9561
ヲツケ	をつけ	156	625	17	-9.1884
ヲモッタ	を持った	156	435	17	-9.8458
ヲマッタク	を全く	156	1282	17	-11.0711
ヲスゴシタ	を過ごした	156	435	17	-11.3304
ヲイクツ	をいくつ	156	1306	17	-10.9498
ヲシテモ	をしても	156	262	17	-10.2388
ヲウケイレテ	を受け入れて	156	307	17	-11.0706
ヲショジシテ	を所持して	156	307	17	-10.1367
ヲヒク	を引く	156	679	17	-10.6123
ヲツギツギ	を次々	156	1282	17	-11.3779
ヲアラタ	を新た	156	1287	17	-11.3083
ヲナラベテ	を並べて	156	307	17	-11.2994
ヲコワシ	を壊し	156	735	17	-11.0537
ヲキキナガラ	を聴きながら	156	314	17	-11.4135
ヲトクテイ	を特定	156	1283	17	-11.3869
ヲナガメル	を眺める	156	619	17	-11.1773
ヲハカイシ	を破壊し	156	610	17	-11.2240
ヲタイショウトシ	を対象とし	156	610	17	-11.3284
ヲカケ	をかけ	156	622	17	-10.3382
ヲソエテ	を添えて	156	307	17	-11.0680
ヲトウロク	を登録	156	1283	17	-11.3063
ヲミニツケル	を身につける	156	619	17	-11.3071
ヲカノウニ	を可能に	156	151	17	-11.3741
ヲナガメ	を眺め	156	625	17	-10.2778
ヲウケトル	を受け取る	156	772	17	-11.1737
ヲタスケテ	を助けて	156	307	17	-11.3598
ヲトル	を取る	156	772	17	-9.6821
ヲサンショウノ	を参照の	156	368	17	-11.3707
ヲセツリツ	を設立	156	1283	17	-10.2942
ヲノセテ	を乗せて	156	307	17	-11.2042
ヲトラ	をとら	156	780	17	-11.3126
ヲキジ	を記事	156	1285	17	-11.4279
ヲソクシン	を促進	156	1283	17	-11.2497
ヲヒョウメイシタ	を表明した	156	435	17	-11.2913
ヲ		1288		395	-12.4423
ヲオネガイシマス	をお願いします	156	491	17	-10.5752
ヲイダキ	を抱き	156	689	17	-11.0761
ヲデタ	を出た	156	435	17	-11.1313
ヲワタス	を渡す	156	731	17	-11.3260
ヲオコス	を起こす	156	731	17	-10.3371
ヲイタダイ	をいただい	156	687	17	-10.4505
ヲソウフ	を送付	156	1283	17	-10.8313
ヲキョウユウシ	を共有し	156	610	17	-10.8238
ヲシェア	をシェア	156	1285	17	-11.3284
ヲキカ	を聞か	156	683	17	-10.4101
ヲゼンテイト	を前提と	156	150	17	-11.2948
ヲタッセイシタ	を達成した	156	435	17	-10.9419
ヲノコシタ	を残した	156	435	17	-10.8105
ヲハイケンシ	を拝見し	156	610	17	-11.2056
ヲタニン	を他人	156	1285	17	-11.4329
ヲカンジマス	を感じます	156	491	17	-10.6492
ヲミタ	をみた	156	435	17	-11.3925
ヲユルシ	を許し	156	735	17	-10.8705
ヲソウゾウスル	を想像する	156	599	17	-11.3968
ヲモトメテ	を求めて	156	307	17	-10.0376
ヲサイゴマデゴラン	を最後までご覧	156	1308	17	-10.5963
ヲケイケンシ	を経験し	156	610	17	-10.4639
ヲハズシテ	を外して	156	307	17	-11.1920
ヲコウカン	を交換	156	1283	17	-10.8922
ヲシタ	を下	156	1285	17	-11.2799
ヲシリタイ	を知りたい	156	444	17	-10.8380
ヲオク	を置く	156	679	17	-10.1293
ヲインヨウシ	を引用し	156	610	17	-11.4220
ヲミテイル	を見ている	156	919	17	-10.0086
ヲタシ	を足し	156	735	17	-11.1168
ヲサイゴニ	を最後に	156	151	17	-10.7252
ヲコウシン	を更新	156	1283	17	-10.5150
ヲソロエ	を揃え	156	625	17	-11.2208
ヲウンエイシ	を運営し	156	610	17	-11.1452
ヲノミ	を飲み	156	767	17	-10.5700
ヲツイテ	をついて	156	307	17	-10.9321
ヲウタウ	を歌う	156	817	17	-11.2094
ヲウツ	を打つ	156	738	17	-10.8820
ヲチュウシンニ	を中心に	156	151	17	-9.4219
ヲイウ	を言う	156	818	17	-9.6478
ヲミツケ	を見つけ	156	622	17	-11.3213
ヲソウビ	を装備	156	1283	17	-10.7431
ヲソソイ	を注い	156	727	17	-11.3040
ヲサイヨウスル	を採用する	156	599	17	-11.2533
ヲベースニ	をベースに	156	151	17	-10.6858
ヲタベ	を食べ	156	622	17	-10.6696
ヲアゲ	を上げ	156	625	17	-9.6686
ヲツケテ	を付けて	156	307	17	-10.4877
ヲタノシマ	を楽しま	156	764	17	-11.3470
ヲイタダキ	をいただき	156	689	17	-10.3179
ヲサガシテ	を探して	156	307	17	-9.7983
ヲモトメ	を求め	156	622	17	-10.6707
ヲハッケンシ	を発見し	156	610	17	-10.4360
ヲダレ	を誰	156	1306	17	-10.7032
ヲヨギナクサ	を余儀なくさ	156	605	17	-10.9027
ヲオモイダシ	を思い出し	156	735	17	-9.5550
ヲユックリ	をゆっくり	156	1282	17	-11.4338
ヲコウジョウサ	を向上さ	156	605	17	-11.2610
ヲヘラシ	を減らし	156	735	17	-10.7468
ヲオモイダシタ	を思い出した	156	435	17	-10.5745
ヲハジメト	を始めと	156	150	17	-11.2428
ヲホウソウ	を放送	156	1283	17	-10.8763
ヲエテ	を得て	156	307	17	-10.1598
ヲヤリ	をやり	156	788	17	-10.2248
ヲイミシ	を意味し	156	610	17	-10.7913
ヲシル	を知る	156	772	17	-9.5904
ヲオウエンシ	を応援し	156	610	17	-10.3563
ヲニュウリョクスル	を入力する	156	599	17	-11.3161
ヲアゲテ	をあげて	156	307	17	-10.6358
ヲシュウリョウ	を終了	156	1283	17	-10.7447
ヲノセテ	を載せて	156	307	17	-11.2562
ヲワカ	wowaka	1289		122	-15.6060
ヲウタッ	を歌っ	156	829	17	-10.8497
ヲミタス	を満たす	156	731	17	-10.6213
ヲヒカエ	を控え	156	625	17	-11.2647
ヲキョウユウスル	を共有する	156	599	17	-11.2710
ヲオオク	を多く	156	35	17	-10.7675
ヲサンコウニ	を参考に	156	151	17	-10.3708
ヲシュチョウシ	を主張し	156	610	17	-10.8775
ヲシルコトガ	を知ることが	156	148	17	-11.2617
ヲムリョウ	を無料	156	1285	17	-11.1477
ヲカイフク	を回復	156	1283	17	-11.2382
ヲテンカイ	を展開	156	1283	17	-10.2245
ヲマモッテ	を守って	156	307	17	-10.6587
ヲフクスウ	を複数	156	1285	17	-11.3990
ヲナラベ	を並べ	156	625	17	-10.8434
ヲマトメテ	をまとめて	156	307	17	-10.3578
ヲカッテキ	を買ってき	156	904	17	-11.3292
ヲマワス	を回す	156	731	17	-11.3938
ヲユビ	を指	156	1285	17	-11.3548
ヲカバー	をカバー	156	1283	17	-11.4229
ヲオコシテ	を起こして	156	307	17	-10.6205
ヲウッタエ	を訴え	156	625	17	-11.0125
ヲシナイ	をしない	156	473	17	-9.9850
ヲゴラン	をご覧	156	1308	17	-10.5162
ヲモクヒョウ	を目標	156	1285	17	-10.7397
ヲオモイダシテ	を思い出して	156	307	17	-10.4332
ヲマネク	を招く	156	679	17	-11.2580
ヲオボエテイル	を覚えている	156	919	17	-11.3409
ヲメグッテ	を巡って	156	307	17	-11.1961
ヲウケテ	を受けて	156	307	17	-9.3444
ヲタチ	を立ち	156	743	17	-10.4851
ヲヤッテル	をやってる	156	307	17	-10.4489
ヲアケル	を開ける	156	619	17	-10.8011
ヲニュウシュ	を入手	156	1283	17	-11.2867
ヲヘラス	を減らす	156	731	17	-10.6865
ヲシテ	をして	156	307	17	-7.5488
ヲノン	を飲ん	156	766	17	-10.1173
ヲケンキュウ	を研究	156	1283	17	-10.8642
ヲミツケタ	を見つけた	156	435	17	-10.5106
ヲセイリ	を整理	156	1283	17	-10.6009
ヲイタダキマシタ	を頂きました	156	435	17	-11.2811
ヲクワエ	をくわえ	156	625	17	-11.0902
ヲカイショウ	を解消	156	1283	17	-10.8738
ヲジカクシ	を自覚し	156	610	17	-11.3920
ヲキニ	を機に	156	151	17	-10.3409
ヲニギッテ	を握って	156	307	17	-11.2482
ヲシッテイル	を知っている	156	919	17	-10.3770
ヲケイゾクシ	を継続し	156	610	17	-11.1890
ヲツヅケテ	を続けて	156	307	17	-9.9402
ヲモトメラレ	を求められ	156	876	17	-11.4261
ヲサガシテイル	を探している	156	919	17	-11.3224
ヲトメテ	を止めて	156	307	17	-10.7901
ヲカンジ	を感じ	156	625	17	-8.8730
ヲコウチクシ	を構築し	156	610	17	-11.3478
ヲカツヨウシ	を活用し	156	610	17	-10.5156
ヲクワエテ	を加えて	156	307	17	-10.1619
ヲツトメテイ	を務めてい	156	930	17	-10.9461
ヲモッテ	を以て	249		193	-6.4581
ヲオコサ	を起こさ	156	733	17	-11.4043
ヲモクテキトシテ	を目的として	156	179	17	-11.1803
ヲツイカシ	を追加し	156	610	17	-10.8566
ヲキネン	を記念	156	1283	17	-10.6210
ヲヒョウメイ	を表明	156	1283	17	-10.4817
ヲジッシ	を実施	156	1283	17	-9.8626
ヲミトメ	を認め	156	625	17	-10.0874
ヲツクリマス	を作ります	156	491	17	-11.3028
ヲムカエル	を迎える	156	619	17	-10.2991
ヲノゾイテ	を除いて	156	307	17	-10.5731
ヲヤメテ	をやめて	156	307	17	-10.9102
ヲシテミ	をしてみ	156	930	17	-10.7349
ヲスルヒト	をする人	156	1285	17	-10.8336
ヲチャント	をちゃんと	156	1281	17	-10.4202
ヲカンガエルト	を考えると	156	309	17	-10.2943
ヲシリ	を知り	156	788	17	-9.8373
ヲステル	を捨てる	156	619	17	-11.0505
ヲハイチ	を配置	156	1283	17	-11.2346
ヲハッピョウシテ	を発表して	156	307	17	-11.2289
ヲシイ	を敷い	156	687	17	-11.4135
ヲキョウチョウ	を強調	156	1283	17	-10.9102
ヲコエテ	を超えて	156	307	17	-10.1629
ヲタゲイ	ヲタ芸	1288		501	-14.7215
ヲオクッテイ	を送ってい	156	930	17	-11.2875
ヲキロク	を記録	156	1283	17	-9.7982
ヲタカメル	を高める	156	619	17	-10.2954
ヲカイサイシテ	を開催して	156	307	17	-11.3908
ヲヒトツ	をひとつ	156	1314	17	-11.3796
ヲカイタ	を書いた	156	435	17	-10.2104
ヲサイゲン	を再現	156	1283	17	-11.0822
ヲシテイル	をしている	156	919	17	-8.7594
ヲムスン	を結ん	156	758	17	-10.5823
ヲテイケツ	を締結	156	1283	17	-11.3056
ヲアキラメ	を諦め	156	625	17	-10.9652
ヲアゲ	を挙げ	156	625	17	-9.9536
ヲケイユシテ	を経由して	156	307	17	-11.0152
ヲタノシム	を楽しむ	156	762	17	-10.0225
ヲカエシ	を返し	156	735	17	-10.9314
ヲツクロウ	を作ろう	156	506	17	-10.5908
ヲマモル	を守る	156	772	17	-9.6113
ヲタカメテ	を高めて	156	307	17	-11.1850
ヲハイケン	を拝見	156	1283	17	-10.8716
ヲヤメル	を辞める	156	619	17	-11.3766
ヲマノアタリニ	を目の当たりに	156	151	17	-11.3873
ヲムスビ	を結び	156	759	17	-11.2928
ヲウバワレ	を奪われ	156	876	17	-10.9644
ヲウゴカシ	を動かし	156	735	17	-10.6353
ヲホボ	をほぼ	156	1281	17	-11.3373
ヲアタエラレ	を与えられ	156	876	17	-10.8045
ヲツレ	を連れ	156	625	17	-10.4125
ヲヨテイシテ	を予定して	156	307	17	-11.1900
ヲリヨウシタ	を利用した	156	435	17	-10.6721
ヲムスブ	を結ぶ	156	754	17	-10.0503
ヲコウゲキ	を攻撃	156	1283	17	-10.6355
ヲハイ	を履い	156	687	17	-11.3720
ヲエンジ	を演じ	156	625	17	-10.4004
ヲミナオシ	を見直し	156	735	17	-11.2529
ヲテニイレ	を手に入れ	156	625	17	-10.5008
ヲタイショウニ	を対象に	156	151	17	-10.9899
ヲタントウシ	を担当し	156	610	17	-10.0937
ヲスルノガ	をするのが	156	148	17	-11.1395
ヲダイザイニ	を題材に	156	151	17	-11.3981
ヲモクゲキ	を目撃	156	1283	17	-11.4140
ヲサレル	をされる	156	870	17	-11.0141
ヲトワズ	を問わず	156	487	17	-11.0052
ヲミトメタ	を認めた	156	435	17	-11.3409
ヲカツヨウシタ	を活用した	156	435	17	-11.4029
ヲイッ	を言っ	156	830	17	-9.4167
ヲツイキュウ	を追求	156	1283	17	-10.7571
ヲタントウスル	を担当する	156	599	17	-10.8752
ヲトッパ	を突破	156	1283	17	-10.8759
ヲキワメ	を極め	156	625	17	-11.3360
ヲケッセイ	を結成	156	1283	17	-10.5254
ヲスマセ	を済ませ	156	625	17	-11.3036
ヲレンソウ	を連想	156	1283	17	-11.3470
ヲウナガス	を促す	156	731	17	-11.0602
ヲタッセイ	を達成	156	1283	17	-9.8838
ヲハツバイ	を発売	156	1283	17	-10.8430
ヲオシ	を推し	156	735	17	-11.0726
ヲトオッテ	を通って	156	307	17	-11.2177
ヲスイシン	を推進	156	1283	17	-10.9186
ヲシタイト	をしたいと	156	164	17	-11.1648
ヲツトメ	を務め	156	625	17	-9.4636
ヲムダ	を無駄	156	1287	17	-11.2077
ヲセッテイシ	を設定し	156	610	17	-10.9407
ヲキョヒ	を拒否	156	1283	17	-10.6881
ヲサラニ	をさらに	156	1282	17	-10.8644
ヲタベル	を食べる	156	619	17	-9.7959
ヲシラズ	を知らず	156	487	17	-11.3519
ヲワスレ	を忘れ	156	625	17	-9.9168
ヲユウセンシテ	を優先して	156	307	17	-11.1417
ヲヨク	を良く	156	35	17	-10.8045
ヲカクトク	を獲得	156	1283	17	-9.5300
ヲベンキョウシ	を勉強し	156	610	17	-11.2367
ヲヒテイシテ	を否定して	156	307	17	-11.4091
ヲシテオリ	をしており	156	1197	17	-10.9164
ヲカンジマシ	を感じまし	156	501	17	-10.9873
ヲスルト	をすると	156	309	17	-10.2200
ヲカザッ	を飾っ	156	786	17	-11.2925
ヲムカエタ	を迎えた	156	435	17	-10.4729
ヲオコナッ	を行なっ	156	831	17	-10.8462
ヲカイテ	を書いて	156	307	17	-9.2095
ヲシテル	をしてる	156	307	17	-10.0202
ヲフマエ	を踏まえ	156	625	17	-10.5061
ヲツクルコトガ	を作ることが	156	148	17	-11.3328
ヲガンバッテ	を頑張って	156	307	17	-11.3834
ヲサツエイ	を撮影	156	1283	17	-10.9407
ヲシッピツ	を執筆	156	1283	17	-11.1332
ヲショウカイスル	を紹介する	156	599	17	-10.6935
ヲホメ	を褒め	156	625	17	-10.9384
ヲキ	を着	156	625	17	-10.0246
ヲカイケツ	を解決	156	1283	17	-10.3168
ヲキイ	を聴い	156	687	17	-10.2681
ヲミルノ	を見るの	156	1310	17	-10.5519
ヲメザシ	を目指し	156	735	17	-9.4427
ヲモライ	をもらい	156	832	17	-11.0469
ヲムシシテ	を無視して	156	307	17	-10.9345
ヲベンキョウ	を勉強	156	1283	17	-10.7501
ヲサレ	をされ	156	876	17	-9.9211
ヲシンジル	を信じる	156	619	17	-10.7608
ヲツクロ	を作ろ	156	778	17	-10.5875
ヲキニスル	を気にする	156	583	17	-11.3482
ヲスクッ	を救っ	156	829	17	-11.2084
ヲオシエ	を教え	156	625	17	-9.4569
ヲスゴス	を過ごす	156	731	17	-10.9272
ヲセイコウ	を成功	156	1283	17	-11.2551
ヲバナ	をばな	1285		501	-19.2344
ヲタベ	を食べ	156	625	17	-9.0996
ヲナガレル	を流れる	156	619	17	-11.4176
ヲクレル	をくれる	156	628	17	-11.0374
ヲレキニン	を歴任	156	1283	17	-10.9644
ヲソノ	をその	156	1315	17	-10.7536
ヲウナガシ	を促し	156	735	17	-11.3766
ヲカイハツシ	を開発し	156	610	17	-10.8478
ヲジブンデ	を自分で	156	149	17	-10.6087
ヲケンキュウシ	を研究し	156	610	17	-11.3741
ヲウッ	を売っ	156	786	17	-11.0163
ヲン	をん	1289		66	-13.7176
ヲハツバイシ	を発売し	156	610	17	-11.4069
ヲコウニュウシテ	を購入して	156	307	17	-11.1323
ヲタノシメル	を楽しめる	156	619	17	-11.0441
ヲシンジテ	を信じて	156	307	17	-10.2994
ヲヒキ	を引き	156	689	17	-11.1853
ヲフマエテ	を踏まえて	156	307	17	-11.0890
ヲミタシ	を満たし	156	735	17	-10.8795
ヲリヨウシ	を利用し	156	610	17	-9.6007
ヲツケル	をつける	156	619	17	-9.8916
ヲツクリ	をつくり	156	788	17	-10.8212
ヲウチ	を打ち	156	743	17	-11.2721
ヲヨリ	をより	156	1281	17	-10.3844
ヲウケテイ	を受けてい	156	930	17	-10.8219
ヲナガス	を流す	156	731	17	-11.0263
ヲトトノエテ	を整えて	156	307	17	-11.1506
ヲツヅッ	を綴っ	156	786	17	-11.3869
ヲカンガエ	を考え	156	625	17	-8.8940
ヲユウシテ	を有して	156	307	17	-10.9309
ヲモツ	を持つ	156	738	17	-8.6536
ヲウケ	を受け	156	622	17	-10.6020
ヲカケテ	をかけて	156	307	17	-9.6424
ヲスベテ	をすべて	156	1314	17	-10.7927
ヲアールティー	をRT	156	1283	17	-10.9733
ヲヒロウシ	を披露し	156	610	17	-11.0784
ヲヨウイシテ	を用意して	156	307	17	-10.7721
ヲケイカク	を計画	156	1283	17	-11.1211
ヲカサネ	を重ね	156	625	17	-9.9834
ヲヨウスル	を要する	156	583	17	-11.0625
ヲダシ	を出し	156	735	17	-8.9405
ヲフクメタ	を含めた	156	435	17	-10.6388
ヲサユウ	を左右	156	1283	17	-11.3779
ヲオトス	を落とす	156	731	17	-10.9404
ヲウン	を産ん	156	766	17	-11.3524
ヲカカエル	を抱える	156	619	17	-11.0582
ヲリヨウ	を利用	156	1283	17	-9.2646
ヲオコナイマシ	を行いまし	156	501	17	-11.3623
ヲカンサツ	を観察	156	1283	17	-11.0674
ヲサナゴ	をさなご	1285		501	-19.4167
ヲケッセイシ	を結成し	156	610	17	-11.0404
ヲミテルト	を見てると	156	309	17	-11.3438
ヲシタコト	をしたこと	156	1310	17	-10.7349
ヲサイヨウシテ	を採用して	156	307	17	-10.6725
ヲリリースシ	をリリースし	156	610	17	-11.4127
ヲモタラシ	をもたらし	156	735	17	-10.7301
ヲカクシテ	を隠して	156	307	17	-11.2747
ヲスレバ	をすれば	156	318	17	-10.4114
ヲヤメテ	を辞めて	156	307	17	-11.2025
ヲゴショウカイシ	をご紹介し	156	610	17	-10.6017
ヲヤル	をやる	156	772	17	-9.8133
ヲオオクリイタシマス	をお送りいたします	156	491	17	-10.9421
ヲチュウシント	を中心と	156	150	17	-10.1074
ヲトル	を撮る	156	772	17	-10.8053
ヲジツゲンシ	を実現し	156	610	17	-10.9568
ヲタイリョウニ	を大量に	156	329	17	-11.3134
ヲホコル	を誇る	156	772	17	-11.0455
ヲヒタスラ	をひたすら	156	1281	17	-11.2807
ヲミルノガ	を見るのが	156	148	17	-11.2974
ヲツケ	をつけ	156	622	17	-10.7159
ヲカンガエ	を考え	156	622	17	-10.6279
ヲキンシ	を禁止	156	1283	17	-11.0551
ヲモチーフ	をモチーフ	156	1285	17	-11.1590
ヲカンガエテイ	を考えてい	156	930	17	-10.8417
ヲセツメイ	を説明	156	1283	17	-10.2718
ヲカクス	を隠す	156	731	17	-11.2435
ヲササエル	を支える	156	619	17	-10.6826
ヲノバス	を伸ばす	156	731	17	-10.9894
ヲミルコト	を見ること	156	1310	17	-10.4233
ヲオオキク	を大きく	156	51	17	-10.3137
ヲココロガケ	を心がけ	156	625	17	-11.3994
ヲクリア	をクリア	156	1283	17	-10.9078
ヲスベテ	を全て	156	1314	17	-10.3505
ヲイタダイタ	を頂いた	156	435	17	-11.2396
ヲトッ	を取っ	156	786	17	-9.6793
ヲカンジ	を感じ	156	622	17	-9.9161
ヲノリコエ	を乗り越え	156	625	17	-10.7412
ヲワルク	を悪く	156	35	17	-11.2792
ヲタテテ	を立てて	156	307	17	-10.8950
ヲヤッ	をやっ	156	786	17	-9.0803
ヲマゼ	を混ぜ	156	625	17	-10.6748
ヲオクリ	を送り	156	788	17	-10.6358
ヲカエルコト	を変えること	156	1310	17	-11.0182
ヲホウモンシ	を訪問し	156	610	17	-11.4334
ヲツナイデ	を繋いで	156	308	17	-11.2208
ヲウケル	を受ける	156	619	17	-9.4390
ヲイタダイテ	をいただいて	156	307	17	-11.0500
ヲウケテイル	を受けている	156	919	17	-10.4420
ヲキニシ	を気にし	156	610	17	-10.9723
ヲオカシ	を犯し	156	735	17	-11.0634
ヲショジシ	を所持し	156	610	17	-10.1205
ヲオナジ	を同じ	156	1315	17	-11.4279
ヲサイダイ	を最大	156	1285	17	-11.4122
ヲトウサイシタ	を搭載した	156	435	17	-11.0654
ヲフッテ	を振って	156	307	17	-10.9017
ヲウワマワル	を上回る	156	772	17	-11.0846
ヲイシキ	を意識	156	1283	17	-9.7040
ヲイワ	を言わ	156	824	17	-10.1201
ヲオモウ	を思う	156	817	17	-10.8128
ヲエンジル	を演じる	156	619	17	-11.0980
ヲカイサイ	を開催	156	1283	17	-10.0302
ヲモッテ	を持って	156	307	17	-8.4771
ヲワカッテ	をわかって	156	307	17	-11.3964
ヲヒトツ	を一つ	156	1285	17	-10.8864
ヲスグ	をすぐ	156	1282	17	-11.3454
ヲテニシ	を手にし	156	610	17	-11.1104
ヲオクッタ	を送った	156	435	17	-11.1079
ヲキッタ	を切った	156	435	17	-11.0474
ヲカクニン	を確認	156	1283	17	-9.4737
ヲハッテ	を張って	156	307	17	-11.0203
ヲツケル	を付ける	156	619	17	-10.7757
ヲムスンデ	を結んで	156	308	17	-11.0720
ヲケイショウ	を継承	156	1283	17	-10.9718
ヲキホン	を基本	156	1285	17	-11.2963
ヲシメル	を占める	156	619	17	-10.7183
ヲセイサクシ	を制作し	156	610	17	-11.3240
ヲズット	をずっと	156	1281	17	-10.5353
ヲドンドン	をどんどん	156	1282	17	-11.2153
ヲヨクセイシ	を抑制し	156	610	17	-10.9107
ヲサイゴ	を最後	156	1285	17	-9.9706
ヲドウジニ	を同時に	156	1281	17	-11.0539
ヲヒロッ	を拾っ	156	829	17	-11.3409
ヲオモイ	を思い	156	832	17	-11.2414
ヲサシテ	を指して	156	307	17	-10.9100
ヲヒョウゲンスル	を表現する	156	599	17	-10.8952
ヲミタコト	を見たこと	156	1310	17	-11.1214
ヲツヅケテイ	を続けてい	156	930	17	-11.1263
ヲキメ	を決め	156	625	17	-9.6958
ヲウバッ	を奪っ	156	829	17	-10.9798
ヲフカメル	を深める	156	619	17	-11.2997
ヲホウキ	を放棄	156	1283	17	-11.0274
ヲコウリョシ	を考慮し	156	610	17	-10.7148
ヲマゼテ	を混ぜて	156	307	17	-11.3028
ヲエラビ	を選び	156	759	17	-10.4879
ヲオオクリイタシ	をお送りいたし	156	1055	17	-10.9345
ヲツクリアゲ	を作り上げ	156	625	17	-11.3787
ヲタモッテ	を保って	156	307	17	-11.3213
ヲアタエルコト	を与えること	156	1310	17	-11.0574
ヲフォローシ	をフォローし	156	610	17	-10.6037
ヲミタシテ	を満たして	156	307	17	-11.3429
ヲフヤシテ	を増やして	156	307	17	-10.6139
ヲサカイ	を境	156	1285	17	-11.3482
ヲハッキシ	を発揮し	156	610	17	-10.8122
ヲイレタ	を入れた	156	435	17	-10.6348
ヲセッチ	を設置	156	1283	17	-10.1873
ヲエガク	を描く	156	679	17	-9.7350
ヲハラウ	を払う	156	817	17	-11.0625
ヲオツタエ	をお伝え	156	1283	17	-10.7987
ヲカイ	を買い	156	832	17	-10.1436
ヲシナケレバ	をしなければ	156	318	17	-11.0327
ヲハコンデ	を運んで	156	308	17	-11.0044
ヲカキ	を書き	156	689	17	-9.7736
ヲホウコク	を報告	156	1283	17	-11.1681
ヲデル	を出る	156	619	17	-10.9481
ヲケツイシ	を決意し	156	610	17	-11.2860
ヲツクッタリ	を作ったり	156	360	17	-11.2511
ヲセオッテ	を背負って	156	307	17	-11.4347
ヲバステ	をばすて	1293		501	-18.3940
ヲツクリ	を作り	156	788	17	-9.5871
ヲセッキョク	を積極	156	1287	17	-11.4306
ヲツクシ	を尽くし	156	735	17	-11.2012
ヲドノ	をどの	156	1315	17	-10.9682
ヲカンジナガラ	を感じながら	156	314	17	-11.4153
ヲキカク	を企画	156	1283	17	-11.3292
ヲミル	を見る	156	619	17	-8.7024
ヲマトメル	をまとめる	156	619	17	-11.2378
ヲツヅケル	を続ける	156	619	17	-10.2761
ヲス	をす	156	602	17	-11.4202
ヲモタセ	を持たせ	156	876	17	-11.1964
ヲイワレ	を言われ	156	876	17	-10.7153
ヲシアワセ	を幸せ	156	1287	17	-10.8473
ヲデキル	をできる	156	619	17	-11.3201
ヲヒツヨウト	を必要と	156	150	17	-10.9238
ヲタク		1288		170	-11.4310
ヲキタエル	を鍛える	156	619	17	-11.4153
ヲオコシタ	を起こした	156	435	17	-10.7594
ヲコウシ	を行使	156	1283	17	-11.4065
ヲミマシタ	を見ました	156	435	17	-11.2349
ヲトオシテ	を通して	250		356	-5.4443
ヲマツ	を待つ	156	738	17	-10.4981
ヲサイカイ	を再開	156	1283	17	-10.7602
ヲテイシュツシ	を提出し	156	610	17	-11.2215
ヲカンガエル	を考える	156	619	17	-9.2759
ヲサセ	をさせ	156	876	17	-9.9992
ヲヒト	を人	156	1285	17	-11.1561
ヲハラッテ	を払って	156	307	17	-10.9143
ヲマイニチ	を毎日	156	1314	17	-10.6453
ヲタベタ	を食べた	156	435	17	-10.5787
ヲソノママ	をそのまま	156	1281	17	-10.2943
ヲアラワシ	を表し	156	735	17	-10.5071
ヲスキニナッ	を好きになっ	156	786	17	-10.9662
ヲハッピョウ	を発表	156	1283	17	-9.5112
ヲメザシテ	を目指して	156	307	17	-9.9118
ヲシテクレ	をしてくれ	156	940	17	-10.6682
ヲウゴカス	を動かす	156	731	17	-10.5249
ヲウバウ	を奪う	156	817	17	-11.0616
ヲハズス	を外す	156	731	17	-11.3590
ヲシタ	をした	156	435	17	-8.7119
ヲケッテイシ	を決定し	156	610	17	-11.0343
ヲハジメトシ	をはじめとし	156	610	17	-11.4144
ヲニュウリョクシテ	を入力して	156	307	17	-11.0374
ヲヨテイ	を予定	156	1283	17	-11.0165
ヲイメージシテ	をイメージして	156	307	17	-11.2751
ヲマナンデ	を学んで	156	308	17	-11.0187
ヲシテシマウ	をしてしまう	156	1253	17	-11.1535
ヲミイダシ	を見出し	156	735	17	-11.2268
ヲオビ	を帯び	156	625	17	-11.2606
ヲヨマ	を読ま	156	764	17	-10.9889
ヲカンガエルコト	を考えること	156	1310	17	-11.2272
ヲアテテ	を当てて	156	307	17	-11.2925
ヲカサネテ	を重ねて	156	307	17	-10.4819
ヲクム	を組む	156	762	17	-11.1940
ヲオ	をお	156	560	17	-9.0231
ヲモトメタ	を求めた	156	435	17	-10.9214
ヲスルノハ	をするのは	156	261	17	-10.9304
ヲハジメル	を始める	156	619	17	-10.0449
ヲトッタ	を取った	156	435	17	-10.7019
ヲステ	を捨て	156	625	17	-10.4486
ヲスコシ	を少し	156	1282	17	-9.8729
ヲフカメ	を深め	156	625	17	-10.9270
ヲモトニ	をもとに	156	151	17	-10.4179
ヲサス	を指す	156	731	17	-9.8474
ヲセイサン	を生産	156	1283	17	-11.4334
ヲツヅケタ	を続けた	156	435	17	-11.0007
ヲエルタメ	を得るため	156	1313	17	-11.1100
ヲダスノ	を出すの	156	1310	17	-11.1642
ヲサイ	を再	156	560	17	-10.9250
ヲシヨウ	を使用	156	1283	17	-9.2299
ヲソウテイ	を想定	156	1283	17	-10.5932
ヲエタ	を得た	156	435	17	-10.1515
ヲミトメテ	を認めて	156	307	17	-10.7393
ヲアマリ	をあまり	156	1282	17	-11.1326
ヲアイスル	を愛する	156	583	17	-10.9813
ヲオススメ	をおすすめ	156	1283	17	-10.9444
ヲヤッテイ	をやってい	156	930	17	-10.6660
ヲジッカン	を実感	156	1283	17	-10.6283
ヲテーマニシ	をテーマにし	156	610	17	-11.1137
ヲオコナイ	を行い	156	834	17	-9.5597
ヲツケタ	を付けた	156	435	17	-11.1174
ヲツタエタ	を伝えた	156	435	17	-11.4069
ヲジッサイ	を実際	156	1282	17	-11.3177
ヲスレ	をすれ	156	597	17	-10.4106
ヲコロシ	を殺し	156	735	17	-10.5065
ヲカワシ	を交わし	156	735	17	-11.3393
ヲジユウニ	を自由に	156	329	17	-11.3205
ヲミルコトガ	を見ることが	156	148	17	-10.9444
ヲキメル	を決める	156	619	17	-10.0623
ヲハンバイ	を販売	156	1283	17	-10.7669
ヲスゴシ	を過ごし	156	735	17	-9.9692
ヲセッチスル	を設置する	156	599	17	-11.3903
ヲミルト	を見ると	156	309	17	-9.6350
ヲソウサ	を操作	156	1283	17	-11.2588
ヲダイジニシ	を大事にし	156	610	17	-10.7970
ヲカンジテイ	を感じてい	156	930	17	-10.8480
ヲマジエ	を交え	156	625	17	-11.2346
ヲチョウサ	を調査	156	1283	17	-11.3118
ヲミレバ	を見れば	156	318	17	-10.9316
ヲワスレナイ	を忘れない	156	473	17	-11.2676
ヲカンジテイル	を感じている	156	919	17	-10.9824
ヲヒイテ	を引いて	156	307	17	-10.9355
ヲゼンリョク	を全力	156	1285	17	-11.2650
ヲシタリ	をしたり	156	360	17	-10.1415
ヲトリマク	を取り巻く	156	679	17	-11.3442
ヲハッセイ	を発生	156	1283	17	-11.3142
ヲハジメトスル	をはじめとする	156	599	17	-10.6537
ヲガタマ	をがたま	1285		501	-19.2344
ヲシッ	を知っ	156	786	17	-9.0342
ヲウメ	を埋め	156	625	17	-11.0103
ヲノセ	をのせ	156	625	17	-10.8961
ヲツクッ	を作っ	156	786	17	-8.7497
ヲムスンダ	を結んだ	156	436	17	-11.2613
ヲカエタ	を変えた	156	435	17	-10.9548
ヲコウニュウシ	を購入し	156	610	17	-10.3425
ヲタオス	を倒す	156	731	17	-11.0814
ヲダイザイ	を題材	156	1285	17	-10.9626
ヲボシュウシテ	を募集して	156	307	17	-11.0106
ヲミテ	をみて	156	307	17	-10.1807
ヲキズク	を築く	156	679	17	-11.3142
ヲススメテ	を進めて	156	307	17	-10.3980
ヲエガイテイル	を描いている	156	919	17	-11.2758
ヲシゴトニ	を仕事に	156	151	17	-11.1590
ヲヤメ	をやめ	156	625	17	-10.2971
ヲカカ	を書か	156	683	17	-10.8555
ヲサケルタメ	を避けるため	156	1313	17	-11.1988
ヲドウニュウシタ	を導入した	156	435	17	-11.4302
ヲオシエル	を教える	156	619	17	-10.9923
ヲカネ	を兼ね	156	625	17	-11.0588
ヲサケテ	を避けて	156	307	17	-11.2672
ヲニュウリョク	を入力	156	1283	17	-10.3451
ヲモ	をも	156	262	17	-10.3933
ヲヒロゲ	を広げ	156	625	17	-10.3361
ヲオタノシミ	をお楽しみ	156	767	17	-11.0929
ヲモツノ	を持つの	156	1310	17	-11.4352
ヲケス	を消す	156	731	17	-11.2371
ヲリヨウスル	を利用する	156	599	17	-10.4082
ヲカノウ	を可能	156	1287	17	-10.9424
ヲツイ	をつい	156	687	17	-10.5664
ヲヒョウメイシ	を表明し	156	610	17	-10.8324
ヲハンダン	を判断	156	1283	17	-10.9664
ヲドノヨウ	をどのよう	156	1312	17	-11.1701
ヲニンシキシ	を認識し	156	610	17	-11.3040
ヲアワセタ	を合わせた	156	435	17	-11.3474
ヲオマチ	をお待ち	156	1283	17	-11.1991
ヲカシテ	を貸して	156	307	17	-11.3446
ヲウタガウ	を疑う	156	817	17	-11.4158
ヲチュウシントスル	を中心とする	156	599	17	-10.9426
ヲゴラン	をご覧	156	1285	17	-11.4034
ヲヒツヨウトシ	を必要とし	156	610	17	-11.3796
ヲツレテ	を連れて	156	307	17	-10.4886
ヲモチイタ	を用いた	156	435	17	-10.3452
ヲハンブン	を半分	156	1314	17	-11.4234
ヲボシュウ	を募集	156	1283	17	-10.4081
ヲツクル	を作る	156	772	17	-8.9283
ヲトウコウシマシ	を投稿しまし	156	501	17	-11.3847
ヲオコナッテ	を行って	156	307	17	-9.3757
ヲイタダキマシ	を頂きまし	156	501	17	-11.2254
ヲフン	を踏ん	156	766	17	-11.1988
ヲモト	を元	156	1285	17	-10.3123
ヲソウテイシテ	を想定して	156	307	17	-11.0588
ヲカイケツスル	を解決する	156	599	17	-10.8635
ヲキイテ	を聴いて	156	307	17	-10.5646
ヲセイトウ	を正当	156	1287	17	-11.3724
ヲヒイタ	を引いた	156	435	17	-11.4361
ヲオス	を押す	156	731	17	-10.6878
ヲセツメイシ	を説明し	156	610	17	-10.9102
ヲモラッタ	をもらった	156	435	17	-10.9636
ヲキズイタ	を築いた	156	435	17	-11.4029
ヲアツメタ	を集めた	156	435	17	-10.7661
ヲオボエテ	を覚えて	156	307	17	-10.1256
ヲキョウカ	を強化	156	1283	17	-10.7923
ヲツトメテイル	を務めている	156	919	17	-11.4185
ヲミトメル	を認める	156	619	17	-10.6470
ヲセイゲン	を制限	156	1283	17	-11.2537
ヲエナイ	を得ない	156	473	17	-10.4168
ヲヘラシテ	を減らして	156	307	17	-11.4087
ヲトッパシ	を突破し	156	610	17	-11.3232
ヲノゾク	を除く	156	679	17	-10.1945
ヲシゲキ	を刺激	156	1283	17	-11.1897
ヲハヤク	を早く	156	35	17	-11.3569
ヲアケ	を開け	156	625	17	-10.1149
ヲサレテ	をされて	156	307	17	-10.3820
ヲミタ	を見た	156	435	17	-9.2711
ヲハジメテ	を始めて	156	307	17	-10.2524
ヲダイヒョウ	を代表	156	1283	17	-10.3750
ヲアゲテ	を上げて	156	307	17	-10.1945
ヲアピール	をアピール	156	1283	17	-11.1856
ヲウシナウ	を失う	156	817	17	-10.6675
ヲケイサイ	を掲載	156	1283	17	-10.7176
ヲモクテキニ	を目的に	156	151	17	-10.9343
ヲクチニ	を口に	156	151	17	-10.4147
ヲヒョウジ	を表示	156	1283	17	-10.9669
ヲコウカンシ	を交換し	156	610	17	-11.3260
ヲジカク	を自覚	156	1283	17	-11.0239
ヲコナス	をこなす	156	731	17	-11.3994
ヲツタエテ	を伝えて	156	307	17	-10.6795
ヲウシナッテ	を失って	156	307	17	-10.6802
ヲメザシタ	を目指した	156	435	17	-11.0233
ヲサルヤマ	ヲサル山	1293		501	-16.6022
ヲシメシテイル	を示している	156	919	17	-11.0182
ヲヒキダス	を引き出す	156	731	17	-11.4127
ヲスルニ	をするに	156	151	17	-11.2739
ヲタメシテ	を試して	156	307	17	-11.2959
ヲエラバ	を選ば	156	756	17	-11.1658
ヲソツギョウ	を卒業	156	1283	17	-10.2836
ヲシエンスル	を支援する	156	599	17	-11.0971
ヲユウシ	を有し	156	735	17	-10.5821
ヲツクルノ	を作るの	156	1310	17	-10.7290
ヲモツコト	を持つこと	156	1310	17	-10.4399
ヲジッシシタ	を実施した	156	435	17	-11.3766
ヲヒキオコシ	を引き起こし	156	735	17	-11.2617
ヲアイシ	を愛し	156	735	17	-10.3000
ヲミテル	を見てる	156	307	17	-10.4012
ヲマチガエ	を間違え	156	625	17	-10.9891
ヲヨクセイ	を抑制	156	1283	17	-10.6833
ヲセイリシ	を整理し	156	610	17	-11.0288
ヲダイテ	を抱いて	156	307	17	-10.6415
ヲモトニ	を基に	156	151	17	-10.9154
ヲモラッテ	をもらって	156	307	17	-10.7767
ヲワタシ	を渡し	156	735	17	-10.8018
ヲカウ	を買う	156	817	17	-9.8519
ヲダセル	を出せる	156	619	17	-11.2762
ヲアゲタ	を挙げた	156	435	17	-10.7741
ヲスキニ	を好きに	156	151	17	-10.3429
ヲヨミ	を読み	156	767	17	-10.0209
ヲゼンリョクデ	を全力で	156	149	17	-11.3602
ヲオモイダシマシ	を思い出しまし	156	501	17	-11.1427
ヲアタエ	を与え	156	625	17	-9.3494
ヲハリ	を貼り	156	788	17	-11.3749
ヲムカエ	を迎え	156	625	17	-9.6779
ヲクシシ	を駆使し	156	610	17	-10.9751
ヲシタイ	をしたい	156	444	17	-10.0147
ヲキョウチョウシ	を強調し	156	610	17	-11.3528
ヲシュウロク	を収録	156	1283	17	-11.1140
ヲヒョウゲン	を表現	156	1283	17	-10.1860
ヲコエタ	を超えた	156	435	17	-10.5130
ヲホメテ	を褒めて	156	307	17	-11.3181
ヲリユウ	を理由	156	1285	17	-10.4203
ヲモウケ	を設け	156	625	17	-10.5301
ヲモラッ	をもらっ	156	829	17	-10.2047
ヲキョヒシ	を拒否し	156	610	17	-11.0825
ヲセッチシテ	を設置して	156	307	17	-11.2639
ヲダサナイ	を出さない	156	473	17	-11.2332
ヲトオシ	を通し	156	735	17	-10.6693
ヲミツメル	を見つめる	156	619	17	-11.3304
ヲジュウシ	を重視	156	1283	17	-10.2925
ヲトルコト	をとること	156	1310	17	-11.3690
ヲツタエ	を伝え	156	625	17	-9.8345
ヲツクッ	をつくっ	156	786	17	-10.4100
ヲトトノエ	を整え	156	625	17	-10.6079
ヲウシナイ	を失い	156	832	17	-10.8557
ヲシュチョウスル	を主張する	156	599	17	-11.3830
ヲシッカリト	をしっかりと	156	328	17	-11.1458
ヲイタメ	を炒め	156	625	17	-11.2599
ヲサセテ	をさせて	156	307	17	-10.1401
ヲダシテイル	を出している	156	919	17	-11.1208
ヲコウセイ	を構成	156	1283	17	-10.5321
ヲオクッ	を送っ	156	786	17	-9.7999
ヲサイカイシ	を再開し	156	610	17	-11.2184
ヲカエス	を返す	156	731	17	-11.4185
ヲケイエイ	を経営	156	1283	17	-11.1583
ヲサンコウニシ	を参考にし	156	610	17	-10.9064
ヲタノシミ	を楽しみ	156	1285	17	-10.2298
ヲカクトクスル	を獲得する	156	599	17	-10.9718
ヲカンジナイ	を感じない	156	473	17	-11.3627
ヲスルノカ	をするのか	156	359	17	-11.3557
ヲサガシ	を探し	156	735	17	-9.4540
ヲソンチョウ	を尊重	156	1283	17	-10.7510
ヲシキ	を指揮	156	1283	17	-11.4302
ヲタッセイスル	を達成する	156	599	17	-10.8954
ヲオキ	を置き	156	689	17	-10.9069
ヲハンエイシ	を反映し	156	610	17	-11.4135
ヲヒライタ	を開いた	156	435	17	-10.8885
ヲキズツケ	を傷つけ	156	625	17	-11.0625
ヲゼヒ	をぜひ	156	1281	17	-11.3779
ヲヒョウカ	を評価	156	1283	17	-10.7846
ヲメザシテイ	を目指してい	156	930	17	-11.1661
ヲアタエル	を与える	156	619	17	-9.7580
ヲヒイ	を引い	156	687	17	-10.5054
ヲツカッタ	を使った	156	435	17	-9.7187
ヲネラッ	を狙っ	156	829	17	-10.5132
ヲミタトキ	を見た時	156	1313	17	-11.3048
ヲフクン	を含ん	156	766	17	-10.8684
ヲアゲタ	を上げた	156	435	17	-11.0534
ヲオエ	を終え	156	625	17	-9.9810
ヲスルコトガ	をすることが	156	148	17	-10.6892
ヲタップシ	をタップし	156	610	17	-10.5172
ヲトッテ	をとって	156	307	17	-10.0688
ヲツヨク	を強く	156	35	17	-10.3366
ヲキボウシテ	を希望して	156	307	17	-11.3611
ヲトリ	をとり	156	788	17	-10.6499
ヲオボエル	を覚える	156	619	17	-10.7222
ヲオッ	を負っ	156	829	17	-11.1149
ヲヘテ	を経て	156	307	17	-9.3848
ヲムイテ	を向いて	156	307	17	-10.8020
ヲゴショウカイ	をご紹介	156	1283	17	-10.1982
ヲオスゴシクダサイ	をお過ごし下さい	156	1239	17	-11.4288
ヲタ		1285		54	-15.3736
ヲハシッ	を走っ	156	786	17	-11.2830
ヲオコナイマシタ	を行いました	156	435	17	-11.3652
ヲモサクシ	を模索し	156	610	17	-11.4229
ヲキテ	を着て	156	307	17	-10.4084
ヲサンショウ	を参照	156	1283	17	-9.7921
ヲバ	をば	1285		501	-18.9467
ヲモツヒト	を持つ人	156	1285	17	-11.3185
ヲシハイスル	を支配する	156	599	17	-11.3623
ヲハジメマシ	を始めまし	156	501	17	-11.1813
ヲヨウセイ	を要請	156	1283	17	-11.4388
ヲツカッテイル	を使っている	156	919	17	-10.8105
ヲイッテ	を言って	156	307	17	-9.7560
ヲウミダシテ	を生み出して	156	307	17	-11.4016
ヲカイセツシ	を開設し	156	610	17	-11.3005
ヲイカシ	を活かし	156	735	17	-10.5194
ヲエランデ	を選んで	156	308	17	-10.1032
ヲタメシ	を試し	156	735	17	-10.9138
ヲフクム	を含む	156	762	17	-9.3916
ヲハタシ	を果たし	156	735	17	-9.7514
ヲサセル	をさせる	156	870	17	-11.3540
ヲシンジ	を信じ	156	625	17	-9.9767
ヲアイテニ	を相手に	156	151	17	-10.7781
ヲコウカイシテ	を公開して	156	307	17	-11.3565
ヲ		161		395	-6.3450