ヴィーナス		1289		429	-11.9532
ヴェンツェル		1288		273	-13.8580
ヴェニス		1289		84	-13.8011
ヴァイ		1290		149	-11.0593
ヴュルテンベルクオウコク	ヴュルテンベルク王国	1288		34	-14.8731
ヴィトラ		1285		501	-15.3701
ヴォーカル		1288		196	-11.7191
ヴァンドーム		1288		34	-14.5495
ヴィニシウス		1289		501	-13.4925
ヴィピーエヌ	VPN	1288		431	-13.0392
ヴァイツェン		1285		391	-15.1907
ヴィルトゥオーゾ		1285		416	-15.1931
ヴァース		1285		458	-13.8841
ヴォルガガワ	ヴォルガ川	1288		432	-12.8839
ヴィアティンミエ	ヴィアティン三重	1288		484	-14.5277
ヴィム・ホフ		1289		501	-13.1875
ヴェネツィアハ	ヴェネツィア派	1288		90	-14.8595
ヴィクトル・スタルヒン		1289		310	-13.8951
ヴィテルボケン	ヴィテルボ県	1288		400	-14.6111
ヴァンダル		1285		359	-13.3254
ヴェロネーゼ		1285		90	-15.3224
ヴィリニュス		1285		463	-14.1976
ヴィルヌーヴ		1288		63	-13.6151
ヴァイスシュヴァルツ		1288		89	-14.8576
ヴァン	van	1285		151	-20.1407
ヴェストファーレンジョウヤク	ヴェストファーレン条約	1288		446	-13.8479
ヴァイオラ		1288		25	-14.5623
ヴァイオリニスト		1288		98	-12.1461
ヴィシー		1285		326	-14.2793
ヴォルフ		1289		329	-12.1486
ヴェラガワ	ヴェラ川	1288		432	-14.7503
ヴァロラント	VALORANT	1288		501	-13.3014
ヴィクトリア		1289		329	-10.3997
ヴァヴァヴァヴァヴァヴァヴァヴァ		1285		501	-15.3821
ヴィヴィアン・リー		1289		496	-13.5664
ヴァロラント	valorant	1288		501	-14.6535
ヴラジーミル		1289		34	-13.9868
ヴェネト		1285		373	-14.0260
ヴワディスワフ		1288		273	-13.2198
ヴィルヘルムスハーフェン		1288		230	-14.7276
ヴィンス		1292		25	-13.0543
ヴィー	vie	1288		260	-14.9599
ヴェネツィア		1288		446	-14.9578
ヴィクトル		1289		329	-12.5230
ヴァラ		1288		492	-15.0012
ヴィート		1289		492	-14.8634
ヴィクトリアマイル		1288		245	-14.3361
ヴェルダー・ブレーメン		1288		348	-14.4288
ヴィーガン		1288		257	-12.1339
ヴィパッサナー		1288		501	-14.5272
ヴィットーリオ・アメデーオ		1288		492	-14.6676
ヴィルヘルム		1288		329	-11.3000
ヴァルデック		1288		34	-14.3883
ヴィラ	Villa	1288		44	-14.4960
ヴァンサン・ダンディ		1289		0	-13.9097
ヴァルキリー		1289		89	-12.4723
ヴュルテンベルク		1293		34	-12.0648
ヴァリノール		1293		222	-13.0159
ヴァイエルシュトラス・ペー	℘	1288		501	-18.3846
ヴェネツィア		1285		446	-11.6438
ヴァニラ・ファッジ		1289		196	-13.8672
ヴィルヘルム・フルトヴェングラー		1288		98	-14.6999
ヴァージニア		1285		255	-14.4181
ヴォルィーニ		1288		446	-14.9396
ヴィッツ		1288		168	-13.7745
ヴェネチア		1285		130	-14.7155
ヴォル		1288		448	-13.9729
ヴァロワチョウ	ヴァロワ朝	1288		273	-14.2999
ヴェーザーガワ	ヴェーザー川	1288		432	-13.3165
ヴォイヴォディナ		1288		19	-13.7356
ヴォレアス		1285		501	-15.0703
ヴァイル		1289		204	-13.7224
ヴィエン		1289		501	-12.8417
ヴァル		1285		400	-13.7168
ヴィシュヌ		1288		429	-12.8425
ヴェルデ	verde	1288		114	-14.8193
ヴェネツィアケン	ヴェネツィア県	1288		483	-14.8218
ヴァグラム		1293		167	-15.9091
ヴェルチェッリケン	ヴェルチェッリ県	1288		335	-14.9821
ヴイアイ	vi	1288		77	-13.7117
ヴァイス		1289		25	-12.3774
ヴュ		1285		241	-17.8481
ヴァイナル	Vinyl	1288		376	-13.0117
ヴェロッキオ		1289		84	-13.3293
ヴァイオリン		1285		416	-11.2069
ヴフ		1289		501	-16.7429
ヴィルト		1288		210	-14.9396
ヴィットマン		1285		146	-15.1143
ヴェルサイユジョウヤク	ヴェルサイユ条約	1288		209	-12.7159
ヴェルディカワサキ	ヴェルディ川崎	1292		372	-12.0358
ヴィータウタス		1288		446	-14.8790
ヴィットリオ・ヴェネト		1288		230	-14.3121
ヴァチカン		1288		130	-14.1100
ヴァイオレット・エヴァーガーデン		1288		501	-14.2583
ヴェスヴィオ		1293		432	-13.3614
ヴィクター		1288		255	-13.4465
ヴァレンヌ		1285		483	-15.2522
ヴォ	ヺ	1288		501	-20.0000
ヴィオローネ		1288		132	-14.7914
ヴァイオリンソナタ		1288		416	-14.0106
ヴィッキー		1289		25	-13.0058
ヴォロネジ		1285		373	-14.9169
ヴィクラマーディティヤ		1288		338	-14.9953
ヴォレアスホッカイドウ	ヴォレアス北海道	1288		501	-14.8405
ヴィダル		1288		204	-14.7231
ヴェイ		1289		255	-13.8714
ヴィオレッタ		1288		11	-14.4670
ヴェイン		1289		368	-13.4540
ヴィクトル・ユーゴー		1289		204	-13.1987
ヴァリス		1285		222	-14.8599
ヴァルドルフ		1285		349	-15.1345
ヴァンダービルト		1285		314	-14.8115
ヴィスコンティ		1288		329	-13.9105
ヴェルサイユ		1293		463	-11.9197
ヴァンフォーレコウフ	ヴァンフォーレ甲府	1292		372	-11.9152
ヴァイオリンキョウソウキョク	ヴァイオリン協奏曲	1288		501	-12.5493
ヴィエスイー	VSE	1289		315	-12.8978
ヴィーログ	vlog	1288		501	-14.1901
ヴィブラート		1288		132	-14.6390
ヴォルタ		1288		382	-14.8888
ヴァルデマー		1288		273	-14.4867
ヴォルガ		1285		373	-14.1493
ヴィシーセイケン	ヴィシー政権	1288		298	-13.2710
ヴェルダンノタタカイ	ヴェルダンの戦い	1288		501	-14.9756
ヴィチェンツァ		1285		463	-14.9536
ヴァイパー		1289		190	-13.6912
ヴィト		1289		470	-14.5911
ヴィレ		1285		146	-13.8236
ヴェネツィア・ビエンナーレ		1288		313	-14.4592
ヴォクシー		1288		168	-14.9424
ヴェール		1285		149	-13.5551
ヴァルキューレ		1288		459	-14.7338
ヴァン・ダイン		1289		496	-13.5560
ヴィジュアル		1288		412	-13.3253
ヴァレリー		1289		329	-13.1219
ヴィーラント		1288		416	-14.8348
ヴェイユ		1288		65	-13.1437
ヴォイス	VOICE	1289		40	-12.6340
ヴィエラ		1288		26	-14.2499
ヴィクトリアコ	ヴィクトリア湖	1288		432	-13.7869
ヴィンテージ		1288		168	-12.6346
ヴォルテール		1290		204	-11.7744
ヴァージンショトウ	ヴァージン諸島	1288		272	-14.7231
ヴァレンタイン		1289		25	-13.5401
ヴァイマルケンポウ	ヴァイマル憲法	1288		13	-13.9835
ヴンダー		1289		501	-12.8712
ヴォイジャー		1288		190	-14.0690
ヴェスト		1288		349	-14.2461
ヴェロキラプトル		1288		499	-14.9258
ヴィクトリアス		1289		230	-13.6930
ヴァ		1285		277	-14.0202
ヴァンゲリス		1289		196	-13.5896
ヴァサイェガワタル	ヴァサイェガ渉	1289		122	-20.5760
ヴィオラ・ダ・ガンバ		1288		416	-14.2361
ヴァロ		1285		501	-15.2947
ヴァルガス		1289		38	-13.4111
ヴェローナ		1285		463	-13.6059
ヴィレッジ		1288		347	-13.5722
ヴォイス		1289		203	-12.9437
ヴェルサイユタイセイ	ヴェルサイユ体制	1288		126	-14.4418
ヴァーユ		1288		429	-14.9771
ヴァーグナー		1288		416	-13.9777
ヴァジュラバイラヴァ		1285		501	-15.3358
ヴィム・ヴェンダース		1289		496	-13.5864
ヴァイトリング		1288		146	-14.6950
ヴィーネ		1289		501	-13.7434
ヴィンランド		1288		166	-15.0026
ヴォネガット		1288		204	-14.2908
ヴィクトリー		1289		230	-12.4422
ヴィーナス	Venus	1289		367	-12.0521
ヴァルド		1289		160	-13.6824
ヴァイラス	virus	1289		5	-12.5639
ヴヴヴ		1288		501	-14.8994
ヴィンチェンツォ		1288		329	-14.4359
ヴァッシュ		1285		501	-14.8700
ヴッパータール		1288		463	-14.6364
ヴラド		1288		273	-13.7164
ヴォーカリスト		1288		196	-12.7708
ヴィレヴァン		1288		501	-14.7648
ヴィレッジヴァンガード		1288		22	-15.0034
ヴォールト		1288		284	-13.6674
ヴァロ		1289		501	-11.7409
ヴィッカーズ		1289		413	-13.7744
ヴォーン		1289		255	-12.7873
ヴィシー・フランス		1285		501	-15.2454
ヴァラール		1289		222	-12.2671
ヴァンス		1288		25	-14.0452
ヴェガ		1289		230	-13.4219
ヴェ	ヹ	1288		501	-20.0000
ヴォルプスヴェーデ		1293		167	-13.3701
ヴァザーリ		1288		204	-14.0575
ヴィアン		1289		204	-13.7559
ヴィッテン		1288		463	-14.7231
ヴァルター・グロピウス		1289		84	-13.8595
ヴィスビュー		1288		373	-14.8988
ヴィンランド・サガ		1288		501	-14.7724
ヴュルツブルク		1285		463	-13.5530
ヴァンク	VANK	1288		153	-14.6858
ヴォックス	VOX	1292		40	-13.0625
ヴェネツィアキョウワコク	ヴェネツィア共和国	1288		501	-12.8362
ヴネ		1289		501	-16.7429
ヴァル・ディ・ノン		1285		349	-15.3426
ヴェルナー・ハイゼンベルク		1289		210	-13.7164
ヴェニゼロス		1285		68	-14.2237
ヴァロワ		1293		492	-12.4788
ヴォーリズ		1288		229	-14.7231
ヴァーサ		1285		446	-14.3746
ヴィジュアルケイ	ヴィジュアル系	1288		412	-12.7364
ヴィッテルスバッハ		1285		34	-14.3496
ヴリトラ		1289		429	-13.8693
ヴェルナー		1289		329	-13.4214
ヴィッカース		1292		413	-12.0576
ヴォーグ		1289		196	-12.8306
ヴァニラ		1285		462	-14.8163
ヴェルサイユ		1288		463	-13.6730
ヴォルフスブルク		1288		463	-14.7170
ヴィクトール		1289		470	-13.4319
ヴォロシーロフ		1285		434	-15.0462
ヴェル〜ダ		1289		501	-16.7429
ヴェルダン		1285		146	-14.4597
ヴァージン		1285		203	-13.8171
ヴァリャーグ		1288		359	-14.2963
ヴァネッサ		1289		25	-13.1808
ヴァルナ		1289		408	-11.9235
ヴァレンシュタイン		1289		273	-12.8795
ヴァリー・フォージ		1288		230	-14.8988
ヴォルフェンビュッテル		1285		34	-15.4277
ヴィテルボ		1285		463	-15.3026
ヴァン・ヘイレン		1289		196	-13.0790
ヴェルフ		1288		34	-13.7255
ヴェネツィア・ジュリア		1288		400	-14.0233
ヴォルデモート		1289		459	-12.2858
ヴィスワガワ	ヴィスワ川	1288		432	-14.1317
ヴ		1285		80	-13.5176
ヴァルカン		1288		459	-14.1571
ヴァイスハウプト		1285		501	-15.4277
ヴォート		1285		407	-15.9485
ヴロツワフ		1288		34	-13.8937
ヴ		1288		80	-14.7440
ヴェロニカ		1289		25	-13.8177
ヴァンパイア		1289		212	-11.6419
ヴァリアント		1288		413	-14.1373
ヴィヴァルディ		1288		416	-13.6365
ヴァリエーション		1285		132	-14.4609
ヴァンシンゾク	ヴァン神族	1288		429	-14.9678
ヴィレヴァン	VV	1288		41	-14.6874
ヴィーク		1288		132	-14.5180
ヴィエイラ		1288		68	-14.9909
ヴァージニアシュウ	ヴァージニア州	1288		138	-14.2299
ヴィェットナム	Vietnam	1288		15	-13.9793
ヴィッテ		1288		434	-14.6708
ヴィシュヌシン	ヴィシュヌ神	1288		429	-14.4644
ヴァンガード		1288		413	-13.4672
ヴァー		1289		181	-14.1579
ヴァン		1289		149	-11.6581
ヴァリニャーノ		1285		434	-15.0662
ヴァーツラフ		1288		273	-13.8299
ヴェネツィアガクハ	ヴェネツィア楽派	1288		501	-14.5825
ヴァンダレイ・シウバ		1289		250	-13.7347
ヴァン・ダイク		1285		204	-14.6029
ヴェル		1285		25	-15.0823
ヴァスコ		1285		417	-15.0651
ヴィヴィアン		1289		25	-12.4846
ヴラヂミル		1285		443	-15.3026
ヴォルフガング		1289		329	-13.0043
ヴォイス	Voice	1289		367	-12.7011
ヴァージン・レコード		1288		353	-14.3334
ヴァンプ		1289		477	-13.2997
ヴォイス	voice	1289		121	-12.3942
ヴェストファーレン		1293		463	-11.2890
ヴェトナム		1288		240	-13.7044
ヴィトゲンシュタイン		1289		204	-13.1145
ヴィブラフォン		1288		132	-14.5490
ヴァッレダオスタシュウ	ヴァッレ・ダオスタ州	1288		400	-14.8790
ヴァシリ		1285		501	-14.5135
ヴァスコ・ダ・ガマ		1288		373	-14.1793
ヴィニ		1285		501	-15.2622
ヴァルハラ		1293		459	-12.9344
ヴィータ	Vita	1288		232	-14.1858
ヴァイキング		1288		359	-12.3359
ヴィラン		1288		459	-12.9459
ヴィファーレンナガサキ	V・ファーレン長崎	1288		372	-14.1565
ヴェーラー		1288		210	-14.9628
ヴィラ		1289		130	-12.7075
ヴィクトリアチョウ	ヴィクトリア朝	1288		84	-12.9615
ヴィンヤード		1285		501	-15.4145
ヴィトン		1288		501	-14.2086
ヴェルサイユ		1289		463	-13.7490
ヴェルトライゼンデ		1288		501	-14.4502
ヴェルヌ		1289		204	-13.2589
ヴォーシュウ	ヴォー州	1288		463	-14.9692
ヴァイエルシュトラスペー	℘	1288		501	-18.4167
ヴァン	van	1289		151	-16.8074
ヴァイオレット		1289		25	-11.9545
ヴェルトハイム		1288		34	-14.3595
ヴィクトリー	VICTORY	1288		302	-14.8047
ヴェルヴェット・アンダーグラウンド		1288		196	-14.8468
ヴィオール		1289		416	-13.6818
ヴェーバー		1285		291	-14.5052
ヴァーチャル		1288		203	-14.0178
ヴェッツラー		1288		463	-13.2124
ヴィットーリオ・エマヌエーレ		1288		329	-13.1737
ヴェルッチ	ヴェルっち	1288		501	-17.6068
ヴァロラント		1288		501	-14.3188
ヴィンターハルター		1285		90	-15.4057
ヴァイマルキョウワコク	ヴァイマル共和国	1288		298	-13.8816
ヴァル	val	1288		277	-17.7693
ヴィジャヤナガルオウコク	ヴィジャヤナガル王国	1288		359	-14.0401
ヴィリー・ブラント		1289		68	-13.7789
ヴォス		1288		185	-14.9670
ヴァイマルキョウワセイ	ヴァイマル共和政	1288		298	-13.2578
ヴィン		1288		149	-14.8120
ヴァリグブラジルコウクウ	ヴァリグ・ブラジル航空	1288		181	-14.7625
ヴァサイェガ		1290		122	-20.5760
ヴィク		1285		501	-15.4233
ヴェーベルン		1288		416	-14.4757
ヴェーザー		1289		349	-12.9197
ヴァータ		1285		423	-15.2126
ヴィル		1289		149	-11.7469
ヴォヤージュ	Voyage	1288		260	-14.7231
ヴィッテンベルク		1285		463	-15.2522
ヴァルキュリャ		1285		501	-14.6700
ヴォノネス		1288		338	-14.8405
ヴィジョン		1288		203	-12.9073
ヴェルト		1289		34	-13.5790
ヴェルディ		1289		416	-10.6511
ヴァ	ヷ	1288		501	-20.0000
ヴァージョン		1288		478	-12.1865
ヴュルテンベルク		1285		34	-13.8637
ヴィ		1285		398	-14.3210
ヴァージニア・ウルフ		1289		204	-13.0806
ヴェネツィアコクサイエイガサイ	ヴェネツィア国際映画祭	1288		313	-12.8822
ヴィヴェーカーナンダ		1289		291	-13.6871
ヴェ		1285		6	-15.0600
ヴィルトゥオーソ		1288		416	-14.2818
ヴェーダ		1285		88	-13.0046
ヴィータ		1288		89	-14.8181
ヴェノム		1289		26	-13.1007
ヴェルレーヌ		1285		204	-14.8755
ヴェネトシュウ	ヴェネト州	1288		400	-13.5050
ヴィオラ		1285		458	-12.6376
ヴィランズ		1288		164	-14.3165
ヴィースバーデン		1285		463	-13.6140
ヴォルムス		1285		446	-14.3694
ヴィ	ヸ	1288		501	-20.0000
ヴァルター		1289		329	-12.4317
ヴェッティン		1285		273	-14.9859
ヴァッサー		1285		236	-15.3681
ヴァルター	Walter	1288		151	-13.5291
ヴェン		1289		160	-13.5907
ヴェルサーチ		1288		274	-14.9953
ヴィッセルコウベ	ヴィッセル神戸	1288		372	-12.6470
ヴァーラーナシー		1285		359	-15.2454
ヴァンセンヌ		1285		130	-15.4211
ヴェリズモ・オペラ		1288		90	-14.7170
ヴォードヴィル		1288		179	-14.3533
ヴェラ		1288		329	-14.0412
ヴォロガセス		1288		338	-14.0659
ヴィンセント		1288		25	-13.2559